Date,Username,User tag,Content,Mentions,Reply to
"20.04.2026 19:46:04","samin__","#2997","","","1493754450857169087"
"20.04.2026 19:57:04","samin__","#2997","— Кармен Эшфолд —

По всей видимости Кармен и сама стала своего рода объектом, ведь как только пришло сообщение, той уже стало не по себе, хотя та даже ещë не знала от кого оно

Открыв планшет та закусила губу, смотря на ""не прочитано"" рядом с контактом Брауна. Собравшись с духом, та хотела было открыть его, как вдруг поняла, что это для неë сложнее чем войти в камеру к особо опасному объекту. От осознания этого факта, девушку отпустило, от чего она открыла сообщение, начиная его читать

И вновь язвительные предложения ударили по Кармен, от чего та хотело было уже что-то ответить, однако не успела, ведь пришло новое сообщение с уже более приятным (но всë тем-же) звуком. ЭМИЛИ!

Первая кого Кармен увидела в этом странном месте, ну... не считая того бугая на входе. Кармен улыбнулась, закрыв сообщение Брауна, пометив как ""прочитанное"", а после ответила Эмили:

> Приветик, я тоже как раз свободна. Я тут личную комнатку заполучила, сама ещë не видела, так что приглашаю на новоселье. Давай встретимся у портала

Отправив сообщение, девушка быстренько нашла на карте портал и пошла в его сторону, ведь именно нам и должна быть еë комната как говорил Норман. Да и портал хотя бы одним глазком увидеть хотелось. ЧУДО науки и мечта всех гиков!

<@1405305963375759440>","biok_ymer","1495827908839866500"
"20.04.2026 22:15:55","biok_ymer","#9440","","","1494465206204502199"
"20.04.2026 22:16:20","biok_ymer","#9440","","","1493778306716401825"
"20.04.2026 22:22:04","biok_ymer","#9440","—Парочка—
|-----------------------------------------------------------------------------|
Робот продолжал недовольно сверлить господу взглядом, однако не стал больше снижать дистанцию, оставаясь на том же расстоянии. Девушка же увидев некое спокойствие от своего товарища отступила, встав уже не меж ними, а чуть в боку, говоря:
|-----------------------------------------------------------------------------|

—Ага, верно. Считай он тут из-за меня хехе. А зверачеловек это что? Мутант какой? Не думаю что помест зверя и человека это норма или у вас это норма? Хм, забавно! Ну ты не обижайся, просто любопытно.

|-----------------------------------------------------------------------------|","","1495865620108017885"
"20.04.2026 22:44:05","ktoia","#6622","","","1491048459393040517"
"21.04.2026 14:38:21","ktoia","#6622","— Госпожа —

Госпожа отрицательно покачала головой, чуть дёрнула ушками и ответила:

— Мутанты? А... нет-нет-нет. Что ты. Если объяснять понятным вам языком, то это сравнимо с... мх... с ""расой"". Не совсем обычное дело в мире, но вполне естественное.

— Из-за тебя тут? Не совсем понимаю, что ты имеешь в виду...

Ответив, Эли убедилась, что с этой парочкой можно работать и задумалась, как увести их в более спокойное место, чтобы не разговаривать в коридоре комплекса.","biok_ymer","1495867165830676590"
"21.04.2026 21:43:20","biok_ymer","#9440","","","1473274996221677741"
"21.04.2026 21:47:53","biok_ymer","#9440","—Парочка—
|-----------------------------------------------------------------------------|
Робот хмыкнул, взяв девушку подругу и немного теня в сторону, отчего та пошатнулась, смотря то на него, то на госпожу, а после продолжила:
|-----------------------------------------------------------------------------|

—Ох хехе, похоже мой друг не может увидеть без дела. Ну ладно, мы пойдем пожалуй скрасим вечерок на поляне, если хочешь можешь пойти с нами!

/Робот на данное высказывание недовольно завилял металлическим хвостом, но девушка словно не замечала этого, продолжала лучезарно улыбаться./

|-----------------------------------------------------------------------------|","ktoia","1496112856389910588"
"23.04.2026 20:11:16","ktoia","#6622","— Госпожа —

Эли продолжала наблюдать за взаимодействием робота и девушки. Они достаточно тесно связаны и именно благодаря даме с ними вполне можно спокойно подружиться.

Зверочеловек кивнула и взглянув на робота, ответила:

— Не могу отказаться от такого хорошего предложения. Я здесь недавно, а вы как погляжу, в каком-то плане уже освоились.

Сделав пару шагов в их сторону, Госпожа добавила:

— Думаю, стоит представиться. Я... Морган.

Ожидая услышать их имена, девушка двинулась следом за парочкой.","biok_ymer","1496220950625255617"
"30.04.2026 19:45:15","biok_ymer","#9440","—Палач—
|-----------------------------------------------------------------------------|
Тот стал покачиваться сидя на полу взад вперёд и стал отвечать:
|-----------------------------------------------------------------------------|

—Я попался не тем людям, не в том месте и меня забрали сюда ещё в детстве, а после растили в этой клетки. Тут любой дурак поймет, что сойти с ума было оплодом времени, вот и ты видишь результат. Подробности как и ты рассказывать не намериваясь, но думаю тут у всех ну уж не ""вауви"" история. Тебе кстати уже назначили ""методу"" или ты пока свободна?

|-----------------------------------------------------------------------------|","","1495865723690680491"
"30.04.2026 19:50:50","biok_ymer","#9440","—Парочка—
|-----------------------------------------------------------------------------|
Девушка радостно шагая вела тех подальше от скоплений людей в неприглядную поляну, а робот не довольно плелся рядом, засвет своего большого роста ему не приходилось идти такой же быстрой и радостной походкой, отчего его шаги ощущались более медленно и плавно. И вот девушка услышав имя стала говорить:
|-----------------------------------------------------------------------------|

—Вауви, как Моргана из сказаний о Артуре? Великая же была женщина, мне нравилась читать историю про неё. Отрешеннач от престола смогла завоевать его своими силами и добиться счастья своего народа, хоть и ценой своего имени. Ах, это так романтично~. А меня зовут Намби! А этого здоровяка можешь звать Норф, хоть он и не любит когда его вообще трогают~. 

|-----------------------------------------------------------------------------|","ktoia","1496921415360970922"
"30.04.2026 19:52:27","biok_ymer","#9440","Там генерить надо, мне впадлу","samin__","1495830677336232149"
"30.04.2026 20:55:45","ktoia","#6622","— Аксель Зорн —

Дослушав рассказ о воинах драконьей крови, парень ухмыльнулся, затем положил руки в карманы и продолжил разговор, попутно наблюдая за техникой Ясу - хотя он понятия не имел, как она так ловко управляется с этим мечищем.

— Благородно - защищать людей, которые не могут постоять за себя. Хорошее дело!

Он сделал небольшую паузу, размышляя.

— Кстати, вот что хочу спросить: у вас клинки какие то особенные или совершенно обычные? Просто было бы странно, если бы вы убивали потусторонних существ обычным оружием. Вот у нас например считается что монстров принято убивать серебром.

||<@1405305963375759440> ||","biok_ymer","1495872706497744966"
"30.04.2026 21:02:41","ktoia","#6622","— Элисон Кроуфорд —

Элисон слушала молча, не перебивая. Её взгляд, сначала блуждавший по стенам каморки, постепенно сосредоточился на Палаче. Она не стала комментировать его историю, преподчитая лучше принять сказанное, чем лезть с неумелыми утешениями.

— Да уж... тут вряд ли у кого-то найдётся история с хэппи-эндом.

Она замолчала, обдумывая его вопрос и провела пальцами по пыльному полу, оставляя за собой неровные линии.

— Метода...?.. Пока нет. Только ""детский сад"" и обещания, что я теперь ""испытуемый"", а не предмет. Куда поведут - туда пойду. какой тут выбор еще остается... Мх... еще одежду новую пообещали.

Она подтянула колени к груди и положила на них подбородок.

— А ты? У тебя есть... ""расписание""? Или ты уже прошёл всё, что они могли придумать?","biok_ymer","1499451579642937515"
"30.04.2026 21:13:45","ktoia","#6622","— Госпожа —

— Приятно познакомиться, Намби. И ты тоже, Норф...

Упомянув робота, девушка кивнула в его сторону, впрочем не ожидая ответа.

Она шла следом, оценивая округу. Поляна куда её привели действительно оказалась уединённой - приглядные деревья, мягкая трава. Место казалось спокойным и мирным.

— Давно я не была в таком месте... Не сказать, что я люблю природу, но когда попадаю в такие уголки, забываю о своём скепсисе.

Она чуть замедлила шаг, поглядывая на спутницу.

— А ты, кажется, любишь всякие истории и легенды, Намби?","biok_ymer","1499452987918123140"
"01.05.2026 19:38:23","biok_ymer","#9440","—Палач—
|-----------------------------------------------------------------------------|
Тот остановил расскачивания недовольно выдохнув, говоря:
|-----------------------------------------------------------------------------|

—""Метода"" это предписание, что ты должен исполнять с сотрудниками, дабы ИИ помогать в исследованиях, а самому получать еду с безопасностью. Не думаю, что ты захочешь в карцер... Да и сидит там кадр поотбитее всех нас. Раз тебе не дали её, значит скоро зайдет кто, назначит. Главное чтобы не попался главный, он тебя явно без пристрастный к насилию не отпустит с простым разговором...

/И тут как по ведению сердце раздался металлический скрежит с низу и из колонок восоздался звук:/
-Обьект L-01 прошу пройдите на выход из детского сада, где вас встретит наш сотрудник. Прошу, не сопротивляться.

/Услышав оповещения парень охнул, а после показал знак мира и помохал той, на удачу./

|-----------------------------------------------------------------------------|","ktoia","1499471069071802389"
"01.05.2026 19:42:22","biok_ymer","#9440","—Намби|Норф—
|-----------------------------------------------------------------------------|
Защитник не стал никак реогировать на представление, спокойно молясь на траву в позе лотоса, сверля своим одним глазом госпожу, девушка же активно кивала на слова девушки, а после взяв её за обе руки стала раскачивать их руки влево, вправо. Говоря:
|-----------------------------------------------------------------------------|

—Ты права, природа прекрасна! А ещё ты и наблюдательна, я люблю различные истории! Вот и с радостью бы послушала твою, ведь разные миры это же по сути куча интересных историй, что я бы с радостью послушала!

|-----------------------------------------------------------------------------|","ktoia","1499473853565632562"
"01.05.2026 21:55:37","ktoia","#6622","— Элисон Кроуфорд —

Элисон поднялась на ноги, когда голос из колонок стих. Она не вздрогнула, не запаниковала - только медленно выдохнула, собираясь с силами перед неизбежным. Её взгляд скользнул по каморке, задержался на Палаче, который уже прощально махал рукой и она молча кивнула в ответ.

— Значит без разговора не отпустят... Что ж... большое спасибо за компанию. Ещё увидимся? Мх...

Она поправила одежду, провела ладонью по лицу и направилась к выходу. Шла не сказать что быстро - скорее размеренно. Ходить она уже более-менее умела: пригодился опыт ещё с того мира, куда она попала, а тут оставалось только закрепить успехи.

Мысли блуждали о том, что встретившийся ей парень оказался не таким уж плохим. Может и подружиться... Или вряд ли.

К концу рассуждений и попыток угадать, что её ждет Элисон уже дошла до выхода.","biok_ymer","1499812239744700677"
"05.05.2026 19:16:02","biok_ymer","#9440","—Ясу Хиросэ—
|-----------------------------------------------------------------------------|
Услышав вопрос, воин остановила размахивание мечом и посмотрев в сторону парня, показывая меч:
|-----------------------------------------------------------------------------|

—Оружие это продолжение тела война и без него я бы не могла называться войном. Оно выполнено из простой стали, однако главное не сам материал, а то, признал ли клинок владельца или же нет. Однако могу подметить что нужно уметь использовать клинок правильно, иначе он и вправду может сломаться, ведь сталь не такая уж и крепкая, отчего техника и бережет клинок, помогая ему раскрыться в бою, словно в танце.

|-----------------------------------------------------------------------------|","ktoia","1499469323163406587"
"05.05.2026 19:39:34","biok_ymer","#9440","—Эмили/???—
|-----------------------------------------------------------------------------|
И вот радостная(или нет) Кармен шла довольным шагом в сторону своей комнаты обитованой чувством приятного времяпрепровождение. И вот, один поворот и осталось прости один коридор с порталом и будут элитные комнаты... Ох, со стороны портала вышли статный мужчина, что увидив девушку направил руки к мечу, однако увидив, что это девушка в халате, тот расслабился, убирая руку с меча. Он ничего не говорил, смотря за действиями девушки.
|-----------------------------------------------------------------------------|","samin__","1495830677336232149"
"06.05.2026 23:30:37","samin__","#2997","— Кармен Эшфолд —

Девушка спокойно шла себе по коридорчикам в нетерпении увидеть свою новую комнатку, которую та выбила через пот и слëзы при общении с весьма опасным объектом. Норман недвусмысленно намекнул, чтобы та закрепилась за кем-то, однако принимать такое решение она пока что не хотела, предпочитая откладывать его до самого последнего момента. Многое может случиться, да и выбрать девушка хотела кого побезопаснее или хотя бы поинтереснее для себя. Обычно желание почти обычного учëного в вообще необычном месте

И вот думая о том что было бы не плохо ещë заглянуть к порталу и увидеть без преувеличения чудо науки, та увидела... эм... объект. Девушка не любила судить книгу по обложке и терпеть не могла, когда это делали с ней, однако тут вывод сам напросился: ""этот определенно уровня О"". Понимая что такую махину **не могут** выпустить из клетки, вывода оставалось 2. Или это ново прибывший объект, что сейчас начнëт убивать, либо он нарушил условия содержания. Что то, что то означало для девушки ОЧЕНЬ скорую смерть

Мурашки пробежали по еë спине ещë до того как махина двинулась, однако когда та потянулась к мечу, сердце девушки стало биться раза в 4 чаще обычного, а личико исказилось в явном испуге. Однако ей дали время на подумать, убрав руку с рукоятки

Девушка была на измене, от чего решила сделать самое логичное по еë мнению: ""тянуть время"". От понимания стратегии, та резко остановилась и приподняв руки, крайне напряжëнно сказала:

— Эм... здравствуйте. А я вот тут... кхэм... мимо прохожу...","biok_ymer","1501262089870639234"
"07.05.2026 01:50:26","ktoia","#6622","— Госпожа —

Госпожа невольно дёрнулась, когда её руки оказались в плену у Намби, но вырываться не стала - только слегка напряглась и растерянно моргнула. Этот энтузиазм её слегка ошарашил: учитывая кто она в своём мире, на неё и косо глянуть побаивались. Но виду она постаралась не подавать.

— Моя история? 

На такой вопрос Эли позволив себе короткую усмешку. 

— Вряд ли какие то из моих историй подойдут для лёгкого рассказа... 

Она чуть откинулась назад, но руки не отдёрнула - давая Намби возможность раскачивать их дальше. В конце концов, это было... неожиданно приятно. Странно, но приятно.

— Хм... в мире откуда ты была преступность?

Ответ в принципе на поверхности, но услышать из уст перед тем как начать вещать какую-то из историй хотелось.","biok_ymer","1499813242451529748"
"07.05.2026 02:01:36","ktoia","#6622","— Аксель Зорн —

Аксель прищурился, разглядывая клинок и слегка заметно улыбнулся.

— Значит, сталь как сталь, а вся магия - в танце и признании?

Он засунул руки глубже в карманы, слегка покачиваясь с пятки на носок.

— Знаешь звучит... почти романтично! Если, конечно, не вспоминать, что этот танец может закончиться чьей-то кровью, хотя если это кровь потусторонних нелюдей то в целом не так уж и плохо.

Он снова взглянул на меч, потом на Ясу.

— Мх... Лирика это конечно хорошо, но Ясу, а как ты понимаешь что клинок признает тебя? Хотя нет... мм... допустим, он тебя признал. Дальше то что? Вы становитесь лучшими друзьями? Он начинает лучше резать? Или ты просто чувствуешь себя увереннее? Я пытаюсь понять, есть ли в этом практический смысл или это больше... философия? м?","biok_ymer","1501256170273374469"
"07.05.2026 14:05:53","biok_ymer","#9440","—???—
|-----------------------------------------------------------------------------|
Нечто непомающе смотрела на девушку, а после уловив страх убрал руки за спину, вставая по стойке смирно и говоря серьезным и немного хриплым голосом:
|-----------------------------------------------------------------------------|

—Госпожа я вам не враг, я служу исследователем в зоне портала, отчего не стану вам вредить. Нежели вы являетесь объектом, что пытается сбежать притворившись исследователем... То разговор перейдет в другое русло, но до сей пары я вам не представляю угрозу.

|-----------------------------------------------------------------------------|","samin__","1501682622328340542"
"08.05.2026 11:55:15","samin__","#2997","— Кармен Эшфолд —

Увидев движение, девушка напряглась ещё сильнее, представляя как её сейчас обезглавят, однако реальность оказалась куда более спокойной и миролюбивой. Услышав слова костюмчика, девушка непонимающе покосилась на него, затем оглядела с ног до головы и облегчённо выдохнув облокотилась спиной о стену

> Так это работник портала... тьфу... чего пугать то так. Я уже думала что это ""чувырла"" с планеты ""тебе конец"". Фуф... Ладно Кармен, ты просто не ожидала увидеть нечто подобное около своей комнаты, но... стоит привыкнуть. Хотя тебе стоит признать что общага - не на столько и плохое место, учитывая что там такой фигни ты не видела. Ладно, это та самая боевая единица, которую ты представляла и он тебе не враг... наверное... пока что... стоп, а пропуска или удостоверения то у тебя нет! Ой-ой-ой! Что делать то? Ммм... просто проигнорирую это замечание! Да!

Вновь обратив взгляд на костюмчик, та всё ещё натянуто, но уже спокойнее ответила:

— Ааа... вот оно как... а я уже думала что объект какой-то сбежал и пришёл мстить. Ну или нового кого затянули. Хух... как вы могли понять я тут новенькая, так что многое меня ставит в ступор, не берите это на свой счёт

После сказанного та попыталась улыбнуться, но скорее скривила лицо от избытка нервов","biok_ymer","1501902890900525076"
"08.05.2026 14:44:09","biok_ymer","#9440","—Намби|Норф—
|-----------------------------------------------------------------------------|
Слушая госпожу, девушка перестала раскачивать руки, предпочитая просто их держать, а после аккуратно потянув ту они сели на травку, где она уже стала рассуждать:
|-----------------------------------------------------------------------------|

—Ммм, преступность? Разве она не везде присутствует? Людям всегда свойственно нарушать свои же поставленные законы.

|-----------------------------------------------------------------------------|","ktoia","1501717808348921996"
"08.05.2026 14:51:09","biok_ymer","#9440","—???—
|-----------------------------------------------------------------------------|
Исследователь сверля взглядом девушку все же отвела взгляд в сторону, подмечая:
|-----------------------------------------------------------------------------|

—Я не чувствую в тебе опасность, отчего следую логике, что ты говоришь правду. Прости, что испугал, только вышел с очередной вылазки. Не стоит так переживать, у портала обычно безопасно, а если кто и буянит там, дальше комнаты он бы не вышел.

/Мужчина хотел было что-то ещё сказать, однако краем глаза заметил механическую руку из-за угла, подмечая:/
-Похоже я пугаю не только вас, что же, тогда я все же покину вас.

/После сказанного тот отдал воинское приветствие и широким и грубым шагом направился дальше по коридору, предпочитая не оглядываться. Как только он вскрылся из-за поле зрения, из-за угла вышла Эмили, что чуть нервно сказала:/
-Эм, смотрю ты уже погладила с работниками портала... Ты как? Я только подошла и...боялась вам помешать! Хехе... Просто боялась если честно.

|-----------------------------------------------------------------------------|","samin__","1502232403706511412"
"08.05.2026 16:03:39","samin__","#2997","— Кармен Эшфолд —

Девушка молчала, пытаясь просто не расплакаться на месте, однако когда нечто ушло, та прижалась к стине, чтобы не преграждать тому путь. Обернувшись за ним, та увидев Эмили. Оставаясь в шоке, та немного сползла по стене сгибая колени и не отрывая взгляда от коридора ответила:

— Значит после вылазки... а, что? А... да, привет. Пуф... я чуть не заплакала, когда он потянулся за мечом... ПОЧЕМУ ВООБЩЕ МЕЧ?! Но... мне кажется он не плохой человек, я скорее почувствовала грустинку от него, когда тот понял что мы его боимся. Ммм... жаль его, но пересекаться от этого особо не хочется...

/Начиная приподниматься и понемногу приходить в себя, та наконец сконцентрировала взгляд на Эмили/
— А они тут у вас типа самые суровые?","biok_ymer","1502276671733108867"
"18.05.2026 18:59:40","biok_ymer","#9440","—Эмили—
|-----------------------------------------------------------------------------|
Глянув на место куда ушел громила, та перевела взгляд на подругу кивая и говоря:
|-----------------------------------------------------------------------------|

—Да, это буквально ходячие смертники, что зарабатывают риском своей жизни уходя в неизвестность. Вот и выглядят они... Пугающе. Ну он на нашей стороне, отчего думаю его боятся и не стоит, однако от этого факта он не становится более ""безопасным"". Кхм... Пойдем может твою комнату посмотрим?

|-----------------------------------------------------------------------------|","samin__","1502294918381441144"
"18.05.2026 19:01:42","biok_ymer","#9440","—Ясу Хиросэ—
|-----------------------------------------------------------------------------|
Девушка воткнув клинок в ножны, протянула парню, говоря:
|-----------------------------------------------------------------------------|

—Легче показать, чем сказать. Это нужно чувствовать, недели понять. Возьми клинок и попробуй им помохать.

|-----------------------------------------------------------------------------|","ktoia","1501720618813624372"
"18.05.2026 19:07:59","biok_ymer","#9440","—???—
|-----------------------------------------------------------------------------|
Пройдя к выходу дверь открылась а в проходе стоял статный но староватыц на вид мужчина. Что заприметив мелочь поднял письменный планшет с ручкой, делая запись и говоря:
|-----------------------------------------------------------------------------|

—Обьект L-01, верно? Меня зовут Джонатан Кроуфорд и я являюсь главой детского сада, отчего надеюсь поладим мм... Мне нужно провести первичные тесты на мышечную память, логику и интуицию, готова?

|-----------------------------------------------------------------------------|","ktoia","1499846776839209100"
"18.05.2026 19:08:04","biok_ymer","#9440","https://i.pinimg.com/736x/30/db/06/30db06cb2ec85f02798c43562f740449.jpg","",""
"18.05.2026 19:35:13","samin__","#2997","— Кармен Эшфолд —

Кивнув на высказывание подруги, та отбросила мысли о сожалении. Это был буквально солдат нового века, в котором людям уже некому было обвяливать войну кроме существ из других миров. В очередной раз утвердив несостоятельность своего вида, девушка вспомнила что в её комнате должен быть подарочек от гнуслявого, от чего решила подшутить над Эмили. Продолжая путь в свою комнату, попутно говоря:

— Мне кстати Норман распорядился выделить новый костюмчик. Видите ли мой не подходит... и спрашивается для чего не подходит...

Договорив, та встала перед дверкой, уткнувшись в планшет. Убедившись что апартаменты её, Кармен распахнула дверь, пытаясь не выдавать что знает что где-то весит костюмчик горничной","biok_ymer","1505963092020826194"
"18.05.2026 20:18:36","ktoia","#6622","— Аксель Зорн —  

Аксель посмотрел на протянутый клинок, потом на Ясу. В голове пронеслась мысль, что он никогда в жизни не держал ничего опаснее канцелярского ножа. Всякие мечи, копья и прочее железо он видел только в сериалах, где их с лёгкостью таскали герои с трицепсами размером с его голову.  

Впрочем, он не был таким уж и слабаком, хотя... по сравнению с самураем... В любом случае, отказываться было как-то неловко. Да и интересно. 

Он аккуратно взял клинок за ножны, оценивая вес.

— Тяжёлый...

Он ещё раз переложил его из руки в руку, примеряясь и кивнул.

— Ладно. Допустим, я попробую.  

Он сжал рукоять покрепче и сделал пару МАКСИМАЛЬНО неуверенных взмахов в воздухе в бок, которые больше напоминали попытку отогнать назойливую муху, чем фехтование. А может и того хуже.","biok_ymer","1505963603772051608"
"18.05.2026 20:48:31","ktoia","#6622","— Элисон Кроуфорд —  

Элисон шла к выходу, стараясь не думать о том, что её ждёт. Шаг размеренный, дыхание ровное - она почти первично привыкла к этому месту. Встретившийся парень оказался не таким уж плохим. Может, и подружиться... Или вряд ли. Но хотя бы не тронул. Она вышла из-за угла, подходя к двери и на мгновение остановилась, собираясь с мыслями. В голове крутились обрывки разговоров, предупреждения Палача, какие-то смутные догадки. Но всё это рассыпалось в одно мгновение, когда дверь открылась и на пороге возник мужчина.  

Статный, староватый. Элисон замерла. Лицо... Она не могла отвести взгляд. Где то глубоко в сознании заскрежетали шестерёнки, пытаясь подобрать нужную картинку, нужное имя, нужную эмоцию. Да что уж там! Элисон перестала дышать. Кроуфорд. Её фамилия. Его фамилия.  

Она смотрела на него в упор, но видела сквозь туман. Губы приоткрылись - звука не последовало. Она хотела спросить: ""Это шутка?"" Или: ""Какого чёрта?"" Но вместо этого просто стояла, вцепившись взглядом в его лицо, надеясь увидеть хоть какую-то зацепку, хоть намёк на то, что это ошибка.

Припадок был неизбежен. От неё в стороны начали появляться нечастые разряды, бившие по бокам и изредка - в сторону Джонатана, но не задевавшие его. Сама Элисон продолжала смотреть на него растерянным взглядом. Однако в конце концов внутренние размышления переломились - молнии усилились. Она стала медленно подходить к нему, протягивая руку и забормотала:  

— Ты... т-... п-почем... не-нет...

Естественно она не хочет дать тому уйти.","biok_ymer","1505965185196888224"
"18.05.2026 21:56:05","biok_ymer","#9440","—Джонатан Кроуфорд—
|-----------------------------------------------------------------------------|
Мужчина не особо удивляясь реакции недовольно выдохнул, после чего убирая планшет с ручкой в карман халата достал из-за спины тесак, направляя в сторону девушки и говоря:
|-----------------------------------------------------------------------------|

—Ах, ну вот почему вечно нельзя действовать по плану... Думал прошло достаточно времени, а ты все осталась такой же нестабильной... Если не остановишься, твоя семейная связь со мной никак не поможет тебе от повреждений.

|-----------------------------------------------------------------------------|","ktoia","1505990483204374588"
"18.05.2026 22:03:57","biok_ymer","#9440","—Ясу Хиросэ—
|-----------------------------------------------------------------------------|
Смотря со стороны за движениями парня та чуть улыбнулась, а после сказала:
|-----------------------------------------------------------------------------|

—Ну вот видишь, ты вообще не чувствуешь вес клинка, от того для тебя это большая железяка, нежели продолжение тела. Вот тебе и ответ. Пока ты не привыкаешь к нему настолько, что он станет частью тебя, это будет простой грудой мусора.

/После сказанного девушка взяла клинок и с силой взможнув верх подняла слабый ветерок возле них, после чего спрятав меч обратно в ножны повесила тот на пояс, говоря:/
-Но без тренировок как тела, так и разума, я ничем бы не отличалась от простых Войнов. Люди как я это те, что вышли за свой предел и продолжают дальше накапливать мощь.

|-----------------------------------------------------------------------------|","ktoia","1505982954281762866"
"18.05.2026 22:33:25","ktoia","#6622","— Элисон Кроуфорд —  

Элисон не остановилась. Её рука всё ещё тянулась к нему, хотя разряды вокруг неё становились всё чаще, а воздух начал потрескивать, как перед грозой. Она смотрела на его лицо - холодное, усталое, но до боли родное. Угрозы проходили мимо. Она не слышала их. Вернее слышала, но не воспринимала. Голос дрожал, смешивая шок и гнев:

— Это... это связь?! Достаточно времени?.. что ты несёшь...

Все слова, которые она хотела выплеснуть застревали в горле. Девушка продолжила идти не веря глазам. Визуальная агрессия была очевидна: молнии били по сторонам, воздух ионизировался. Но Элисон не останавливалась. Она шла на него не думая о том что может получить очень значительные увечия.","biok_ymer","1506007486749081773"
"18.05.2026 22:37:44","biok_ymer","#9440","—Джонатан Кроуфорд—
|-----------------------------------------------------------------------------|
Услышав ожидаемый ответ вновь тот выдохнул, а после напрягая свое тело быстрым движением руки отразил одну из молний в неё, откидывая клинок в сторону и сокращая дистанцию с той пнул с ноги в живот, отчего с резкой инерцией та отлетела от него в сторону, чувствуя, словно одно из ребер или два были сломаны, в сам парень подойдя к тесаку поднял тот, говоря:
|-----------------------------------------------------------------------------|

—Слушай, ты думаешь я хочу этого делать? Я выполняю свою работу и если ты продолжишь её обременять, мне придется тебя отправить подумать в карцер, ты действительно не хочешь идти на контакт?

|-----------------------------------------------------------------------------|","ktoia","1506016882036052089"
"18.05.2026 22:47:59","ktoia","#6622","— Аксель Зорн —

Аксель молча слушал, переваривая каждое слово. Когда Ясу закончила, он аккуратно вернул клинок ей в руки, чувствуя, как вес железа уходит, сменяясь лёгкостью.

— Кажется, я начинаю понимать. Это как с инструментами. Когда работаешь с одними и теми же годами, они становятся продолжением пальцев.

Он чуть отступил, сложил ладони вместе - правая в кулак, левая сверху 🫸🏻 🤛🏻  и слегка поклонился, как видел в старых фильмах.

— Спасибо за урок, сансей Ясу. Надеюсь, однажды я смогу не просто держать меч, а чувствовать его.

Он выпрямился, просмеялся с некой абсурдности и опустил руки

— Хах... А пока буду тренироваться хотя бы не ронять кофе на лабораторные протоколы. Это тоже своего рода предел. Мой... 

Вздохнув полной грудью добавил:

— Чтож... Полагаю твоя сегодняшняя тренировка подходит к концу?","biok_ymer","1506009466351390900"
"18.05.2026 22:59:55","ktoia","#6622","— Элисон Кроуфорд —

Удар пришёлся в живот и мир на мгновение погас. Элисон отлетела в сторону, боль пронзила бок и она рухнула на пол, чувствуя как что-то хрустнуло внутри. Но боль прошла так же быстро, как и возникла - с каждым коротким болючим выдохом тело восстанавливалось, возвращая себе прежнюю форму и через несколько секунд Элисон уже могла шевелиться. Она оперлась на руки, медленно поднялась на колени, потирая ушибленное место.

— Ты... ты ударил меня...

Она встала, пошатываясь, но устояла. Взгляд её больше не был растерянным он стал стеклянным. И в этой пустоте зародилось что-то новое. Молнии, которые раньше били хаотично по сторонам, теперь потянулись вперёд - прямо на Джонатана. Элисон не ускоряла шаг двинулась опять вперед. Целенаправленнее.

— Думал бы **ты** раньше...","biok_ymer","1506017971200327902"
"19.05.2026 00:31:13","biok_ymer","#9440","—Джонатан Кроуфорд—
|-----------------------------------------------------------------------------|
И тут терпение мужчины кончилось и он достал из халата подобие пистолета, скрещеным с шприцаметом? После чего нацелясь на девушку выстрелил, отчего в неё вонзился маленький шприц, что заставил ноги подкоситься, а после в неё было произведено ещё пару тройку выстрелов, отчего её тело и вовсе перестала двигаться а мужик уже не боясь спрятал пистолет, подходя и взяв ту за шкирку говоря:
|-----------------------------------------------------------------------------|

—Несколько слоновьих доз, а ты сильно повзрослела, раньше хватало и одной... Что же, приятных сновидений, надеюсь в карцере ты подумаешь над своим поведением.

/После данных слов парень понес её на выход, а сознание девушки стало тускнеть, проваливаясь в сон./

|-----------------------------------------------------------------------------|","ktoia","1506023551994560773"
"19.05.2026 00:53:02","ktoia","#6622","— Элисон Кроуфорд —

Мир дёрнулся и поплыл. Элисон почувковала укол - сначала один, потом ещё и ещё. Ноги перестали слушаться, руки повисли плетьми, а язык стал тяжёлым и чужим. Она попыталась что-то сказать, но из горла вырвался только сдавленный звук. Её голова безвольно мотнулась, когда Джонатан взял её за шкирку. Мир вокруг начал терять чёткость, расплываясь в серо-зелёных разводах. Сознание цеплялось за реальность, но хватка с каждой секундой слабела. Она ещё видела его лицо - холодное, усталое, чужое. Потом оно расплылось, превратившись в бесформенное пятно. Последней мыслью, мелькнувшей в угасающем разуме, было не слово, не имя. Только оболочка - тяжёлая оболочка ненависти.

А потом темнота. Без звука, без запаха, без времени. Только пустота! Какая же знакомая пустота! Z","biok_ymer","1506046530677768354"
"19.05.2026 01:15:48","biok_ymer","#9440","—Ясу Хиросэ—
|-----------------------------------------------------------------------------|
Девушка кивнула, чуть разминая плечи и говоря:
|-----------------------------------------------------------------------------|

—Да, верно, на сегодня пожалуй хватит. Что же, намечался наверное просто стоять и наблюдать. Думаю ты можешь меня проводить до общего зала, там и разойдемся.

|-----------------------------------------------------------------------------|","ktoia","1506020547874652292"
"19.05.2026 02:00:00","ktoia","#6622","— Аксель Зорн —

Аксель кивнул, чувствуя, что за сегодня он получил не только странную прогулку, но и странное знакомство с девушкой!

— Проводить девушку - это я с радостью.

Они двинулись по поляне обратно, выходя на дорожку, попутно тот гворил:

— Знаешь, я сегодняшний день точно не зря прожил. Глаза радуются, разум думает... а руки... Ну.... руки всё ещё в напряжении, но тоже ничего.

Он ухмыльнулся и добавил:

— Всё таки держать меч великого война дракона честь кою достичь нужно. Спасибо за экскурсию в мир железа и дисциплины Ясу Хиросэ~~","biok_ymer","1506057750122332250"
"19.05.2026 04:07:20","biok_ymer","#9440","—Эмили—
|-----------------------------------------------------------------------------|
Не поняв про что говорила её подруга, та шла следом за девушкой смотря через её плечо на комнату, а после дождавшись пока та зайдет в комнате была видна вешалка что висела на шкафу, на клей был костюм горничной и некая коробка на столе, с вещами, что судя по всему заказывала Кармен. Заприметив костюм горничной девушка указала робо рукой на неё а свои расставила в стороны, говоря:
|-----------------------------------------------------------------------------|

—Если ты не работаешь личной горничной Нормана, то у меня нет объяснения данному костюмчику или... Уф, я и не знала что он...ого. кхм, хочешь на него докладную напишем, за превышение полномочий?

|-----------------------------------------------------------------------------|","samin__","1505972039348125820"
"19.05.2026 04:13:18","biok_ymer","#9440","—Ясу Хиросэ—
|-----------------------------------------------------------------------------|
Девушка не особо понимала его сарказма и шуток отчего поиграв бровями, та молча слушала парня, подходя к общему залу, где она уже решила сказать:
|-----------------------------------------------------------------------------|

—Хм, думаю я не сделала ничего интересношо или поучительного, но рада, что смогла тебе что-то донести. И я не настолько великая, если учитывать что ваши войны возможно смогут выступить против нашей армии на равных, а быть может и сильнее. Ваш технологический прогресс явно перерос наше мастерство, что весьма грустно.

|-----------------------------------------------------------------------------|","ktoia","1506068872850051212"
"19.05.2026 04:32:59","biok_ymer","#9440","—???—
|-----------------------------------------------------------------------------|
И вот она весьма долгое время проведя с самой собой, девушка спустя неизвестное для неё время стала ощущать покалывание в плечах, а после стала приходить в сознание, ощущая, что кто-то дёргает её за плечо и как только у той прояснило зрения, она увидела на закатного мужчину, что тояс ту за плечо и улыбаясь говорил:
|-----------------------------------------------------------------------------|

—Вставай...вставай...вставай...ну же...вставаааааай...вставаааааай...Нууууу жееее...встааааваааааай

|-----------------------------------------------------------------------------|","ktoia","1506052019121557576"
"19.05.2026 10:10:56","ktoia","#6622","— Аксель Зорн —

Аксель чуть приподнял бровь, услышав её слова о технологиях. Он на секунду задумался, но не стал углубляться в рассуждение.

— Хм. Лично я считаю, прогресс и мастерство - это палка о двух концах. Правда, какой-то конец лучше... хотелось бы сказать ""поживём - увидим"", но это наверное не тот случай.

Он пожал плечами и слегка помахал рукой.

— Пришли. Тогда хорошего дня!

На этом Аксель решил ретироваться, как и было сказано ранее. Он направился в жилой блок. Пора писать отчетище.","biok_ymer","1506102418817945630"
"19.05.2026 10:20:03","ktoia","#6622","— Элисон Кроуфорд —

Сознание возвращалось медленно, будто пробиваясь сквозь толщу вязкого сна. Первое, что она почувствовала это покалывание в плечах. Чужое, настойчивое прикосновение. Кто-то дёргал её за плечо. Голос - незнакомый, повторяющий одно и то же с завораживающей монотонностью.

Элисон с трудом разлепила веки. Перед глазами всё ещё плыло, но постепенно картинка обретала чёткость. Закатный мужчина. Улыбается. Трясёт её... 

Она хотела оттолкнуть его, но рука не слушалась. Вместо этого она просто смотрела на него, пытаясь вспомнить, где находится и что произошло. И главное кто этот человек.

— Что...что? 

Она попыталась приподняться, но тело слушалось плохо. Элисон зажмурилась на секунду, потом снова открыла глаза. Мужчина никуда не делся - значит не шиза. 

— Прекрати. Я... я уже не сплю.","biok_ymer","1506107372161208403"
"19.05.2026 18:52:31","biok_ymer","#9440","—???—
|-----------------------------------------------------------------------------|
Перестав дергать плечо, парень не изменяясь в лице и не убирая руку сказал:
|-----------------------------------------------------------------------------|

—Красавица, а почему ты здесь?

|-----------------------------------------------------------------------------|","ktoia","1506194712007016468"
"19.05.2026 20:02:28","samin__","#2997","— Кармен Эшфолд —

Осматривая комнатку, девушка приятно удивилась. Довольно опрятная и неплохо обставлена **ЕЁ** жилплощадь. Та даже не сразу заметила свой ""прикольчик"" однако когда Эмили указала на костюмчик, девушка подошла к тому, проверяя ткань с серьёзным видом, а после повернувшись к подружке сказала:

— Ладно, не думала я что ""такое"" ему нравится больше...

Не сдержав позывов смеха, та сначала улыбнулась, а после и захахалата:

— Пф... ахахахаха. Ой ладно! Пошутила! Это нужно мне для одного особо странного объекта, вот сама и заказала. А недурный на самом то деле. Видно что материальчик добротный. В тканях я не разбираюсь, но на удивление подобран хорошо...

Удивившись что горе-логист делает свою работу, девушка продолжила осматривать помещение, заприметив коробочку. А... разве она что-то ещё заказывала?

||(Не, я реально не помню что я ещё за неё заказывал)||","biok_ymer","1506100917039267871"
"19.05.2026 20:39:15","ktoia","#6622","— Элисон Кроуфорд —

Элисон смотрела на него, пытаясь понять, серьёзно ли он задаёт этот вопрос. В голове всё ещё гудело, а собственное тело отказывалось слушаться. Ну ничего, перетерпит!

— Кроуфорд... Этот... этот... он отправил меня сюда.

Закрыв глаза глубоко вздохнула, а после посмотрела на мужчину уже более осмысленно, хотя взгляд всё ещё оставался тяжёлым, как после долгой болезни. 

— Ты... мх... отпусти.","biok_ymer","1506323681692090558"
"20.05.2026 00:33:53","biok_ymer","#9440","—???—
|-----------------------------------------------------------------------------|
Услышав имя тот задумался, а после будто что-то вспомнив отпустил девушку и стоя над ней, все также улыбаясь сказал:
|-----------------------------------------------------------------------------|

—Оооо как. Значит провинилась как-то ~. Я Джозеф Смит, рад познакомиться~. На ближайшее время, будем соседями!

|-----------------------------------------------------------------------------|","ktoia","1506350539276025986"
"20.05.2026 01:04:41","ktoia","#6622","— Элисон Кроуфорд —

Элисон непонимающе уставилась на него, когда он отпустил плечо и вдруг радостно объявил себя соседом. Она ожидала чего угодно, но не такого бодрого тона, будто она пришла на чай, а не очнулась неизвестно где после отцовских уколов... Ну как неизвестно где - в карцере. 

— ам... Элисон. Приятно, наверное....

— Соседями? Я думала карцер... ну... будет одиночным...

Попыталась привстать.

— почему ты так радуешься?...","biok_ymer","1506409587845365850"
"20.05.2026 01:27:59","biok_ymer","#9440","—Джозеф Смит—
|-----------------------------------------------------------------------------|
Мужчина довольно хлопая в ладоши стал смотреть за потугами девушки встать, попутно отвечая:
|-----------------------------------------------------------------------------|

—Ооо, да, это карцер! Только такое дело, это самый защищённый и видно ты сильно напокостила, раз тебя подселили ко мне! Но я рад, ведь спустя долгое время я наконец нашел с кем поговорить, это весьма здорово! Я тут весьма долго и мне было очень скучно! Как там снаружи? Люди уже научились строить порталы? Хехе, так много вопросов!

|-----------------------------------------------------------------------------|","ktoia","1506417338285817966"
"20.05.2026 08:43:57","ktoia","#6622","— Элисон Кроуфорд —

Элисон наконец выпрямилась, опираясь о стену и посмотрела на него как на умалишённого.

— Так ты здесь постоялец....

Она поморщилась, потирая плечо и медленно отошла от стены, проверяя, держат ли ноги. Вроде да.

— Я не знаю про порталы. Таких не видела... Но меня... перенесло. Кажется. Я была в снегу, потом здесь... Мне говорили, что я сама переместилась. Или исказила пространство. Я не поняла. Может, это из-за... из-за того, что со мной делали.

Элисон замолчала, чувствуя, что объяснения выходят скомканными и неубедительными даже для неё самой.

— Слушай... Я не знаю, что вообще происходит где либо! Сначала туда, потом сюда... Потом детский сад и... и.. этот… этот… Па… п..

Она замолчала на полуслове и голос вдруг сорвался. Элисон ни с того ни с сего сгрустнула - вернее начала сдаваться: потёрла глаза, сдерживая подступающую влагу и на автомате отвернулась к стене, дабы не показывать лицо.","biok_ymer","1506423203805790268"
"20.05.2026 09:19:39","biok_ymer","#9440","—Джозеф Смит—
|-----------------------------------------------------------------------------|
Верное решение было открывать психу, ведь они были отличными слушателями! Ну... Или тот и вовсе не слушал... Как бы там ни было дождавшись окончания рассказа тот стукнул кулаком сверху вниз по ладони, говоря:
|-----------------------------------------------------------------------------|

—Понятно, значит они уже взялись за опыты квантового сдвига на практике. Ооо а ты ещё и выдержала перемещение, сильна же ты дамочка! Пупупу... А вот про па я не понял, ты же вроде встречалась с Джонатаном или... МММ, он задел тебя за живое! А ты и в ответ его достала! Хехе, как тесен мир! Понятно понятно. Ну, время тут понятие относительное, можешь сидеть, можешь стоять, а если постараться можно лечь! Практик тут много, но спать не советую, да и не выйдет по первому с вечно включенным светом. Ооо а ты кстати оценила новый вид свой? Я нарисовал пару смайликов на рукавах!

|-----------------------------------------------------------------------------|","ktoia","1506532915989708802"
"20.05.2026 09:36:07","ktoia","#6622","— Элисон Кроуфорд —

Элисон слушала его прерывисто дыша, и постепенно дыхание выравнивалось. Она перестала тереть глаза, опустила руки и медленно повернулась обратно, всё ещё стараясь не смотреть прямо на него, переспрашивая:

— Квантовый сдвиг? Не знаю. Может, и так.

Она провела ладонью по лицу, потом опустила взгляд на рукава и нахмурилась.

— Смайлики?.. 

Она повертела руками, разглядывая какие-то каракули.

— А... Вот они.... спасибо...

В голосе вместо надломленной проступила усталость. Она отлепилась от стены, сделала пару неуверенных шагов по камере, оглядываясь.

— Значит, спать не выйдет. Ну и ладно. Я и так слишком много спала... Вечность ..

Она помолчала, потом спросила:

— А ты насколько... давно здесь?

Нужно говорить и забыть что было мгновение назад, дабы не сойти с ума от собственных мыслей.

А в чё вообще её переодели?","biok_ymer","1506541903515095050"
"21.05.2026 03:49:04","biok_ymer","#9440","—Джозеф Смит—
|-----------------------------------------------------------------------------|
Девушка была в психической рубашке, как и мужик, вся она была разрисована различными непонятными фигурами и зверьками, как и у парня. Он же ухмыляясь стал раскачиваться из стороны в сторону, словно маятник, говоря:
|-----------------------------------------------------------------------------|

—Хммм я думаю я тут более 2925 дней, 14 часов и 17 минут! Секунды же тебе не нужны? Вечно сбиваюсь в них! МММ, не хочешь спать? Ну логично, учитывая что ты спала более 5-ти часов и 34 минут! Хехе, а может спать это весело? А я не думал об этом. Мой мозг уже на протяжении 1093 дней и 13 часов находиться в состоянии скуки! Отчего я бы с радостью занялся бы чем-то, помимо разговоров с людьми коим нужны мои знания, я больше ничем тут и не занимаюсь... Оооо, а если мы начнем дубасить друг друга, может сюда кто-то зайдет? От ранений меня тут ничего не происходит, а вот от тебя я ещё не проверял!

|-----------------------------------------------------------------------------|","ktoia","1506546043674955786"
"21.05.2026 04:08:46","biok_ymer","#9440","—Эмили—
|-----------------------------------------------------------------------------|
Услышав что эта шутка та уже убрала из дополнительных рук откуда-то не пойми взявшийся планшет с написания отчёта, а после убрав планшет в корман халата, та чуть улыбнулась выдыхая, говоря:
|-----------------------------------------------------------------------------|

—Хехе, ну и шуточка, я ведь и вправду подумала что Норман окончательно потерял профисианальные и личные границы... Ну а если откинуть эту тему, то весьма неплохая комната, Браун подбирал интерьер? Все же умеет он делать со стилем. Дай угодаю и он костюм искал? Жаль бедолагу, у него вообще есть свободное время?

/Пройдя внутрь и закрывая за собой дверь роборукой, та пройдя в комнату села за кресло чуть потянувшись и осматриваясь сказала:/
-И за какие заслуги тебе дали комнату на второй де день? А ты умеешь добиваться хех. Ну ладно, чем займёмся?

|-----------------------------------------------------------------------------|","samin__","1506341284129014060"
"21.05.2026 10:10:51","ktoia","#6622","— Элисон Кроуфорд —

Элисон слушала его, постепенно переваривая цифры. 2925 дней. В белой комнате??? Ладно он действительно сошел с ума... Она опустила взгляд на свою рубашку - психиатрическую, как у него, всю в странных рисунках. Кто-то её переодел. Пока она спала. От этой мысли стало не по себе, да и рисовали на ней тоже...

— Так долго... Я вот не знаю, сколько я здесь. В стенах, я имею в виду. Вообще. Меня... держали. В другом месте. Кололи, ставили опыты. Я была как... овощ. Почти всё время.

Она замерла, пытаясь вспомнить.

— Лет одиннадцать? Или больше. Я сбилась со счёта. Но я не псих. Я... я просто ничего плохого не делала...

Она взглянула на него, потом перевела взгляд на стены.

— Драться с тобой? Подожди-подожди. А толку? Сюда кто-нибудь зайдёт? Мне кажется нет... А просто колотить друг друга? Это как-то... Нет.

Она все таки присела на пол, обхватив колени руками.

— Мог понять что тебе все надоело. Я тоже устала от того, что меня всё время пичкают всяким.... Ну... Может, есть что-то, чем мы можем заняться вместе?

Она посмотрела на рисунки на рукавах.

— Ты же сам нарисовал? Я вот тоже рисовать умею, порисуем?... Или придумаем что-то ещё. Я не знаю. Я не привыкла… иметь выбор.","biok_ymer","1506821096744419388"
"21.05.2026 13:28:41","samin__","#2997","— Кармен Эшфолд —

Девушка удивилась, когда она уже успела достать планшет и открыть форму? Решив не задаваться этим вопросом, Кармен лишь обрадовалась, что успела раскрыть шутку, пока не стало слишком поздно, но когда речь зашла о Брауне, улыбка слезла с её лица. Закатив глаза, девушка пожала плечами и сказала:

— Скорее всего оно уже было обставлено, а вот костюмчик и правда подобрал Браун

После той грубости, той не было дела есть у того свободное время или нет, от чего эта часть была откровенно проигнорирована не только в разговоре, но и в размышлениях самой Кармен. Очнувшись от негатива, девушка села на кровать, проверяя твёрдость рукой и ответила:

— Но комнатка и правда неплохая... во всяком случае лучше чем общага. Признаюсь пришлось рискнуть, чтобы получить это, так что я сунулась к опасному объекту, выудив из него немало информации. Костюмчик кстати тоже для него

— Я вообще хотела было уже спать в саду безопасных объектов... ммм... правда опыт выдался такой себе

Договорив, девушка вспомнила ""первое впечатление"" о Эвелин, от чего покраснела, задумчиво прикоснувшись к губам","biok_ymer","1506826053686001804"
"21.05.2026 17:03:07","biok_ymer","#9440","—Джозеф Смит—
|-----------------------------------------------------------------------------|
Слушая девушку тот стал крутить по комнате а после остановившись на месте показал палец вверх и достав из кармана мелки положил возле девушки, говоря:
|-----------------------------------------------------------------------------|

—В психиатриях сидят не психи, а люди, что терпели слишком долго. Вот к примеру ты слышала что в исследованиях большинство людей в психушке это люди с тяжёлой жизнью, что в какой-то момент сломались? Это правда! Нонсенс в том, что я не считаю себя психом, однако если я сейчас выйду наружу все меня таковым назовут.

-11 лет говоришь? Хммм, подольше моего будет, ведь я тут всего 8-мь! Судя по цифрам ты была одной из первой, верно? Значит ли, что ты часть протокола L? Забавно выходит, значит ты у истоков. Подожди а что если...

/Парень задумчиво продлился к ней, рассматривая лицо и кивая сказал:/
-Ты Элисон...Кроуфорд? Ооо, это бы многое объяснило!

/Сказав логичный по его мнению ответ тот вновь стал крутить по комнате, говоря:/
-Значит Джонни не оставил попытки тебе помочь? Дааа, а я думал его холодная головушка давно стала простым инструментом, нежели личностью. Хммм, выходит он и мне помогает? Да не, бред какой-то!

|-----------------------------------------------------------------------------|","ktoia","1506917172671152248"
"21.05.2026 17:09:03","biok_ymer","#9440","—Эмили—
|-----------------------------------------------------------------------------|
Решив не давить по поводу Брауна видя реакции девушки, та увидела забавную реакцию касательно сада, отчего развернувшись на стуле у кровати уставилась на ту, говоря:
|-----------------------------------------------------------------------------|

—И что же у тебя случилось в саду средних объектов, с такой реакцией? Врятли бы кто-то покусился на спящую красавицу или я неправа?

|-----------------------------------------------------------------------------|","samin__","1506966959814606989"
"21.05.2026 18:13:54","ktoia","#6622","— Элисон Кроуфорд —  

Окей. Элисон действительно удивилась, когда поняла, что тот так легко согласился забыть про драку, заменив её на рисование. Увидев мелки, девушка потянулась за красным, взяла его и довольно кивнула. Но началось другое и это другое было далеко не рисование.  

Тираду про психов Элисон поняла лишь поверхностно. Действительно, клеймо ""психа"" ставит общество тому, кого считает психом, а психи - это те кого считают чрезвычайно девиантными в обществе. Или это всё заблуждения? Без понятия. Элисон ни в чём не специалист, тем более в этом, так что она решила просто отложить эти слова в дальний ящик.  

И тут мужчина заговорил очень... э... понимающе? Он знает про L? Одна из первых? От таких откровений и доводов девушка лишь нахмурилась, следя за его метаниями и дальнейшими рассуждениями. Но Джозеф словно вкачал логику на двести процентов и продолжил сыпать информацией. А после очень настойчивого осмотра - от которого Элисон слегка отодвинулась назад, чтобы не быть так близко, он понял кто она такая. Что ж... Логика действительно хорошая. Однако дальше он начал нести откровенный бред, который никак не укладывался в голове девушки. Во-первых, он знает всё вышеперечисленное. Во-вторых, он... знает отца? И в-третьих, ПОМОЩЬ? ЧТО?  

Перестав быть безмолвным слушателем, Элисон сжала мелок, который всё это время держала и начала говорить:  

— Что ты такое несёшь?.. Мне кажется, ты себя уже не слышишь. Вернее, перестал слышать. Я даже не хочу знать, откуда и как ты знаешь моего горе папу, откуда ты знаешь весь этот бред про дурацкие протоколы. Но это... это немыслимо. КАКАЯ ПОМОЩЬ? Мне?  

Она ударила свободной рукой по мягкому полу.  

— Ага! Спасибо, удружил! ПОМОГ!  

Элисон на секунду замолчала и закончила уже тише:  

— Бред... ты несёшь бред.","biok_ymer","1507020926259298415"
"21.05.2026 20:19:13","biok_ymer","#9440","—Джозеф Смит—
|-----------------------------------------------------------------------------|
Мужчина не словах про бред остановился, а после резким движением сократил дистанцию между ними и с силой взялся за большой палец девушки и резко потянув оторвал с характерным хрустом, после чего отпрыгнув стал рассматривать и не заметив ничего интересного перевел взгляд на девушку и заметив что окончание пытается зажить кинул палец к ней, говоря:
|-----------------------------------------------------------------------------|

—Подставь обратно. Хммм, видно он смог тебя спасти, но ценой разума и твоего тела. Разряды? Хммм, значит нервные окончание были усилены в несколько раз, отчего разряд мозга стремиться наруже, отчего мозг и испытывает сложности. Дай угодаю, тебя держали в коме? Хохо, так тебя все это время спасали, а ты думала мучают. Печально быть тобой.

/Сделав логичные выводы для самого себя тот взял синий мелок и стал рисовать на стенах небо, похоже полностью потеряв интерес к девушке./

|-----------------------------------------------------------------------------|","ktoia","1507038735819083906"
"22.05.2026 00:49:05","ktoia","#6622","— Элисон Кроуфорд —  

Элисон не успела ни отшатнуться, ни вскрикнуть - только почувствовала резкий рывок, хруст, а затем странную пустоту там, где только что был палец. Она уставилась на свою руку, из которой толчками сочилась что-то вроде крови.  

— Ты…  

Голос сорвался. А потом - взорвался.  

— ТЫ С УМА СОШЁЛ?! ТЫ МНЕ ПАЛЕЦ ОТОРВАЛ! ПРОСТО ТАК! РАДИ ЭКСПЕРИМЕНТА?!  

Она схватила оторванный палец дрожащей рукой, прижала к месту и замерла, чувствуя как кости срастаются, кожа стягивается, а боль пульсирует где-то глубоко внутри. Физическая боль была терпимой, даже не слишком острой. Но психологически это было так себе.  

— Какого чёрта ты творишь? Ты... псих. Настоящий. Не тот, кому клеймо поставили, а тот, кто заслужил это клеймо.  

Она посмотрела на него с откровенной злостью.  

— И не смей мне говорить, что меня спасали. Не смей. Ты ничего не знаешь. Если ещё раз ко мне прикоснёшься, я... я не знаю, что я сделаю. Но тебе не понравится. Обещаю.  

Элисон отвернулась к стене, прижав кулак к груди и замолчала. Говорить больше не хотелось. Да и с кем? С психом, который отрывает пальцы? А да, она еще в него мелок кинула.","biok_ymer","1507070276045639802"
"22.05.2026 02:44:07","biok_ymer","#9440","—Джозеф Смит—
|-----------------------------------------------------------------------------|
Мужчина же потеряв интерес к опыту спокойно себе рисовал небо и как в него кинули мелок поймал его смотря что это был красный и стал рисовать им солнышко! Довольный своим искусством тот сам себе стал приговаривать:
|-----------------------------------------------------------------------------|

—Хехе, солнышко~ . 5500 градусов счастья~.

|-----------------------------------------------------------------------------|","ktoia","1507138190316667073"
"23.05.2026 13:12:02","ktoia","#6622","— Госпожа —

Присев на траву, девушка оперлась руками о нее и начала говорить:

— Ты права.  Преступность везде. Но там, откуда я... она другая. Не потому что люди хуже или лучше. Просто у них есть власть. Настоящая. Та, за которую убивают, предают, продают своих и чужих. Я выросла среди тех, кто эту власть держал. И в итоге сама её взяла. Не потому, что хотела. А потому, что если не я - взял бы кто-то другой.

Она помолчала, думая продолжать или нет, но в конечном счете решила увести в другое русло:

— Хм... А что можешь рассказать о себе?","biok_ymer","1502274909605462036"
"23.05.2026 13:13:16","ktoia","#6622","— Элисон Кроуфорд —

Сидела так девушка долго, изредка поглядывая на Джозефа. Чтож... За это время она более менее успокоилась. Решив что говорить все ещё с этим психом не хочется, та встала и по стене стала обходить камеру... Белоснежную камеру, в которой не было ничего. Хотя... А может тут есть дверь? Или это буквально белая комната?","biok_ymer","1507167136991150132"
"23.05.2026 19:05:36","biok_ymer","#9440","—Джозеф Смит—
|-----------------------------------------------------------------------------|
Совершенно пусто, комнате без дыр, да и ламп нет. Это пушистое счастье не было ясно как освещалось, но было ясно точно, что вентиляция была за подушками, как и скорее всего дверь.
|-----------------------------------------------------------------------------|","ktoia","1507687856469053451"
"23.05.2026 19:09:50","biok_ymer","#9440","—Намби|Норф—
|-----------------------------------------------------------------------------|
Робот слушая про преступность немного сильнее насторожиться, а после так в незначай сел мед двух людей, переглядываясь с ними. Девушка же ничего не придав этому жесту, как и рассказу стала рассказывать о себе:
|-----------------------------------------------------------------------------|

—Я своего рода наследница колгромирата от которого зависит выживание человечества, отчего у меня и есть Норфи~. Но так получилось что я попала сюда и даже рада этому. Жить в столь чудном месте намного лучше чем в корпорации выслушать как цифра показателя изменилась на один грамм... Эх, наверное даже преступность была бы интереснее.

|-----------------------------------------------------------------------------|","ktoia","1507687544748380230"
"23.05.2026 19:47:41","ktoia","#6622","— Элисон Кроуфорд —

Элисон обошла камеру уже в третий раз, но так и не нашла ни двери, ни щели, ни даже намёка на выход. Она остановилась у стены, провела по ней рукой - гладко, никаких швов. Потом перевела взгляд на Джозефа.

— Слушай... А откуда у тебя мелки?

Она кивнула на разрисованные стены.

— Ну, в смысле... тебе их дали? За.... ... .. хорошее поведение?","biok_ymer","1507776525695451157"
"23.05.2026 20:16:57","ktoia","#6622","— Госпожа —  

Госпожа чуть отодвинулась в сторону, когда робот попытался устроиться между ними. Она покосилась на него, но ничего не сказала - только напряглась на мгновение, но тут же расслабилась.  

— Ну, знаешь, звучит как минимум внушительно. Только я с твоим мнением не согласна.  

Она сделала паузу, подбирая слова.  

— Преступность - это не интересно. Это грязно, жестоко и всегда оставляет след. Даже если ты выиграл, ты всё равно испачкался. А если проиграл...  

Госпожа не закончила, просто покачала головой.  

— Но я понимаю, о чём ты. Сидеть в корпорации, считать цифры, слушать отчёты... это выматывает. А куда деваться?  

Она вытянула ноги, посмотрела на потолок, а затем перевела взгляд на Норфа.  

— Норф, а ты что скажешь? Где тебе было лучше - в своём мире или здесь? 

Понятное дело,он скорее всего ответит ""лучше там, где Намби"". Но хотя бы на контакт выйдет?","biok_ymer","1507777587856933069"
"23.05.2026 20:54:20","samin__","#2997","— Кармен Эшфолд —

Девушка похлопала глазами, явная не довольная что дала волю чувствам. НО КАК ТУТ НЕ ДАТЬ ТО? Пожав плечами, та с некой отрешённостью в голосе сказала:

— Я бы это назвала ""плохим первым впечатлением"". Знакомство не задалось да и вообще испугали меня в общем. Но это скучноватая история. Ты лучше скажи что у тебя там за шишки такие приехали, что ты сбежала из офисов?

Девушка явно не хотела вспоминать домогательства от другой девушки. До неприличностей конечно не дошло, но задуматься о своей ориентации та заставила задуматься уж точно","biok_ymer","1507022416625275000"
"24.05.2026 01:37:42","biok_ymer","#9440","—Эмили—
|-----------------------------------------------------------------------------|
Девушка не поняла про что та, однако услышав колкость уже в её сторону подметила, что стрелки хорошо переводит. После ухмыльнувшись та, чуть катаясь на стуле взад вперёд стала отвечать:
|-----------------------------------------------------------------------------|

—Как я слышала приехала большая шишка инженер, что лично знаком с Норманом, вот и наш штаб сейчас на иголках из-за этого неизвестного кадра. Говорят он перевелся из первого комплекса, отчего можно ожидать всяких кадров...

|-----------------------------------------------------------------------------|","samin__","1507803886046675108"
"24.05.2026 01:43:20","biok_ymer","#9440","—Джозеф Смит—
|-----------------------------------------------------------------------------|
Парень уже довольно рисуя оболочка услышал странный вопрос, отчего прекратил сие искусство, смотря на девушку и говоря:
|-----------------------------------------------------------------------------|

—Ты странная, думаешь отсюда можно сбежать? У меня вот не вышло. А меоки мне дали за помощь в некоторых аспектах. Равноценный обмен мне развлечения, им знания, кои мне и так не нужны.

|-----------------------------------------------------------------------------|","ktoia","1507787114711093399"
"24.05.2026 01:45:49","biok_ymer","#9440","—Намби|Норф—
|-----------------------------------------------------------------------------|
Девушка замолкла, давая высказаться роботу, на что он чуть скрипя зубами сказал:
|-----------------------------------------------------------------------------|

—Тут побезопаснее, да и контролировать эту мелочь легче. А там проблем не оберешься от идиотов и смертников.

|-----------------------------------------------------------------------------|","ktoia","1507794481808937151"
"24.05.2026 02:17:52","ktoia","#6622","— Госпожа —

Госпожа кивнула, принимая слова робота. Она не стала уточнять, что он имеет в виду под ""идиотами и смертниками"" и так понятно. В любом мире хватает тех, кто готов рискнуть чужой жизнью ради своей выгоды.

— Понятно.

Девушка стала подниматься с травки и отряхнув пальто добавила:

— Что ж, побезопаснее - это уже хорошо. Кажется, я немного засиделась. Пойду, пройдусь, разомну ноги.

Она сделала шаг в сторону, но обернулась к Намби и Норфу.

— Рада была познакомится, еще увидимся.

На этом госпожа стала отдалятся от парочки... В принципе хоть это взаимодействие  было не долгим, но узнать об адекватных существах тут было не лишнее...","biok_ymer","1507877243609939978"
"24.05.2026 02:23:05","ktoia","#6622","— Элисон Кроуфорд —  

Элисон замерла, услышав ответ. Она не думала о побеге. По крайней мере, не сейчас. Просто хотела понять, где находится и как здесь вообще можно жить, по сему ответила:  

— Я не думала о побеге. Просто… странная комната... не была в такой....

Пауза, а потом:

— А тебя тут кормят?","biok_ymer","1507876615932215436"
"24.05.2026 02:23:09","biok_ymer","#9440","—Норман Блейк—
|-----------------------------------------------------------------------------|
И вот БАМС, госпожа не прошла и пару минут столкнулась с выходящим из коридора парнем, что удивившись охнул, а после улыбнувшись увидев девушку завел разговор:
|-----------------------------------------------------------------------------|

—Оо, милая Госпожа, приветствую вас. Как вам ваше место прибывание, все устраивает?

|-----------------------------------------------------------------------------|","ktoia","1507885307062649022"
"24.05.2026 02:25:03","biok_ymer","#9440","—Джозеф Смит—
|-----------------------------------------------------------------------------|
Парень сделал удивленный вид, говоря:
|-----------------------------------------------------------------------------|

—А тебя не кормили?

|-----------------------------------------------------------------------------|","ktoia","1507886621691875468"
"24.05.2026 02:27:14","ktoia","#6622","— Элисон Кроуфорд —

Девушка отрицательно покачала головой и задумчиво скрестила руки:

— Я... не ела все эти года.","biok_ymer","1507887116670206002"
"24.05.2026 02:46:51","ktoia","#6622","— Госпожа —

Госпожа уже успела подумать, что короткая прогулка пойдёт ей на пользу, как вдруг из-за угла вынырнул Норман. Ушки дёрнулись быстрее, чем она успела осознать, кто перед ней. Повернув голову ответила:

— Ох... Добрый день, мистер Норман.

Она смотрела на него без явной неприязни, но и без особого радушия.

— Знаете, не так плохо, как я ожидала. Честно говоря, рассчитывала на условия похуже. Так что... можно сказать, приятно удивлена. Кухня отличная.

Госпожа чуть склонила голову набок, разглядывая его лицо.","biok_ymer","1507886638007586856"
"24.05.2026 10:29:31","samin__","#2997","— Кармен Эшфолд —

Скрестив ножки, девушка положила на колено руки, слегка отклонившись на кровати, задумчиво покосившись на потолок. Слегка призадумавшись та ответила:

— Эвелин говорила что-то про первый комплекс. Туда вроде особо буйных отправляют? Мда... час от часу не легче

Не заостряя внимание что та назвала ""переговорщику"" по имени, та просто сделала пометку, что лучше не делать таких оговорок, пытаясь отвести тему в сторону:

— Слу-у-ушай а чем ваш отдел вообще занимается? Я примерно конечно понимаю, но с чем к вам обращаются за частую?","biok_ymer","1507875197347303626"
"24.05.2026 19:40:09","biok_ymer","#9440","—Эмили—
|-----------------------------------------------------------------------------|
Девушка перестав кататься задумчиво погладила подбородок, отводя взгляд в сторону и говоря:
|-----------------------------------------------------------------------------|

—Думаю на нас висит безопасность всей техники всего комплекса. Защита камер, их работоспособность и работа портала полностью на нас, отчего мы считай больше технари, что держат все в норме, чем инженеры. Но для разных объектов приходиться и придумать условия считай с нуля... Брр, отправить бы их всех на первый, а не тут держать...

-Ты кстати сказала про Эвелин? Знакомая твоя?

|-----------------------------------------------------------------------------|","samin__","1508009037164318792"
"24.05.2026 19:41:43","biok_ymer","#9440","—Норман Блейк—
|-----------------------------------------------------------------------------|
Мужчина осматривая девушку с ног до головы кивнул будто что-то обдумывая, а после сказал:
|-----------------------------------------------------------------------------|

—Я видео как ты с другими общалась, ты весьма общительная как я погляжу, в отличии от твоей ""знакомой"". Быть может ты хотела бы поучаствовать в одной афере~?

|-----------------------------------------------------------------------------|","ktoia","1507892600647192606"
"24.05.2026 19:43:11","biok_ymer","#9440","—Джозеф Смит—
|-----------------------------------------------------------------------------|
Минута молчание, а после задумался над её словами, кивая и говоря:
|-----------------------------------------------------------------------------|

—А ведь и вправду... Кома. Ну, нас будут кормить кашой! Надеюсь ты не брезгливая. Я в любом случае уверен тебя сюда не надолго посадили, а для профилактики.

|-----------------------------------------------------------------------------|","ktoia","1507887665515855903"
"24.05.2026 20:20:03","ktoia","#6622","— Элисон Кроуфорд —  

Элисон пожала плечами.  

— Вот как... не знаю насчёт брезгливости, но... нет, наверное? 

Отвела взгляд в сторону, на рисунки неба на стене. 

— Долго - не долго, а я всё равно пока не могу привыкнуть ко всему. Вроде ходить могу. Размышлять могу. Мфх... правда это трудно назвать жизнью...

Она замолчала, провела пальцем по шершавой поверхности стены.  

— Хотелось бы сказать, что всё не так плохо, но это не так.","biok_ymer","1508148368491413514"
"24.05.2026 20:47:05","ktoia","#6622","— Госпожа —  

Он всегда такой хитрый? Что-то скрытое чувствуется за километр... и что он от неё хочет - непонятно. Ладно, посмотрим.  

Когда Норман закончил говорить про аферу, Элиана недолго подумала, а затем ответила:  

— А вы за мной следите, Норман~? /она легко улыбнулась/ Ну-ну. Да, почему бы и нет? Всё-таки пока я здесь нахожусь, узнать про другие миры довольно интересно.  

Она положила руки в карманы пальто.  

— Афера? Мм... Я слушаю вас, Норман.","biok_ymer","1508147999836999900"
"24.05.2026 23:30:01","biok_ymer","#9440","—Норман Блейк—
|-----------------------------------------------------------------------------|
Парень протянул две руки к девушки, в одной была синяя кнопка, во второй красная, на что он сказал:
|-----------------------------------------------------------------------------|

—Выбери меж двух вариантов, первая это Нажать красную кнопку, выбирая вариант остаться как есть и жить так до момента пока задатки не сочтут тебя бесполезной или нажать на синию кнопку, начиная работать с нами отчего ты сможешь ""изучить другие миры"" и при этом будешь у дела с нами~. Какой твой выбор? Можешь спрашивать, перед нажатием.

|-----------------------------------------------------------------------------|","ktoia","1508164449465532638"
"24.05.2026 23:57:50","ktoia","#6622","— Госпожа —  

Элиана перевела взгляд с красной кнопки на синюю, потом снова на Нормана. Он что, серьёзно? Вербовка прямо на ходу, без намёка на дипломатию и без попытки скрыть свои намерения? Немного помолчав, она ответила:  

— Ты даже врать не собираешься? Так прямо и говоришь: ""работай с нами, а иначе - жди когда тебя спишут""? Пу... дела...  

Подобная школа жизни уже давно пройдена. И как бы ни было противно это говорить, но Грэй тоже открыла ей глаза на происходящее. Их не вернут обратно. Смириться с этим Госпожа определённо не собиралась - сетовать и плыть по течению значило бы действительно привести себя к плохим последствиям. Решение, конечно, уже принято, но надо же ради интереса спросить.  

Она убрала руки из карманов, взялась за подбородок, разглядывая кнопки.  

— Что значит ""работать с вами""? Какие такие дела? Вести взаимодействия с другими и вам докладывать?

Не дожидаясь ответа та тыкнула на синюю и взглянула на Нормана.

— Мгм. В прочем... Интересный способ набора~!","biok_ymer","1508205454155841657"
"25.05.2026 02:39:56","biok_ymer","#9440","—Норман Блейк—
|-----------------------------------------------------------------------------|
Услышав нужный ответ тот убрал кнопки обратно в карманы, а после разворачиваясь пошел в сторону выхода из сада, говоря:
|-----------------------------------------------------------------------------|

—Следуй за мной, есть идея как проконтролировать твои потуги ""искать выход"".

/Договорив простую фразу, тот провел её через выход, в после пройдя к портула остановился у комнаты <@&1496356201938813129> , спокойно стуча в дверь, дожидаясь ответа./

|-----------------------------------------------------------------------------|","ktoia","1508212455078105178"
"25.05.2026 11:43:01","samin__","#2997","— Кармен Эшфолд —

Слушая Эмили, девушка начала лучше понимать к кому обращаться, если нужно будет разработать метод сдерживания для какого ни будь объекта с системой сложнее ""гермо-дверей"", да и работы у них и так было не мало, однако сама возможность такой помощи внушала надежду. Однако тут её спросили про Эвелин, что предупредила что лучше никому особо не говорить что та относится к объекту хорошо. Эмили конечно не внушала впечатление той, кому будет омерзительно такое, однако Кармен её знала всего сутки, от чего рисковать не следовало

И только девушка хотела сказать что-то странное, как в дверь постучали 8 раз, осьминог подумала Кармен и она бы ТОЧНО не удивилась увидев осьминога около своей комнаты, однако она вроде как никого не ждала, от чего посмотрев с непониманием на Эмили сказала:

— Эм... входите?","biok_ymer","1508253249164017764"
"25.05.2026 18:03:43","biok_ymer","#9440","—Эмили/Норман Блейк—
|-----------------------------------------------------------------------------|
Девушка и сама не знала кого привело на сей раз, однако дверь открылась и оттуда показалась довольное лицо Нормана, что заходя внутрь чуть осмотрел окружение, а после проговорил:
|-----------------------------------------------------------------------------|

—Приветсвую вас Мисс Кармен и Эмили. Я рад что вы уже обжились на новом месте.  Хотелось вот предложить вам интересную возможность карьерного роста.

/Мужчина жестом пригласил войти в комнату <@&1496356968649064560> , после чего акцентируя на ней внимания, сказал:/
-Это объект среднего класса, что поступил к нам не так давно и он надеется стать безопасным, работая на нас и у меня возникла интересная идея после отчёта о объекте ""рыцарь"" от мисс Кармен.

/После сказанного тот указал пальцем на Кармен, говоря:/
-Почеиу бы вам не организовать новый отдел изучения, в коем все работники будут объекты любой масти, способные изучать других объектов, а также что под вашем началом будут помогать комплексу? 

/Мужчина убрав палец сложил руки вместе, начиная ходить по комнате, добавляя:/
-Да и если учитывать возможность, что у вас будет больше возможностей и власти над другими сотрудниками, по сути я вам дам карт-бланш на свинство, позволяющая вам буквально стать ""стратегом"", нежели тем, кто рискует своей шкурой.

/Договорив фразу, после тот направился на выход, добавляя:/
-Подумайте об этом мисс Кармен и напишите мне об решении через ваш планшет. В вашем новом подразделении могут быть и другие сотрудники для вашей безопасности, а также вы можете заручиться поддержкой инженеров, что будут под вас строить новый отдел для исследований. Развлекаетесь и....

/Стоя на проходе тот с ухмылкой показал на <@&1496356968649064560> , говоря:/
-Примите собачку к себе, иначе она вернётся обратно к своему скучному быту объекта под наблюдением. О и вашу права отныне будут выше рядовых сотрудников, отчего можете ну командовать.

/Сказав что хотел тот кивнул, а после чуть подумав быстрым движением погладил <@&1496356968649064560> по голове и посмеиваясь вышел из комнаты, закрывая за собой дверь... И что это было? Эмили с немым вопросом смотрела за всем разговором, а после показав железной рукой на <@&1496356968649064560> и второй на <@&1496356201938813129> спросила:/
-И... Что будем с этим делать...?

|-----------------------------------------------------------------------------|","samin__","1508389921705033770"
"25.05.2026 21:25:57","ktoia","#6622","— Госпожа —  

Госпожа ожидала, что её к кому-то подставят. Только идиот доверится человеку сразу - контроль должен быть всегда, особенно у ""новых сотрудников"". И что же придумает глава комплекса в этом мире? А! Понятно. Хорошо. Подойдя к двери, девушка по приглашению зашла в комнатку вслед за Норманом и.. остановилась, оглядывая живых существ. Что ж первая мысль возникшая при виде Кармен и многорукой - ""Что за пиздючки?"". Мх... А если по существу: Кармен - обычная молодая девушка? Таких она видела за этот день достаточно. Вот только её выделяла не внешность, а то что к ней пришёл Норман и стал предлагать стать руководительницей отдела. Очень интересно. Что до многорукой - внешность у неё... странная. Выглядит слегка повзрослее, но от этого какая-то рассеянность. И Господи... ЗАЧЕМ столько рук? Своих не хватает? В общем, для Госпожи это странно.  

Переходя от внешности к словам Нормана - ТЫ ОБОРЗЕЛ? Определённо, да! Говорить перед ней, что по сути это позволяет делать из таких, как Госпожа, мясоцо? Пф... И что уж там. До Госпожи такой херни не было? А попадать в первый же эксперементальный ""набор"" равносильно игре в казино, надеясь не провести время хорошо, а выиграть. Вот только - ТЫ НЕ ВЫИГРАЕШЬ.  

Когда разговор снова свелся к самой Госпоже, она на время перестала размышлять об услышанном и перевела взор на Нормана. И... у сука... ""Примите собачку""? От такого высказывания одну из скул Элианы свело, а один кулачок сжался. Нет, ну знаете, любую херню можно перетерпеть - да бог с ним. Госпожа сдерживала себя определённо сильно, чтобы просто не насолить своим планам и жизни. Но когда её называют СОБАКОЙ? Первая мысль была - заставить этого уёбка извиниться, а после и прикончить. Человечности тут уже нет! Какие тут нахер могут быть принципы?!  

Ты че, БЕССМЕРТНЫЙ? А... ну да. Волос с его головы упадёт и вслед за этим упадёт Госпожа. Терпи, дорогуша, терпи... Не твой мир, не твои правила. Сдерживаясь, чтобы не вырвать ему руку и не воткнуть её ему в рот из-за поглаживания, девушка очень глубоко вздохнула, когда тот вышел. Личико Госпожи было невозмутимым, внутри всё полыхало. Такое отношение к себе она не видела давно и позвольте, больше такого видеть не хотела. Благо ничего критического делать не стала. Вытерпев мимолётное поглаживание и уход Нормана, она поглядела ему в спину, а затем на этих куриц.  

Ушки Госпожи опустились и она на выдохе потянулась к внутреннему карману пальто. Пошарив там и не найдя спасительного, она опять глубоко вздохнула. Понимая, что сейчас её ничто не успокоит, кроме неё самой, на выдохе тихо сказала:  

-# — И какого хуя... мфх м...  

Достав руку из-под пальто, она более громко добавила:  

**— Не ""Этим"", дорогуша.**  

Она продолжала стоять чуть поодаль от двери.","biok_ymer","1508485726142992565"
"25.05.2026 21:26:08","ktoia","#6622","||<@&1496356201938813129> ||","",""
"26.05.2026 12:09:59","samin__","#2997","— Кармен Эшфолд —

Кармен не успела договорить фразу, как на чаёк заглянул Норман... только вот без чая, так ещё и с... собачкой? Именно её Кармен видела днём ранее. Хм... а если так подумать то это был в принципе первый объект, который та видела

Не успев закончить одну мысль как тут-же прилетела вторая. Норман стал тараторить, накидывая кучу информации. ВСМЫСЛЕ МНЕ СОЗДАТЬ НОВЫЙ ОТДЕЛ?! Девушка вылупилась на Нормана как на умолишённого. То что она выделилась та знала, но чтобы на столько, что ей дадут свой отдел на второй день работы?! Разве она номинально не всё ещё стажёр, так ещё она и не ослышалась?! Отдел из объектов, **любой **масти?! Норман-НОРМАН! Не нужно быть гением, чтобы понять что ты творишь какую-то фигню. Это же буквально...

КАРТ-БЛАНШ НА СВИНСТВО?! Норман!!! Ты сейчас делаешь то, о чём пожалеешь! Давать свободу действий непроверенному сотруднику, так ещё и право освободить условно любой объект, подминая его под себя. Да это буквально почва для скорого переворота. И нет, не комплекса, а всего мира!

Благо девушке всё это было незачем, однако всё равно поставило в стопор, в котором она прикинула сколько опасных объектов нужно освободить, чтобы уничтожить структуру. Условно 3 Грима вполне себе бы с этим справились, а ей дают ЦЕЛЫЙ ОТДЕЛ!

Так ещё и повысил права выше рядового сотрудника до получения ответа?! Кармен, что сидела с глазами на выкат, открыла их ещё шире. Когда Норман ушёл, девушка через силу моргнула пару раз, а после переведя взгляд на собачку, непонимающе покосилась на ту, а затем закрыв лицо руками рухнула на кровать, ударившись головой о стенку с характерным звуком. Через недолгое молчание, та тихо и растерянно сказала:

— Кокос...

Выдохнув, та поняла что стоп слово тут не поможет от чего убрав одну руку, развернула другую, прислоняя ко лбу, уставившись в потолок проговорила:

— А я всего лишь хотела свою комнатку, а не отдел на второй день работы.Ой... девочки, что мне теперь делать то? Карьерная ракета существует и я её пассажирка","ktoia","1508536618598797385"
"26.05.2026 18:59:34","biok_ymer","#9440","—Эмили—
|-----------------------------------------------------------------------------|
Девушка и сама была в шоке от решения Нормана, отчего даже на секунду выпала из разговора, а после встав со стула подошла к кровати, погладив девушку по голове и говоря:
|-----------------------------------------------------------------------------|

—Ну как минимум этим разговором он доказал что комнату он просто так не выдает... Кхм, поздравляю с повышением? Да уж от сотрудника до руководителя за два дня... Не удивлюсь если это ещё одна проверка или эксперимент нашего главы. Может ну его и так у тебя все неплохо, а тут ответственность за то, что ты будешь буквально ядерную бомбу собирать, которая может рвануть.

/Перестав гладить девушку, та глянула на <@&1496356968649064560> , говоря:/
-А тебя он как заставил? Хотя зная Нормана, наверное угрожал... ПФ, можешь расслабиться мы простые сотрудники, отчего принуждать ни к чему не будем.

|-----------------------------------------------------------------------------|","samin__","1508759093899170005"
"26.05.2026 20:08:25","ktoia","#6622","— Госпожа —

Кокос?! Это вообще то моё стоп слово! Мм... окей.

Девушка прошла чуть в глубь комнаты. Перевела взгляд с Кармен на Эмили, потом снова на Кармен. Похоже, здесь всё было ещё страннее, чем она думала. Подойдя к шкафу, девушка слегка прислонилась к тому спиной, скрестив руки на груди. Её уши, до этого прижатые, чуть приподнялись.

— Да уж... Норман - тот ещё манипулятор. Звучит как издевательство, я серьёзно... /глянула на Эмили/ Надеюсь твои слова правдивы.

Невзначай хмыкнув, глянула на Кармен.

— Значит, ты теперь начальница? Чтож... Поздравляю...

||<@&1496356201938813129> ||","biok_ymer","1508862168827826206"
"27.05.2026 00:12:24","samin__","#2997","— Кармен Эшфолд —

Будучи не совсем в трезвой памяти, девушка ни сколь не сопротивлялась поглаживаниям со стороны Эмили, напротив, это её даже немного успокоило. Слушая разговор, та всё-же привстала, принимая седячее положение и с блестящими глазами сказала:

— Ну, за себя ничего не обещаю ""Госпожа"". Знаешь, на меня и с верху могут давить, да и работать придётся, хотя я и не собираюсь кого-то излишне нагружать. В любом случае это прецедент, так что от нас будут ждать не результатов, а слаженности, так что над этим и поработаем

Повернувшись к Эмили, девушка кивнула, обращаясь к той:

— Я чувствую что дело нечисто, однако от таких возможностей не отказываются, а если и отказываются, то начальство забудет о тебе и останешься ты рядовым до конца дней... эх... ситуация безвыходная по сути

Договорив, девушка указала на стул, говоря уже собачке:

— Присаживайся, в любом случае будем работать вместе, так что предлагаю для начала немного поговорить. Про тебя базовую информацию я уже знаю, так что расскажу про себя. Кармен Эшфолд, новый работник этого места, прибыла сюда в один день с тобой и пока что лишь познаю это место. Есть ли у тебя пожелания по работе? Или быть может у тебя есть кто-то на примете, кого можно было бы завербовать в новый отдел?

На удивление девушка резко взялась за вопрос, даже не впадая в истерику, а принимая действительность, но ей нравилось думать что это всё благодаря поглаживанию Эмили ||<@1405305963375759440> ||","biok_ymer; ktoia","1508879496055357541"
"28.05.2026 03:59:44","biok_ymer","#9440","—Эмили—
|-----------------------------------------------------------------------------|
Понимая что в этом разговоре она не особо и понимает о чем те говорят, она отошла в сторону, не мешая вести беседу, встав у стенки и слушая их разговор.
<@&1496356968649064560> .
|-----------------------------------------------------------------------------|","samin__","1508940896295587850"
"28.05.2026 10:47:48","ktoia","#6622","— Госпожа —

Эли не стала дальше нагнетать обстановку. Нотка тревоги из-за Нормана определённо появилась, но ей хотелось верить, что в этом мире не все одинаковые.

Она прошлась по комнате, развернула стул лицом к кровати и присела, закинув ногу на ногу.

Быть в подчинении у девушки, которая первый день на посту начальника - дела не самые хорошие. Придётся выкручиваться. Тут либо она добрая, либо садистка. Сейчас больше похоже на первое, но власть меняет людей. Со временем, но меняет.

Она спокойно заговорила:

— Раз ты про меня знаешь, то... хорошо. С чего бы начать: я не пойду в откровенно опасные места. И уж наверное стоит отметить - к опасным существам. Конечно, пока я здесь находилась, видела только относительно безопасных, но не надо быть гением, чтобы догадаться, что вы из других миров могли выловить ещё ту тварь.

Она помолчала, потом добавила:

— Я довольно легко нахожу общий язык с теми, кого вы тут держите. Всё таки тот, кто находится с тобой в одной лодке, доверяет больше. Мхм... Я точно хочу попросить тебя Кармен советоваться со мной перед тем, как выдавать работу. На этом... пока всё.

Эли выдержала паузу, пробежалась взглядом по Кармен, вспомнила Грэй и отрицательно покачала головой.

— Насчёт вербовки... пока не могу помочь. Не вижу, кто бы подходил.

Она решила сменить тему.

— А ты куришь?","samin__","1508940896295587850"
"28.05.2026 13:00:02","samin__","#2997","— Кармен Эшфолд —

Девушка послушала пожелания новой работници... первой работници... в её отделе. В целом многовато она хотела, но Кармен и сама сказала что будет прислушиваться, так что жаловаться не собиралась. Обдумав всё сказанное, та выдохнула и помрачнев сказала:

— Пробовала пару раз за компанию, но не втянулась

/Вспомнив свою учёбу, девушка слегка перетряслась, приходя в норму/
— Пока что попытаюсь организовать условия, которые тебе будут по нраву, но сколь долго они продержатся сказать не могу. В любом случае теперь ты считаешься безопасным объектом, на пару с тем и работником. На сколько понимаю к таким тут относятся не сказать что с почтением, так что выдвину условия со своей стороны. Не нападать и не вредить учёным и иному персоналу комплекса, не говорить объектам внутреннее устройство комплекса, учитывая что ты в скором многое узнаешь и наконец... хм... работать? Я бы сказала иначе, входить в положение. В случае если мне что-то скажет Норман, я должна буду надавить, так что на этот случай жду понимания с твоей стороны

Запрокинув руки назад, девушка опёрлась о них, вспоминая слова Нормана о ""поиске выхода"", понимая что рано или поздно почти все из её работников попытаются сбежать, так что придётся следить за этим... или просто делать вид что она на их стороне, чтобы те делились с ней планами, но это обдумывание она могла отложить на попозже

— Прости уж, меня сделали боссом 10 минут назад, так что многое будем придумывать на ходу. Мда... добро пожаловать в команду? Кхм...","ktoia","1509463186112516217"
"28.05.2026 21:04:43","ktoia","#6622","— Госпожа —  

Элли слушала Кармен и где-то в глубине души удивилась, как быстро эта девушка взяла на себя ответственность. Не каждый на её месте смог бы так спокойно диктовать условия, пусть даже и вполне разумные.  

Выслушав её, Госпожа кивнула и ответила:  

— ""Не вредить учёным"" /Приподняла бровь/ Я не зверье. Если меня не тронут - я не трону. Отношения рождают ответные отношения, правило бумеранга и бла-бла. В общем, хорошо.  

Она начала легко покачиваться на стульчике.  

— Ненавижу дедовщину и подобную херь, презрение за факт расы и подобные наклонности. Сколько пыталась искоренить это у себя - не получилось. К людям нужно относиться исходя из их действий... Мм.. О чём это я? Ах, да. Я и не сомневалась, что с ""безопасными"" не особо считаются. Входить в положение буду...  

Она встала со стульчика, подошла к Кармен, сняла правую перчатку и протянула руку:  

— Никогда не думала, что у меня опять будет начальник... Что ж, хорошо.  

Неважно, пожмёт та руку или нет - Элли наденет перчатку обратно, сделает шаг назад и добавит:  

— Кстати... Войди в положение. Мне бы пожить... Мм... Не у себя. А у тебя тут так места много.  

Госпожа НЕ ХОТЕЛА к Грэй.","samin__","1509496463674179665"
"29.05.2026 15:42:37","samin__","#2997","— Кармен Эшфолд —

Слушая свою новую работницу, девушка кивала на её заявления, правда часть где та не зверьё ставило рассуждение человека в тупик. То что нормам общества та приучена Кармен не сомневалась, но вот какие расхождения могут всплыть - вопрос который может доставить проблемы

Когда та подошла к девушке протягивая руку, Кармен поднялась с кровати, отвечая на рукопожатие, чувствуя себя героиней какого-то фильма, где в этот момент началась музыка с её закадровым голосом ""Так я и познакомилась с госпожой, что позднее стала моим заместителем и хорошей подругой"", однако до этого ещё стояло дожить... от чего когда рукопожатие закончилось, девушка вновь плюхнулась на кровать слушая подчинённую, попутно что-то тыкая в планшете, набирая:

> Босс, я решила. Предложение принимаю, госпожу делаю первой работницей нового отдела. Пока что буду набирать штат и настраивать работу, если будут пожелания - пишите. Было бы не плохо знать свои новые полномочия и обязанности

Тут она услышала как работница просится пожить. Ну... логично, никто бы не захотел жить вместь со странными объектами... только вот Кармен тоже не входила в их число, а тут объект весьма странный. Да и комнатка... МАЛЕНЬКАЯ, а кроватка односпальная. Правда... может ей на полу постелить? Пф... непонятно. Подняв недовольный взгляд на <@&1496356968649064560>, Кармен выдохнула, дописывая сообщение:

> А ещё есть вопрос размещения моего персонала

С задумчивым видом отложив планшет, девушка принялась ожидать ответа, попутно говоря:

— Мда... нужно будет потом привести мысли в порядок и посоветоваться кое с кем. Пока что можешь остаться тут, но вопрос о твоём размещении я уже подняла, так что это вопрос времени. Или откажут или выделят что-то

Потянувшись, девушка прикрыла глаза, заводя новый разговор:

— Ммм... ну и какой выход ты искала? Вернее нашла что-то?","ktoia","1509618439751205047"
"29.05.2026 20:43:33","ktoia","#6622","— Госпожа —  

Гордая волчица вернулась обратно на стул с колёсиками, положив локоть на подлокотник, а щекой на ладонь.  

— М-г-м... Ну, посмотрим-посмотрим.  

— Методы были разные. Но... преимущественно под конец, увы - радикальные. Поняв, что ничего хорошего дальше не светит, пришлось свернуть и добро и зло, закрыв на эту проблему глаза.... К сожалению, закрыв на эту проблему глаза.  

Она качнулась на стуле, убирая руку от подбородка.  

— Конечно, в моих рядах всё же поняли мою позицию и прислушались. Но остальное население особо и не изменилось. 

Сделала паузу, потом махнула рукой.  

— М.. проехали. А сколько тебе лет?","samin__","1509899770414497934"
"01.06.2026 16:24:01","samin__","#2997","— Кармен Эшфолд —

Девушка вообще не поняла что только что услышала... вопрос был совершенно другим, однако по всей видимости та услышала нечто более интересное, чем ожидала. Собачка-радикал значит... что за мирок то там такой был у неё. Судя по стилю общения и одежде общество было развито, но можно ли вообще сравнивать миры в развитии, условясь что история могла пойти совершенно по иному сценарию

Девушка решила на затягивать с ответом, от чего улыбнувшись ответила:

— Мне 25, считай только закончила обучение

Вспомнив что в помещении находится ещё и Эмили, та перевела взгляд на неё и сказала:

— Кстати, Норман вроде как заикнулся что ""вы можете заручиться поддержкой инженеров, что будут под вас строить новый отдел для исследований"". Что он имел ввиду?

||<@1405305963375759440> ||","biok_ymer; ktoia","1509975502239305973"
"01.06.2026 17:35:16","biok_ymer","#9440","—Эмили—
|-----------------------------------------------------------------------------|
Девушка что до этого стояла с умным видом и слушая разговор сидела в планшете отвела взгляд от него на <@&1496356201938813129> , говоря:
<@&1496356968649064560> 
|-----------------------------------------------------------------------------|

—То он и имел ввиду. Скорее всего он хочет и нас припахать работать в целом отделе. А значит все сопутствующие помещения по типу полигона и новых комнат нам придется делать с нуля под твоё распоряжение... Считай у тебя теперь есть ещё возможность делать комнаты какие хочешь и где хочешь.

/После ответа девушки на планшет <@&1496356201938813129> пришло уведомление от Нормана:/
-О как чудно что вы так быстро схватываете трудности на лету! Я ведь попросту решил подшутить над вами, однако раз вы решились на такой шаг, я с радостью поддержу вашу инициативу. Ваши обязанности будут в управлением отдела и контролем каждого его члена, чтобы их полномочия были не выше сотруднических, при этом те не бунтовали и выполняли ваши поручения. У вас будет возможность также попутно исследовать из со стороны, в качестве простого собеседника и узнавать их беседы записывая все в доклады. Можно сказать, что ваши обязанности стали попросту документировать все и писать мне, а также контроль качества работы. Полномочия у вас выше сотруднических, отчего вы можете заставлять работать на себя и простых работников, но при их желании стать под ваше крыло. Также инженерный блок имеет приоритет выполнять ваши задачи, однако посоветую не злоупотреблять из ресурсами, все же им и так непросто с поддержкой портала и объектов. О и если хотите, можете взять пару рук оттуда как часть своего штата, к примеру мисс Эмили, чтобы ей было легче сосредоточиться на работе у вас. А на этом все, вы всегда можете также уточнять различные данные у меня и другие работников, приятной работы под новым началом главы отдела МММ...как бы вас назвать? Отдел Бета? Вообщем пока можете и название придумать, удачки.

|-----------------------------------------------------------------------------|","samin__","1510997349529423902"
"01.06.2026 18:25:48","pizza9832","#9089","__""Каин""__


*Для Каина шел обычный день. Хотя со стороны самого парня разумеется же. Ибо сидеть покуривать сигарету на балконе заброшенном доме в пределах некой столицы ""Валран"". Все что его беспокоило в этом моменте это мысли об одном человеке, который был для него важен и с которым ему придётся встретиться с пустя много лет. Однако успокоительный момент подкуривания сигареты прервался дребезжащим звуком некого устройство в кармане парня. Тот с легким раздражением тушит сигарету, а следом достаёт устройство, которое оказалось пейджером на котором было написано следующее сообщение ""Каин прибудь в поместье семьи Эмилия тебя ждёт. Я помню ты говорил, что это плохая идея, но дочь за столько лет должна встретить отца. Хоть теперь ты думаешь об этом иначе."" После прочтения оранжевый глаз слегка сузился демонстрируя странную смесь недовольства и даже страха. Каин после этого оттолкнулся от края балкона и направился внутрь помещения, где было лишь небольшой столик, который уже развалился от времени, а также диван на котором мужчина скорее всего и провёл свою ночь*

-Мда, вроде дипломат всего королевства нового поколения, а сплю всегда как чертов бомж. Ладно, сам виноват, что деньги с собой не взял.

*После этих слов тот стянул с дивана свою куртку при этом надев ее. Вместе того, чтобы спокойно спуститься по лестнице тот прыгает из балкона прям на другое здание напротив. Забираясь в этот момент на крышу*

-Зато прекрасный вид с высоких зданий, я здесь в этом городе уже не был 3 года почти.

*Наслаждаясь видом странной смеси, современности, технологий и древних обычный в архитектуре города, а также попутным ветром, который направлял его вперёд. Каин по крышам сразу направился в сторону величественного поместья на холме, который выделялся на фоне всего города. Так путь по крышам у него не занял много времени и когда тот уже стоял перед дверьми он замешкался, а в районе сердца почувствовал неприятное покалывание*

-""Спокойно, спокойно это же твоя дочь, что может пойти не так""","",""
"01.06.2026 18:25:51","pizza9832","#9089","*Каин взяв себя в руки выдохнул и резко открывает дверь идя вперёд сразу ощущает на себе странный стерильный свет, который заставляет закрыться его единственным рабочий глаз*

-""Ай с каких пор Квилег здесь прожекторы начала устанавливать. Ей кто нибудь?""

*Однако стоило Каину протереть глаза как он обнаружил себя в страном стерильном помещении, словно больничная койка или даже комната для душевных больных. После этого того как привык к такому свету Каин сразу напрягся и хотел даже уйти, но развернувшись он видет, а точнее не видет дверь через которую вошёл. В этот момент волей, неволей Каина накрыла лёгкая паника*

-""Эй! Здесь кто нибудь есть!? Где я ответьте мне хоть кто то!""","",""
"01.06.2026 18:56:12","pizza9832","#9089","","",""
"01.06.2026 20:42:46","ktoia","#6622","— Госпожа —

Ну какое-никакое мнение, хоть и из столь малого разговора, начинало складываться. Девочки странные - им бы чем нормальным заниматься, а не этим всем. Мх.. учёные. В прочим может это Госпожа далека от этих ""научных позывов"" и желания понять то, что за гранью твоего мира. В своём бы разобраться, а тут - других изучают. Хотя может у них уже всё в мире хорошо? Хм... Хотелось бы походить по их улочкам, может что-то с их менталитета забрать... Мм... Нет, бред. Домой надо. А до дома ещё долговато.

Волчица просто продолжила слушать диалог инженера и <@&1496356201938813129>, не вмешиваясь, изредка переводя взгляд с одной на другую, а после на свои часики.","biok_ymer","1511015283047796860"
"01.06.2026 21:17:47","samin__","#2997","— Кармен Эшфолд —

Девушка слушала подругу не отрывая взгляд. То есть они делают буквально всю техническую и проектную работу в коплексе, это будет полезно в будующем. Даже очень полезно!

Однако как только та хотела ответить, ей на планшет пришло сообщение, от чего девушка жестом показала ""секунду"" и начала бегло читать оповещение

Хотя на самом то деле лучше бы не читала... ага пошутить он решил, верю-верю. Всë таки Норман тот ещë плут

Так значит в отдел можно приглашать кого угодно?!  Ммм... это всë меняет... пу-пу-пу... шпеонить за собственным отделом... звучит как... то что и не стояло писать! Надо значит надо, однако... не слишком ли много всего за один то денëк?

Дочитав, девушка отложила планшет и вновь плюхнулась на кровать с характерным ""да чтоб...""

Продолжать фразу девушка не стала, однако ОЧЕНЬ хотела. Из такой позиции, та указала на Эмили, а после подняла большой палей вверх, говоря той:

— Отлично, великолепно, белисимо, итс бьютифул! Он написал то же самое что сказала и ты... ммм... и как бы сказать... нет, ладно кхм-кхм. Знаешь, желающих в новый отдел как ты понимаешь не мало... но так как мы с тобой уже знако-о-омы я могу выдать тебе вакантное местечко...

— Вай... ладно скажу нормально, мне посоветовали взять тебя в отдел, каковы твои мысли на этот счëт?","biok_ymer","1511015283047796860"
"01.06.2026 21:29:03","biok_ymer","#9440","","",""
"01.06.2026 21:29:03","biok_ymer","#9440","—Норман Блейк—
|-----------------------------------------------------------------------------|
Стерильное помещение, яркий свет, большое пространство. Множество любопытных взглядом, что смотрели из мониторов на парня и мужчина в аристократично костюме, что заприметив парня произошел к тому, чуть кланяясь и говоря:
|-----------------------------------------------------------------------------|

—Приветсвуем вас сэр, вы попали через наш портал к нам в резиденцию. Я Норман Блейк, являюсь руководителем этого пространства. К сожалению путь обратно закрыт, отчего вам придется остаться тут на какое-то время, как можно к вам обращаться?

|-----------------------------------------------------------------------------|","pizza9832","1511028010466279494"
"01.06.2026 21:37:35","biok_ymer","#9440","—Эмили—
|-----------------------------------------------------------------------------|
Инженер не особо был рад сверх работы, однако все же выдохнув показала в ответ знак вверх, говоря:
|-----------------------------------------------------------------------------|

—Будто бы я бы кинула новичка одного в неизвестной компании, я с тобой. Хоть и понимаю что работы увеличиться вдвое... Пуф, ну надеюсь ты хотя бы босс который ценит своих сотрудников! Иначе я буду плакать... Кхм, нам нужно я так понимаю сделать новую рабочую зону и комнаты для...""сотрудников"", верно?

|-----------------------------------------------------------------------------|","samin__","1511071281972248677"
"01.06.2026 21:53:24","pizza9832","#9089","__""Каин""__

*Мужчина сразу же развернулся на на голос неизвестного перед собой и сразу же начал своим лампо подным глазом его осматривать, но больше всего подобие взгляда задержались на очках не известного пытаясь увидеть глаза*

-""Хм, больно вы спокойны, видимо явно не знаете кто я. Понимаете я был бы рад провести время в новой обстановке и так далее, но понимаете у меня важный день сегодня. Мне нужно вернуться поэтому давайте как то ускорим этот процесс. Можете обращаться ко мне по имени Каин.""

*Каин начал ходить туда сюда по камере при этом капаясь у себя в волосах будто пытается вытащить хоть какое-то здравое объяснение ситуации у себя из головы*","biok_ymer","1511074117250584667"
"01.06.2026 22:17:58","biok_ymer","#9440","—Норман Блейк—
|-----------------------------------------------------------------------------|
Мужчина встав ровно стал наблюдать за осмотром комнаты, а после подождав пока тот остановится продолжил:
|-----------------------------------------------------------------------------|

—Что же, господин Каин, как вы могли заметить тут нету выхода, однако если вы не верите вы можете попытаться вновь открыть портал, но могу заверить, что сейчас он не откроется. Отчего дам во время успокоиться.

|-----------------------------------------------------------------------------|","pizza9832","1511080244143198268"
"01.06.2026 22:55:13","pizza9832","#9089","__""Каин""__

*Мужчина остановился с резким звуком обуви об жёсткий пол, а потом стремительно начал смотреть на Нормана*

-""Я вам не подопытная обезьянка чтобы сидеть в этой клетке. Я даже не знаю кто вы, что вы. Сейчас вы просите от меня спокойствия, но увы ситуация не располагает к этому. Какие у тебя ""клон"" не были планы, я сомневаюсь, что какие-то стены или стекло способны меня удержать. Вы так не думаете?""

*Заявил Каин уже с лёгкой ноткой раздражения в голосе при этом положив руки на пояс*","biok_ymer","1511086426358550632"
"02.06.2026 15:29:36","samin__","#2997","— Кармен Эшфолд —

Услышав ответ, девушка вновь приняла сидячее положение и посмотрела влажными глазками на ГЕРОИНЮ, говоря той:

— Ну конечно я буду вас всех ценить! Мы сейчас стоим у истоков и я не позволю вам пожалеть о решении! Пуф... работы будет много. Сначала и вправду нужны жилые комнаты и рабочая зона. Пока сможем обходиться без чего-то, не буду вас нагружать, так что и вправду нужно поднажать

А... что делать в этой ситуации Кармен? Эм... РАСШИРЯТЬ ШТАТ! ТОЧНО! Привстав с кровати, та наконец окончательно взяла себя в руки, говоря девушкам:

— В таком случае отдел... эм... названия нет... а как нас назвать то?

||<@&1496356968649064560> ||","biok_ymer","1511076261483778192"
"02.06.2026 17:46:43","biok_ymer","#9440","—Норман Блейк—
|-----------------------------------------------------------------------------|
Аристократичный мужчина ухмыляясь ничуть не дернулся, махая пальцем парню влево и вправо, видно успокаивая, говоря:
|-----------------------------------------------------------------------------|

—Госпадин я уже ответил вам, что выхода нет, однако если вы мне не верите, можете продолжать гневно ходить, однако если вы начнёте применять насилия, то и нас придется вас успокаивать уже не словами. Что же вы выберете, контакт или насилия ради насилия?

|-----------------------------------------------------------------------------|","pizza9832","1511095801420451841"
"02.06.2026 17:55:47","ktoia","#6622","— Госпожа —

Девушка вполуха слушала своих новых ""коллег"" - если конечно тех можно так назвать. Когда они закончили свои разговоры, Госпожа качнулась на стуле и задумалась. Ну по правде у неё самой не очень с фантазией на названия. ""Властителей"" она придумала вскользь - потому что это единственное, что тогда пришло в голову. Впрочем, оно и подошло. Может, тут что-то сгенерирует?

Прикинув пару вариантов, она выдала:

— ""Пришлые"", ""Чуждые"".

Она помолчала, обдумывая, потом добавила:

— Или ""Гости"". Звучит даже дружелюбно, но намёк понятен.

Она откинулась на спинку стула, закинув ногу на ногу.

— В общем, что-то в этом роде. Чтобы сразу было ясно: твоя группа в большинстве не из этого... э... ""мира"". А как точнее назвать - твое дело.","samin__","1511346046431789057"
"02.06.2026 19:14:46","pizza9832","#9089","__""Каин""__

*Каин продолжал сверлить мужчину и скорее смотрел на него исподлобья нежели прямо, но затем тот слегка поправил свой воротник левой рукой при этом немного кашляя*

-Так насилия я и так устраивал в достатке, но только по делу не нужно смотреть на меня как на зверя. Только можно вы исполните маленькую просьбу, поверьте она вас не застраднит... снимите очки? Это можно исполнить?

*Каин скрестил руки на груди при этом полностью выпрямляясь в ожидании ответа или даже действия от Нормана*","biok_ymer","1511380550563401729"
"02.06.2026 19:32:07","biok_ymer","#9440","—Норман Блейк—
|-----------------------------------------------------------------------------|
Парень немного помедлив все же взялся за очки и чуть поправив их, показывая алые глаза, что устремились на парня. Показывал глаза тот не надолго, вновь перекрывая их говоря:
|-----------------------------------------------------------------------------|

—Рад что возможно избежать лишнего насилия, кто многие прибывающие сюда. Можем смерти дизлакацию, для более спокойного общения?

|-----------------------------------------------------------------------------|","pizza9832","1511402709465436220"
"02.06.2026 19:32:13","biok_ymer","#9440","https://i.pinimg.com/1200x/d4/a7/41/d4a741994148b5371bbc0a4bc38e500f.jpg","",""
"02.06.2026 20:34:56","pizza9832","#9089","__""Каин""__

*Взгляд мужчины сразу изменился изначальная уверенность полностью пропала, а ""лампа"" на месте  глаза сильно расширилась демонстрируя удивление увиденному, явно не веря тому что увидел*

-Человек ещё один, но быть того.... не может. Что же это и правда доказывает, что я оказался не дома. Даже не близко. А сколько здесь таких ну людей если не секрет?

*Видимо речь шла не про цвет глаз, а про наличие зрачок в глазах, что не могло не вызвать интерес со стороны. После мешканья и сомнений Каин поправил свою куртку и подошёл ближе к стеклу*

-Не откажусь, мне сразу руки вытягивать для наручников или так пройдёмся.","biok_ymer","1511407077929648278"
"02.06.2026 22:18:58","biok_ymer","#9440","—Норман Блейк—
|-----------------------------------------------------------------------------|
Что-то посетив для себя, парень достал из большого коммуна пальто планшет, в коем начал что-то записывать, а после показав пальцем круговой знак, люди стоящие за мониторами стали судорожно что-то нажимать, отчего стекло стало подниматься, а парень же посмотрев на мужчину спокойно заявил:
|-----------------------------------------------------------------------------|

—Разве я так уж сильно похож на пленителя? Я хочу с вами побеседовать, а после дать вам кров, пока портал не заработает вновь. Простой обмен информации, вам тоже это может быть любопытно, ну что же, пройдем?

/Договорив, мужчина показал рукой в направлении двери, а после спокойным шагом направился к той, давая того тому догнать./

|-----------------------------------------------------------------------------|","pizza9832","1511422884411740222"
"03.06.2026 07:55:16","pizza9832","#9089","__""Каин""__

*Парень потерев свой затылок в раздумьях все же пошёл следом за Норманом при этом убрав руки в карман куртки. Во время ходьбы Каин всегда косил взгляд по интерьеру комплекса, а также иногда даже замечая людей с таким же жадным трепетом рассматривая их глаза как будто смотрит на диковинку*

-Это место навивает на меня определённые воспоминания. Так получается этот комплекс с учёными и исследованиями. В моем мире тоже было что-то подобное.","biok_ymer","1511449066234708029"
"03.06.2026 11:35:16","samin__","#2997","— Кармен Эшфолд —

Кармен даже улыбнулась, слушая варианты своего первого работника. Как ни как она уже стала узнавать их лучше. Эмили была собранной, доброй, да и вообще профессионалом с большой буквы. А Госпожа... пуф... не умела придумывать названия. Такая маленькая, но милая черта умилила девушку, от чего она сказала:

— Хорошо-хорошо, поняла. Больше не буду просить тебя придумывать названия, раз тебе это сложно. Хм... значит звучное и чтобы сразу было ясно... а может... ""Потусторонние""? По ту сторону. Звучит вроде как неплохо, да и смысл передаёт и возможна трактовка с потусторонними способностями и спецификой работы. Что скажете?

Когда девушка придумала название, у неё как будто загорелись глазки, начиная блистать как у ребёнка, что открыл для себя что-то новое","ktoia","1511382831312670831"
"03.06.2026 16:49:52","biok_ymer","#9440","—Эмили—
|-----------------------------------------------------------------------------|
Кивая, девушка убрала планшет подальше своей дополнительной рукой, говоря:
<@&1496356968649064560> .
|-----------------------------------------------------------------------------|

—Звучит неплохо, я лично не против любого названия кроме рабов... Поэтому наверное вариант Кармен более чем приемлим и даже звучит.

|-----------------------------------------------------------------------------|","samin__","1511649459145146490"
"03.06.2026 16:52:35","biok_ymer","#9440","—Норман Блейк—
|-----------------------------------------------------------------------------|
Доходя до некой комнаты тот встал у двери в стороне, облокотившись о стену и говоря:
|-----------------------------------------------------------------------------|

—Мы изучаем другие миры и обмениваемся знаниями и информацию между ними, помогая как развитию их, так и нашему развитию. О ивы не против если сейчас с вами поговорит другой человек? Все же я человек занятой, а вы я погляжу человек разумный, отчего с вами я думаю можно провести весьма хорошую дискуссию. 

|-----------------------------------------------------------------------------|","pizza9832","1511594096748134473"
"03.06.2026 20:05:40","pizza9832","#9089","__""Каин""__

*Мужчина даже слегка усмехнулся из-за слова о ""человеке"". Не думал, что услышит его от кого-то кроме себя*

-""Эм, очень жаль конечно, но надеюсь человек находящийся внутри не очень впечатлительный. Что же возможно ещё увидимся чуть позже. ""

*Каин повернулся на мужчину прежде чем зайти, а после поможав рукой ему направился внутрь комнаты. Предварительно открывая перед собой дверь*","biok_ymer","1511729317581820055"
"04.06.2026 00:55:58","ktoia","#6622","— Госпожа —  

Услышав в свою сторону лёгкую подколку, девушка хмыкнула и перестав скрещивать ножки близко к себе, вытянула их вперёд. Когда Кармен предложила название, волчица коротко кивнула:  

— Почему бы и нет. Нормальный вариант.

От звёздочек в глазах Кармен у Госпожи появился сладкий привкус на языке... Не то чтобы очень неприятно - скорее, такую сладость за последнее время она видела впервые. Вздохнув, она поглядела на двух дам и спросила:  

— Значит, название есть. Тогда... Хм... И что дальше?

Эх... Курнуть бы... Черт может к Грэй сходить. Не, не хочу.

||<@1405305963375759440> ||","biok_ymer; samin__","1511649459145146490"
"04.06.2026 14:47:52","samin__","#2997","— Кармен Эшфолд —

Упиваясь властью, девушка начала давать распоряжения:

— Эмили займётся своими делами, туда я лезть не буду и верю что всё будет по высшему разряду! А вот мы с тобой...

/Кармен подошла чуть ближе к госпоже/
— Будем расширять штат конечно же! У меня на примете уже есть та, кого я хочу завербовать, ну или как минимум посоветоваться. Что до тебя, хм... поищи тоже кого-то. Критериев особых пока что нет, но чтобы подходил. Возможно умый, сильный... хм... да, охраники тоже лишними не будут, Норман на это намекал. Ну и естественно чтобы вменяемыми были

Схватив планшетик с кровати, девушка написала ответное письмо Норману:

> Отдел ""Потусторонние"" начинает вербовку и подготовку к плодотворному функционированию

Ухмыльнувшись, та хихикнула и убирая планшет сказала, как будто только что выступала с научной речью:

— Ну чтож, у вас есть вопросы?

||<@1405305963375759440> ||","biok_ymer; ktoia","1511850962019684362"
"04.06.2026 18:38:28","biok_ymer","#9440","—Эмили—
|-----------------------------------------------------------------------------|
Потупив минуту в стену думая с чего лучше начать та выдохнула, направляясь на выход и говоря:
|-----------------------------------------------------------------------------|

—Тогда пойду приступлю к своей части... И о, а разве..

/Тут что-то вспомнив она подвела планшет к глазами и что-то потыеав посмотрела на <@&1496356968649064560> говоря:/
-Ты разве не жила с кем-то в комнате? Вроде там была девушка из твоего мира, может её тоже возьмём?

|-----------------------------------------------------------------------------|","samin__","1512060319755669585"
"04.06.2026 21:05:41","ktoia","#6622","— Госпожа —  

Девушка уже перестала слушать своего босса. Пожалуй, она хотела бы поскорее воспользоваться положением, которое получила и раздобыть курева. Однако когда ей задали вопрос, она подняла взгляд на Кармен, но не успела ответить - её перебила Эмили.  

— **АСЬ!?**

Госпожа вскочила с кресла и твёрдо, громко заявила:  

— НЕТ. Её НЕТ. Кого угодно, но не её.  

Она вздохнула, поправила пальто и добавила:  

— Вопросов нет. В целом всё ясно. А, и... Кармен, если нужен будет охранник, меня со счетов не списывай.

||<@&1496356201938813129>||","biok_ymer","1512118350183141607"
"05.06.2026 08:51:14","biok_ymer","#9440","Я про тебя забыл!

—Джозеф Смит—
|-----------------------------------------------------------------------------|
Вертясь взад вперёд, парень в итоге заскучал и склонив голову над девушкой, тот спросил:
|-----------------------------------------------------------------------------|

—Слушай, а что ты помнишь про свою семью?

|-----------------------------------------------------------------------------|","ktoia","1508157649043193877"
"05.06.2026 12:07:59","samin__","#2997","— Кармен Эшфолд —

Девушка вообще не поняла такой бурной реакции. Видимо госпожа что-то с кем-то не поделила, ну ладно, первое табу ясно, не принимать кого-то там из её мира, без проблем. Услышав о охране, девушка кивнула, идя к двери, говоря на последок:

— Без проблем. Тогда расходимся и пока что... да, пожалуй эта комната - наш штаб на какое-то время. Чтож, работаем

Договорив, девушка покинула СВОЮ ЖЕ КОМНАТУ, не успев ею насладиться, думая где же может быть Эвелин, когда она так нужна. Будет неплохо посоветоваться с ней, а быть может и завербовать в новый отдел пока слухи не разошлись. Хотя... а на сколько это вообще возможно?","ktoia","1512155399896436797"
"05.06.2026 18:19:39","ktoia","#6622","— Госпожа —  

Услышав утверждение, девушка успокоилась. Пусть Грэй пока не знает - в любом случае эта волчья шкура рано или поздно пронюхает, но не сразу. А значит, есть время отдохнуть и пощупать почву без неё. Волчица вышла из штаба вслед за Кармен, в каком-то смысле даже удовлетворённая разговором. Нет я уже говорил, ей не нравилось работать на кого-то - слишком плохие ассоциации с этим. Но что поделать? Терпеть, Элли, терпеть и делать то, что должна - набирать связи. Хм... Связь... Надо будет потом попросить у Кармен какой-нибудь телефон. Работник, который не на связи - плохой работник.  

Госпожа направилась в другую сторону, думая о том, чем бы сейчас заняться. Искать кого-то в команду? Мх... Принцесса - нет, Намби и Норф? Хмм... Для них пока рано, не хочется втягивать их в это. А значит... Госпожа гуляет, пока не встретит кого-нибудь интересного.  

*Заказ на одну Персону!*

||<@1405305963375759440> ||","biok_ymer; samin__","1512382468768927774"
"05.06.2026 23:15:57","biok_ymer","#9440","—???—
|-----------------------------------------------------------------------------|
И вот гуляя по просторным коридором девушка почувствовала некую лавку давления, словно кислород вокруг неё стал тяжелее, а дыхание ослабло. Непонимая что происходит та увидела возле себя странную персону, что смотря на девушку сказал:
|-----------------------------------------------------------------------------|

—Что-то потеряли, мисс?

|-----------------------------------------------------------------------------|","samin__","1512382468768927774"
"05.06.2026 23:27:29","biok_ymer","#9440","—???—
|-----------------------------------------------------------------------------|
И вот ходя по бесконечным и непонятным для Госпожи коридоров, она в итоге наткнулась на офисный отдел, где нашла красивый кабинет, в коем непренужденно рассеялась девушка, что увидив неизвестного пушистиков помохала рукой и как та зашла в кабинет та спросила:
|-----------------------------------------------------------------------------|

—Милачка уж больно у тебя классный костюм для офисного планктона, кем будешь~?

|-----------------------------------------------------------------------------|","ktoia","1512476001567772744"
"05.06.2026 23:35:34","samin__","#2997","— Кармен Эшфолд —

Девушка шла по коридорам, начиная уже ориентироваться и без карты, однако... заблудилась. Достав планшетик, та стала сверяться с картой, пока не почувствовала некое давящее чуство, как будто она зашла в общественный туалет и пытается вообще не дышать

Вдруг прозвучал мужской голос, от чего девушка слегка дёрнулась, подняв взгляд и увидев перед собой чёрную кляксу. Похлопав глазами, та приподняла планшет, включая фонарик. Ничего не изменилось. Выключила фонарик. Снова включила, повторила несколько раз и наконец приняла действительность

Вздохнув, девушка на выдохе ответила:

— Да... здравый смысл...

Помотав головой, та наконец собралась, отвечая уже нормально:

— Нет, мистер, всего лишь искала с кем можно поговорить

А точнее конкретного объектика","biok_ymer","1512550570093973504"
"06.06.2026 00:30:56","biok_ymer","#9440","—Эвелин—
|-----------------------------------------------------------------------------|
И вот зайдя в белоснежную комнату в коей стоял лишь один рабочий стол с двумя стульями, тот смог заметить на стуле сидит девчушка, что увидев парня помохала ему, говоря:
|-----------------------------------------------------------------------------|

—Приветик цветик! Присаживайся, поговорим~. Я Эвелин, рада познакомиться.

|-----------------------------------------------------------------------------|","pizza9832","1511777905003204773"
"06.06.2026 00:39:06","biok_ymer","#9440","—???—
|-----------------------------------------------------------------------------|
Мужчина поправив галстук чуть отошёл, говоря все также спокойно:
|-----------------------------------------------------------------------------|

—Что же, тогда простите за вторжение в личное пространство. Меня зовут Вильгельм, объект безопасного уровня, надеюсь, что не испортил вам впечатление о себе.

|-----------------------------------------------------------------------------|","samin__","1512555504428122397"
"06.06.2026 01:19:42","ktoia","#6622","— Госпожа —  

Госпожа уже подумала, что коридорам этого комплекса не будет конца. Она почти начала скучать, как вдруг взгляд упал на приоткрытую дверь, за которой были чьи то очертания. Офисный отдел. Не самое ожидаемое место для прогулки, но почему бы и нет? Нужно узнать предел нынешней дозволенности.

Она заглянула внутрь и увидела девушку. И она **определённо** не была офисным работником - видок, будто только что с званого ужина.  

Элиана переступила порог и уже хотела что-то сказать, как незнакомка опередила её с неожиданным вопросом про костюм.

Девушка приспустила очки чуть ниже, поразглядывала женщину и ответила:  

— А ты тоже хороша.

Сняла очки, положила их в карман пальто и добавила:  

— ""Гость"" из другого мира. Только и всего. А ты кем себя обозначишь?","biok_ymer","1512553471751098438"
"06.06.2026 01:36:52","biok_ymer","#9440","—???—
|-----------------------------------------------------------------------------|
Разлажившист на офисном кресле, та чуть потянулась, в после протянула:
|-----------------------------------------------------------------------------|

—Я местный спонсор, глава финансов можно сказать этого места, можешь звать меня Персоной, рада знакомству~.

|-----------------------------------------------------------------------------|","ktoia","1512581712452780264"
"06.06.2026 02:40:19","ktoia","#6622","— Госпожа —

Она скрестила руки на груди и прислонилась плечом к дверному косяку, не спеша проходить в глубь.

— Значит, крутишь здесь всем...

Окинула взглядом кабинет - дорогой, со вкусом, но без лишней помпезности... что-то в этом есть. 

— ""Персона""... Звучит загадочно. Как псевдоним для шпионки или... владелицы подпольного казино.

Она отлепилась от косяка и сделала пару шагов вглубь кабинета.

— Тогда я Госпожа. Приятно познакомиться~ /Пригляделась и мгновенно добавила/ Куришь?","biok_ymer","1512586032942551132"
"06.06.2026 05:52:56","biok_ymer","#9440","—Персона—
|-----------------------------------------------------------------------------|
Та лениво потянулась к шуфлятке стола, доставая оттуда древние на виду сигуру китайского происхождения протягивая и говоря:
|-----------------------------------------------------------------------------|

—А разве данный проект не считается подпольным, чтобы носить такое имя~? Хочешь искусить моих сигар?

|-----------------------------------------------------------------------------|","ktoia","1512601999554904165"
"06.06.2026 12:00:50","ktoia","#6622","— Госпожа —

— Подпольный проект? 

Элиана усмехнулась, за пару шажков подошла к Персоне принимая сигару и рассматривая её с лёгким интересом, паралельно отвечая:

— Что ж, возможно. Но ""Госпожу"" я пока что не намерена менять на что-то другое. В своём мире меня так называли. Будет по привычке.

Она аккуратно провела пальцем по сигаре, оценивая плотность скрутки и добавила, не глядя на Персону:

— Сигары я не часто вкушаю. Позволить себе могла, да. Но вот беда - под них нужен хороший случай. Мх. Да и пустая сигара - кощунство, весь вкус раскрывается только с терпким виски да с правильным настроением.

Удостоверяясь в правильности скрутки, вернула взгляд на собеседницу.

— Но, я слишком многого прошу~ С радостью приму вашу... Только.... Есть гильотина? Или ножнички?

Дожидаясь ответа от девушки Госпожа что уже стояла возле столика решила присесть, если там паралельно вообще стояло сидение.","biok_ymer","1512650471876198551"
"07.06.2026 21:12:21","pizza9832","#9089","__""Каин""_

*Мужчина зайдя внутрь немного удивился своему новому собеседнику, который на вид был достаточно молод, но после 5 секундах раздумий тот помахал ей рукой и сел на стул*

-Приветствую вас, я Каин для меня это тоже необычная встреча, что можно обозначить как хорошей.

*Каин постучал пальцем по каменному отростку, который закрывал один его глаз, а затем перевёл пальцы на повязку девочки*

-Есть тоже определённые проблемы со зрением.","biok_ymer","1512569437256028221"
"07.06.2026 21:23:13","samin__","#2997","— Кармен Эшфолд —

Девушка вновь осмотрела тëмный силуэт. Мда... всë странее и странее. Денëк сегодня и вправду необычный, даже по меркам этого места. Дыщать было всë ещë неприятно тяжело, находясь рядом с ""безопасным"" объектом

Услышав слова объекта, та выдохнула, отвечая тому:

— Хух... уж поверь впечатление мне испортить весьма сложно. Кхм... Кармен Эшфолд. Глава новоиспечëнного отдела

/Приподняла руку, указывая на Вильгельма/
— А вы **это** контролируете? Не сказать что я задыхаюсь, однако воздух уж больно тягучим стал","biok_ymer","1512571492771172432"
"08.06.2026 00:11:46","biok_ymer","#9440","—Вильгельм—
|-----------------------------------------------------------------------------|
Мужчина осознав о чем говорит девушка чуть сдал темную думку у своего лица, отчего воздух стал более нормальный, а сам поклонился говоря:
|-----------------------------------------------------------------------------|

—Прошу простить за эту оплошность, пока не привык к изменённой структуре тела. Рад с вами познакомиться мисс Эшфолд, надеюсь ваш отдел не занимается исследованием других миров, иначе нам придется с вами видеться весьма чаще и плотнее, все же я отвечаю за этот фрагмент исследования.

|-----------------------------------------------------------------------------|","samin__","1513246974827167937"
"08.06.2026 00:25:29","biok_ymer","#9440","—Эвелин—
|-----------------------------------------------------------------------------|
Девушка посмотря своим одним глазом на повязку хихикнула, а после переведя взгляд на мужчину сказала:
|-----------------------------------------------------------------------------|

—Одноглазые друзья выходит, хех? Хмм, ну по протоколу у нас должна произойти непренуждения беседа, где мы выясним что у тебя за мир такой, какие проблемы, какой промышленный год развития. Вообщем, расскажи, что у тебя в мире и мы как научное время быть можем сможем помочь в решении некоторых ваших проблем. Это все же обмен знаниями, а не простое принуждения, отчего считай это простой беседой.

|-----------------------------------------------------------------------------|","pizza9832","1513244239692038337"
"08.06.2026 00:41:42","biok_ymer","#9440","—Персона—
|-----------------------------------------------------------------------------|
Протянув из того же комода ножнички, а после положив ногу на ногу стала смотреть как девушка уселась на гостевое кресло, говоря:
|-----------------------------------------------------------------------------|

—Располагайся милая, так и чего такой ""работник"" блуждает так далеко от рабочего места?

|-----------------------------------------------------------------------------|","ktoia","1512743057026449408"
"08.06.2026 01:18:41","ktoia","#6622","— Госпожа —

Элиана взяла протянутую трубку и достав из кармана пальто изящную золотистую зажигалку, щёлкнула ею. Пламя лизнуло край чаши и она, сделав первую затяжку, выпустила тонкую струйку дыма в потолок. Прикрыв глаза от удовольствия, девушка тихо протянула:

— М-м... Хорошо-то как.

Она откинулась в кресле, держа трубку между пальцами и улыбнувшись краем губ, ответила:

— А блуждаю я... М-х.... Новая ""начальница"" велела осмотреться, познакомиться с местными ""активами"", так сказать.

Она сделала ещё одну затяжку.

— Вот я и ознакамливаюсь. Правда видимо не туда зашла... Слишком большие коридоры.

Она выпустила дым, внимательно глядя на Персону.

— А ты, значит, спонсор... Интересное ты место выбрала для финансирования. Поделишься зачем?","biok_ymer","1513296924336328895"
"08.06.2026 14:00:56","biok_ymer","#9440","—Персона—
|-----------------------------------------------------------------------------|
Сама же девушка взяла из стола курительную трубку, красивую такую, китайскую и дорогую на вид. Напичканы в неё курева, та попросив огонька подожгла кончик и сама стала прикуривать, после чего также откинувшись на кресле, стала отвечать:
|-----------------------------------------------------------------------------|

—Ммм интерес. Мне было интересно как Норман сделает свой амбициозный проект, а после увидев результат, мне стало интересна сама возможность использовать познания других миров, да и сущности из других измерений могут полезны в развитие нашего, отчего это выгодное вложение, в будущем использовании~. Отчего это и был расчет на будущее, в который никто особо и не верил.

|-----------------------------------------------------------------------------|","ktoia","1513306230385545277"
"08.06.2026 14:47:30","ktoia","#6622","— Госпожа —

Девушка выпустила дым через нос, задержала дыхание на секунду, а затем ответила:

— Значит, ставка на будущее? Хм... Звучит как оправдание для того, кто сам не уверен, что его вложения окупятся. Но...

Она откинулась в кресле.

— Но я тебя понимаю. Иногда самый интересный результат получается именно там, где никто ничего не ждёт.

Она сделала ещё одну затяжку и глядя на Персону сквозь дым, добавила:

— Только вот... эти ""сущности из других измерений"", не всегда благодарны за то, что их используют. Некоторые могут и огрызнуться. Хотя, ваша правда... вы достаточно хорошо их подавляете. Что-то уже получила из миров? Или будущее еще не настало?","biok_ymer","1513498056107229264"
"08.06.2026 20:03:00","pizza9832","#9089","__""Каин""__

*Мужчина протёр лицо рукой, а затем запрокинул голову начал сверлить потолок, пытаясь обмыслить данный вопрос. Ибо для него он был достаточно проблемным в некоторых моментах. Тот выдохнул и снова сел нормально смотря на девочку перед собой*

-Если я буду говорить прям все мне кажется, я здесь на долго застряну. Это сложно будет называть просто исторической справкой. Ладно, будет легче объяснить на себе. Я как видите не совсем человек в привычном понимании. Я ""клон"", а точнее гибрид с ещё одним видом разумных существ, которые живут на земле. Мы были созданы как наследники воли людей, пока ""Камено"" их всех не уничтожили....


*Каин слегка нахмурился отводя свою голову слегка в сторону будто по собственным костям сейчас топчется*

-По сути клоны не сильно отличаются от людей, только мы чуть выносливее и сильнее их. А также у нас вот такие очень красивые глаза.

*Каин ладонью провёл рядом со своим глазом, а потом положил руку себе на колено*","biok_ymer","1513292842263646280"
"09.06.2026 00:43:12","biok_ymer","#9440","—Эвелин—
|-----------------------------------------------------------------------------|
Девушка чуть охнула при упоминании уничтожения человечества, а после задумавшись взяла в руки ручку с письменным планшетом, что был на столе начиная записывать, говоря:
|-----------------------------------------------------------------------------|

—Значит ты заявляешь, что в вашем мире человечество кануло? Ох, как жаль, теперь понимаю твою реакцию на нас. А кто такой Камено? Быть может он до сих пор представляет для вас опасность? Пока я вижу постапокалипсис, что весьма грустно, однако я не понимаю создание клонов, какая ваша цель? Выжить, уничтожить Камено или восстановить человечество? Весьма обширный спектр возможностей выходит исходя из твоего рассказа и даже незнаю как подступиться в помощи.

/Завершив мысль та также перестала писать, переведя взгляд на парня, но продолжая держать ручку и планшет в руках./

|-----------------------------------------------------------------------------|","pizza9832","1513589177088872518"
"09.06.2026 08:22:53","pizza9832","#9089","__""Каин""__

*Мужчина подставил руку под подбородок, а его взгляд сузился слегка обысливая слова девочки, а после тот продолжил с лёгким раздражением*

-Все не так просто. Как кажется ""Камено"" это жители земли. Это гуманоидные существа. С достаточно развитым интеллектом. Самое удивительное это их лица, а точнее каменные образования закрывающие полностью глаза. Как у меня примерно только почти всю голову. Они способны манипулировать стихиями, через особый внутренний орган. Люди же прилетели из вне. Не знаю откуда, но тогда ""каменно"" были по уровню развития как племена. Однако жизнь между двумя разными видами не было суждено. Началась война, где ""камено"" одержали победу. Так началась эра перезапуска. Когда ""клоны"" только пробудились, а камено познавали технологии людей. Начали появляться города, цивилизация. Смесь технологий из другого мира, традиций племенных народов и потерянных наследников человечества.... Так я слишком улетел вперёд.

*Каин немного поправил воротник слегка расслабившись облокотился на стол упираясь руками*

-Думаю стоит немного подождать. Прежде чем продолжить историю.","biok_ymer","1513659690314371213"
"10.06.2026 01:12:33","samin__","#2997","— Кармен Эшфолд —

Как только дымка стала чуть прозрачнее, девушка почувствовала что может дышать. Не как обычно, но уже терпимо, от чего поправив очки, та подняла уже более жизнерадостные глазки на мужчину. Смекнув к чему все эти слова, та улыбнулась, отвечая:

— Звучало так, как будто вы не хотите меня более видеть

Сделав небольшую паузу, та тяжело выдохнула, смотря себе под ноги:

— Не обращайте внимания, просто для меня всë это в новинку. Ещë 46 часов назад я и не подозревала что в моëм мире существует нечто подобное, вот и осваиваюсь понемногу. Прошу, не берите это на свой счëт

Вновь подняв глазки, та принялась отвечать:

— Но в любом случае не думаю что мой отдел будет заниматься экспедициями. Скорее ""тыловая работа по изучению"". Вильгельм, а вы выходит руководите исследователями других миров?

Взгляд девушки не показывал не страха, ни отвращения, лишь интерес, что бился изо всех щелей. Она не знала на сколько необычна эта встреча. Всего лишь ещë один объект, встреченный ей в коридоре, не более","biok_ymer","1513289392268116251"
"12.06.2026 02:28:18","biok_ymer","#9440","—Вильгельм—
|-----------------------------------------------------------------------------|
Мужчина поправляя свой галстук выслушал девушку, а после виновата чуть опустил голову, говоря:
|-----------------------------------------------------------------------------|

—Прошу прощения, не хотел смутить своей реакцией. И да, вы правы, я руковожу отделом, что занимается изучением других миров, отчего и интересовался буду ли иметь с вами лестные связи или скорее простые беседы.

/Закончив тот вновь поднял голову, говоря:/
-Значит вы руководитель экспериментального отдела и с чем он связан?

|-----------------------------------------------------------------------------|","samin__","1514029463141220393"
"12.06.2026 02:32:12","biok_ymer","#9440","—Эвелин—
|-----------------------------------------------------------------------------|
Продолжая записывать весь рассказ парня, по окончанию его истории та чуть потянулась, а после сказала вновь переведя глаз на парня:
|-----------------------------------------------------------------------------|

—Какая запутанная история я погляжу. Выходит как такого зла и нет, попросту люди вымерли, понятно. Тогда незнаю с чем вам тут и помочь, но для начала я убедилась что вы идете на контакт и не агрессивны, отчего вас могут поместить в средний корпус, где за вами будут приглядываться, пока делают портал к вам на родину ммм, тогда вы можете позадавать и мне вопросы, чтобы это была честная делёжка информации.

/Сказав это та оставила  принадлежности на столе, скрестив руки вместе и смотря на собеседника./

|-----------------------------------------------------------------------------|","pizza9832","1513775373496750161"
"12.06.2026 20:40:45","pizza9832","#9089","__""Каин""__

*Каин лишь начал чесать свой затылок проходясь по чёрным волосам как по наждачке, а после с неким смирение выдыхает*

-""Проблемы скорее политические, нежели апокалиптичного характера. Кстати об этом, что вам так интересно вот помогать другим, я уверен, что это далеко не из самаритянских соображений. Мне будет спокойнее прибывать здесь, если буду хотя бы знать сколько здесь время и чем ваша организация занимается и для чего. Пожалуй это все вопросы, которые меня могут интересовать.","biok_ymer","1514774284659200120"
"13.06.2026 11:13:57","samin__","#2997","— Кармен Эшфолд —

Девушка выслушала собеседника, не понимая как объекту можно было доверить целый отдел. Учитывая что она уже смекнула, что к объектам в рядах сотрудников относятся как-то не очень, та удивилась, однако Норман ещё тот перец, от чего странностей в работе было не избежать. Да и подчинённые могут относится как угодно, учитывая что Норман имеет своё видение на всё что творится в его комплексе

Услышав вопрос, та отвела взгляд в сторону, понимая что пока что не может сказать ничего толкового:

— Как бы сказать... отдел состоящий преимущественно из объектов разных уровней. Скорее всего спектр деятельности у нас будет широкий, однако какой именно только предстоит выяснить, учитывая что ""сотрудников"" в данным момент мало. Занимаюсь вербовкой так сказать

Договорив, девушка улыбнулась, кивая сама себе, хотя её и немного занесло","biok_ymer","1514773303733260288"
"14.06.2026 07:20:21","biok_ymer","#9440","—Вильгельм—
|-----------------------------------------------------------------------------|
Выслушав ту, тот отчего-то даже оживился, чуть сдержанно поклонившись вперёд, сокращая дистанцию и говоря:
|-----------------------------------------------------------------------------|

—Если вы найдете кого интересного, буду рад послушать истории про него. Я тут мимолётно хотел бы коего найти, однако не думаю что их забросила сюда. Я ищу двух девочек одну зовёт Шарлотта, вторую Ава. Первая беловолосая кукла, вторая темноволосый ""ангел"". Они были в прошлом своего рода моими помощниками, но оказавшись здесь я потерял с ними контакт, отчего ваш экспериментальный отдел мог бы помочь в моих поисках.

/Договорив мужчина вновь ровно встал, уставившись куда-то в сторону, приговаривая:/
-Но и я без долгов не останусь и буду рад ответить как услугу за услугу, так и простыми ответами на интересующие вас темы, вы что-то хотели бы у меня узнать?

/После задания вопроса, тот перевел взгляд на девушку. Сложно было понять его мысли из-за отсутствия цельной мимики, однако он явно был настроен серьезно. Или он всегда таким был...?/

|-----------------------------------------------------------------------------|","samin__","1515267972929683516"
"14.06.2026 07:24:51","biok_ymer","#9440","—Эвелин—
|-----------------------------------------------------------------------------|
Выслушав вопросы парня, та стала шатать ногами взад вперёд, говоря:
|-----------------------------------------------------------------------------|

—Ох решил взглянуть в саму суть я погляжу. Прибывать вы тут будете весьма долго, ведь порталы это дела не быстрые, предпологаю минимум неделя уйдет. Занимается компания исследованием других миров для будущей эксплуатации для своего мира. Это как если бы человек помог обезьяне и взамен она бы стала давать свои бананы ему. А для чего, чтобы прыгнуть выше головы я пологаю? Я и сама не местная, но знаю что компания с столь разношорстными людьми без интересной цели бы вряд-ли собрались, отчего она наверняка есть, например там межпрастраный разлом какой, ну наверное. Я ответила на ваши вопросы?

/Сказав последний фразу, та перестала ласкать ногами, положив руки на стол./

|-----------------------------------------------------------------------------|","pizza9832","1515048226913255555"
"14.06.2026 07:30:54","biok_ymer","#9440","—Персона—
|-----------------------------------------------------------------------------|
Я про тебя снова забыл! Девушка лениво откинувшись на стуле слушала девушку, а после посмотря на потолок сказала:
|-----------------------------------------------------------------------------|

—Ставки всегда выглядит безумно, в глазах простых людей, но амбициозно в глазах знатоков. Это ставка ещё выстрелит, сейчас она пока выходит в ноль со всеми этими счетами.

/После посмотрев на девушку, та села ровно на стуле, указав железным пальчиком на ту, говоря:/
-А подавлять и не обязательно, ведь это как психология, в коей есть подход к каждому замку. И если кому-то нужно насилие, кому-то для сотрудничество достаточно хорошего отношения, разве я не права?

/Закончив мысль та улыбнулась, явно намекая на ситуацию что сейчас происходит с госпожой, а после скрестив руки под подбородком, та добавила:/
-А Госпожа не поделится от чего она так противиться идеи остаться тут? Неужто твои люди не смогут справиться без тебя? Мне кажется ты никогда и не думала о своем счастье дорогая, а ведь в твоём возрасте можно весьма сильно закутить! Или ты предпочитаешь получить морщинки пораньше?

|-----------------------------------------------------------------------------|","ktoia","1513509775512698910"
"14.06.2026 12:38:54","ktoia","#6622","— Госпожа —

Слова Персоны заставили Госпожу задуматься, но закатив глаза, девушка прислонилась к спинке кресла и ответила, уже глядя на собеседницу:

— Ты права. Без риска не бывает действительно больших побед. А что касается ""подавления""... Никто не против хорошего отношения. Но хорошее отношение не должно быть прикрытием для манипуляций. Увы, корысть чувствуется за километр.

Она сделала ещё одну затяжку, выпустила дым и продолжила, чуть прищурившись:

— Мои люди... они справятся. Но моё счастье - это когда они счастливы. А это возможно, только если я рядом. Не чтобы командовать, а чтобы быть уверенной: никто не поломается.

Она убрала ногу с ноги и чуть подалась вперёд, опираясь локтем о колено.

— Что до кутежа... ты не первая, кто мне это говорит. Отвечу, как отвечала другу: ""Успеется"". Сначала дела, потом - развлечения. А если и кутить, то **по крупному**, частично забывая кто ты есть и полностью отдаваясь моменту. Да и... это надо делать с кем-то, а не в одиночку. 

Госпожа откинулась обратно, глядя на Персону сквозь дым.

— Я хотела бы спокойной жизни. Честно. Я заслужила. Но спокойствие, это чёртова иллюзия. Хотя... может я просто и не пробовала.

— А ну. Раз ты такое начала, то... Хм. А как ты отдыхаешь? Проводишь досуг? Кутишь? Не прими за грубость, но ты похожа на специалиста в этом~. Может поменяешь мое виденье.","biok_ymer","1515574232128684062"
"15.06.2026 21:01:58","pizza9832","#9089","__""Каин""__

*Каин лишь внимательно слушал не отрывая взгляд от девочки лишь иногда моргал. Когда же дослушал тот лишь развалился на стуле в более расслабленную позу*

-Я просто ""клон"" очень проницательный. Так нужно когда у тебя достаточно тяжёлая работа. Вы своими стремлениями напоминаете людей из моего мира, но видимо у всех людей из всех миров это черта общая. Тяга в неизведанному и желание совершить невозможное. Не буду предполагать, что вы можете разделить судьбы моих создателей. Ибо это будет лишь предположение, которое не имеет смысла, но мой мир не самое лучшее место исследование. Если желаете узнать причину могу рассказать.

*Каин уже серьёзно облокотился на стол, а свет от лампы делает так чтобы тень мужчины слегка загораживало Эвелин*","biok_ymer","1515572707536666654"
"15.06.2026 22:32:32","biok_ymer","#9440","—Эвелин—
|-----------------------------------------------------------------------------|
Делая нервный бит по столу, та уставилась на парня, слушая его предположение, а после по-моему взгляд влево вправо, та вновь сфокусировала взгляд на собеседнике, сглаживая руки вместе:
|-----------------------------------------------------------------------------|

—Если ты думаешь, что мое мнение так важно для решений людей этого срока то ты сильно ошибаешься, однако выслушать причину я могу и передать, ведь житель мира знает поболее нашего. И что же остановит любопытных обьязнок с палкой тыкнуть ваш мир?

|-----------------------------------------------------------------------------|","pizza9832","1516140730559496242"
"16.06.2026 16:39:56","pizza9832","#9089","__""Каин""__

*Каин лишь скрестил пальцы, чтобы они образовывали замок, а затем голова начала опираться на них. Мужчина выдохнул обдумывая слова девушки*

-В целом остановить я навряд ли могу, но предупредить стоит. Сейчас на момент 3054-ого года. Идёт выборы нового правителя. Сейчас идет грязня всех со всеми, чтобы получить власть над всем. Представьте, что теперь из портала появятся существа, которые были уничтожены почти 200 лет назад и начнут лезть носом поперёк чужих планов и целей.
Боюсь прием при таких условиях может быть непредсказуемым.","biok_ymer","1516163523057549353"
"16.06.2026 17:03:15","samin__","#2997","— Кармен Эшфолд —

Девушка даже немного дёрнулась, когда нечто поплелось на неё. Да... придётся свыкнуться с новой ""РАБотой"". Удивлённая такой ""живости"" собеседника, девушка было напряглась, однако быстро сменила смятение на вдумчивость. Беловолосая кукла и темноволосый ангел. Странное сочетание... к этому тоже предстоит привыкнуть. Вроде как мужчина был серьёен и возможно даже взволнован. Сложно было сказать, однако по лицу Нормана тоже мало что можно понять... да и слова в его случае не помогают

Дослушав Вильгельма, та призадумалась, а после нахмурившись протяжно сказал:

— Ну... в целом у меня есть идея кто может их знать, однако... неужто у вас нет доступа к объектам? Честно говоря я удивлена, ведь... у меня он хотя и частичный, но ещё со стажировки

Странно говорить о ""стажировке"" что закончилась пару часов назад. Но тут точно что-то не то. Кармен, тебя втягивают в какую-то муть... и... А ПОЧЕМУ ТЕБЕ ЭТО НРАВИТСЯ?","biok_ymer","1515571576538665020"
"16.06.2026 17:09:08","biok_ymer","#9440","—Вильгельм—
|-----------------------------------------------------------------------------|
Мужчина чуть отступив положил руки за спину, говоря:
|-----------------------------------------------------------------------------|

—Хм, в чем-то вы правы. Доступ к меня имеется, но лишь для просмотра, общаться с объектами мне запрещено, отчего в этом мы с вами отличаемся. Да и сами посудите, если бы у всех отделов было одинаковые права, вряд-ли бы отделы как таковые функционировали.

/Сказав логичное, тот переглянулся с часами на руке, говоря:/
-Да и времени у меня на это бы вряд-ли хватило, отчего и попросил вашей помощи.

|-----------------------------------------------------------------------------|","samin__","1516443043207844172"
"16.06.2026 17:12:09","biok_ymer","#9440","—Эвелин—
|-----------------------------------------------------------------------------|
Выслушав верное замечание, та даже записала его на бумагу, дабы все же сказать об этом людям свыше, а после хлопнув в ладоши та довольная ухмыльнулась, вставая с места и говоря:
|-----------------------------------------------------------------------------|

—Предостережение было услышано. Я сообщу его работникам, а они уже и думать будут. А на этом я думаю эту долгую беседу можно закончить. На последок спрошу, какую комнату вы бы хотели у себя иметь? Мы постараемся сделать коныортнуе для вас условия со совсем необходимым для вашего досуга.

|-----------------------------------------------------------------------------|","pizza9832","1516437173140979822"
"16.06.2026 20:26:39","pizza9832","#9089","__""Каин""__

*Мужчина лишь начал чесать свой затылок поднимаясь из за стола слегка поправляя свою куртку*

-Хм, вспоминая где я обычно сплю. Место с кроватью, столом, стульями было бы достаточно. Я не люблю наглеть не в моих нравах это. Правда один вопрос задам если ли у вас тренировочная команда для поддержания физической формы. Не хочу расклеиваться понимаете.","biok_ymer","1516445280935874610"
"17.06.2026 13:23:03","samin__","#2997","— Кармен Эшфолд —

Да... тебя точно во что-то втягивают. Он не знает тут ли девушки, но при этом имеет доступ к базе данных. Странностей всё больше и больше. Да и не сказать что он сейчас спешит. Слишком странно... нужно найти этих объективов

— Чтож, как не помочь коллеге~. Есть идейки, но на счёт результата не уверена, так что не питай надежд, может они вообще не тут. А что до платы... /улыбнулась/ иметь в должниках главу исследователей порталов - уже хорошо, от чего пока что приберегу возможность попросить о помощи

> Тем более что я не знаю что мне сейчас нужно... но ему об этом знать не нужно, тем более что по объектам он ничего и не знает

Выдохнув, та слегка потянулась потирая плечико:

— Да уж... а часто тут у вас новичков главой отдела делают?","biok_ymer","1516444521670512775"
"18.06.2026 18:57:04","biok_ymer","#9440","—Вильгельм—
|-----------------------------------------------------------------------------|
Мужчина чуть усмехнувшись, спокойно ответил:
|-----------------------------------------------------------------------------|

—Нет, ты первая в своем роде, отчего я и захотел с вами встретиться. И не удивлен что вас выбрали, вы весьма амбициозны и не боитесь прыгать выше головы, что и нужно для этой фирмы.

-Что же, если у вас нет ко мне желания, тогда быть может я провожу вас? Куда вы держите путь?


|-----------------------------------------------------------------------------|","samin__","1516750016591429763"
"18.06.2026 19:01:14","biok_ymer","#9440","—Эвелин—
|-----------------------------------------------------------------------------|
Выслушав пожелания та показала знак ""👌"", после чего вышла из комнаты дожидаясь выхода того, закрывая за ним дверь. Как только она хотела что-то Сказать нарисовался Норман, отчего она замолкла протягивая ему блокнот и что-то шепча, а после помохав и улыбнувшись на последок пошла дальше по коридору, Норман же быстро пробежавшись глазами, закинул тот в корман пальто, говоря:
|-----------------------------------------------------------------------------|

—Что же, я вас провожу до вашего места прибывания~. Надеюсь беседа вас не разочаровала и удовлетворило ваше любопытство.

/Сказав это, тот стал вести мужчину по большим и долгим коридорам, напоминающей лабиринт. И как он в нём ориентировался?/

|-----------------------------------------------------------------------------|","pizza9832","1516494228069417000"
"18.06.2026 19:03:33","biok_ymer","#9440","Тебе сложно","ktoia","1515651739611562057"
"18.06.2026 21:39:47","samin__","#2997","— Кармен Эшфолд —

> Едва-ли время у него есть, ой в какую историю я впутываюсь. Ну и ладно, хуже уже не будет. Прямой тропинки к вершине не бывает так что это возможно и есть первая тропинка

Успокоив саму себя, та улыбнулась, говоря:

— Не вижу причин отказываться. Вообще я хотела заняться расширением штата. Скажем... собрать полезных объектов и... возможно найти охранника? Да, было бы славно

— Но для начала я бы попробовала найти Эмил... то есть переговорщицу. Она мого кого знает лично, а что вы думаешь по этому поводу ""старший коллега""?","biok_ymer","1517196462016958555"
"18.06.2026 22:17:01","pizza9832","#9089","__""Каин""__

*Каин же осматривался по этим лабиринтам следуя осторожно за своим спутником. В голове же Каина была достаточно простая мысль:""Как они запоминает подобные маршруты. Хм, но  причина зачем достаточно ясна, если кто то и сбежит с возможного места содержания то точно потеряет в этих лабиринтах не важно. Умное это создание или животное. А что если."" Каин втянул воздух и прикрыл свой глаз. Делая свои шаги более размеренными более тяжёлыми. Чувствуя как звук отражается от стенок. В эти моменты просто скорее ориентировался на звук, хоть и с трудом из-за надетой обуви*

-""Вполне познавательная беседа. Вы не сильно отличаетесь от тех людей из моего мира. Комплимент это или нет решать вам, разумеется. А вот скажите как вы ощущаете пространство в таких запутанных коридорах? Если это не тайна.""","biok_ymer","1517197510324519125"
"20.06.2026 10:26:43","biok_ymer","#9440","—Вильгельм—
|-----------------------------------------------------------------------------|
Слушая девушку тот принялся идти по коридорам вместе с девушкой, говоря:
|-----------------------------------------------------------------------------|

—Я слышал о том, что она работает с объектами являясь объектом, что было весьма интересно. Я думаю вы правы и она явно знает побольше о объектах нежели мы. Думаю сейчас она либо у доспросной, либо в саду среднего класса.

|-----------------------------------------------------------------------------|","samin__","1517237412076585041"
"20.06.2026 10:40:10","biok_ymer","#9440","—Эвелин—
|-----------------------------------------------------------------------------|
Гуляя без лишних промедленниц по лабиринту, та удручающе выдохнула, говоря:
|-----------------------------------------------------------------------------|

—Нас заставляют закатывать маршруты, как работников, отчего просто выучила потерн этого лабиринта, но к сожалению рассказать об этом не могу детальнее. Сейчас мы идём вместе, где живут гости такие как ты, да и я там живу, отчего путь помню весьма отчётливо.

|-----------------------------------------------------------------------------|","pizza9832","1517246779198935072"
"20.06.2026 21:50:37","samin__","#2997","— Кармен Эшфолд —

Девушка шла почти в припрыжку, понимая что сейчас и начнëтся еë глава как РУКОВОДИТЕЛЯ. К сожалению не комплекса, но такими темпами до этого осталось ждать пару дней...

— Ну знаете ли, у меня весь отдел этим заниматься будет на минуточку, так что скоро войдëт в норму. Ох... чуствую сложно будет сдерживать такую ""разномировую"" компашку...

Вспомнив что она сейяас говорит не с человеком, так нервно улыбнулась оборачиваясь на него:

— Ой то есть... хах, я не имела в виду ничего подобного. Просто вы так складно ведëте беседу, что я и позабыла что вы тоде не из нашего мира","biok_ymer","1517792804846309497"
"20.06.2026 21:52:12","pizza9832","#9089","__""Каин""__

*Мужчина приоткрыл глаза, снова обостряя свои чувства на одном видящем глазе, примерно чувствую как подобное место должно быть устроено, но больше тот радовался, что его силы в другом мире не покинули, но увы для более чётких тестов больно мало пространства от чего Каин воздержался от каких либо действий. Предпочитая идти с убранными руками в карманы брюк*

-""Проще говоря такие же гости из других миров, а вы тоже подобный гость или просто живёте там по долгу службы?""","biok_ymer","1517796188147945635"
"22.06.2026 16:10:01","biok_ymer","#9440","—Эвелин—
|-----------------------------------------------------------------------------|
Девушка положив руки за спину в разные стороны, игриво стала менять ногу на ногу говоря:
|-----------------------------------------------------------------------------|

—Все ""гости"" там прибывают, от безопасных до средних. Если бы ты сопротивлялся или создавал проблемы быть может попал бы в блок к опасным и там условия как в тюрьме, тут же свободный строй, где и столовая есть, душ, комнаты и красивый сад. Тренироваться я думаю ты сможешь в саду, некоторые гости предпочитают так и делать, однако если для тренировок нужно использовать силы или оружие, то тебе потребуется сопровождение.

/Договорив это они подошли к саду, заходя в который девушка проговорила:/
-А вот и сад средних объектов, добро пожаловать. Осталось только найти твою комнату хех.

|-----------------------------------------------------------------------------|","pizza9832","1517965311616225340"
"22.06.2026 16:10:04","biok_ymer","#9440","https://media.discordapp.net/attachments/1454862207845142640/1462760281360039936/task_01kfaxcxrvfrbsnshf8z01prsn_1768819210_img_0.webp?ex=6a3a642b&is=6a3912ab&hm=ca29fd44f9c7f0124002f15672002386dea34d5708dfa658d03c82deed32b808&=&format=webp&width=930&height=930","",""
"22.06.2026 16:13:31","biok_ymer","#9440","—Вильгельм—
|-----------------------------------------------------------------------------|
Парень ничуть не смутился её забывчивости, говоря:
|-----------------------------------------------------------------------------|

—Я и не особо отличаюсь от обычных людей, данную форму я обрёл в попытки сделать кое-что невозможное, отчего и вынужден иметь такой неприятный внешний вид. Ранее я был более человечен, я бы сравнил себя с симпоьичным юношей лет 35-ти на вид, однако сейчас по лицу и не скажешь, верно? Хех. Не переживайте, я предпочитаю общаться со всеми одинаково, отчего можете общаться со мной, как вам удобнее.

-А по поводу охраны я бы посоветовал вам время от времени использовать наших исследователей. Они по мимо исследования других миров неплохо так привыкли подовлять другие объекты, отчего сдержать и угомонить непослушных они легко смогут сделать.

|-----------------------------------------------------------------------------|","samin__","1517964912914202654"
"22.06.2026 19:30:13","biok_ymer","#9440","—Персона—
|-----------------------------------------------------------------------------|
Девушка думала думала, в итоге сделав затяжку и выпустив куб дыма, та проговорила:
|-----------------------------------------------------------------------------|

—Хмм я предпочитаю более ""эстетичные"" хобби чем просто выпить. К примеру я люблю сделать ставки разгоняя свой азарт или условно влаживать во что-то капитал и смотреть за развитием вложений, как за ульем муравьев~. Ну а ещё я люблю полежать к примеру в ване с бокалом вина, в этом есть что-то расслабляющее~. А тебе хммм я бы посоветовала попросту найти свою нотку, так сказать завести хобби. Жить работой может тебя и окончательно свалить~.

|-----------------------------------------------------------------------------|","ktoia","1515651739611562057"
"22.06.2026 19:40:24","pizza9832","#9089","__""Каин""__

*Каин почесал затылок, а потом на пальцы начал закручивать воздух в маленькую воронку, словно играясь, а после он узрел перед собой фундаментальных размеров сад, который поражал красотой смеси высоких технологий и построенных тропических условий, будто на курорте.
Однако больше всего Каин обратил внимание на гигантский купол через которое пробивался солнечный свет прям на его голову*

-Я бывал конечно в тропиках по долгу службы, но это что-то совершенно другое. Ха, я будто почтенный гость в этих для меня неизведанных землях.


*Затем Каин подошёл к краю бортиков и закричал будто освобождаясь от бремени и крик тут же отдаётся эхом по круглуму пространству. Ранее сдержанный мужчина, будто наконец-то расслабился и стал спокойнее и даже радостнее от своего положения*

-Прошу прощения не слишком ли громко, наверное я кого нибудь напугал случайно?","biok_ymer","1518603974184276029"
"22.06.2026 21:33:41","samin__","#2997","— Кармен Эшфолд —

Девушка слушала собеседника, думая что он хоть немного смутится такому сравнению, но похоже он уже привык. Расслабившись, та ответила с улыбкой на лице:

— ""Симпатичным юношей"" значит. Весьма неартистично говорить так о себе. Хах, хотя такая красивая девушка как я определённо вас понимает. Не скажу что ваша нынешняя внешность ""неприятная"", скорее просто непривычная для меня. Глаз определённо не чувствует дискомфорта смотря на вас, что не скажешь о моих лёгких...

— Но ладно... то есть можно попросить ""исследователей""? Это же ведь те, одного из которых я увидела в коридоре? В шлангах и доспехах? Если вы разрешите, с удовольствием воспользуюсь этой помощью!

Это мне? ЭТО МНЕ?!","biok_ymer","1518604855550414981"
"22.06.2026 23:01:35","ktoia","#6622","— Госпожа —  

Изредка постукивая ножкой по полу, девушка слушала собеседницу. Ничего сокровенного та не сказала, разве что про азартные игры... Ме... Госпоже там никогда не везло, поэтому она и не совалась в игорные дома и прочую лабуду. Там дела ведут и без неё те, кто в этом разбирается. Так себе увлечения - кроме как полежать в теплой водичке, ничего хорошего она для себя не позаимствовала. Хотя тут был только душ ну и ладно.

Отпрянув от спинки стула, девушка глубоко, всеми легкими затянулась и после выдоха сказала:

— Хобби, значит. Правда... здесь, если не разгружаться, жди беды.

Положив трубку на стол, она отодвинулась в кресле и встала.

— Ладно уж. Тебе наверно делами заняться надо. Раз не прогнала, то ещё сюда приду, как время будет.

Развернувшись, она потопала к выходу, бросив на прощание:

— Адьёс.

Благополучно покинув офисную зону, Элиана задумчиво пошла обратно, **выходя в сад**.","biok_ymer","1518654356952580178"
"22.06.2026 23:23:58","biok_ymer","#9440","—Грэй—
|-----------------------------------------------------------------------------|
И вот прекрасный, но в то же время закрытый сад приветствовал её, что радовал глаз, однако не долго походив на спину девушки кто-то накинулся опрокидывая её на травку, повернувшись та увидела девушку, что явно не делала видеть, что с долгим интересом обнюхивала ту, а после сказала:
|-----------------------------------------------------------------------------|

—От тебя пахнет другими женщинами! А ещё ты пыталась сбить запах сигарой? Где ты вообще её добыла? И как ты вообще из сада вышла!? Расскажи...

/Увидив Кармен и принюхавшись:/
-ВОТ ЕЁ ЗАПАХ Я ЧУЮ.

|-----------------------------------------------------------------------------|","ktoia","1518707549392863442"
"22.06.2026 23:29:20","biok_ymer","#9440","—Вильгельм—
|-----------------------------------------------------------------------------|
Мужчина вместе с девушкой в итоге добрались до сада среднего класса, гуляя по которому тот меланхолично смотрел в разные стороны, говоря:
|-----------------------------------------------------------------------------|

—Красиво же тут. Хм, а по поводу исследователей вы правы, они примерно в таком снаряжении и ходят. Я не против одолжить пару работяг, чтобы они помогли общему делу. Что же... Ох

/После того услышал комментарий Грэй, глянув на ту, а после продолжая путь будто ничего не было, говоря:/
-Все же тут и вправду своя атмосфера.

|-----------------------------------------------------------------------------|","samin__","1518685426699866164"
"22.06.2026 23:32:55","ktoia","#6622","— Госпожа —

Элиана успела только сделать пару шагов в сад, как на неё налетело что-то тёплое, тяжёлое и невероятно навязчивое. Она рухнула на траву и повернув голову, увидела над собой сияющую морду Грэй.

— А.. ты.

Она моргнула, пытаясь осознать происходящее. А после сразу рявкнула:

— Отвали, сучка! 

C размаху шлёпнув ладонью по носу волчицы.

— Тебе какое дело, где я была и что курила?!

Она попыталась оттолкнуть Грэй и встать.

||<@&1496356201938813129> ||","biok_ymer","1518713182175105126"
"22.06.2026 23:42:41","biok_ymer","#9440","—Эвелин—
|-----------------------------------------------------------------------------|
Чуть дернвушись от крика, та улыбнулась озадаченной улыбкой, говоря:
|-----------------------------------------------------------------------------|

—Да нет, все нормально. Тут бывают дела и похуже... Кхм, значит вам тут нравится? Рада что смогли угодить вам.

/После сказанного они спокойным шагом дошли до одной из комнат, открыв которую прошли внутрь, показывая просторы парню:/
-Ну как вам, соответствует?

|-----------------------------------------------------------------------------|","pizza9832","1518656918913024091"
"22.06.2026 23:42:49","biok_ymer","#9440","","",""
"23.06.2026 00:10:32","ktoia","#6622","— Элисон Кроуфорд —

Развернувшись на Джозефа девушка, призадумалась, и слегка разочаровавшись ответила:

— Про семью?... Была хорошей и теплой. Какой еще может быть нормальная семья? Я... 

Потерла лоб.

— Если подробности... подробности... ам..

Махнула рукой.

— Какие вообще могут быть подробности? И какая разница, ""семьи"" уже давно нет.","biok_ymer","1512332956486864906"
"23.06.2026 00:35:01","biok_ymer","#9440","—Джозеф Смит—
|-----------------------------------------------------------------------------|
Выслушав ту, тот в итоге отошёл к стенке, говоря:
|-----------------------------------------------------------------------------|

—Значит ""теплая"", коей уже ""нет"". Хм, ну по-сути ты права. Мама твоя была против работы над тобой, а вот отец хотел помочь любой ценной, отчего семейка в итоге и вправду развалилась. Да и...

/Не успев договорить стенка возле девушки затрещала и раздвинулись, откуда вышел Джонатан, при виде которого Джозеф ухмыльнулся, а тот чуть хмыкнув молча поднял девушку за шиворот и вырез из комнаты, закрывая дверь, после чего поставил на ноги, говоря:/
-Ну как, успокоилась?

|-----------------------------------------------------------------------------|","ktoia","1518724900263694336"
"23.06.2026 13:07:34","ktoia","#6622","— Элисон Кроуфорд —

Девушка снова хотела начать выяснять отношения: сказать, что это неправда, откуда он вообще это знает и хватит об этом говорить - стоп ей неприятно и бла-бла. Но бла-бла не успело начаться - она отшатнулась от открывающейся стены и тут же каким-то неведомым образом оказалась поднятой над землёй и перемещённой из камеры.

Она неумело попыталась вырваться из захвата, но не получилось и она хмуро подождала, пока её отпустят.

Повернувшись к отцу, Элисон с разочарованием уставилась на него и не в силах долго держать его в поле зрения, отвела взгляд. Скрестив руки, чтобы опять чего нибудь не выкинуть, она сказала:

— Ну конечно! Успокоилась! Так успокоилась, что... Тс... Мхм... Почему... Ты...

Она сжала кулаки, пытаясь подобрать слова.","biok_ymer","1518731061620637820"
"23.06.2026 13:12:17","biok_ymer","#9440","—Джонатан Кроуфорд—
|-----------------------------------------------------------------------------|
Мужчина чуть нерешительно покосился из стороны в сторону, а после сев на колено перед девушкой сказал:
|-----------------------------------------------------------------------------|

—Ну говори что на душе, может смогу ответить. Надо наверстыыать упущенное время... Обье...дочь. Как непривычно. Ну так что ты хочешь уточнить?

|-----------------------------------------------------------------------------|","ktoia","1518920444571291679"
"23.06.2026 13:17:19","samin__","#2997","— Кармен Эшфолд —

Идя дальше, девушка удивилась на сколько просто ей дали добро на использование ""силы подавления"". Будь она хотя бы на каплю амбициознее, власть уже бы начала вскруживать ей голову, однако благо она всё ещё держала себя в руках, от чего готовая блистать от радости и благодарность, та уже вобрала воздух, однако возглас в её сторону выбил её из колеи. Повернув голову в бок, та похлопала глазами смотря на КАРТИНУ МАСЛОМ

Выпав из реальности, та слушала слова Вильгельма, но изо рта вышло только тихое:

— Это... мой сотрудник там...

Всё-же решившись остановиться. та покачала головой приходя в себя, а после собравшись с духом решилась крикнуть:

— ГОСПОЖА, ВСЁ ХОРОШО?

> Не хотелось бы смущать подчинённую ещё больше, однако пройти мимо просто так Кармен не могла. Повадки зверинца та не знала, так что... может они просто играются?

||<@815329322881646622> <@1405305963375759440> пост был РАЗА В 2 БОЛЬШЕ, НО Я ЕГО СУКА СНЁС, ТАК ЧТО ВОССТАНОВИЛ ЧТО СМОГ||","biok_ymer; ktoia",""
"23.06.2026 13:32:15","ktoia","#6622","— Элисон Кроуфорд —

Элисон смотрела на отца, опустившегося перед ней на колено и чувствовала, как внутри всё сжимается. Слова застревали в горле, а кулаки сжимались так сильно, что ногти впивались в ладони. Она сделала глубокий вдох, пытаясь унять дрожь и заговорила:

— Ты говоришь, что хочешь навёрстывать упущенное. **Но как**?!? Как ты собираешься это делать, если всё, что я помню и думаю о тебе это боль, разлука и неимоверно огромное разочарование...

Она на мгновение замолчала, сглатывая ком в горле.

— Я не знаю, кто ты теперь. И не знаю, можно ли тебе верить. Скажи... Скажи мне одну вещь. Прямо сейчас. 

Элисон подняла на него взгляд.

— Почему ты не пришёл раньше?! Почему ты оставил меня там?! Мне плевать на что пытался меня навести этот псих, я хочу услышать это от тебя!","biok_ymer","1518921631538483260"
"23.06.2026 16:20:49","biok_ymer","#9440","—Джонатан Кроуфорд—
|-----------------------------------------------------------------------------|
Мужчина не дрогнув выслушал напор эмоций девушки, а после выдохнув, сказал:
|-----------------------------------------------------------------------------|

—Джозеф просто хотел тебя подготовить к этому разговору, а я решил, что человека со стороны ты выслушаешь желательнее чем меня, вот я и рискнул в этом действии... Ты хочешь знать причину? Правду? Я не думаю что ты пока готова к тому, ведь твой разум все ещё считай детский и я не хотел его нагружать больше нужного, но еслито твое желание...

/Мужчина опустив голову чуть задумался, а после посмотря на девушку, сказал:/
-Ты была больна и должны была умереть в возрасте 8-ми лет. Я был против того, чтобы смотреть на кончину своего ребенка, отчего и решил ухватиться за возможность тебя спасти, хоть и ценой твоей комы и моей ненависти. Твоя мать была против этого, отчего она осталась не у дел. Считала что лучше дать тебе счастливую смерть, чем пытаться спасти... Что же, на этом наши пути разошлись и сейчас я достиг нужного результата, ты адаптировалась к своей регенирации, что была сделана при расширении нейронов в твоём мозгу и теперь ты излечена и я не обязан более играть роль злодея. Так...кхм... Ты простишь меня...?

/Мужчина отчего стал жевать глаза, явно незная, как дальше продолжить разговор, отведя взгляд в сторону./

|-----------------------------------------------------------------------------|","ktoia","1518926657618972762"
"23.06.2026 16:25:19","biok_ymer","#9440","—Вильгельм/Грэй—
|-----------------------------------------------------------------------------|
Услышав слова Кармен тот остановился, а после посмотрев на парочку девушек вместе с Кармен подошёл к ним, где встал чуть в стороне, наблюдая и не вмешиваясь. А вот волчица напротив сильнее напряглась с пришествием Кармен и с силой вцепилась в госпожу, недовольно говоря:
<@&1496356968649064560> .
|-----------------------------------------------------------------------------|

—Почему ты не отвечаешь мне и почему халат беспокоится за тебя? Какие у вас отношения? Я могу её убить, если она пристала к тебе. Тебя надо помыть от запаха других, может мне тебя вылезать?

|-----------------------------------------------------------------------------|","samin__","1518922899673714728"
"23.06.2026 19:32:32","ktoia","#6622","— Госпожа —  

> Может голову свернуть, может голову свернуть, а может глаза выдавить. Досталаааа....

Услышав голос Кармен, Госпожа удивлённо повернула голову, но ещё больше она удивилась, когда психопатка открыла рот и из него полилось всякое. Дура ли она? Спрашивать не надо, но за такие слова и зубов можно лишиться. А тут ещё и схватила...  

Решив, что этой сучке надо перекрыть рот, вместо того чтобы вырываться, Госпожа напрягла ногу, дернулась вбок, перекатилась так, чтобы Грэй оказалась снизу, а она сверху и засунула свое предплечье в её неугомонный рот. Повернув голову к Кармен, она сказала:  

— ДА! В ПОЛНОМ ПОРЯДКЕ. Эту не слушай. Что-то нужно?  

> ПОЖАЛУЙСТА, только не кусайся. Только попробуй меня укусить... я тебя тогда...

||<@&1496356201938813129> ||","biok_ymer","1518970209803829268"
"23.06.2026 19:56:31","samin__","#2997","— Кармен Эшфолд —

Услышав откровенную угрозу в свою сторону девушка напряглась... э-э-э... в смысле?! За что?! В момент пока Кармен прибывала в стане от услышанного, бегая глазами по сторонам, Госпожа уже сделала свой ход, перевернув ситуацию на 180°

Смотря на всю эту ситуацию со стороны, девушка подумала:

> Ну... что?! А? Так Кармен, посмотри на ситуацию со стороны. Это **точно** тот самый объект, про которого говорила Эмили. И... госпожа не хочет еë видеть, но эта ситуация... ТАК повадки зверей сохранились, а значит что? Значит у них ""стая"" и наверное я в неë вторгаюсь. Ладно, лучше их оставить, пусть играются

Сделав свои выводы, девушка лишь натянуто улыбнулась, продолжая путь:

— Да нет, просто мимо проходила и увидела... КХМ! Не важно. Новости у меня есть, но расскажу о них на планëрке, собираемся вечером. Развлекайся!

Договорив, та ускорила шаг, делая вывод: ""В сад без сопровождения она больше не ходит""","ktoia","1519017326328938556"
"23.06.2026 20:07:07","pizza9832","#9089","__""Каин""__

*Мужчина почёсывает затылок при этом посмотрев на девушку с лёгкой теплотой улыбкой*

-Хм я не критик, что бы вы мне тут в чём то угождали, но скорее нравится отсутствие предвзятости к моей персоне.

*Каин пройдя в стерильное помещение такой серое прям как его одежда заставило его немного прийти в себя напоминая, что это не курорт. Однако только лишь постучал по столу будто пытаясь услышать звон металла*

-Комната как комната не больше не меньше, кричать уже не буду. Думаю поспать поесть будет вполне достаточно.","biok_ymer","1518717888771395757"
"24.06.2026 11:07:36","biok_ymer","#9440","—Вильгельм/Грэй—
|-----------------------------------------------------------------------------|
Мужчина услышав и увидив намерения Кармен уйти последовал её примеру, следуя за ней. А вот Грэй не сильно сопротивлялась действиям госпожи и даже немного обрадовалась когда разлучница ушла, лишь чуть облизывая её предплечье.
<@&1496356968649064560> .
|-----------------------------------------------------------------------------|","samin__","1519023362935099566"
"24.06.2026 11:22:45","biok_ymer","#9440","—Эвелин—
|-----------------------------------------------------------------------------|
Немного удивившись сдержаным вкусам парня, та встала у двери, спрашивая:
|-----------------------------------------------------------------------------|

—Может вам тогда показать где столовая? Раз уж вы голодны, там смогут помочь с этой проблемой.

|-----------------------------------------------------------------------------|","pizza9832","1519026027852988496"
"24.06.2026 14:50:07","ktoia","#6622","— Госпожа —

И так Кармен ушла. Славно. Тут Элиана почувствовала влажное прикосновение к своему предплечью и на мгновение застыла, пытаясь осознать, что происходит. А когда до неё дошло, она отдёрнула руку, будто обожглась, и села на Грэй верхом, глядя на неё с отвращением и недоумением.

С ноткой омерзения в голосе девушка глядя на волка сказала:

— Фу блин. Лучше бы покусала...

Она стала тереть рукой по предплечью, пытаясь стереть с себя это.

— Что за детский сад устроила, ты хоть за свои действия отвечаешь?

Элиана продолжает сидеть на Грэй.","biok_ymer","1519252643472478228"
"24.06.2026 15:07:13","biok_ymer","#9440","—Грэй—
|-----------------------------------------------------------------------------|
Девушка не сильно сопротивлялась такому положению, даже отчего-то попрочтному извивалась от такого положение, однако услышав вопрос все же более серьезно ответила:
|-----------------------------------------------------------------------------|

—Конечно отвечаю. Я же беспокоилась, что единственная моя связь с моим миром могла сгинуть где-то в недрах этих коридоров, оставляя меня вновь одну и без надежды на завтрашний день! Да и... Я и правда переживала за тебя! Вот, а ты вот так злобно со мной... Мы можем и было врагами, но сейчас же коллеги по несчастью! К чему вся эта вражда?

|-----------------------------------------------------------------------------|","ktoia","1519308642405449861"
"24.06.2026 16:46:16","ktoia","#6622","— Госпожа —

Её рука, всё ещё трущая предплечье, остановилась и она посмотрела на волчицу с новым выражением лица - смесью недоверия и лёгкого смущения.

— Переживала?

Нахмурилась.

— Ты?..

Элиана вздохнула, провела рукой по волосам и наконец слезла с волчицы, садясь рядом на траву.

— Ты просто... ну, не знаю... издеваешься. Или пытаешься с ума свести.

Она покосилась на Грэй, пытаясь понять, серьёзно ли та говорит или опять играет.

— Ты ведёшь себя как... как бешеная дворняжка, честное слово... Я уже соглашалась что мы **сейчас** не враги, но твои переживания только палки в колеса вставляют. Бесишь...","biok_ymer","1519312945241264278"
"24.06.2026 17:14:17","biok_ymer","#9440","—Грэй—
|-----------------------------------------------------------------------------|
Девушка даже немного грустно вздохнула, когда с неё встала госпожа, однако воспользовавшись свободой села спокойно, чуть помотал головой, а после говоря:
|-----------------------------------------------------------------------------|

—А ну да, мы же как никак в одной лодке и если потопят тебя, то и меня тоже, разве не логично? Да и вообще, тебя весь день не было! Я даже сама начала по другим людям ходить, а они говорят мол, ты ушла из сада с ублюдком Норманом. Я думала тебя уже раскусили и порешать собрались, всем для примера, а там затишье... Что у тебя там было?

|-----------------------------------------------------------------------------|","ktoia","1519337870546960584"
"24.06.2026 17:59:57","ktoia","#6622","— Госпожа —

— Не раскусили... не дождёшься. 

Опёрлась руками об травку начиная поглаживать ту.

— ""Напрягли меня"". Скажем я теперь работаю с этими халатами, в новом отделе. Выбора как такового не предаставлялось, так что пришлоись согласится. Та девушка на которую ты зубы скалила, это мой ""начальник"".

Между делом усмехнулась, а после подняла руку и потерла рот, добавляя:

— Аж. самой смешно... Мх. Потом встретилась с другой странной личностью, а после... А после ТЫ на меня напрыгнула! блеск... пф... А чем тебя то Норман раздражает?","biok_ymer","1519344924045082766"
"24.06.2026 18:12:31","pizza9832","#9089","__""Каин""__

*Мужчина потянулся слегка разминая свою спину и плечи с легким будто жалобным стоном, а после выпрямился и подошёл к выходу из комнаты ибо рассматривать там было по его мнению нечего*

-Благодарю вы правда не обязаны мне помогать. Откуда такая заинтересованность или это тоже часть работы?","biok_ymer","1519256457525203004"
"24.06.2026 20:58:02","samin__","#2997","— Кармен Эшфолд —

Девушка шла дальше со взглядом в 1.000 ярдов, не зная о чëм и думать. Она думала что уже привыкла к странностям этого места, да вот только комплекс каждый раз показывает ей что это вообще не так и у него ещë есть тузы в рукаве!

Идя дальше, та повернулась на Вильгельма, говоря тому:

— Мда... прошу прощения за **такой** казус. Возможно мне и правда нужно теперь ходить с охраной... мда... какая же морока...

|| Я хз что дальше разгонять с ним ||","biok_ymer","1519252643472478228"
"24.06.2026 21:30:16","biok_ymer","#9440","—Эвелин/Вильгельм—
|-----------------------------------------------------------------------------|
Выйдя вместе с парнем обратно в сад, девушка стала вести того в сад, попутно хихикнула в ответе:
|-----------------------------------------------------------------------------|

—Часть работы и личное знакомство. Никогда незнаешь, когда помощь одному человек не поможет мне в будущем хехе.

/Девушка хотела только начать новую тему, как показалось на курсе Вильгельм с <@&1496356201938813129> , коих заприметив девушка улыбнулась махая девушке, а заприметив парня чуть скривила лицо, однако быстро надела желавшую улыбку. Мужчина же приметив эту картину лишь ухмыльнулся, говоря:/
-А вот и твой переговорщик. Только мне кажется он не совсем один.

|-----------------------------------------------------------------------------|","pizza9832","1519359576217227404"
"24.06.2026 22:34:16","biok_ymer","#9440","—Грэй—
|-----------------------------------------------------------------------------|
Волчица стала понемногу успокаиваться, слушая свою ненаглядную, а после и вовсе расслаблено села веляя хвостом, говоря:
|-----------------------------------------------------------------------------|

—А, так у тебя теперь есть крыша? Замечательно! А можно с вами? Ато меня и тут не желают и работники побаиваются. А насчёт Нормана... Ну у него лицо типичного ""яумный"". Стоит что-то за спинами мутит и делает, уверен это он и создал это подразделения ради чего-то высшего, а на самом деле потехи ради, я права? Вообщем, неприятный он тип. По крайней мере, ведёт себя именно так.

|-----------------------------------------------------------------------------|","",""
"25.06.2026 12:18:13","ktoia","#6622","— Госпожа —

Отрицательно покачала головой и твердо сказала:

— НЕТ.

Прочистила горло продолжая.

— Кхм. Что до Нормана. Психопат, я таких за версту чую. Причем психопат в самом плохом исполнении ждать от него можно что угодно. Хотя... тут от всех можно ждать чего угодно.","biok_ymer","1519425449971810514"
"25.06.2026 18:54:05","biok_ymer","#9440","—Грэй—
|-----------------------------------------------------------------------------|
Девушка с непониманием наклонила в голову в бок, говоря;
|-----------------------------------------------------------------------------|

—Почему нет...? Я хочу также что-то делать, а не сидеть без дела.

|-----------------------------------------------------------------------------|","ktoia","1519632800461094964"
"25.06.2026 18:55:18","biok_ymer","#9440","https://tenor.com/view/lappland-arknights-gif-7967693083417702088","",""
"25.06.2026 22:06:41","ktoia","#6622","— Госпожа —

Ожидая подобный вопрос девушка вздохнула, повернулась туловищем к Грэй, поддалась чуть-чуть вперед и сказала:

— А... Скууучно тебе будет? Ну и славно! Мне то какое дело? Сказала нет, значит нет.

Наклонила головку в бок.

— Убеди меня.","biok_ymer","1519732426383953931"
"26.06.2026 00:42:59","biok_ymer","#9440","—Грэй—
|-----------------------------------------------------------------------------|
Девушка сев ровно повертелась по сторонам, а после задумчиво сказала:
|-----------------------------------------------------------------------------|

—Как минимум моя воля посильнее будет твоей, отчего в бою я уж точно пригожусь. Да и я всё ещё напомню, что мы единственные можем друг другу доверять, ведь у нас общий мир, остальные же никогда не поймут нашего мировоззрения. Да и учитывай то, что я могу действовать как твой помощник, недели отдельная единица, отчего буквально буду слушаться тебя иначе вылечу оттуда, разве нет? Ну и как бонус моя любовь будет способна показать тебя более разумной по сравнению со мной~!

|-----------------------------------------------------------------------------|","ktoia","1519780892833353848"
"26.06.2026 02:09:21","ktoia","#6622","— Госпожа —

Внимательно выслушав Грэй, девушка хмыкнула и перестав смотреть на неё, грохнулась спиной на траву.

— Говоришь так, будто я во всём хуже тебя.. Мх... Тс... Я тоже не понимаю тебя и твоего мировоззрения - будто бы его вообще нету.

Она положила руку под голову и продолжила:

— Твоя правда. Против меня ты сейчас не ""играешь"", хотя бесить от этого не перестаёшь.

Она развернулась на бок и подняв свободную руку, дёрнула Грэй за хвост.

— Я тебе же говорила - не называй меня ""любовью""~","biok_ymer","1519820227393748992"
"26.06.2026 06:50:50","biok_ymer","#9440","—Грэй—
|-----------------------------------------------------------------------------|
Девушка недовольно дернулась, но все же не держав сильную обиду попросту спрятала хвост в свои руки, говоря:
|-----------------------------------------------------------------------------|

—Я и не называла! Я же помню про договоренность... А и я говорила с тобой уже на серьезные темы, я думала ты уже поняла мой тип мышления, неужто меня столь сложно прочитать? Я польщена~. А вообще я не вижу проблем меня взять под своё управления или ты настолько сильно мне не доверяешь, что готова неизвестным отдать доверия, по сравнения с той, с кем ты так часто виделась, хоть и не с радостной ноткой? Бууу, может мне тогда стоило не поддерживать тебя, а говорить что у тебя все будет плохо? Неужто тебе так хочется чтобы я была с тобой груба?

/Девушка недовольно фыркнула, упав на траву и повернувшись в сторону от госпожи, говоря:/
-Знаешь ли, нагрубить человеку легко, а вот извиниться не каждому дано, но тебе этого явно не понять, ведь все переговоры были на твоей правой руке, а ты же попросту выступала лицом, так ведь?

/Карикатурно меняя голос пародируя госпожу и неизвестную девушку:/
-""Ой смотрите какая я сильная, идите за мной!"".
-""У нас нету еды и дети умирают от хвори"",
-""ну а я чё, я сильная, Идите за мной!"".

/Перестав корчить голос:/
-Пфф, бред. Ты хотя бы лозунги бы меняла ей богу.

/Изрядно недовольно волчица явно забыла о своей цели вступить с госпожой вместе на службу, решая переключиться на несвойственное поведения обижинки. И вот непонятно что она пыталась этим сделать Толи выбесить госпожу окончательно, Толи вернуть её в детское ребячество?/

|-----------------------------------------------------------------------------|","ktoia","1519841963321589810"
"26.06.2026 07:36:41","ktoia","#6622","— Госпожа —

Элиана сначала хотела перебить - открыла рот, набрала воздуха, но слова Грэй заставили её притихнуть. Когда та начала пародировать её, Элиана прищурилась, а потом, когда прозвучало про лозунги, она фыркнула, от того что ее прямо сейчас не хило так подзадели.

— Ах ты..

Она быстро приподнялась и сблизившись с волчицей, прикрыла ей рот ладонью, она тихо, но с нажимом сказала:

— Ничего такого не было....

Она замолчала, чувствуя под пальцами тёплое дыхание Грэй и продолжила уже спокойнее:

— Ты не была там. Ты не знаешь, что я говорила и как. И вообще, ты не понимаешь, о чём говоришь.

Ещё чуть-чуть приблизилась, становясь слегка громче.

— ДА! Ты права, может быть я и не могу вести переговоры как он и не такая умная, прости. Увы не уродилась такой.

Ещё приблизилась, прикрывая глаза.

— А с тобой я себя так веду потому что ХОЧУ почувствовать удовлетворение! Знаешь, мне вот нравится смотреть когда ТЫ дуешься. Или может я просто хочу чтобы меня просто напросто поуговаривали, с самого начала этого диалога хотела этого... а не чтобы меня тыкали носом в мои проблемы и так глупо выводили! Спасибо и сама их знаю.

Ладно, видимо Элиану достаточно сильно задели слова Грэй. Какая там суть разговора была? Кхм. Не важно тут две обижульки.","biok_ymer","1519912801118716045"
"26.06.2026 12:23:25","pizza9832","#9089","__""Каин""__

*Каин лишь с лёгкой ухмылкой посмотрел на замечание девушки не особо думая о всяких своих проблемах. Продолжая двигаться вперёд*

-Хм, а что если в своё мире я какой нибудь там маньяк и жестокий тиран. Хотя может в вашем комплексе есть существа и по хуже.

*Затем мужчина резко остановился осматривая Вильгельма и <@&1496356201938813129> внимательно смотря на их глаза*

-Хм, здравствуйте.","biok_ymer","1519409341164163082"
"26.06.2026 15:10:34","ktoia","#6622",".","biok_ymer","1518969077601796259"
"26.06.2026 15:27:14","samin__","#2997","— Кармен Эшфолд —

Заприметив Эвелин, девушка помахала в ответ, понимая что скрываться... нет особого смысла, она и так будет фриком среди руководителей отделов, так что выделывать из себя ""нормальную"", та не хотела. Поравнявшись с парочкой, та осмотрела странного парня, однако поняв что у неё сопровождение более странное решилась ответить:

— Здраствуйте! Эвелин, я как раз тебя искала по одному делу! Только вот... смотрю вы заняты? Мешаю?

||<@1405305963375759440> ||","biok_ymer; pizza9832","1519996499373588661"
"26.06.2026 18:28:15","biok_ymer","#9440","—Эвелин/Вильгельм—
|-----------------------------------------------------------------------------|
Мужчина не встречал в беседу, предпочитая молча и холодно осматривать Кайна вместе, а вот девушка более жизнерадостно ответила:
<@432206718848729089> и <@&1496356201938813129> .
|-----------------------------------------------------------------------------|

—Да вот новеньком у маньяку показываю что где находится, считай свежая кровушка в нашем месте. Он хоть и выглядит грозно, весьма приятный собеседник. А по какому делу нужна? Я тут по сути почти закончила, просто показываю просторы.

|-----------------------------------------------------------------------------|","pizza9832; samin__","1520042757358485635"
"26.06.2026 18:38:48","biok_ymer","#9440","—Грэй—
|-----------------------------------------------------------------------------|
Смотря за нарастающей угрозой ввиде близости к поцелую девушка даже прикрыла глаза, однако услышав вновь порицание и опроадание та недовольно уставилась на девушку, а после чуть отранившись от руки, сказала:
|-----------------------------------------------------------------------------|

—Ммм, значит ты хотела меня побесить? Что же, у тебя вышло, довольна? Я же с самого начала тебе сказала, что я уже почти отчаялась найти отсюда выход и ты за день своего пребывания продвинулась намного дальше чем я за все время и при этом не считаешь это чем-то удивительным? Я...я думаю в данный момент я завидую тебе. Быть может я и хпризматичнее и более подкованна в некоторых вопросах однако, в отличии от тебя я никогда не довожу дела до конца...

/Девушка чуть опустила ушки, а также уставилась в сторону, говоря:/
-Да и я понимаю, что ты и без меня справишься, отчего мне становится более дурно... По сути я сейчас наблюдаю за поездом, что и без машиниста вполне себе протопчет себе путь...

|-----------------------------------------------------------------------------|","ktoia","1519924340362313930"
"26.06.2026 20:37:28","pizza9832","#9089","__""Каин""__

*Мужчина лишь слегка поклонился смотря на новые незнакомые лица, а потом слегка цокнул от шутки Эвелин, а потом сказал следующее*

-Эй, я это сказал для разрядки обстановки, а не потому что я реально такой, что за подстава. Будто нож в спину всадили.


*Затем взгляд снова вернулся к Вельшельму и <@&1496356201938813129> *

-Мое имя Каин, может так ко мне обращаться. А что вы ожидали долгую тираду о том кто я такой?","biok_ymer","1520088313317429480"
"27.06.2026 10:48:25","ktoia","#6622","— Госпожа —

Госпожа не меняла положения, слушая Грэй. Её глаза смотрели на волчицу, пока та не отвернулась. Она выждала, пока та закончит, затем чуть подавшись вперёд, заглянула ей в лицо и тихо ухмыльнулась.

— Правда побесила? У меня получилось...

Она ещё несколько секунд смотрела на Грэй, затем положила свободную руку ей на голову и продолжила:

— Зависть, значит. Хорошо, я тебя услышала и... допустим примйу тебя. **Но** при одном условии. Ты сейчас скажешь, что тебя ещё бесит и я это сделаю.

Пальцы слегка стали перебирать волосы Грэй.

— Что тебя еще изводит?","biok_ymer","1520090965535359057"
"27.06.2026 11:30:33","samin__","#2997","— Кармен Эшфолд —

Странный парень... очень... но вроде открестился от того что маньяк, так что уже лучше чем половина здешних, что не спорили бы с таким утверждением. Девушка лишь чуть промедлила, перед тем как ответить:

— Приятно познакомиться Каин, меня зовут Кармен Эшфолд, можно просто Кармен. Я здешний работник, а с недавнего времени глава нового отдела ""потусторонних""! Ну... по ту сторону типа... ну... вы поняли...

Поняв что название отдела всё-же звучит так себе, девушка выдохнула, обращаясь к Эмили:

— В общем это и есть причина по которой я тебя искала. Мне дали отдел, который будет состоять преимущественно из существ не из этого мира и мне нужны кадры, а ты вроде как знаешь многих. Вот я и подумала что ты бы могла подсказать кого лучше взять, а кого лучше обходить стороной

||<@1405305963375759440> ||","biok_ymer; pizza9832","1520120831898943739"
"27.06.2026 16:03:19","biok_ymer","#9440","—Грэй—
|-----------------------------------------------------------------------------|
Девушка все же вернула взгляд на девушку поглаживая хвост, говоря:
|-----------------------------------------------------------------------------|

—Меня бесит быть искренней без лишнего фарса. Но думаю ты этим меня и так уже бесишь, отчего нужно какое-то действо... МММ, думаю мне бы не понравилось если бы ты продолжила подовлять мою активную натуру своим давлением. Я весьма активна и не люблю когда меня затмевают или перебивают, отчего на моменте с рукой я немного выпала... Довольна?

|-----------------------------------------------------------------------------|","ktoia","1520334980910419968"
"27.06.2026 16:07:09","biok_ymer","#9440","—Эвелин/Вильгельм—
|-----------------------------------------------------------------------------|
Мужчина чуть поклонившись, также представился:
<@432206718848729089> и <@&1496356201938813129> .
|-----------------------------------------------------------------------------|

—Вильгельм, глава исследовательского корпуса, занимающего исследованием других миров. Рад познакомиться.

/После представления Эвелин чуть подумав посмотрела на Кайна, говоря:/
-Нууу,  ты права что я многих знаю и могу подсобить с набором штата, да. Вот к примеру как тебе этот мужчина? Вполне себе нормальный и спокойный кандидат. Пока не проверенный временем, но вот, даже шутит в ответ и меня ещё не задушил на шутку про маньяка, что весьма центов наше время! Хехе, а вы что думаете мистер Кайн насчёт этих мест? Все лучше, чем сидеть без дела.

|-----------------------------------------------------------------------------|","pizza9832; samin__","1520345584324710491"
"27.06.2026 21:51:23","pizza9832","#9089","__""Каин""__

*Мужчина поставил ладень под свой подбородок, слегка его пальцами поглаживая сначала слушая <@&1496356201938813129> , а потом и Эвелин*

-Хм, отряд ""потусторонних"". Скромно достаточно. Возможно это даже хорошо, но должен отметить, что вы на призрака не особо похожи, чтобы оправдывать прозвище мисс. Хм, не прошло и пару часов, а меня уже нанять хотят, видимо я на расхват.

*После этого Каин слегка прокашлялся при этом поглаживая каменный нарост скорее как просто привычка нежели по какой-то особой причине он это делает*

-Хм, мне надо уже свыкнуться с тем фактом, что это глаз у меня перестал видеть. Так вот, я лично не против поспособствовать вам в помощи все же для меня это не что-то новое. Только стоит вопрос чем именно вы занимаетесь?","biok_ymer","1520415190456205423"
"28.06.2026 11:59:39","ktoia","#6622","— Госпожа —

Элиана чуть приподняла бровку, услышав ответ и на её губах заиграла лёгкая, застенчивая ухмылка. Пальцы на мгновение замерли в волосах Грэй, а затем она тихо хмыкнула.

— Так вот она какая - ""настоящая Грэй"". Не любит быть пассивом, да?

Она чуть склонила голову набок, разглядывая волчицу с новым интересом и на мгновение задумалась, вспоминая все её приставания когда Грэй лезла в её пространство и провоцировала.

— Знаешь, я наверное, поняла. Меня тоже бесит когда я не могу контролировать ситуацию.

Рукой коя была на голове Грэй, не сильно раздумывая, быстрым и твёрдым движением притянула Грэй к себе и поцеловала - почти робко, но достаточно настойчиво.

Через несколько секунд она отстранилась и с лёгким смущением в голосе тихо спросила:

— Типа того? Бесит?","biok_ymer","1520414224541810791"
"28.06.2026 12:45:04","biok_ymer","#9440","—Грэй—
|-----------------------------------------------------------------------------|
Не я конечно рад в сподвижениях их линии, однако я знатно охуел от подобного. Я смотрю ты любишь за персонажа первый поцелуй ебашить, чтобы мои персы выпадали... И вот блять как это расценивать? Пупупу, ну ладно, пока просто отреогирую и буду плыть по течению.

Девушка вновь чуть прикрыла глаза увидя приближения. Она и вправду думала о поцелуи, как и в прошлый раз, однако явно не ожидала, что с ней и вправду такое совершат, отчего при прерывании та все же ошарашенно уставилась на ту, чуть приоткрыв рот, думая что сказать, а после её ушки встали дыбом, а хвост яростно стал вилять, на что она чуть опустив взгляд сказала:
|-----------------------------------------------------------------------------|

—Ладно, ты меня подловила... Я шокирована и думаю в данный момент могу признать своё порожение... Я никак не могла ожидать, что ты пойдешь на подобное, я всегда считала что для тебя я не более белый шум хотя...

/Тут девушка подняла взгляд уже на Госпожу, ушки поднялись и хвост стал успокаиваться, на что она сказала:/
-Это ведь было действия без подтекста да? А ты и вправду дьяволица... Бесит...

|-----------------------------------------------------------------------------|","ktoia","1520715291602980885"
"28.06.2026 12:48:57","biok_ymer","#9440","","",""
"28.06.2026 23:52:25","ktoia","#6622","— Госпожа —

Элиана смотрела на Грэй, слушая её сбивчивую речь и на её губах медленно расцветала лёгкая, почти довольная улыбка. Когда волчица закончила, она чуть прикусила губу и тихо, с насмешливой нежностью произнесла:

— Без подтекста? Ты правда в это веришь?

Она провела пальцем по своим губкам, стирая след поцелуя. Её взгляд был мягким, но в нём была хитринка, коя всегда появлялась когда она чувствовала, что ситуация у неё под контролем.

— Если бы я хотела просто победить в споре, я бы выбрала слова. А это...

Не закончив волчица наконец слезла с другой волчицы усаживаясь на траву, и слегка потянув ножки сказала:

— Хорошо. Раз ты признала поражение, то так и быть... Ты принята в этот ""паровоз"", потом представлю тебя Кармен, а пока... Чем займемся?

Элиана смотрит на водицу...","biok_ymer","1520726724411654318"
"29.06.2026 00:59:04","ktoia","#6622","— Элисон Кроуфорд —

Элисон слушала, и с каждым его словом внутри неё что-то ломалось. Сначала - недоверие, потом - глухая, тягучая боль, а под конец - что-то похожее на понимание, от которого хотелось выть.

Она стояла неподвижно, глядя на отца, который не мог поднять на неё взгляд. Её кулаки всё ещё были сжаты.

— Ты... ты хотел меня спасти? Ты отдал меня на **это**, чтобы я не умерла?

Элисон замолчала, чувствуя, как где-то глубоко что-то трещит.

— Но ты не сказал мне. Ты не пришёл и не объяснил. Ты позволил мне думать, что я никому не нужна. мог или не мог... это... это... какая разница... 

Подняла руку, собираясь что-то добавить, но замерла. Она не зная, что делать с этой правдой.

— Я не знаю, могу ли я простить тебя прямо сейчас... Это слишком… слишком много. Папа... я...

Глаза девушки налились влагой, она стала потирать их не зная что и отвечать. Мда, не зря она не знала правду.","biok_ymer","1518969077601796259"
"29.06.2026 01:08:53","samin__","#2997","— Кармен Эшфолд —

Эй! Вообще-то офигеть нужно было на моменте когда меня ГЛАВОЙ ОТДЕЛА назначили. И вот что это значит? Пф...

Выслушав парня, девушка всë ещë была настроена весьма скептично, учитывая что он тут ""новенький"", хотя она была не сильно лучше, от чего та сказала, включаясь в разговор:

— Сама идея отдела существует... минут 40? От чего чëткого регламента пока что нет, однако судя по словам босса... хм... скорее всего стандартная работа по изучению. Что-то вроде работы Эвелин, только уже с размещëнными существами

— Вот например вы Каин... что вы умеете? Эм... какие у вас особенности? Что с глазом если вам не сложно об этом говорить?","pizza9832","1520501819481002128"
"29.06.2026 01:10:00","biok_ymer","#9440","—Джонатан Кроуфорд—
|-----------------------------------------------------------------------------|
Мужчина молча слушал Элисон, предпочитая лишний раз ничего не делать, а после услышав последние слова чуть выдохнул, вставая ровно чуть поправляя штанину, все также не смотря на неё, добовляя:
|-----------------------------------------------------------------------------|

—Хм, весьма логичный ответ... Что же, на данный момент пока ты проходишь ""стабилизацию"" я не смогу выпустить тебя с этого места, однако я смог договориться чтобы быть ответственным за комплекс в котором ты будешь находиться, отчего в случае чего я буду рядом... Кхм, а теперь я думаю нам нужно снова разлучиться чтобы подумать. Я тебя отведу обратно, там сейчас обед, отчего ты сможешь обдумать все за едой.

/Договорив мужчина чуть сдал руки в кулаки, а после повел девушку за собой./

|-----------------------------------------------------------------------------|","ktoia","1520911438099644588"
"29.06.2026 01:17:20","biok_ymer","#9440","—Грэй—
|-----------------------------------------------------------------------------|
Девушка чуть офигела манере что ранее не видела от госпожи, а если учитывать слова которые та говорила своим ртом с этой новой стороны та и вовсе выпала на пару секунд, однако приходя в себя, та решила пока выкинуть это из головы, дабы не иметь проблем со своим де разумом... После чего сев вновь на задницу, та посмотрела по сторонам, а после сказала:
|-----------------------------------------------------------------------------|

—Ммм, приятно быть часть коробля. А по поводу дела... Кхм, нам бы получше узнать друг друга для ""сотрудничества"". Может проговорим моменты сотрудничества или лучше сыграем в правду и действия? Лёгкая игра и позволяет многому раскрыться~.

|-----------------------------------------------------------------------------|","ktoia","1520894665698705648"
"29.06.2026 01:33:27","ktoia","#6622","— Элисон Кроуфорд —

Элисон шла за отцом, чувствуя как ноги едва подкашиваются. Внутри всё ещё бушевала буря - слишком много информации, слишком много чувств, чтобы уложить их в одну голову. Она не плакала, но глаза всё ещё были влажными и она старалась дышать ровно, чтобы не разрыдаться прямо здесь. К середине ""пути"" она уже под успокоилась и вытерев свое лицо стала идти более менее ровно, изредка поглядывая по сторонам. Думать... Придётся много подумать. Решаясь более ничего сверх нормы не говорить отцу, она спокойно дошла до куда её довели, а как приведут огляделась желая понять что тут да как.","biok_ymer","1520914192834756730"
"29.06.2026 01:39:04","ktoia","#6622","— Госпожа —

Элиана перестала потягиваться и повернула голову к Грэй. Она задумалась на мгновение, а затем пожала плечами, отвечая:

— Почему бы и нет? Всё равно дел особых нет, а узнать тебя получше не самая плохая идея...

Она выдержала паузу, потом добавила:

— Тогда я наверное начну? Выбираю правду.","biok_ymer","1520916037745512598"
"29.06.2026 01:50:03","biok_ymer","#9440","—Грэй—
|-----------------------------------------------------------------------------|
Указав палец вверх на девушку, та ухмыльнулась, говоря:
|-----------------------------------------------------------------------------|

—Чтобы ты первым делом сделала если бы захватила этот комплекс и всех их технологиями? Как бы ты их использовала?

|-----------------------------------------------------------------------------|","ktoia","1520921506564149441"
"29.06.2026 17:51:47","pizza9832","#9089","__""Каин""__

*Мужчина внимательно следил за женщиной слушая ее объяснения, а после и вопрос он слегка улыбнулся после лёгкого беспокойства о том, что стоит спрашивать или нет*

-Хм, я говорю с начальником отдела уже неплохой прогресс хм за сколько 20 минут пожалуй. Это мило с вашей стороны, что вы аккуратно спрашиваете. Отвечая нет мне нормально об этом говорить.

*Затем Каин указательным пальцем правой руки начал крутить против часовой стрелки, а вокруг его пальца начал появляется маленький воздушный вихрь, который выглядел достаточно строгий по формам  и виду*

-Я не человек, точнее я клон. Генномодифицированный человек проще говоря и да вижу я очень хорошо, даже слишком. В моим основные обязанности входили переговоры в основном, но зачастую приходилось и применить силу. Так физическую, так и более необычный способ.","samin__","1520913910847373473"
"29.06.2026 19:09:16","samin__","#2997","— Кармен Эшфолд —

Услышав что ранее парень был ""решалой"", Кармен кивнула, протягивая тому руку:

— Вы приняты на испытательный срок. Сами понимайте, вы тут новое лицо, а поручиться за вас некому, так что небольшая настороженность присутствует, уж извините, думаю со временем это пройдëт

> Управление... чем? Ладно, работников я своих ещë не обрабатывала, потом сам всë расскажет. Его идентифицировали, а значит не столь ужасный. И что значит... визит хорошо? Через одежду что ли?

Подумав об этом, девушка прикрылась планшетом, ну так... на свякий","pizza9832","1521166297885573291"
"29.06.2026 20:24:54","ktoia","#6622","— Госпожа —

Элиана услышала вопрос и на мгновение задумалась, глядя куда-то в сторонку. Пальцы её слегка постукивали по колену, пока она обдумывала ответ:

— Если откинуть все ""неприятности"", связанные с внешним миром и тем, что этот комплекс будут трогать... я бы забрала всё, что могло бы пригодиться в нашем мире. Это был бы невероятный рычаг давления.

Она сделала паузу, затем продолжила уже чуть тише:

— Хотя... наверное в первую очередь... я бы вернула всех, кого они тут ""вырвали"". Насколько это вообще возможно. Мх... если это, конечно, реально. 

Пожала плечами, поворачиваясь на Грэй и возвращая привычную громкость голоску:

— Слишком идеалистично, да? Мх... ну другого ждать ответа и не стоило, я бы сделала так...","biok_ymer","1520924272506175559"
"29.06.2026 20:26:33","pizza9832","#9089","__""Каин""__

*Мужчина слегка заметив смущение женщины слегка хихикнул, а после постучал пальцем по своему каменному наросту. Звук был соответствующий материалу*

-А вы не правильно подумали, я просто вижу далеко, где-то на дистанции 700 метров. Это как смотреть через бинокль или прицел оптики.

*Затем Каин указательным пальцем кинул в Кармен воздушный вихрь и тот мягко стукается об лицо девушки. Та ощущает холодный воздух. Сам же вихрь полностью растворился со стальным воздухом*

-Я могу манипулировать стихиями, проще говоря менять их под себя.","samin__","1521185796395237387"
"29.06.2026 22:22:34","biok_ymer","#9440","—Грэй—
|-----------------------------------------------------------------------------|
Выслушав и вправду образцовый ответ та чуть нахмурилась, но все же отмолчалась, говоря:
|-----------------------------------------------------------------------------|

—Возможно... Я бы выбрала действие, интересно, что же ты заставишь меня сделать~.

|-----------------------------------------------------------------------------|","ktoia","1521204832063455374"
"30.06.2026 01:44:20","ktoia","#6622","— Госпожа —

Элиана чуть приподняла бровь, услышав ответ, и на её губах заиграла хитрая ухмылка. Она повернулась к Грэй, скрестив руки на груди и выдержала небольшую паузу, давая интриге нарасти.

— Действие, значит? Хорошо...

Она сделала вид, что задумалась, приложив палец к подбородку, а затем с лукавым прищуром произнесла:

— Тогда я хочу, чтобы ты стала уткой и покрякала.","biok_ymer","1521234444470714368"
"30.06.2026 03:31:51","biok_ymer","#9440","—Грэй—
|-----------------------------------------------------------------------------|
Какое ребячество. Однако раз такой юмор нравится госпоже, нужно было подыграть, чуть размчвшист та села на кортаны ноги в стороны и идя расставив руки в стороны склоняя их вместе словно рты говоря:
|-----------------------------------------------------------------------------|

—Кря кря, кря!

/Так она прошла секунд 15, а после уже начиная даже сама уставать от этого и даже испытав на удивление малый стыд прекратила, сев обратно на травку, говоря:/
-Ты бы ещё сказала мне стать беременной и имитировать роды... Время не было уточнено, отчего я прервала это быстрее чем думала... Кхм, ну и что выбираешь?

|-----------------------------------------------------------------------------|","ktoia","1521285219422830653"
"30.06.2026 03:55:17","biok_ymer","#9440","—Джонатан Кроуфорд/???—
|-----------------------------------------------------------------------------|
И вот спокойно дойдя до сада мужчина зайдя впереди девушки явно отчего-то напрягся и как только девушка выглянула у него из-за плеча, та увидела что все камеры были пусты и множество неизвестных фигур лежали лицом в землю под приставленные стволы людей в железных костюмах. И среди всей этой облавы стоял неизвестный ранее мужчина, в технологичном на вид костюме, что походил на воплощение ""Война Будущего"". У него был виден лишь рот, в едкой ухмылке, что ещё сильнее раскрылась при виде Элисон. Заметив данную реакцию Джонатан закрыл обзор девушке своей тушкой, отчего она слышала лишь веселую походку металлических сапог, что остановились в пару метрах от девушки. И тут начался диалог:
|-----------------------------------------------------------------------------|

Г: -Какая приятная встреча, это и есть эксперимент L-01? Я так рад узнать что объект стал стабилен, однако я крайне раздосадован от того, что меня об этом не оповестили, что с этим связано господин Кроуфорд~?
Д: -Мх, это было связано с тем, что объект пока не до конца окреп и был выведен не так давно из стазиса, дабы иметь возможность адаптироваться к внешнему взаимодействию.
Г: -ВОТ оно как. Тогда у меня сразу возникает следующий вопрос, отчего же столь ценный ресурс был помещен сюда, а не в мою личную коллегию, а также отчего она пребывала вдали отсюда. Неужто вы изьявили личный интерес на объект, вдали от протокола~?
Д: -Я...мм.. никак нет, она нарушила порядок и была наказана для показания следствия другим. Содержалась в карцере и дальше нигде со мной не комуницировала, не считая дорогу обратно.
Г: -Хммм, складно выходит мистер Кроуфорд, однако...
/На этот момент голова Генерала высунулась из-за плеча, хищно улыбаясь смотря на объект:/
-Отчего же вы продолжаете от меня его скрывать~?
/На это Джонатанчуть отошёл в сторону, заставляя Элисон отойди назад и продолжая прекрывать её, на что Генерал недовольно выпрямлялся, говоря:/
-ВоТ оно как, значит личное смешиваем с рабочим... Код 372 и если вы не исполните, я буду вынужден применить к вам 267...
/Услышав слова парень чуть дрогнул, но все же взглотнув глянул на Элисон, после чего кивнул отходя в сторону, позволяя лицезреть Генералу Элисон во всей своей красе. Что же она будет делать?/

|-----------------------------------------------------------------------------|","ktoia","1520920093998186647"
"30.06.2026 09:32:03","ktoia","#6622","— Госпожа —

Элиана смотрела на Грэй, которая с серьёзным лицом ходила по кругу, изображая утку и внутри неё медленно, но верно разрасталось чувство, которое она не могла объяснить иначе как испанским стыдом.

— О боже... Кхм. Я не должна была этого просить.

Она махнула рукой, когда Грэй остановилась и сняв перчатки, произнесла уже с лёгким смущением:

— Забудь. Это было слишком странно.

Она положила перчатки в пальто,отвечая на вопрос:

— Пожалуй, опять правду.","biok_ymer","1521312278790537406"
"30.06.2026 11:53:47","samin__","#2997","— Кармен Эшфолд —

Поняв что она сама себя накрутила, девушка смутилась ещё больше, немного покраснев, а ветерок и вовсе выбил её из колеи. Однако взяв себя в руки, та ответила:

— Кхм... а я ничего и не понимала...

> Странный ""Клон"". Вот вроде сказал просто, а НИЧЕГО не понятно. Ладно уж, уверена он ещё покажет себя

Повернув голову на Эвелин ||<@1405305963375759440>||, та спросила:

— Я кстати ещё хотела спросить ещё пару вопросов. А ты случаем не знаешь, тут нет таких девочек с именами Шарлотта и Ава? Одна - беловолосая кукла, а вторая темноволосый ""ангел"". Я бы очень хотела их найти","biok_ymer; pizza9832","1521205245437546556"
"30.06.2026 12:31:07","ktoia","#6622","— Элисон Кроуфорд —

Элисон смотрела на происходящее, чувствуя, как внутри всё сжимается от непонимания. Она не знала, кто этот человек в технологичном костюме, но его тон и то, как он говорил об ""объекте"", вызывало у неё омерзение и тревогу. Вкупе с жуткой ухмылкой это создавало довольно смешанные ощущения.

Когда отец отошёл в сторону, она на мгновение задержала на нём взгляд, но ничего не сказала. Вместо этого она перевела глаза на Генерала и стараясь, чтобы голос звучал ровно, произнесла:

— Вы говорите обо мне как о вещи...","biok_ymer","1521318172857204776"
"30.06.2026 22:24:15","biok_ymer","#9440","—Джонатан Кроуфорд/Генерал—
|-----------------------------------------------------------------------------|
Джонатан недовольно покачал головой на слова девушки, явно намекая той помалкивать. А Генерал же неестественно наклонившись к девушки ухмыляясь заявил:
|-----------------------------------------------------------------------------|

—Значит ты ещё и разума не лишилась, как славно! А мне вот писали в ответах, что ты потеряла разум в попытках развить нейронные связи... Выходит кто-то мне не договаривал или ты недавно прозрела~? Осталось только достаточно развить твой мозг и после я смогу его извлечь... Это замечательные новости!

/После отклонившись от девушки, Илье отвернулся к Джонатану, заявляя:/
-Даю тебе месяц на усиление мозговых волн, а после отдать её мне и ваши личные связи не должны этому приветствовать, иначе вы будете отстранены от своей службы~.

/Услышав это парень недовольно сдал руки в кулаки, однако молча слушал это, на что Генерал удовлетворённо кивнул, обращаясь уже к солдатам:/
-Ладно можете отпустить другие образцы, что нужно я узнал.

/Услышав приказ солдаты стало отпускать других уходя из комнаты, за коими пошел и генерал, оставляя всех в немом вопросе.../

|-----------------------------------------------------------------------------|","ktoia","1521447987363184681"
"30.06.2026 22:36:57","biok_ymer","#9440","—Эвелин/Вильгельм—
|-----------------------------------------------------------------------------|
При упоминании Авы и Шарлотты мужчина чуть сильнее пришурил взгляд на Эвелин, на что девушка почувствовала давку взялась за воротник чуть поправляя показывая, что ей стало душно, говоря:
<@432206718848729089> и <@&1496356201938813129> :
|-----------------------------------------------------------------------------|

—Хехе, я не слышала о таких, но если это важно могу поискать информацию о них. Я так понимаю это связано с твоим другом? Кхм, видно кто-то важный. 

|-----------------------------------------------------------------------------|","pizza9832; samin__","1521438594286489682"
"30.06.2026 22:42:13","biok_ymer","#9440","—Грэй—
|-----------------------------------------------------------------------------|
Девушка хотела хотя бы вызывать улыбку своим действием однако увидив разочарование та вообще не поняла, отчего ту попросили это сделать... Подумав та сказала:
|-----------------------------------------------------------------------------|

—Ммм, почему ты боишься отдаться эмоциями, а не держаться своей маски сдержанности? Это скорее философский вопрос, отчего ты держишь все в себе?

|-----------------------------------------------------------------------------|","ktoia","1521402922892660818"
"01.07.2026 03:10:17","ktoia","#6622","— Госпожа —

Элиана услышала вопрос и задумалась. Она провела пальцем по краю пальто, не желая смотреть на Грэй и ответила:

— Боюсь? Не понимаю, о чём ты. Я не держу всё и вся в себе, я открываюсь тем, кого считаю близкими и... Да... Ладно. Хорошо. Не полностью, но держу... Не знаю, привыкла. Воспитана так. Я не могу показывать все эмоции, это просто не позволительно. Я обязана держать лицо, чтобы другие не думали о слабости....

— Если я покажу страх или сомнение - меня сожрут. Даже ты должна это понимать.","biok_ymer","1521601778523705486"
"01.07.2026 03:26:26","ktoia","#6622","— Элисон Кроуфорд —

||Нихуя себе, а как на это реагировать.||

Элисон стояла неподвижно, провожая взглядом удаляющуюся фигуру Генерала. Внутри всё дрожало, но снаружи она старалась держаться ровно, чтобы не показать, насколько сильно его слова задели её. Она перевела взгляд на отца, но ничего не сказала.  Агрессии при прямой угрозе на удивление не было. Она буквально ударилась об эмоциональную стену, не зная, что сейчас сказать. Ей буквально только что сказали, что через месяц каюк. Мда...

Единственное решение, которое она могла принять в этой ситуации - уйти подальше от ""отца"". Что она и сделала, молча уходя вперёд, скрываясь с глаз. Ей нужно подумать и понять насколько все плохо.","biok_ymer","1521597253263823009"
"01.07.2026 03:43:56","biok_ymer","#9440","—Грэй—
|-----------------------------------------------------------------------------|
На сей раз девушка не стала дерзить, более спокойно слушая её и видно и вправду в этом ответе согласилась с девушкой, уставившись в небо, говоря:
|-----------------------------------------------------------------------------|

—Обрахцовый ответ, но черт побери верный... Кхм, я выберу правду.

|-----------------------------------------------------------------------------|","ktoia","1521669238111207515"
"01.07.2026 03:46:51","biok_ymer","#9440","—Джонатан Кроуфорд/Палач—
|-----------------------------------------------------------------------------|
Парень хотел было что-то сказать, однако не желая и так привлекать лишнего внимания к Элисон, тот почесал одной своей рукой первую недовольно бубня себе что-то под нос и выходя из комплекса. А после озадаченную Элисон встретил знакомый палач, идя рядом и говоря:
|-----------------------------------------------------------------------------|

—А ты у нас я погляжу важная шишка, раз ради тебя придурок пришел сюда. Хах, Эли, что же в тебя такого необычного, что тебя так хотят~?

|-----------------------------------------------------------------------------|","ktoia","1521673303058550855"
"01.07.2026 04:46:53","ktoia","#6622","— Госпожа —

Взглянув на волчицу, Элиана спросила:

— Тогда скажи мне... м... каким было твоё детство? Необязательно вдаваться в точные подробности, но общие черты расскажи.","biok_ymer","1521677706159456376"
"01.07.2026 07:18:08","biok_ymer","#9440","—Грэй—
|-----------------------------------------------------------------------------|
На сей раз девушка не стала дерзить, более спокойно слушая её и видно и вправду в этом ответе согласилась с девушкой, уставившись в небо, говоря:
|-----------------------------------------------------------------------------|

—Неужто стремишься у знать побольше о моем прошлом клане и как я докатилась до жизни бродяжки? У меня много историй оттуда, которые я бы с радостью забыла... Может ты дашь конкретику в этом вопросе, ато я уж сильно мечусь от рождения до вчерашнего дня, ведь я позиционирую себя как большого ребенка~.

|-----------------------------------------------------------------------------|","ktoia","1521693546334257343"
"01.07.2026 12:08:14","samin__","#2997","— Кармен Эшфолд —

Девушка в притык не замечая настороженности Эвелин лишь наивно ответила:

— Вроде того. Имена они возможно не говорили, да и быть может их тут и вовсе нет, но если поищешь, в долгу не останусь. Я ещё кое кого хочу на это направить, однако основная надежда на тебя

Сделав паузу, девушка невинно улыбнулась, продолжая:

— Ну и второе дело. Если кого-то перспективного увидишь - направляй ко мне, да и сама заходи, мы тебе будем рады... да Каин?

Поняв некую сложность, девушка повернулась на Вильгельма, говоря уже тому:

— А кстати, Вильгельм можешь своим сказать, чтобы не трогали моих сотрудников, а то один из исследователей даже меня испугал, хотя я как минимум выгляжу как учёный, а мои работники /указала на Каина/ слегка выделяются. Так что... хм... нужно бэйджики вам придумать какие-то что-ли?

||<@1405305963375759440> <@432206718848729089> ||","biok_ymer; pizza9832","1521600449084526742"
"01.07.2026 20:57:09","biok_ymer","#9440","—Вильгельм—
|-----------------------------------------------------------------------------|
Мужчина перестал сверлить взглядом Эвелин, переведя внимание на Кармен, отвечая:
<@432206718848729089> .
|-----------------------------------------------------------------------------|

—Не вижу проблем, сообщу им об этом. Но обозначительные знает и вправду были бы удобны.

|-----------------------------------------------------------------------------|","pizza9832; samin__","1521804617023750304"
"01.07.2026 21:07:31","pizza9832","#9089","__""Каин""__

*Мужчина внимательно слушал всех присутствующих об их своих делах, а потом когда речь зашла о возможных проблемах с людьми из этого мира тот лишь цокнул, а после заявил*

-Не стоит из-за этого лишний раз беспокоиться Мисс Кармен( <@&1496356201938813129> ). В моем мире предвзятое отношение ко мне это базовое состояние. К тому же боюсь навряд ли мне сможет навредить простой человек, только если не будет знать моих слабостей.

*Затем Каин окинул взглядом свою нынешнюю одежду*

-Это же не значит, что мне придётся носить халат?","biok_ymer","1521937724783988806"
"02.07.2026 15:08:12","samin__","#2997","— Кармен Эшфолд —

Слушая парней, девушка хмыкнула, отводя взгляд в сторону, поправляя волосы:

— Да... обычными людьми их уж точно нельзя... и... /перевела недовольный взгляд на <@&1522197145984172214> / и что значит ""не придётся носить халат""! Это вообще-то самое стильное что создавало человечество!

Сказав это, девушка взяла край своего хатала приподнимая его:

— Белый цвет подходит почти к любому образу, материал защищает от многих веществ, да в нём даже КАРМАНЫ есть! Ты хоть представляешь как сложно найти женскую одежду с карманами?

Поняв что она разговаривает с мужчиной, у которого карманы почти с рождения, та перевела взгляд на Эвелин, которая была в мужиковатом наряде, а на Вильгельма и вовсе та не посмотрела, понимая что у него уж точно есть карманчики... опустив голову вниз, та выдохнула, разочарованно говоря, понимая что единомышленников тут нет:

— В общем нет, не придётся. Выдам вам пропуска, значки или бэйджи именные, что-то вроде того

Достав планшетик, та стала набирать сообщение боссу, попутно говоря <@&1522197145984172214> :

— В общем ты принят, пока что считай свободное время пока отдел не начнёт функционировать, так что освойся пока. Может ещё кого найдёшь. Средство связи и удостоверение отдам потом

В этот же момент девушка набрала Эмили:

> Приветик! Возникла проблема со связью для сотрудников. Нет возможности выдать им какие-то урезанные версии наших планшетов?

И сразу после этого отправила сообщение... Брауну...

> Нужны удостоверения для сотрудников. Бэйджи, цифровые отпечатки, карточки - на твоё усмотрение. К вечеру должны быть готовы и лежать у меня на столе. Если нужно, свяжить с кем-то из других отделов. Партии в 10 штук для начала будет достаточно. Надеюсь хотя бы это не вызовет у тебя проблем

Быстро написав язвительное сообщение и отправив его, девушка выдохнула, проговорив в слух:

— Тс... не сдержалась...

||<@1405305963375759440> ||","biok_ymer; pizza9832","1521940334093926500"
"03.07.2026 02:21:23","ktoia","#6622","— Элисон Кроуфорд —

Элисон шла, не разбирая дороги и мысли в голове путались. Она почти не заметила, как рядом появился Палач - только когда его голос прозвучал слишком близко. Она подняла на него вымотанный растерянный взгляд, говоря:

— Я не знаю... Я не знаю, что во мне такого, что им нужно. Я просто хотела жить. А теперь...

Она замолчала на несколько секунд, после добавила:

— Я даже не знаю, что хуже: то что они хотят меня использовать или то что я начинаю привыкать к... пф.... нет... нет..

Отвела взгляд и добавила уже тише:

— Я не знаю, что мне делать. И не знаю, кому можно верить. 

||Да она ноет первому попавшемуся психу.||","biok_ymer","1521678438535004192"
"03.07.2026 03:35:53","ktoia","#6622","— Госпожа —

— Мгм. ""Бродяжка"". Значит...

Она задумалась на мгновение, перебирая в голове возможные вопросы, а затем чуть склонив голову набок, спросила:

— Тогда скажи мне: что было самым ярким моментом в твоём детстве? Не обязательно плохим или хорошим - просто тем, что ты запомнила навсегда...","biok_ymer","1521731609953304676"
"04.07.2026 09:24:25","pizza9832","#9089","__""Каин""__

*Мужчина с легким удивлением смотрел на Кармен во время ее объяснений. Ведь сложно не умиляться, когда человек с такой страстью любит какие-то обычные вещи. Как только та освободилась от планшета Каин лишь выдохнул и сказал следующее*

-""Милое мнение, однако в бою халат и вообще любая свободная одежда будет мне мешать, даже слишком. Для меня практичность дороже карманом.""


*Затем Каин начал осматриваться ибо они все же были на кухне как никак, а изначально мужчина пришёл сюда с великом целью. После этого тот посмотрел на Эвелин( <@1405305963375759440> ) с улыбкой*

-""Слушай, а что вы едите тут обычно, надеюсь у вас плане еды не тюремные условия. ""","biok_ymer; samin__","1522212295873138798"
"04.07.2026 16:40:47","biok_ymer","#9440","—Вильгельм/Эвелин—
|-----------------------------------------------------------------------------|
Впадлу. Сообщения отправлены, ответов не последовало. Мужчина не стал что-то дополнять, отводя взгляд в сторону явно думая уже о том, как бы уйти отсюда. Девушка же увидев гостинку у <@&1496356201938813129> сказала:
|-----------------------------------------------------------------------------|

—Ну чего сразу грустить, халат тебе и вправду идёт! И я понимаю, корманы никогда лишними не будут, особенно чтобы резко достать оружие... Кхм, короче не грусти там, ато нашла повод.

/После та услышала вопрос <@&1522197145984172214> и ухмыльнувшись ответила:/
-Ты настолько буквально принял свое заточение тут, что стал сравнивать это с тюрьмой? Ахах, не, еда тут получше, как в столовке уника или супермаркета. Есть выбор трав, гарнира и прочего, для люблового свое так сказать. Завтра, Обед и ужин, считай в любое время можешь заглянуть.

|-----------------------------------------------------------------------------|","samin__","1522212295873138798"
"04.07.2026 16:48:08","biok_ymer","#9440","—Палач—
|-----------------------------------------------------------------------------|
Парень непонимающе стал хлопать косой по своей шеи, слушая ту, а после сказал:
|-----------------------------------------------------------------------------|

—Все мы тут ""просто хотим жить"". Однако для людей этого места, наша воля не имеет сильный вес. А вот про использование это ты зря так рассуждаешь. Я бы на твоём месте всех послал и никому ничем не обязан не был бы. А вот Вера должна у тебя сама прийти, тут советы давать не буду.

|-----------------------------------------------------------------------------|","ktoia","1522381706860957801"
"04.07.2026 16:49:43","biok_ymer","#9440","1","",""
"04.07.2026 20:58:52","ktoia","#6622","— Элисон Кроуфорд —

Услышав ответ на свой поток мыслей, пустота в голове из-за всего произошедшего ранее начала заполняться, но от это и стало как то не по себе. Немного помолчав, девушка начала размышлять:

— ""Послать всех"" - звучит... заманчиво. Но если я пошлю всех, кто останется рядом?  да и... это звучит скорее ""красиво"", но как же это сделать, если они уже решили, что я принадлежу им?...

Решив оставить остальное в себе, она подняла глаза на Палача и чуть помедлив, спросила:

— А ты знаешь, кто этот железный был? и... он важный?","biok_ymer","1522962218851893400"
"06.07.2026 14:25:05","samin__","#2997","— Кармен Эшфолд —

Услышав что халатик ей идёт, девушка слегка улыбнулась, потупив взгляд. Услышав что те начали говорить о своём она выдохнула и вклинившись в разговор сказала:

— Нус, надеюсь вступать в бой не придётся /выдохнула поднимая взгляд/ ладненько, оставлю вас, а сама отвлекусь от назойливых мыслей

Повернувшись на Вильгельма, та кивнула, говоря тому:

— Прошу прощения, но мне нужно свыкнуться с новой ролью, от чего оставлю вашу компанию. На счёт вашего вопроса я ещё поузнаю и свяжусь если что-то узнаю, спасибо за разговор

Договорив, девушка удалилась от странного коллеги, подруги и нового сотрудника, думая что-бы такого вытворить, чтобы выбить из головы мысли о новом отделе и о том, что она теперь будет видеть странных существ ЕЖЕСЕКУНДНО. Мда... так ещё и с Брауном нужно будет переговариваться немало пф...

|| Я хз как её вкинуть в объекта, который сейчас нужен, так что вот сподвижение, там уже можешь вкинуть её куда угодно <@1405305963375759440> ||","biok_ymer; pizza9832","1522850555012059187"
"06.07.2026 19:22:56","biok_ymer","#9440","—Палач—
|-----------------------------------------------------------------------------|
думая о том как выразиться тот спокойно изъявил:
|-----------------------------------------------------------------------------|

—Это был владелец данного предприятия, так сказать главный босс коего все тут боятся как и мы, так и сотрудники хех. Его тут слово буквально закон.

|-----------------------------------------------------------------------------|","ktoia","1523025317806215332"
"07.07.2026 15:28:27","ktoia","#6622","— Элисон Кроуфорд —

Услышав ответ, она почувствовала, как безнадёга накатывает с новой силой.

— Ну тем более... Можно ставить крест. Расфуфыренная вонючая железка.

Она помолчала, потом подняла глаза на Палача и спросила:

— А зачем ты пытался меня напугать как только я пришла? Разве в этом есть смысл?","biok_ymer","1523725952910102750"
"07.07.2026 18:56:58","biok_ymer","#9440","—Палач—
|-----------------------------------------------------------------------------|
Доходя до коморки тот сел на землю, где подобрал на земле миску с какой-то жижой протягивая, вместе с ложкой, говоря:
|-----------------------------------------------------------------------------|

—Потому что Грусть и Отчаяние самые скучные эмоции, что можно тут испытать. А вот страх и увеселение это намного интереснее чем сидеть и умирать тут со скуки, это единственное, что делает меня живым. А вообще, ешь и не бурчи

|-----------------------------------------------------------------------------|","ktoia","1524029330173460591"
"07.07.2026 19:09:21","biok_ymer","#9440","—Грэй—
|-----------------------------------------------------------------------------|
Волчица чуть задумалась с серьезным видом, думая что можно сказать, а что нет. Да и похоже она в принципе на момент прижалась в воспоминанием, а после опустив голову стала говорить:
|-----------------------------------------------------------------------------|

—Смерть моего отца, что до конца строил из себя не пойми что... Сука что даже перед лицом смерти продолжал ухмыляться и говорить насколько всех вокруг жалкие, насколько я жалкая... 

/Тут на некоторое момента она умолкла, после чего подняв взгляд глянула на девушку, более агрессивно, отвечая:/
-Тот кто правил всеми, допустил падения всего до скорого конца всего клана, взвесив все грехи на других, уйдя так словно он гордился лишь собой и именно это и заставило меня переосмыслить многое, в том числе и ""кланы"", что должны сгинуть, дабы не появлялась подобных мне...

|-----------------------------------------------------------------------------|","ktoia","1522400457899638914"
"07.07.2026 19:11:24","biok_ymer","#9440","—Вильгельм/Эвелин—
|-----------------------------------------------------------------------------|
В итоге смотря в след <@&1496356201938813129> , мужчина и сам помохал рукой группы, удаляясь. А девушка же чуть подумав глянула на <@&1522197145984172214> , после чего проводила его до столовой, говоря:
|-----------------------------------------------------------------------------|

—Вестма информативный разговор хех. Первый день и уже с работой, неплохой прогресс, а? Ну а теперь можно и отпраздновать.

|-----------------------------------------------------------------------------|","pizza9832","1522850555012059187"
"07.07.2026 19:17:05","biok_ymer","#9440","|-----------------------------------------------------------------------------|
И вот 3 новых уведомления пришли на планшете девушки:
|-----------------------------------------------------------------------------|

[Браун]: ого тон поднялся я погляжу, занёс все в твое комнату, там была Эмили, что я так понимаю уже использует это как-то. И попрошу не говорить так, словно я обязан тебе все доставлять по первому щелчку, ты не одна тут у кого ого-го запросы.

[Эмили]: встретилась с Брауном и получив основу для индикаторов смогла создать именные бейджи, в клец можно хранить и записывать информацию. Думаю для сотрудников и для записей их ""похождений"" вполне подойдут.

[Норман]: Ох Кармен, милая моя. Раз уж я так озадачил тебя с новым отделом можешь временно пока отдохнуть от похождений к объектам. Однако объектив коего ты не так давно поменяла по имени ""Гримм"" как ты описала немного начинает разочаровываться тем, что ты его кинула, отчего я бы придумал, что с ним делать. Приятного отдыха!

|-----------------------------------------------------------------------------|","samin__","1523650995241091243"
"07.07.2026 19:18:42","pizza9832","#9089","__""Каин""__

*Каин помохат <@&1496356201938813129> на прощание слегда думая о том насколько тяжёлая ответственность на ее спине. Когда услышал же слова Эвелин( <@1405305963375759440> ) тот начал размышлять о недавних событиях*

-Да, было бы славно, правда пока мало пойму, что от меня требуется ведь для меня это....как бы выразиться слово забыл. Точно ответственность определённая в первую очередь. К тому же проблемы моего мира никуда не делись. Хотя может мне стоит меньше об этом думать.","biok_ymer; samin__","1523650995241091243"
"07.07.2026 19:48:44","ktoia","#6622","— Элисон Кроуфорд —

Элисон переступила порог его каморки. Она прошла чуть вглубь, села напротив него на корточки, а затем перевела взгляд на протянутую миску с бурмалдой. Чуть подумав, она взяла миску в руки, а затем ложку. Кивнула, глядя на жижу и попытавшись взять ложку правильно, опустила её в бурмалду. Приподняв, понюхала, затем попробовала **это**.

После подняв взгляд на Палача сказала:

— Ты хочешь сказать, что пугал меня, чтобы развлечься.... понятно.... мх... а ты. Блин. Как давно тут?","biok_ymer","1524081804456362086"
"07.07.2026 20:06:52","ktoia","#6622","— Госпожа —

Госпожа всё это время смотрела на Грэй немного отрешённо. Все таки её история как-то задела её. Дослушав до конца, девушка отвела взгляд от Грэй куда-то вперед, потягивая ножки и оперев руки о землю, сказала:

— Ого... Мх... понятненько. Понятное дело, не от хорошей жизни всё происходит. Пхах... а действительно, слегка похожие истории...

Она вздохнула, пытаясь подобрать слова, чтобы это прокомментировать.

— Родителей не выбирают, а скверный характер зарабатывается по мере жизни... А ты, Грэй, чрезмерно радикальна. Может, ты и пыталась переосмыслить всё, но... путь явно выбрала не тот. Вернее, лучше сказать, твой путь я не принимаю, ведь он... да... ""черезмерно жесток""?

Она замолчала, обдумывая, что сказать дальше и затем добавила:

— Хорошо, ты ответила. Чтож. Не думаю, что ты всё ещё хочешь продолжать эту игру. Верно?

Элиана повернулась к Грэй, внимательно глядя на неё.","biok_ymer","1524084920354607185"
"08.07.2026 12:37:23","biok_ymer","#9440","—Грэй—
|-----------------------------------------------------------------------------|
Чуть смягчив взгляд на слова девушки, та отвела взгляд на небо, говоря:
|-----------------------------------------------------------------------------|

—Сама виновата, что назвала правду. Я не против продолжить, но если хочешь, можем и сменить занятие.

|-----------------------------------------------------------------------------|","ktoia","1524099395501424642"
"08.07.2026 12:40:28","biok_ymer","#9440","—Палач—
|-----------------------------------------------------------------------------|
Это была обычная каша, вязкая и по ощущениям безвкусная масса, однако скорее всего достаточно питательная. Смотря как та ест, парень положил косу на землю и склонив две руки за голову тот услышав вопрос, сказал:
|-----------------------------------------------------------------------------|

—Думаю где-то с год, точное время незнаю. Знаешь, в этом месте понять протяжение времени достаточно сложно хех.

|-----------------------------------------------------------------------------|","ktoia","1524094832698458112"
"08.07.2026 12:42:59","biok_ymer","#9440","—Эвелин—
|-----------------------------------------------------------------------------|
Взяв себе порцию из всяких салатиков, девушка дождалась пока мужчина себе возьмёт чего-то и после уже продвинулась с ним за стол, отвечая на вопрос:
|-----------------------------------------------------------------------------|

—Ну лично я от этого мето вижу много возможностей. Чем выше продвинуться и получить больше власти, тем больше у тебя будет влияниятого мира на твой, что может решить многие проблемы как твои, так и самого мира. Считай сделка с более развитой цивилизацией, главное не пологатьсч только на них и тогда проблем не будет.

|-----------------------------------------------------------------------------|","pizza9832","1524087274352934962"
"08.07.2026 14:06:39","samin__","#2997","— Кармен Эшфолд —

Идя по бесконечным коридорам, девушка услышала как ей на планшет начали приходить уведомления одно за другим. Подумав что такое случилось, она открыла уведомления и уж было подумала что все просто сговорились, а прочтение сообщений и вовсе были сродни эмоциональными качелями

Браун 🔻 Эмили 🔺 Норман🔻

Хмыкнув, та не поняла как они так быстро сделали её поручение, от чего спешно настругала ответы:

> Браун: Приятно удивлена твоей расторопностью, надеюсь впредь будет не хуже 👍 

> Эмили: Отличная работа! Не знаю как бы справлялась без тебя, ты просто чудо ❤️ 

Решив что к своим работникам та будет относиться хорошо, девушка перешла к сообщению от Нормана, что поставило её в ступор. К объектам теперь не походить, а к Гриму... пуф... он опасный, так что никого к нему не отправить, а та вроде как нашла с тем общий язык. И что значит ""кинула"" даже дня не прошло! Пожав плечами, та нехотя пошла в стороне камера странного рыцаря

||А ты ожидал чего-то иного?||","biok_ymer","1524086867342131221"
"08.07.2026 15:03:49","ktoia","#6622","— Госпожа —

Элиана чуть приподняла бровь, услышав ответ Грэй и на её губах мелькнула лёгкая улыбка. Она выпрямилась, отряхнула руки от травы и между делом сказала:

— Ну, раз ты не против продолжать... Хм. Если игра всё ещё в силе, я выбираю действие, только по адекватнее....","biok_ymer","1524348669468348426"
"08.07.2026 15:10:37","ktoia","#6622","— Элисон Кроуфорд —

Мда. Элисон конечно не гурман, но это точно какая-то бурмалда... а ей вообще надо есть? Фиг его знает, но раз так, то почему бы и нет... Хотя это даже не пожевать и не почуствовать.... ""Прожевав"" пару ложек этого, девушка выслушала ответ Палача, продолжая диалог:

— Понятно... Я подольше, вроде лет... 11. Мх... правда, время либо тянется, либо летит.

Пауза, а после нее:

— А как ты думаешь, отсюда можно... ну... выйти?","biok_ymer","1524349443460304956"
"08.07.2026 17:51:40","biok_ymer","#9440","—Грэй—
|-----------------------------------------------------------------------------|
Подумав, та понемногу стала возвращаться к обычному своему ехидному лицу, говоря:
|-----------------------------------------------------------------------------|

—Обними меня!

|-----------------------------------------------------------------------------|","ktoia","1524385519562395688"
"08.07.2026 17:58:06","biok_ymer","#9440","—Палач—
|-----------------------------------------------------------------------------|
Душегуб слушал пытаясь понять правду говорит собеседник или нет, не найдя подвоха тот дополнил:
|-----------------------------------------------------------------------------|

—11 лет, с основания что-ли? Дааа, а ты я погляжу выращена была тут, по тебе и не скажешь.

/После услышав второй вопрос тот показал пальцем у своего рта, говоря:/
-Потише с такими речами, кто мало ли подумают что ты уже делаешь план. Выход возможно и есть, но вот как у нему пройти, та ещё загадка.

|-----------------------------------------------------------------------------|","ktoia","1524387229877665834"
"08.07.2026 19:40:21","ktoia","#6622","— Госпожа —  

Элиана замерла, услышав действие. Её рукт которые отряхивались от травы остановились и она медленно положила их на колени. Повернув голову к Грэй, она посмотрела на неё с выражением, которое можно было прочитать как: ""Ты серьезно?""  

Когда она поняла, что это не шутка, она отвела взгляд вперёд и отрицательно покачала головой:  

— Это мне не по силам. Я говорила - адекватнее, а ты перегибаешь.  

Голос был ровным, но в нём чувствовалась лёгкая растерянность. Она не ожидала такого поворота и явно не была готова к нему.","biok_ymer","1524427761400287293"
"08.07.2026 20:31:06","ktoia","#6622","— Элисон Кроуфорд —

Элисон послушно замолчала, когда Палач приложил палец к губам и только после его слов кивнула, принимая предупреждение. Она оставила миску, затем задумалась на мгновение, прежде чем оперевшись руками слегка пододвинутся к Палачу и сказать:

— Я поняла. Спасибо, что предупредил. Но...

Снизила тон, говоря тише.

— ""Возможно"". А... ты... знаешь где? Догадки есть? теоретические...","biok_ymer","1524429377952153663"
"09.07.2026 08:12:57","biok_ymer","#9440","—Грэй—
|-----------------------------------------------------------------------------|
Чуть надув губки, та поменяла сидячее положение на лежащее, говоря:
|-----------------------------------------------------------------------------|

—Пф, так это же простое действие. Или ты бы предпочла скокатл как кролик и издавать странные звуки?

|-----------------------------------------------------------------------------|","ktoia","1524455110833606747"
"09.07.2026 08:17:57","biok_ymer","#9440","—Палач—
|-----------------------------------------------------------------------------|
Тот немного удивился такому прямому интересу, говоря уже потише:
|-----------------------------------------------------------------------------|

—Я предпологаю что чем выше, тем ближе выход. Однако этот комплекс слишком большой, чтобы попросту выучить путь.

|-----------------------------------------------------------------------------|","ktoia","1524467883722277086"
"09.07.2026 08:21:51","biok_ymer","#9440","|-----------------------------------------------------------------------------|
Да нет, ты действуешь полностью по моему плану. Идя к камере рыцаря, девушка заметила краем глаза некое скопление охранников у одной из камер, что явно не знали что делать. Будет ли она вмешиваться или продолжит путь к рыцарю?
|-----------------------------------------------------------------------------|","samin__","1524371132449296415"
"09.07.2026 13:54:17","ktoia","#6622","— Госпожа —

Элиана услышала слова Грэй и задумалась, чувствуя, как внутри закипает смесь раздражения и смущения. Она перевела взгляд на волчицу, которая уже разлеглась на траве с видом победительницы и покачала головой.

— Ты невыносима...

Хмыкнув добавила:

— Мне будет не удобно пока ты лежишь...","biok_ymer","1524644511010259106"
"09.07.2026 14:07:01","ktoia","#6622","— Элисон Кроуфорд —

Элисон кивнула, обдумывая его слова.

— Выше, значит... Это уже что-то.

Она помолчала, потом подняла на него взгляд:

— Тогда понятно. А тут есть кто-то ещё... ам... ""нормальный""?

||Да Палач нормальный.||","biok_ymer","1524645768173191290"
"09.07.2026 15:27:08","samin__","#2997","— Кармен Эшфолд —

|| Да понимаю я что иду куда надо, не зря же ты за Нормана вкинул ||

Идя к комнате рыцаря, девушка думала как начать разговор в этот раз, учитывая что тому нетерпелось. Информации о Альсе и красной она не нашла, так что лучше было просто импровизировать. Во всяком случае некое доверие она возымела, так что прикончить не должен. Жалко костюмчик, но ничего

Подходя к уже знакомой камере, девушка увидела суматоху, а неразбериха в опасном отделе добром не заканчивается. Пометавшись взглядом между рыцарем и толпой, девушка махнула рукой, говоря:

— Подождëшь

Направилась к толпе. Подойдя достаточно близко, та весьма громко сказала:

— Колеги, что за суматоха?

Будет весьма полезно заиметь связи среди них, хотя дело возможно в побеге и тогда нужно будет просто свинтить","biok_ymer","1524646750403694612"
"09.07.2026 15:38:48","pizza9832","#9089","__""Каин""__

*У Каина же было мясо с пюрешкой от которой истощался приятных запах и аромат, но самое главное, что он был. Тёплым, а не холодным. А также же рядом с тарелкой стояла кружка горячего чая, который мужчина в первую очередь начал пить*

-Да, но я скептик, я не привык доверять просто словам без обид, однако это все речи звучат слишком сладко ты не задумывалась. К тому же власть и подобные высокие ценности мне если честно мало интересны...

*Затем Каин над чем-то то задумался устремляя взгляд в отражение, которое виднеется в отблеске черного чая*","biok_ymer","1524350077597122660"
"09.07.2026 16:41:29","biok_ymer","#9440","—Грэй—
|-----------------------------------------------------------------------------|
Услышав интересные слова её ушки навострились и та вновь приняв сидячее положение чуть удивлённо добавила:
|-----------------------------------------------------------------------------|

—Оу Вау, серьезно? Я думала мне сейчас придется выдумать что-то поглупее, а ты даже согласна? Хохо, тогда жду!

|-----------------------------------------------------------------------------|","ktoia","1524730407025639425"
"09.07.2026 16:45:09","biok_ymer","#9440","—Эвелин—
|-----------------------------------------------------------------------------|
Покочав руками, та приступила к яствам, попутно говоря:
|-----------------------------------------------------------------------------|

—Ну не хочешь слушать сладкие речь мхм, значит узнавай действительность мхм. Я вот спец по речам мхм, а не действиям мхм.

|-----------------------------------------------------------------------------|","pizza9832","1524756713025179739"
"09.07.2026 16:48:33","biok_ymer","#9440","|-----------------------------------------------------------------------------|
Работники спешенные с исследователями заприметив кого-то, решившего разобраться с ситуацией сказали:
|-----------------------------------------------------------------------------|

—Нууу, там объект начал буянить, требуя интеллигентного собеседника. Все бы ничего, однако он заблокироваться изнутри и мы не знаем, что он там делает...

|-----------------------------------------------------------------------------|","samin__","1524753774810234880"
"09.07.2026 16:48:50","biok_ymer","#9440","Намек на ещё перса? Пуф, буду думать","ktoia","1524733614665896066"
"09.07.2026 16:59:55","samin__","#2997","— Кармен Эшфолд —

Примерно поняв ситуацию, девушка хотела было уйти, однако заслуг ей всё ещё не хватало, от чего она скрестив руки стала думать как бы поступить. Взглянув на переполох, та сделала шаг назад и сказала:

— И в чём проблема? Пошлите ему интеллигентного собеседника и дело с концом. Не поверю что у нас нет достойных кадров

> Карандашиком запишу, что нужно будет найти интелегентыный кард... на всякий случай","biok_ymer","1524774262869594184"
"09.07.2026 17:03:40","biok_ymer","#9440","|-----------------------------------------------------------------------------|
И вправду, а в чем проблема? И тут люди недовольно получали, говоря:
|-----------------------------------------------------------------------------|

—А в том, что объект все время разочаровывается в тех, кого к нему приводит. Отчего Толи от скуки, Толи от жажды интереса они устроил этот сыр бор. Мы не знаем что он там делает, ведь он умудрился и камеры внутри выключить, отчегото ситуация крайне опасная и нужно действовать сейчас, однако выламывать или ждать инженеров... Все это потребуется время, коего у нас может сейчас не быть, вот и проблема.

|-----------------------------------------------------------------------------|","samin__","1524777124165062766"
"09.07.2026 17:19:17","samin__","#2997","— Кармен Эшфолд —

Хмыкнув, девушка скривила лицо и сказала:

— Ладно, займусь...

Начиная потуже заплетая волосы, та проговорила:

— Раз срочно, то опишите собеседника в паре слов

> Он может слышать меня прямо сейчас, от чего не стоит называть его объектом и говорить лишнего. Ой Кармен, ввязалась ты конечно. Нужно будет после написать Норману чтобы освободил меня от обязанности ходить к объектам полностью. Хм... если погибну, хоть кто-то расстроится?","biok_ymer","1524778067048796270"
"09.07.2026 17:32:18","ktoia","#6622","— Госпожа —

> Меня бы живьём съели... хотя и так уже много наделала. Нужно будет перекурить все это дело...

Госпожа какое-то время продолжала сидеть поодаль, смотря уже на сидячую бестию. Просто обнять, пожалуй, это действительно лучше чем любой другой бред, да и что уж там, она уже делала большее чем объятия, правда... то было под некоторым эффектом и не то чтобы долго, бе... Нужно будет рот с мылом вымыть.

Ещё немного подумав и поняв что если продолжит думать, то этого не сделает, медленно приблизилась к этой собаке, и сложив свою гордость, обняла ту. Да она это сделала. Если никакого фидбека не будет и она сможет быстро отстраниться, то так и сделает.","biok_ymer","1524772485487398992"
"09.07.2026 20:32:28","biok_ymer","#9440","—Грэй—
|-----------------------------------------------------------------------------|
Та самая бестия мирно сидела, не вмешиваясь в выполнение задания девушки. Однако приподнятые ушки и хвост что вилял в разные стороны выдавал в ней неописуемую радость. Как только обнимашки прекратились хвост чуть подуспокоился, как и ушки. После чего та сказала:
|-----------------------------------------------------------------------------|

—Ну вот, а ты боялась. Я не думаю что ты придумаешь интересное действие, отчего рискну снов поделиться с тобой сокровенной правдой~. Что же ты хочешь знать~?

|-----------------------------------------------------------------------------|","ktoia","1524785276248129690"
"10.07.2026 09:24:50","biok_ymer","#9440","|-----------------------------------------------------------------------------|
Те переменились взглядами, а после стали говорить:
|-----------------------------------------------------------------------------|

—Мужчина скрывающий лицо за маской, ведёт себя аристократично и по джентельменски, однако как известно это лишь фасад и за ним скрывается тот ещё кадр... Это один из тех кого назначили опасным не из-за силы, а из-за интеллекта, отчего неизвестно, что от него можно ожидать.

|-----------------------------------------------------------------------------|","samin__","1524781999007727618"
"10.07.2026 12:45:10","samin__","#2997","— Кармен Эшфолд —

> Опасный объект не из-за силы, а из-за своего интеллекта. Так и вспоминается мем: ""Тони Старк собрал мини реактор, сидя в яме, из металлолома"". Видимо и правда сверх ум, что переполошил тут всех. Ну хотя бы не столь опасный и врял ли станет убивать если облажаюсь... во всяком случае шансов больше

Выдохнув, девушка кивнула выходя вперёд, а после сказала, немного подняв голос:

— Сэр! Ваше прошение о ""интеллигентном собеседнике"" было услышано. Меня зовут Кармен Эшфолд и я являюсь главой одного из отделов данного комплекса. Надеюсь вас устроит моя компания?

> Главное показать уверенность... наверное. Ой Кармен, во что ты ввязываешься... ОПЯТЬ!","biok_ymer","1525024986862063669"
"10.07.2026 14:55:47","ktoia","#6622","— Госпожа —

Элиана быстро отстранилась, стараясь не показывать, как сильно её смутил этот жест. Она поправила воротник, отряхнула рукава, будто это могло вернуть ей чувство контроля и не глядя на Грэй, ответила:

— Ничего я не боялась.

Она помолчала, собираясь с мыслями и наконец, подняла взгляд на волчицу.

— Раз уж ты предлагаешь, то скажи... чего ты боишься, по настоящему боишься? мм?","biok_ymer","1524830616238030849"
"10.07.2026 21:31:04","pizza9832","#9089","__""Каин""__

*Как как только доел свою еду начал и допивать свой чай, который к этому моменту уже успел остыть*

-Разумеется, ведь мы разные существа из разных миров и жили совершенно по другому. Мой отец учил, что каждый силён в чем-то свое.","biok_ymer","1524773406661152768"
"11.07.2026 11:24:25","biok_ymer","#9440","|-----------------------------------------------------------------------------|
Как только заветная фраза была услышана дверь в комнату отвалилась, позволяя девушки войти внутрь. Как только бы она вошла внутрь, дверь бы за ней закрылась, открывая простору белую стерильную комнату, в коей стоял стол и два стула, за коим сидел импозантный на вид мужчина, что жестом руки пригласил девушку сесть напротив, говоря:
|-----------------------------------------------------------------------------|

—Ну что же госпожа Кармен, прошу, присядьте.

|-----------------------------------------------------------------------------|","samin__","1525075402002006086"
"11.07.2026 11:26:22","biok_ymer","#9440","","",""
"11.07.2026 11:28:46","biok_ymer","#9440","—Грэй—
|-----------------------------------------------------------------------------|
На сей раз девушка не долго думая, ответила смотря на девушку:
|-----------------------------------------------------------------------------|

—Одиночества. Думаю это самый сильный страх, коем я обзовелась ещё с детства.

|-----------------------------------------------------------------------------|","ktoia","1525108274159030453"
"11.07.2026 11:29:54","biok_ymer","#9440","—Эвелин—
|-----------------------------------------------------------------------------|
Доедая свой салат, девушку глянула на парня, говоря:
|-----------------------------------------------------------------------------|

—Все ещё удивляюсь вашему хладнокровию. Многие бы рвали и метали оказавшись тут, а вы весьма спокойно это восприняли.

|-----------------------------------------------------------------------------|","pizza9832","1525207749107908618"
"11.07.2026 12:46:53","ktoia","#6622","— Госпожа —

Элиана усмехнулась услышав ответ.... Мда, она ожидала нечто другое, и скорее то чем можно будет попользоваться, но этим.. Это только наталкивает на раздумья.... 

— Одиночество.. Да. оно умеет быть страшнее любого врага. Иногда мне кажется, что я тоже его боюсь. Но я привыкла думать, что если не давать себе остановиться, если всё время быть занятой - оно не догонит.

Подержав паузу, продолжила игру:

— Я выбираю правду.","biok_ymer","1525418563039395900"
"11.07.2026 21:05:44","pizza9832","#9089","__""Каин""__

*Каин отодвинул пустую уже посуду ближе к левому краю стола, а затем голова повернулась обратно на собеседницу, а взгляд внимательно смотрел на ее глаза*

-В молодости, я и так совершил много ошибок из-за своей характера, своих способностей. Не потому что я был плохим просто... обстоятельства так сошлись. Если я снова сорвусь то, я нечем не буду отличаться от того, кого ненавижу всем сердцем. Хотя я может просто слишком много драматизирую. Все же возраст мне скоро за 30-ик. Будут перенапрягаться седые волосы уже будут к 40.

*После этого Каин хихикнул и улыбнулся пытаясь снять напряжение*","biok_ymer","1525418850877837373"
"12.07.2026 10:17:40","biok_ymer","#9440","—Грэй—
|-----------------------------------------------------------------------------|
Чуть потупив девушка все же встала с места, говоря:
|-----------------------------------------------------------------------------|

—Ладно, думаю мы тут уже засиделась. Последний вопрос задам и можем пойти отдыхать. Можешь рассказать о том, как ты стала главой клана?

|-----------------------------------------------------------------------------|","ktoia","1525438220362453105"
"12.07.2026 10:19:29","biok_ymer","#9440","—Эвелин—
|-----------------------------------------------------------------------------|
Вставая с места, та чуть потянулась, говоря:
|-----------------------------------------------------------------------------|

—Вам под 30-ть? А по виду я бы вам дала двадцать с хвостиком. Вы весьма неплохо сохранились хех. Чтоже, раз уж перекусили есть ли у вас ещё вопросы или быть может настолько время разойтись?

|-----------------------------------------------------------------------------|","pizza9832","1525563763695288533"
"12.07.2026 22:08:06","pizza9832","#9089","__""Каин""__

*Каин спокойно встал со стола поправляя воротник свитера, а затем взгляд снова перевёлся на пространство вокруг*

-Такие уж гены что поделать. В общем как хотите, я надеюсь смогу себя развлечь, если у вас есть дела не смею задерживать Эвелин.","biok_ymer","1525763514008866887"
"13.07.2026 01:26:08","samin__","#2997","— Кармен Эшфолд —

Как только дверь в комнату открылась, девушка обернулась на работников, показывая тем ""пис"". Зайдя в комнату, та немного промедлив выдохнула, идя к стулу, а после сев на него посмотрела на масочника. У него что, синдром восьмиклассника? Импозантненький вид, напыщенные манеры и явная мания величия собственным интеллектом. Чтож, это будет ОЧЕНЬ сложно

Положив руки на колени, та наклонила голову слегка на бок, отвечая:

— И с кем же имею честь? Уж извините, но вы подняли такую суматоху, что я даже не успела ознакомиться с вашим делом, от чего надеюсь вы не против рассказать о себе вновь?","biok_ymer","1525417470813409391"
"14.07.2026 01:28:11","ktoia","#6622","— Госпожа —

Элиана замерла на мгновение, услышав вопрос. Она не ожидала, что Грэй спросит именно об этом. Вопрос задел что-то внутри, что она предпочла бы оставить в покое. Она резко встала, отряхнула пальто, стараясь не смотреть на волчицу и ответила с легкой, нервной ухмылкой:

— Убила прошлого, только и всего. Много для этого не требуется.

Она повернулась, готовая идти, но остановилась на полшага, понимая что ответ прозвучал слишком резко и коротко. Она выдохнула, провела рукой по волосам и добавила:

— Это была не месть. И не борьба за власть. Просто... он перестал быть тем, кто мог вести за собой. И я сделала то, что сделала. А после - продолжила идти вперед.","biok_ymer","1525763058297868358"
"14.07.2026 12:19:46","biok_ymer","#9440","—Эвелин—
|-----------------------------------------------------------------------------|
Услышав Кайна, девушка подстегнула вставая с места и помохав тому на прощание, ушла по своим делам, оставляя парня в одиночестве. Чем же он займётся?
|-----------------------------------------------------------------------------|","pizza9832","1525941845954134026"
"14.07.2026 12:22:19","biok_ymer","#9440","—Грэй—
|-----------------------------------------------------------------------------|
Услышав ответ девушка хотела было подуштить про решения конфликта кровопролитием, однако сдержалась вставая с места и идя следом, добовляя:
|-----------------------------------------------------------------------------|

—А я смотрю не у меня одной тараканы связанные с прошлым. Ну свержение на то и свержение, чтобы менять старые устои. Не вижу смысла тебя осуждать за кончину старика.

|-----------------------------------------------------------------------------|","ktoia","1526354584858005697"
"14.07.2026 12:36:16","biok_ymer","#9440","—???—
|-----------------------------------------------------------------------------|
Мужчина чуть посмеявшись сложив руки вместе в замок, говоря:
|-----------------------------------------------------------------------------|

—Зовите меня Бондрюд, Владыка рассвета и по совместительству Белый Свисток исследователей бездны. Я обратился к вам не с проста мисс Кармен, а чтобы предложить обмен.

/Тут он уже расставил руки в стороны, добовляя уже с большим интересом:/
-Мне нужны человеческие тела, а если быть точным живые люди. Без разницы ктоя преступники, пенсионеры, дети. Мне нужны те, кого вам не будет жалко, чтобы поддерживать мою жизнь, иначе я скину от проклятья бездны. Взамен же я, предлагаю свои знания и помощь в исследованиях. В своем мире я был величайшим в сфере изучения нового, готового пойти на любые средства, для достижения цели...

/Опустив руки, парень добавил:/
-И под любыми, я имею ввиду все, что приведет к открытию. Я человек ценюший знания и ради них готов даже работать на цепи, с возможностью продвижения дальше в своих изысканиях.

|-----------------------------------------------------------------------------|","samin__","1525991681126830262"
"14.07.2026 19:13:55","pizza9832","#9089","__""Каин""__

*Попрощавшись взмахом руки с девушкой тот не стал сразу уходить, скорее сел и просто осматривая окружение вокруг себя. Стены, которые все были однотонные, люди которые ели обсуждали свои дела и всяческие истории за прекрасным обедом. Это место будто давило на Каина. После не долго размышления тот поднялся с одинокого стала, выйдя из столовой просто неизвестном направлении, чтобы хоть как то себя развеять. После же погрузиться в свои мысли*

-(Хм вот какие они люди, видимо они и вправду не сильно отличаются от нас. Ведь все же мы их творения. Правда не смотря на то, что здесь так спокойно, умиротворяющее даже мне будто чего-то не хватает. Неужели я уже не могу жить без всяких этих приключений или тяжёлых испытаний в моей жизни?)","biok_ymer","1526518563349856327"
"18.07.2026 11:41:04","samin__","#2997","— Кармен Эшфолд —

Ну точно синдром восьмиклассника... ""Владыка рассвета блин""... и сразу к делу. В такие моменты Кармен вспоминала слова ""самая лучшая в классе - самая обычная на кассе"". Ранее она считала себя как минимум ""весьма умной"", от чего и слегка не вписывающейся в общество, однако встречаясь с настоящими гениями, та поняла что по сравнению с ними... она просто обычный человек, только и всего

Поняв что разговор будет не из простых, та чуть призадумалась, отведя взгляд в сторону, говоря собеседнику:

— А под маской случаем не скрывается мой босс? Такое вполне в его стиле. Ммм...

Переведя взгляд обратно на маску, девушка вытащила руки из под стола, скрестив пальцы между собой:

> В истории человечества открытия и правда достигались ценой жертв, а самые быстрые толчки, путём экспериментов за гранью гуманности, но сейчас же у нас другое время ""век терпимости"" ко всему. И ведь мы сейчас не дикари чтобы препарировать себе подобных, ведь так. Тем более для поддержания жизни объектов

> С другой стороны, это отличная возможность. Мы уже бесчеловечно крадём существ их иных миров, держа их в заточении. Хм... странностей всё больше и больше. Объект что готов делиться наработками из другого мира и помогать с нашими... его интеллект уже признан. Хм... а столь ли это большая цена? Пока что... просто не буду давать прямого ответа

— Весьма интересное предложение господин Бондрюд. Предложить отбросить человечность ради продвижения науки. Позвольте спросить, за какими именно знаниями вы гнались до попадания сюда? Что именно вы можете предложить и какое количество... эм... душ? Вы запрашиваете?

> Ну очень опасный объект. А вдруг души дают ему силу... или что-то вроде того и он просто сбежит, чиня хаос как только накопит достаточно?","biok_ymer","1526522713806602361"
"21.07.2026 07:58:06","biok_ymer","#9440","—Бондрюд—
|-----------------------------------------------------------------------------|
Мужчина спокойно выслушал девушку, после чего вновь расставил руки в стороны, говоря:
|-----------------------------------------------------------------------------|

—Как я ранее говорил, я был белым светском в своем мире, это лучшие из лучших исследователей бездны, неизвестной тайны нашей земли, где я поселился на 5-том уровне и создал собственную коалицию из своих клонов для удержания уровня и распространения информационных сетей. В мире я также проводил множество экспериментах на сиротах при помощи артефактов, отчего я ещё могу заявить что являюсь мастером сотворения артефактов или скорее их раскрытия. Являюсь также экспертом в ораторстве и мои изыскания помогли нам продвинуться на несколько слоев дальше чем возможно. Достаточно или мне стоит продолжать?

/Чуть сбавив обороты, тот положил руки на стол, говоря:/
-Ну в предложить я могу свой подовляющий интеллект, артефакты и возможность изучения объектов принудительно, нежели простой дискуссией. О и мне нужно примерно 2-3 человека на неделю, всеволишь чтобы отвадить моё проклятье. Но если будут ещё мясо для экспериментов, я буду поистине благодарен.

|-----------------------------------------------------------------------------|","samin__","1527958374392795247"
"22.07.2026 17:49:28","biok_ymer","#9440","—Палач—
|-----------------------------------------------------------------------------|
Тот подал плечами, говоря:
|-----------------------------------------------------------------------------|

—Не думаю, мне кажется тут все своего рода сломленные дети, что стали психами. Но если ты считаешь меня нормальным, то может найдешь кого ещё ""нормального"" среди других, тут уже знать не могу.

|-----------------------------------------------------------------------------|","ktoia","1524733614665896066"
"22.07.2026 18:30:05","ktoia","#6622","— Госпожа —

На душу накатило облегчение от того, что Грэй не стала лезть с лишним. Такую тему точно не хотелось вновь поднимать со дна. Элиана коротко кивнула, принимая сказанное и продолжила идти вперёд, слегка замедляя шаг, чтобы волчица могла идти рядом.

Она помолчала несколько секунд, собираясь с мыслями, а затем решительно сменила тему, придавая голосу более лёгкий оттенок:

— И куда сейчас пойдем?

||Я хз че щас делать.||","biok_ymer","1526519202842939464"
"22.07.2026 18:38:00","ktoia","#6622","— Элисон Кроуфорд —

—Мне кажется, я вписываюсь в это описание лучше, чем хотелось бы признать..

Девушка поднялась на ноги, отряхнула одежду и добавила:

— Тогда, пока есть возможность я прогуляюсь. В прошлый раз толком осмотреться не вышло.

С этими словами Элисон направилась к выходу из ""комнаты"", шагая куда-нибудь, между делом поглядывая и смотря на местных.","biok_ymer","1529500635488063689"
"25.07.2026 03:05:13","biok_ymer","#9440","—Грэй—
|-----------------------------------------------------------------------------|
Идя рядом со своей любимой девушка подумала чем лучше всего заняться и добавила:
|-----------------------------------------------------------------------------|

—Ну время ещё есть, можем пойти перекусить ну или отдыхать, все равно вряд-ли что-то ещё интересное произойдет. А ты кстати теперь выходит будешь и сама по объектам ходить? Хорошая возможность для изучения возможных союзников, а я могу помогать, здорово, а?

|-----------------------------------------------------------------------------|","ktoia","1529510858617782442"
"25.07.2026 03:15:43","biok_ymer","#9440","—???—
|-----------------------------------------------------------------------------|
Выходя из камеры та увидела как многие стали разбираться по комнатам, однако одна фигура уж сильно выделялась красивым костюмом, яркой улыбкой и четырем рукам?? Наблюдая со стороны та заметила, что девушка похоже говорила сама с собой смотря куда-то в пустоту? Время от времени посмеиваясь, однако похоже не сильно волновалось об мнении окружающих... Ну и псих.
|-----------------------------------------------------------------------------|","ktoia","1529512849682989176"
"25.07.2026 03:15:45","biok_ymer","#9440","","",""
"25.07.2026 03:51:41","biok_ymer","#9440","1","",""
"28.07.2026 03:22:33","ktoia","#6622","— Госпожа —

Продолжая идти вперед рядом со своим врагом-союзником, девушка задумчиво кивнула, обдумывая предложение.

— Уже думала об этом. Да, мысль определённо имеет право на жизнь. Полагаю, мне придётся в будущем ходить к кому-то куда более опасному, чем те, кто сейчас тут ошивается... М... Посмотрим, что из этого выйдет, когда я хотя бы раз схожу и пойму, насколько это вообще реально.

Госпожа свернула в сторону столовой.

— Пошли перекусим.","biok_ymer","1530365271771185153"
"28.07.2026 03:34:33","ktoia","#6622","— Элисон Кроуфорд —

Элисон замерла на пороге, едва переступив через край камеры. Её взгляд почти сразу выхватил из общей серой массы незнакомку, ведь та слишком ярко выделялась на фоне унылых стен и сгорбленных фигур. Красивый костюм, четыре руки, большая улыбка... и она точно разговаривала с пустотой, если конечно тут нету человека невидимки... **Ну и псих**, действительно.

Она перевела взгляд на свою одежду. Потом снова на незнакомку. Отличия точно есть... Однако девушка не казалась угрожающей. Скорее... странно притягательной. Элисон осторожно, стараясь не привлекать внимания, двинулась в сторону незнакомки. Она шла медленно, делая вид, что просто прогуливается и осматривается, но на самом деле пыталась приблизиться настолько близко чтобы услышать о чем та говорит.","biok_ymer","1530367914501341305"
"28.07.2026 03:42:11","biok_ymer","#9440","—Грэй—
|-----------------------------------------------------------------------------|
Подходя к столой те похоже прибыли под конец ужина, отчего еды было немного, не найдя ничего МЯСНОГО, девушку удручённо выдохнула, после чего взяла кусок хлеба и села с ним за стол, грустно жуя. Попутно говоря:
|-----------------------------------------------------------------------------|

—Бууу надеюсь будет поменьше проблем с философией, не хотелось бы чтобы тебя кто-то промыл и заставил что-то делать против твоей воли. О, было бы славно найти кого-то сильного, чтобы можно было тупо прорваться через силу, а не думая хитрый план побега.

|-----------------------------------------------------------------------------|","ktoia","1531456796042985543"
"28.07.2026 03:51:40","biok_ymer","#9440","—???—
|-----------------------------------------------------------------------------|
Та походе не сильно замечала подходящей к ней девушки, продолжая о чем-то болтать ухмыляясь. Как только она подошла достаточно близко, та смогла уловить часть её беседы:
|-----------------------------------------------------------------------------|

—Пхехе, да будет тебе, пока не бьют и кормят все довольно неплохо, а.

/Минута молчания, а после та вновь посмеялась с пустоты, говоря:/
-Пхахаха, ну ты и милашка конечно, чего так беспокоишься если пока ничего не произошло. Мы тут уже месяц и ничего из опасного не предвиделось. Ну да немного помяли костюм, но это не так уж и плохо. Видела какой у того старика костюм, вот это я понимаю Американская мечта из регламента.

/И вновь тишина и снова смех на реакцию тишины:/
-Пха и не говори, вылетый ""идеальный солдат""! Как думаешь, а чего они это затеяли то в итоге?

/И снова тишина... Да, похоже она и вправду ведёт диалог с пустотой и даже реогирует на неё... Ну и псих./

|-----------------------------------------------------------------------------|","ktoia","1531459816088928367"
"28.07.2026 13:28:21","ktoia","#6622","— Госпожа —

Прейдя в столовую и увидав что ничего интересного не осталось, девушка взяла какой-то салат и присев за стол стала тот медленно жевать, отвечая Грэй:

— Не думаю, что простыми разговорами о философии меня можно изменить, уж поверь. Хотя исключать того, что кто-то просто ""способен"" это сделать, тоже не стоит. Остается только держаться настороже.

Она сделала ещё пару укусов.

— Здесь нужен не просто сильный, но и умный - тот, кто способен разобраться в этом портале и его устройстве. Потому что лично мне... м... думаю, понять, как такое работает, уже выше моих сил. /хрум-хрум/ Вообще, понятное дело, у них здесь есть группа ""подавления"". Вот бы понять их возможности и реальную силу. Ты случайно кого-то подобного не видела?","biok_ymer","1531461736509472859"
"28.07.2026 17:15:32","biok_ymer","#9440","—Грэй—
|-----------------------------------------------------------------------------|
Доедая хлеб, та лениво потянулась и услышав вопрос, ответила:
|-----------------------------------------------------------------------------|

—Ну, лично с ними не встречалась, но на слышала что те способны подовлять силы других и драться со всеми на своих условиях. Неприятные противники, а их лимиты не известны.

|-----------------------------------------------------------------------------|","ktoia","1531609252001484860"
"28.07.2026 17:59:00","biok_ymer","#9440","—???—
|-----------------------------------------------------------------------------|
Долго я конечно думал что в тебя кинуть, в итоге ничего умнее не придумал чем просто вкинуть перса цундерку. Идя по бескрайним коридорам мужчина оглядывал просторы, в коих многие слонялись без дела в саду, кто-то между собой переглыаривал, кто-то спокойно себе отдыхал на травке, а кто-то возвращался в комнаты. Понятия ночи и дня тут было сложным, однако что-то ему подсказывало, что сейчас вечернее время. И вот так бы он и слонялся без дела, если бы его не привлекло внимание проходящая мимо девушка, выглядящая так словно стереотипный ""плохой парень"" в кожанке, золотой пирсинг и сигарета в руках. Да и необычные алые глаза также могут броситься во внимание, однако больше всего парня могло привлечь чувство, что этот человек явно не простой...словно она и не совсем человек... Интересно пройдет ли он мимо или попытается завести контакт?
|-----------------------------------------------------------------------------|","pizza9832","1526622784363692143"
"28.07.2026 17:59:03","biok_ymer","#9440","","",""
"28.07.2026 19:30:38","pizza9832","#9089","__""Каин""__

*Бродил так мужчина хоть и долго, но столкнувшись с девушкой, тот лишь несколько пал в ступор, ибо смотреть в глаза человеку для него это все ещё что-то новое. Однако Каин понял, что выглядит так какой фрик. Затем рука непроизвольно потянулась к нагрудному карману одежды куртки Каина, но поняв, что тут пуст,лишь недовольно прокашлялся прежде чем заговорить с девушкой*

-Кхем, миледи лишней сигаретки не найдётся?","biok_ymer","1531677361731534898"
"28.07.2026 22:18:30","biok_ymer","#9440","—???—
|-----------------------------------------------------------------------------|
Девушка хотела было пройти, однако вовремя заданный вопрос заставил её остановиться, после чего та пошарившись по корманам нашла полупустую пачку, доставая оттуда сигаретку и протягивая. Как только тот взял её в руку, та убрала пачку, уточняя:
|-----------------------------------------------------------------------------|

—Есть чем поджечь или и с этим подсабить?

|-----------------------------------------------------------------------------|","pizza9832","1531700424355217558"
"28.07.2026 22:40:40","ktoia","#6622","— Госпожа —

Слушая Грэй, госпожа продолжала есть салат, а когда та закончила, ответила:

— Звучит как отменная байка. Но... мм... поверить можно, если учитывать, что здесь творится. Вот и ответ на вопрос, почему тут никаких ""переворотов"" не устраивалось. Хм. Переманить такого - наверное, что-то на уровне невозможного. Беда бедой.

Доев салат, девушка отставила пустую тарелку в сторону и поймав себя на конспирологии, решила её выговорить:

— Как думаешь, они в еду что-то добавляют? Имею в виду то, что может дурно влиять на организм...","biok_ymer","1531666424320491541"
"28.07.2026 22:44:35","biok_ymer","#9440","—Грэй—
|-----------------------------------------------------------------------------|
Услышав последние фразу та с подозрением посмотрела на хлебные крошки, а после подала руками, говоря:
|-----------------------------------------------------------------------------|

—Не ну это уже мрак. Да даже если и так, не есть нам не лучший исход для сопротивления. Пупу, может дело в том, что тут бесконечная слежка за нами и возможно они следят за нашим организмом и силами в целом, все же вряд-ли нам тут дают полную свободу, это верно. Но вот еда, Фиг его знает, а как проверить? Эх


|-----------------------------------------------------------------------------|","ktoia","1531748245473202358"
"28.07.2026 22:46:40","ktoia","#6622","— Элисон Кроуфорд —

Всё это выглядело настолько нелепо, что Элисон на мгновение засомневалась - а не ослышалась ли она? Но нет, незнакомка продолжала болтать, словно с живым собеседником... Ну и псих...

Элисон перевела взгляд на пустое место рядом с той, затем обратно на неё. Кашлянула в кулак, привлекая внимание, сделала полшага вперед и начала слегка неуверенно:

— **Простите...** Я не хотела подслушивать, но... ам.... эм.... ну.... как бы... с кем вы говорите?","biok_ymer","1531464124045856912"
"28.07.2026 22:49:33","biok_ymer","#9440","—???—
|-----------------------------------------------------------------------------|
Переведя взгляд на девушку, та повернулась всем телом к ней говоря:
|-----------------------------------------------------------------------------|

—И тебе привет! С сестрой говорю, рядом которая... А, не видишь да? Пхехе, ну она и вправду весьма ""прозрачна"". 

/Чуть помолчав она вновь глянула на пустое место, а после на девушку чуть посмеиваясь:/
-Ну вот, теперь она кричит, не стоило при ней это говорить~. Ты по какому делу, вряд-ли ты призраками интересуешься).

|-----------------------------------------------------------------------------|","ktoia","1531749758291677304"
"28.07.2026 22:58:52","ktoia","#6622","— Госпожа —

— Мрак, мраком, но даже у нас были таблетки, что успокаивают людей. Тут же может и вовсе... ну... с памятью играться или вообще ""подчинить"" тебя... но...

Тут госпожа прекратила развивать шизотеории и столкнулась с другими мыслями, что не сходились с этими теориями, начав выговаривать и их:

— Хотя им же нужны наши знания, соответственно и воспоминания... другие миры и бла-бла. Неужели нет никаких ""таблеток правды"", что заставляют человека говорить то, что нужно? Нет конечно это звучит фантастически, но и портал между мирами тоже звучит фантастически... Ммм... Ай, бред какой-то. Все равно это не проверить - я химию на нюх не воспринимаю.

Она задернула рукав, глянула на время, после вернула рукав обратно и спросила:

— Напомника, ты им про волю ничего особого не говорила?","biok_ymer","1531749232384675961"
"28.07.2026 23:09:48","ktoia","#6622","— Элисон Кроуфорд —

Похлопав глазами на такой ответ, Элисон не совсем поняла, что тут происходит, но определенно диалог продолжить хотелось, поэтому она как умела натянула вежливую, но настороженную улыбку и заговорила:

— А... понимаю...

Она глянула на пустоту.

— Э... м... Извини? Кхм...

Вернув взгляд на живую незнакомку, продолжила:

— Да, верно... Не приходилось думать, что они существуют. А я в общем... /задумалась, с чего можно начать и ничего удачнее не придумав, продолжила:/ Меня Элисон зовут. Вы выглядите так, будто здесь уже давно и /запнулась, пытаясь подобрать слова/ мне бы не помешало узнать, что тут вообще происходит. Если вам не сложно, конечно.","biok_ymer","1531750481242750996"
"29.07.2026 01:06:37","biok_ymer","#9440","—???—
|-----------------------------------------------------------------------------|
Услышав извинения та пжчуть помотал головой, явно отказываясь от извинений, говоря:
|-----------------------------------------------------------------------------|

—Да ну, она привыкла что она пустое место~. Ой ой ой, да бить то да что?

/На верхней части одежде и вправду были видны следы маленьких кулачков, на что она видимо и отреогировала, после же та протянула руку для рукопожатия, говоря:/
-А я Вивьян, рада с тобой познакомиться Элисон. Я и сама тут не так давно, очтего помочь ничему не могу, прости!

/Пожав руку, та бы осмотрелачь по сторонам, говоря:/
-Да и все тут выглядят так, будто аюв тюрьму какую попали, а ведь тут условия просто шик по сравнению с жизнью на улицах. Ну и дела. Ох, забыла представить.

/После она показала рукой на пустоту сбоку, говоря:/
-Её зовут Ева, как первая человеческая дева! Ох, да что ты опять бузищь, она же все равно тебя не видит и не слышит! Ну вообще...

/Глянула в глаза Элисон:/
-А ты хочешь увидеть?

|-----------------------------------------------------------------------------|","ktoia","1531755579276660939"
"29.07.2026 01:11:48","biok_ymer","#9440","—Грэй—
|-----------------------------------------------------------------------------|
Слушая госпожу та стала шатать ногами взад вперёд, говоря:
|-----------------------------------------------------------------------------|

—Неа, зачем мне им вообще что-либо доверять? Я им байки говорила про силу зверя, чуйка и прочее. Ничего про волю, отчего я и весьма расстроилась, что ты про неё рассказала, теперь камни у меня полетят эх... Ну ничего, отобьюсь, главное что ты не подробно рассказала, все ещё козырь при нас.

|-----------------------------------------------------------------------------|","ktoia","1531752826072469718"
"29.07.2026 19:47:09","pizza9832","#9089","__""Каин""__

*Каин лишь взяв сигарету сразу же зажал ее между зубов, а после почесав свой затылок тот опустил эту же руку к краю сигареты, а после странного щелчка небольшой электрический ток пронзил и поджег сигарету. После же лёгкой затяжки мужчина высунул сигарету и уже держал ее в своих пальцах*

-Не сам справился, хм видимо вы здесь все такие невозмутимые перед непонятными личностями со своми странностями.","biok_ymer","1531742669078794240"
"30.07.2026 04:03:02","ktoia","#6622","— Госпожа —

Выслушав Грэй, ушки госпожи слегка опустились, а взгляд на мгновение стал рассеянным. Она тихо выдохнула, принимая свою оплошность и сказала с ноткой досады в голосе:

— Да... я как дурочка поступила. Не понимала ситуацию полностью... 

Девушка отодвинулась от стола и встала со стула. Поправив пальто, коротко кивнула в сторону выхода и добавила:

— Пожалуй... пошли в комнату.

Сложив руки в карманы девушка молча пошла в комнату.","biok_ymer","1531786280403210361"
"30.07.2026 04:36:45","ktoia","#6622","— Элисон Кроуфорд —

Элисон похлопала глазами, пытаясь переварить поток информации. Одно про ""пустое место"", второе про ""лучше, чем на улицах"", а третье про Еву, которую она не видела. А уж мысль о том, что кто-то называет это место ""комфортным"", вызвала у неё легкое замешательство и даже раздражение.

Она задумалась, пытаясь сопоставить услышанное с тем, что видела своими глазами и проговорила:

— Лучше, чем на улицах? Я... ну... /выпрямилась и продолжила уже тверже:/ Не знаю. Я не жила на улицах, но это место... оно... я уже ненавижу его всей душой. Здесь пахнет отчаянием.

Перевела взгляд на пустоту, куда указывала Вивьян, затем снова на неё и после короткой паузы, когда раздражение прошло, ответила:

— Увидеть Еву?.. Я... наверное, да? Если это возможно.","biok_ymer","1531784975324676126"
"30.07.2026 18:11:18","biok_ymer","#9440","—Вивьен и Ева—
|-----------------------------------------------------------------------------|
Девушка ухмыльнувшись приблизилась к девушке поближе и дотронулась до оба девушки, после чего та почувствовала мимолетную вибрацию на лбу, после чего девушка отошла в стороне и показала двумя руками на пустое место, где появился левитирубщий дух девочки? Что недовольно стал причитать девушки:
|-----------------------------------------------------------------------------|

Е: - ты опять делаешь поспешные действия, даже незнач с кем ты связывается? Как можно быть такой легкомысленной дурой!?
В: -Нуну, опять бузишь? Я же просто хочу наладить с кем-то тут отношения. Да и говорить ты сейчас с ней сможешь.
Е: - а? Ты чё, серьезно?

/Девочка уставилась на Элисон, что судя по всему смотрела на неё и её лицо набилось гневом, отчего она перевела взгляд обратно на Вивьен говоря:/

Е: -НУ ТЫ И ДУРА! Зачем ты это сделала!?
В: -Так ты жаловалась, что тебя никто не видит, вот я исправила!
Е: -Я ЖАЛОВАЛАСЬ, ЧТО ТЫ ПРИ ВСЕХ СО МНОЙ ГОВОРИШЬ, ОТЧЕГО НА ТЕБЕ И КОСЫЕ ВЗГЛЯДЫ!
В: -Пффф, разве взгляд людей имеет смысл?
Е: -ИМЕЕТ.
В: -Ладно, ладно, тихо. Ато и эта девушка от нас уйдет.
Е: -Да ты же НИЧЕГО не поняла!
В: -Ладно, не суть важно.

/Девушка перевела взгляд на девушку, отвечая:/
-Тут в отличии от улиц есть что поесть и где поспать, мне нравится. А тебе не нравится? Хммм, ну бывает!

|-----------------------------------------------------------------------------|","ktoia","1532200246929522758"
"30.07.2026 18:11:23","biok_ymer","#9440","","",""
"30.07.2026 18:14:27","biok_ymer","#9440","—Грэй—
|-----------------------------------------------------------------------------|
Вставая следом и идя за девушкой, та заметив некое ухудшение настроение, добавился:
|-----------------------------------------------------------------------------|

—Ну чего ты нос повесила? Да уже все равно, главное что все равно подробностей они незнают, не беспокойся об этом. Хочешь буду ночью тебя обнимать ~?

|-----------------------------------------------------------------------------|","ktoia","1532191761210806435"
"30.07.2026 18:18:45","biok_ymer","#9440","—???—
|-----------------------------------------------------------------------------|
Девушка и вправду не особо удивлялась внешнему виду парню, да и силе не особо удивилась, сделав затяжку своей сигаретки, та сказала:
|-----------------------------------------------------------------------------|

—Не сказать что все, но многие тут появляются, поэтому не особо удивительно что есть человекоподобный мужик, что способен использовать магию. Я и сама не сильно отличаюсь.

/Сказала девушка после чего вытянула руку в сторону и щёлкнув пальцем у неё над рукой появилась горсть алых ножей, что леветировали над рукой. После чего она демонстративно направила палец в землю и ножы воткнулось в неё, после чего через пару мгновений стало растворяться и исчезли. Продемонстрировав свою силу, та после глянула на лицо парня, показывая пальцем на его хвост, говоря:/
-А эта штука надеюсь не заразна? Ато и так грозят ракам от курения, а у тебя буквально клещ какой-то на лице.

|-----------------------------------------------------------------------------|","pizza9832","1532066966834249909"
"30.07.2026 23:50:06","ktoia","#6622","— Госпожа —

Слова Грэй не сильно обнадежили Элиану, однако когда прозвучал вопрос, девушка глянула на неё как на психа и ответила с легкой усмешкой:

— Ладно, это не я дурочка. Я уверена, ты и сама знаешь ответ на свой вопрос.

Она приподняла голову, продолжая идти вперед обдумывая что-то.

— Судьба - странная штука.","biok_ymer","1532406026341584966"
"31.07.2026 01:10:41","biok_ymer","#9440","—Грэй—
|-----------------------------------------------------------------------------|
На данный ответ хвост девушки сильнее затрепетал, и та радостно ответила:
|-----------------------------------------------------------------------------|

—Значит и целовать можно? Ох, какие радостные новости!

|-----------------------------------------------------------------------------|","ktoia","1532490497610874941"
"01.08.2026 00:50:36","ktoia","#6622","— Госпожа —

От внезапно услышанного Элиана резко остановилась и развернулась к Грэй. В её взгляде читалась колючесть, а голос прозвучал твердо и чуть громче, чем обычно:

— Ты ДУРА?!

Она на мгновение задержала на ней, затем развернулась обратно и продолжила идти вперед, бросив через плечо:

— Господи, дай мне сил...

Глубоко выдохнув и пытаясь вернуть самообладание, Госпожа продолжила шагать, загибая пальцы на руке и перечисляя:

— Не обниматься, не лапаться, не целоваться, не нюхать, вообще не трогать друг друга, не называть меня всякими дурацкими ласковыми словами... Чёрт с ним, лучше бы Элианой меня звала, уши бы не резала хотя бы.","biok_ymer","1532510775086940311"
"01.08.2026 00:57:34","ktoia","#6622","— Элисон Кроуфорд —

Элисон моргнула один раз, второй. Затем ещё раз, медленно пытаясь сбросить видение. Перед ней действительно висела девочка-призрак, которая только что с недовольством отчитывала Вивьен и судя по всему, она была вполне реальна - настолько, насколько вообще может быть реально нечто бесплотное.

Элисон слегка удивленно отшатнулась, разглядывая Еву с головы до ног. Затем перевела взгляд на Вивьен, потом снова на призрака и тихо, почти растерянно, произнесла:

— Это... и есть Ева? А... как? Ну то есть...

Осознавая нелепость вопроса девушка слегка потупила, однако после все же спросила:

 — ...я не знаю, как правильно спросить. Ты - дух? или... ам... Призрак? Хотя... ты вообще живая?","biok_ymer","1532405235241455616"
"01.08.2026 11:12:18","biok_ymer","#9440","—Вивьен и Ева—
|-----------------------------------------------------------------------------|
Первая уикнулась, давая возможность переговорить духу с незнакомкой. Попутно осмориавая округу и замечая как больше любопытных взглядов смотрят в их сторону, на что та довольно помохал всем и те переводили взгляд, словно ничего втом не было. Дух же горделиво подняла голову вверх, говоря:
|-----------------------------------------------------------------------------|

—Не простой дух, а бывший человек, что стал призраком. Как говорят в дешёвых фильмах, неупокоенная душонка. Я бы наверное тоже испугалась, если бы увидела себя такой, прости эту дуру, что так резко все вывалила. Мы сюда загребли не так давно, отчего и вправду не особо вписываемся, особенно она... Кхм, а ты сколько тут уже?

|-----------------------------------------------------------------------------|","ktoia","1532869864048562286"
"01.08.2026 11:18:16","biok_ymer","#9440","—Грэй—
|-----------------------------------------------------------------------------|
Каждый новый запрет отдавался словно удар ножа в сердце, отчего та театрально держалась за грудь одной рукой, а второй закрыла лоб, отведя в сторону и говоря:
|-----------------------------------------------------------------------------|

—Ах, какая неприступность, какая холодность и жестокость! Мы же уже команда, так к чему такое расстояние?

/Став вновь нормально, та продолжила идти следом, добовляя уже более расстроено, недели театрально:/
-Ладно ты в любом случае сейчас босс, отчего не вижу смысла перечить с твоими указаниями Эличка~. Не думала что доживу до момента, когда мне будет дозволена звать тебя по имени! Сегодня свершилась хоть и не большая, но приятная победа, отчего мне и этого хватит.

/И вот они дошли до комнаты, где девушка дождавшись пока та зайдет осмотреться по сторонам, дабы их не засекли вместе, после чего зашла закрывая дверь за собой. Не долго думая та заняла диванчик, говоря:/
-А первая наша ночь была весьма теплой и милой, жаль расставаться с твоим теплом, но поделом. Завтра приступим к психологической мозгоправке других бедолаг. Ты только не злись, ато ещё морщинки появятся на прекрасном личике.

|-----------------------------------------------------------------------------|","ktoia","1532868107931095132"
"01.08.2026 16:36:30","ktoia","#6622","— Госпожа —

Капанье на мозги театральщиной Госпожа благополучно пыталась перетерпеть, чтобы наконец добраться до комнаты. Войдя внутрь, она с хмурым видом подошла к стулу, присела и начала снимать пальто, затем аккуратно повесила его на спинку, сняла перчатки и стала готовиться ко сну, не глядя на Грэй.

— Даже не вспоминай про ту ночь. И хватит себя так вести. Мхм...

Она достала из кармана пальто пустую пачку сигарет, с досадой посмотрела на неё и швырнула на стол. Затем медленно перевела взгляд на кровать, потом на диван и наконец, перестав хмуриться уставилась на Грэй:

— Да. Завтра должен быть день продуктивнее сегодняшнего - это правда. Поэтому... я тебе не запрещаю спать на кровати. Могу и подвинуться, но трогать меня всё так же нельзя или я тебя мигом скину. И пожалуйста одеяло не забирай целиком. Договорились?","biok_ymer","1533026066065784924"
"01.08.2026 17:16:56","pizza9832","#9089","__""Каин""__

*Каин лишь покуривал сигарету наблюдая за интересной способности неизвестной девушки перед ней, а после когда речь пошла про каменный нарост на его лице. Тот постучал рукой по каменной поверхности этих рогов, которые отдавался соответствующим звуком, словно удары по бетонной стене*

-А ну я не совсем маг, я скорее черпаю силу из окружения. Эта штак просто каминная пластина, которая мне досталась как мутация. Такое бывает, когда ну появляется гибрид двух видов. Отвечая же на самый популярный вопрос, нет я не вижу через него. Глаз просто отгравировался, когда эта штука его закрыла. Кстати меня Каин звать, а тебя как леди?","biok_ymer","1532407107981148231"
"01.08.2026 19:08:55","biok_ymer","#9440","—Грэй—
|-----------------------------------------------------------------------------|
Услышав радушное приглашения, та и сама стала переодеваться, снимая свою верхнюю одежду и оставляя нижнее белье, с майкой. После чего ответила:
|-----------------------------------------------------------------------------|

—Ты такая добрая и милосердная Элиана! А одеялко мне и не нужно, меня согреет близость к тебе, хоть и без касании, все же я уважаю твои личные границы и не буду лезть лишний раз, нужно найти для этого подходящий момент~. Нуууу, споки!

/Сказала девушку, после чего встав с дивана легла на край кроватки и повернулась в спиной к другому краю, довольно перекрывая глаза./

|-----------------------------------------------------------------------------|","ktoia","1533106151346933852"
"01.08.2026 19:18:55","biok_ymer","#9440","—???—
|-----------------------------------------------------------------------------|
Услышав про гибрида та чуть напряглась, однако выдохнув чуть дыма расслабила лицо, спокойно отвечая:
|-----------------------------------------------------------------------------|

—Чара, Чара Дримур. Тоже своего рода ""гибрид"", ведь использую силу не подвластную силу душу человека, свойственная монстрам, ""Магия"". Но не будем о теме в разной понимании силы из других миров. Ну раз не заразен и на том спасибо. Ты лучше скажи чего так удивлённо по глазам бегаешь, у тебя травма из-за твоих глаз фонарей?

|-----------------------------------------------------------------------------|","pizza9832","1533116328213483702"
"01.08.2026 19:46:30","pizza9832","#9089","__""Каин""__

*Маленький едва заметный зрачок в форме спирали слегка повернулся в сторону, когда парень осознал, что буквально пялит в наглую. После этого Каин поправил воротник своего свитера слегка прокашливаясь*

-А, оу удивительно неужели зрачок разглядела? Я бы и комплексовал если бы подобные глаза не были чем-то обычным среди таких как я. Просто у нас человек тоже есть, правда в единственном экземпляре. Поэтому я скорее любопытствую ибо не знал, что глаза у людей могут быть красными.","biok_ymer","1533147028039929996"
"02.08.2026 04:16:04","ktoia","#6622","— Госпожа —

Госпожа перевела взгляд в бок когда Грэй переодевалась, не желая задерживаться на этом дольше необходимого и не говоря ни слова, тоже начала переодеваться. Она стянула с себя плотную рубашку, оставшись в лёгкой майке, затем сняла штаны и аккуратно сложила их на спинку стула.

После подошла к кровати и пролезла в глубь, где легла на свою половину, спиной к Грэй, накрывшись одеялом до плеч. Но через минуту она всё же повернулась на бок и уставилась на волчицу, разглядывая её. Так прошло ещё несколько мгновений - она просто смотрела на неё, не моргая, изучая линию плеч, разбросанные по подушке волосы. Затем тихо, спросила:

— Ты действительно думаешь, что я добрая? Или это сарказм?","biok_ymer","1533144510719066294"
"03.08.2026 14:54:33","samin__","#2997","|| 13 дней мороза и всë ради... а я не знаю чего ради, может пост будет маленький, посмотрим ||

— Кармен Эшфолд —

> Нет, ну у него точно синдром восьмиклассника. Он хоть понимает какой это кринж, расставлять руки в стороны в наше время? Это же анимешки 10-20 годов прошлого века, фу. Хотя... в его исполнении это всë же выглядит круто... но заезжено

Слушая мужчину перед собой, девушка почуствовала себя в пасти хищника. Аморального хищника. Из всех этих слов, она поняла только то, что перед ней сидит уж точно не человек. Если так подумать, впервые а еë ДВУХДНЕВНОЙ практике. Роза была весьма человечка или скорее человекоподобна в общении, Грим хоть и был странным, всë ещë был человеком в зачатках своего мышления, Тихэ хотя и называла себя ангелом, всë равно подерживала беседу на приемлимом уровне, более походив на маленькую девочку, чем на ангела или бога, но тут... тут и вправду было мышление за гранью общественных рамок и в целом каких либо рамок. От всего этого, у Кармен вновь пробежали мурашки по спине

> Белые свестки, бездна, слои. Ясно что ничего не ясно, но видно что он гордится своими деяниями. Си-роты... сиротки. По всей вмдимости он имееи в виду именно то, что и приходит в голову при слове ""сироты"". Мда... не удивлюсь если он и делал их сиротами

> Артефакты, наука другого мира, при чëм весьма развитая по всей видимости и ""принудительное иследование объектов"" не уверена идëт ли это в разрез с политикой комплекса, хотя... вряд ли, ведь у меня и самой подобные мысли проскакивали. Некоторые объекты бесполезны и опасны, а значит нужно выжимать из них данные и выбрасывать, только и всего, однако... ""мясо"". 2-3 человека в неделю. Несколько жизней, чтобы подерживать жизнь одну всего неделю. Не слишком ли много?

> Так Кармен, все самые великие и пропывные открытия, опережающие своë время были сделаны благодаря экспериментам на осуждëнных иди как раз бездомных ну и разумеется сиротах. Бр... это в порядке вещей, да и обществу об этом знать не нужно... но всë равно... слишком страшно иметь дело... с ним

Тут девушка и притихла. Всяв косу в руки, та стала нервно еë перебирать, горяя мысли по кругу. Как таковых противоречий и не было, да и убеждëнность что общество само себя ограничивает было у девушки ещë со времëн старшей школы, однако если слишком лолго жить среди обычных людей, было сложно принять это решение, от чего вновь увельнув от прямогого ответа, девушка высказалась:

— Признаться я не понимаю большу часть использованной вами терминологии господин Бонрюд, но весьма впечатлена послужным списком. Отдавать 2-3 жизни в обмен на вашу... весьма ""интересное"" условие, однако позвольте подметить, что за эту плату мы будет требовать еженедельного результата, который покроет траты. Вы готовы к этому?

— Ох... и раз уж об этом зашëл разговор, какие у вас условия сейчас? Вам дают недостаточно... хм... эм... ""мяса?""

> Он признан опасным объектом за счëт интелекта, так что не может не замечать как я увиливаю. Обхитрить его можно только пользуясь его неосведомлëнностью в каком-то вопросе, однако он знает про работу комплекса и про методы изучения, от чего я не знаю что он знает, а что нет

> Да и условия которые он сам и придложил... по сути они рабские для него, но он не мог допустить такую ошибку, а точнее у него тут своя выгода. Как его вообще умудрились поймать? И вообще... ловили ли его или мы сами у него на крючке. Вопрос. Интересно, а быль может он догадался что я догадалась и просто блефует

> Хотя он мог предположить что я догодаюсь что он догодался, а быть может он просяитал что я подумаю о том, что он догодался что я догадалась что он догадался!

Да, у девушки пошла плавка","biok_ymer","1528989425726656642"
"03.08.2026 18:21:28","ktoia","#6622","— Элисон Кроуфорд —

Девушка не обращала внимания на окружение, полностью сосредоточившись на странном для неё летающем объекте.

— Я... не боюсь. Это скорее странно, нежели страшно. Так ты ещё и слегка прозрачная... Каким образом... то есть призраки все таки существуют. Я вас раньше боялась, хотя если бы знала что вы такие ""милые"" не пугалась бы.

Продолжая с интересом разглядывать Еву, Элисон чуть не забыла ответить на вопрос. Однако когда мысль о том, что нужно что-то сказать, всё же дошла до неё, она слегка нахмурилась и ответила:

— Здесь недавно... Но в общем плане, как бы объяснить... Скажем так я была в ""индивидуальном"" карцере очень-очень долгое время. Чертовски долгое время... Я ненавижу здесь каждого. Я бы их... /поймала себя на мысли, что говорит не то и резко остановилась, переведя разговор в другое русло/ Кхм... В любом случае, здесь я тоже ""зелёная"", как и вы... .. . С-слушай, Ева. Вы же точно не просто с ""улиц"". Смотря на вас, я не могу понять. Все таки откуда вы такие взялись?","biok_ymer","1533024564404162793"
"04.08.2026 01:23:04","biok_ymer","#9440","—Вивьен и Ева—
|-----------------------------------------------------------------------------|
Девушка смутилась услышав обращение ""милая"" и начала недовольно читать рукой показывая пальцем на девушку, раскрасневшись и хотя что-то начать кричать, как её прервала Вивьен подойдя поближе к Элисон и нагнувшись над ней шепча:
|-----------------------------------------------------------------------------|

—Не думаю что обмен личными данными так легко происходит, тем более в настолько людном месте. Есть где уединиться?

|-----------------------------------------------------------------------------|","ktoia","1533857344226595060"
"04.08.2026 01:26:03","biok_ymer","#9440","—Грэй—
|-----------------------------------------------------------------------------|
Девушка не меняясь в положении чуть непонимающе уточнила:
|-----------------------------------------------------------------------------|

—О чем ты, разве ты сама не грела меня тем, что думаешь только о своих людях и только о их счастье, разве это не говорит о доброте человека? У нас к примеру каждый сам за себя, отчего не такой же милый составчик как у вас~. Или ты думаешь я настолько предвзята в своих комплиментах? Ты ведь красивая и добрая, как и отважная, на это я и делаю свои комплименты к тебе~.

|-----------------------------------------------------------------------------|","ktoia","1533282203402899648"
"04.08.2026 01:34:35","biok_ymer","#9440","—Чара Дримур—
|-----------------------------------------------------------------------------|
Девушка смотря за действиями парня, спокойно перевела взгляд на землю, отвечая:
|-----------------------------------------------------------------------------|

—Нет, просто почувствовала пристальный взгляд. Знаешь ли, люди весьма чувствительны, когда их разглядывают. И ты говоришь глаза необычные? У меня на родине почти все в алых и золотых тонах, отчего мои глаза там не сильно выделяются, однако здесь я и вправду выделяюсь, наверное тут это и вправду необычно. А человек один? Незавидная судьба, но я его понимаю. Диковинка для других и звёздочка для всего мира, прошивок чувство...

|-----------------------------------------------------------------------------|","pizza9832","1533153967289139452"
"04.08.2026 02:04:31","biok_ymer","#9440","—Бондрюд—
|-----------------------------------------------------------------------------|
Аристократичный на вид мужчина стал спокойно скрестила руки вместе в замок и подпёр ими подбородок, смотря за моральными качелями девушки. Не было ясно что он испытывал из-за маски, прикрывающего его лицо, однако он явно не стремился мешать ей и дождавшись пока та что-то скажет, тот же положил руки обратно на стол не сводя взгляда с девушки и говоря: 
|-----------------------------------------------------------------------------|

—Мне и вправду дают несколько людей в неделю, однако в данном предложении я добавил возможность добавления людей уже не для личного поддержания жизни, а для опытов. Считайте моей личной выгодой от условия содержания. Взамен же я готов полностью раскрывать свои действия и изыскания в ответах, а также согласен на условия добиваться единедельного результата, это звучит не так уж и сложно, с учётом моего опыта. Однако возможно понадобиться некоторое время, чтобы расширить свой штат клонами, однако это также на ваше усмотрение. И я не против продвинуть данную беседу на более обширный ряд, отчего можете задавать вопросы, по непонятным для вас темам. Все же это допрос, я обязан сотрудничать с вами как никак.

/Закончив отвечать, тот чуть склонил голову вниз, добовляя:/
-Однако я хотела бы заручиться вашей поддержкой, для продвижения своих изучений. Объектам как вы понимаете тут нет доверия, отчего мне нужен посредник, что сможет вносить мои изыскания на публику. Для вас Слава и уважения, для меня отклик и развитие моих исследований. Все получат выгоду и посредник и рабочее лицо или вас тут что-то смущает? Мы можем и это обсудить, я никому не тороплюсь мисс Кармен.

/После сказанного мужчина вновь приподнял голову, смотря прямо на девушку, возвращая руки себе под подбородок и продолжая молча сверлить ту взглядом./

|-----------------------------------------------------------------------------|","samin__","1533805271170809876"
"04.08.2026 05:43:23","ktoia","#6622","— Госпожа —

Услышав ответ от Грэй в её взгляде появилось легкое замешательство, смешанное с удивлением. Она прикусила губу и отвела глаза в сторону, глядя в потолок.

— Это конечно приятно, не спорю. Да... я действительно слежу за благополучием своих людей и тех, кто принимает правила Клана, но... мф... можно ли назвать человека добрым, если он делает добро только для одних, а других карает за то, что они не принимают то, что должно? Разве это не лицемерие?

Девушка сильнее укуталась в одеяло.","biok_ymer","1533964195408646144"
"04.08.2026 05:59:38","ktoia","#6622","— Элисон Кроуфорд —

Не особо и поняв от чего смутилась Ева, девушка боязливо на автомате дернулась на месте, когда к ней ни с того ни с сего приблизилась Вивьян, но быстро поняв что все вроде как нормально Элисон выпрямилась и... задумалась над её вопросом.

> Так.. А где можно спрятаться? В камеру Палача? Та ну... нет, он подслушает. Я конечно не против, но они наверное его не так поймут и он их убить захочет. Значит...... мммм..... Точно! Тут же в камерах живут, значит... ну... Должны же быть тут свободные коморки?

Подняв глаза на Вивьен девушка кивнула и глянув в сторону камер молча повела их туда, ищя глазами хоть какие-то свободные, ну должны же быть тут такие... правда?","biok_ymer","1533963444854722750"
"04.08.2026 22:40:06","biok_ymer","#9440","—Вивьен и Ева—
|-----------------------------------------------------------------------------|
Девушка не сопротивлялась воли девочки, следуя за ней то и дело переглядываясь с людьми по сторонам, отчего те сразу отводили взгляд. Зайдя в случайную каморку, девушка облокотилась о стену, сказала:
|-----------------------------------------------------------------------------|

—Хммм, сойдёт. Я работала снаружи на одну фирму, что сейчас вроде как вне закона, ведь мы вроде как сопротивляемся исследовательским комплексам, как этот. И сюда я попала как раз чтобы найти одного человечка, что вроде как тут заточен в самой защищеной зоне. Однако не знаю как туда попасть, отчего пыталась привлечь к себе внимания местных и узнать слухи, однако те отчего-то не идут на контакт.

/Тут уже вмешалась Ева, что следовала по воздуху следом и недовольно стала тыкать на девушку, говоря:/
-Это все из-за того, что ты слишком прилетаешь к ним и не даёшь личного пространства, дура!

/Девушка на данный комментарий лишь ухмыльнулась, не смотря даже на Еву./

|-----------------------------------------------------------------------------|","ktoia","1534033043092672702"
"04.08.2026 22:42:43","biok_ymer","#9440","—Грэй—
|-----------------------------------------------------------------------------|
Снова непонимая отчего та решила засомневаться в себе, та все повернулась лицом к госпоже, посмотря на которую, сказала:
|-----------------------------------------------------------------------------|

—Ну разве не на то и право лидера. Карать зло и помогать добром народу? Это не сильно тебя олицетворяет как человека. А вот мысли и слова уже говорят о том, что ты не просто выполняет свою работу, а живёшь ей. Неужто у тебя проблемы с самооценкой? А по тебе и не скажешь мил...кхм, Эли.

|-----------------------------------------------------------------------------|","ktoia","1534028955571720303"
"06.08.2026 01:58:41","ktoia","#6622","— Госпожа —

Услышав слова Грэй, девушка перевернулась на спину и уставилась в потолок.

— Может быть. Но скорее это не проблемы с самооценкой, а просто страх ошибиться. Одна ошибка и потери могут быть огромными. А иногда мне кажется, что я уже ошибаюсь, просто пока не вижу этого. И от этого становится очень неуютно.

— Когда ты отвечаешь за других, у тебя нет права на слабость. Или на сомнения. Пф... я никогда не думала об этом именно так. Раньше просто не позволяла себе. А сейчас, когда не нужно отвечать за столько людей, мысли сами идут в эту сторону. Ай, ладно... нужно спать.

Она перевернулась на бок, лицом к стене. Все спать.","biok_ymer","1534285478222627057"
"06.08.2026 21:39:47","pizza9832","#9089","__""Каин""__

*Каин заметил опушённый взгляд девушки, а следом пошутил окурок об свой ботинок при этом водя взглядом по сторонам, где бы найти мусорку в этих стерильных коридорах*

-Да, есть такое, особенно когда ее создали изначально для войны, но своевременная опека и ограждение от подобного сделал из нее подростка, странного, но подростка. Хм, получается через неделю ей уже 16 будет. Хах надеюсь она меня переживёт, а то неприятные мысли приходят, когда я смотрю на человеческие глаза. Ведь когда я в них смотрю, подсознательно смотрю на ее глаза.

*Затем Каин прокашлялся выкидывая окурок в мусорку, которую все же смог найти*

-Я изначально хотел сказать благодарю за сигарету, но думаю норму по никотину я перевыполнил где-то на месяц, хех.","biok_ymer","1533966343412388050"
"07.08.2026 01:38:37","biok_ymer","#9440","—Грэй—
|-----------------------------------------------------------------------------|
Ну скип выходит. Девушка еще какоето время смотрела на девушку, а после потеряв интерес повернулась опять спиной, засыпая. На сей раз на утро госпожа проснулась позже, отчего не было ясно обнимали её ночью или нет... Грэй сидела на диванчике и расчесывала свои волосы, пока не замечая, что девушка проснулась. Что же будет делать девушка?
|-----------------------------------------------------------------------------|","ktoia","1534697183637409848"
"07.08.2026 01:45:26","biok_ymer","#9440","—Чара Дримур—
|-----------------------------------------------------------------------------|
Девушка слушая парня и сама докупила сигаретку, отчего выдохнув последний слой дыма удручённо вздохнула, выкидывая остатки туда же куда и парень, при помощи левитации, что та похоже осознанно контролировала со стороны. После обдумав слова, та сказала:
|-----------------------------------------------------------------------------|

—И вот незнаю излишняя опека или повышенное внимание, что лучше для ребенка хм, даже незнаю. Если не делать ошибки, никогда не вырастишь, однако если попасть в ад, можно и вовсе больше не встать.. Кхм, значит этот человек был тебе близок, выходит и у тебя в другом мире кто-то ждёт. Мх, я тоже давно не видела своего близкого...

/Чуть задумавшись, та недовольно стала чесать голову, говоря:/
-Ай, нет смысла думать о том, что мы не можем изменить. Все равно тут взаперти, как лабораторные мышки... 

|-----------------------------------------------------------------------------|","pizza9832","1534994415616266412"
"07.08.2026 17:40:13","ktoia","#6622","— Элисон Кроуфорд —

Элисон слушала внимательно, задумчиво покусывая губу. Когда Ева вмешалась с комментарием про личное пространство, она лишь слегка приподняла бровь, но промолчала. Затем сказала:

— Понимаю, почему люди здесь не идут на контакт. Место вообще не располагает к доверию...

Она сделала короткую паузу, затем продолжила, чуть склонив голову:

— Значит... вы сами сюда пришли? ам... Честно сказать я ничего про защищённые зоны не знаю, да вообще про любые зоны не знаю. Но... я могу попытаться помочь вам найти этого человека. но за услугу!... Если вы в свою очередь поможете мне. Вы бы не пошли сюда, если бы не было плана. А у меня нет цели сидеть здесь до конца своих дней....","biok_ymer","1534284818563469434"
"09.08.2026 14:04:32","biok_ymer","#9440","—Вивьен и Ева—
|-----------------------------------------------------------------------------|
Слушая собеседницу, та чуть задумалась, а после спросила:
|-----------------------------------------------------------------------------|

—Дело конечно правильное, альтруистическое, однако раз ты и сама толком тут ничего не знаешь, то и помочь ничем не сможешь, разве не так?

/На это Ева чуть хмыкнула, говоря;/
-Она хотя бы единственная, кто решила тебе помочь, а ты её пытаешься подловить на словах.

/Вивьен посмотря на Еву дополнила:/
-Ну не могу же я так просто согласиться, это было бы подозрительно, не думаешь?

/Выдохнув, та все же протянула руку для рукопожатия, говоря:/
-Ну ладно, согласна на такую сделку.

|-----------------------------------------------------------------------------|","ktoia","1535296512802824242"
"10.08.2026 17:28:03","pizza9832","#9089","__""Каин""__


*Каин подставил под свой подбородок руку и начал обдумывать слова девушки, ведь по сути оба пути будут вредны в какой-то степени, но после этого тот приподнял свою голову снова смотря прямо на девушку*

-Ну к сожалению нету книги как правило растить ребёнка. А вот кстати такой вопрос ты сколько здесь уже находишься?","biok_ymer","1535056234460356668"
"11.08.2026 15:22:51","ktoia","#6622","— Госпожа —

Элиана проснулась с ощущением, что спала на удивление крепко. Не было ни привычных тревожных снов, ни резких пробуждений - просто глубокая, ровная тишина, которая покрыла её с головой. Она ещё несколько мгновений лежала неподвижно, чувствуя, как тело постепенно возвращается к реальности. Она не открывала глаз. Ведь где то рядом слышался тихий, ритмичный звук - кто-то расчёсывал волосы? Грэй? Элиана не шевелилась, продолжая лежать на боку, спиной к дивану. Она притворялась, что всё ещё спит, медленно перебирая в голове утренние мысли.

Однако после не долгих размышлений перевернулась на другой бок, уже лицом к Грэй. Чуть приоткрыла один глаз, убеждаясь что это Грэй и снова прикрыла его, позволяя себе ещё несколько минут лежания.","biok_ymer","1535054521917771847"
"11.08.2026 15:47:00","ktoia","#6622","— Элисон Кроуфорд —

Элисон на мгновение опешила, услышав первые слова Вивьен и уже открыла рот, чтобы что-то возразить, но когда та протянула руку для рукопожатия, она слегка опешила. Однако не стала тянуть - просто пожала её, чуть кивнув.

Она отпустила руку и слегка склонив голову набок сказала:

— Вот и... договорились.

Глядь на Еву.

— Спасибо...

Вернулась на Вивьен.

—  У меня есть один человек, который находится именно здесь уже очень давно. Может, он что-то слышал и знает. Не знаю за кем именно вас сюда послали... Но... за месяц думаю справимся? Хотелось бы справится... не хочу идти к тому уроду... /Поняв что они не понимают что она несет, остановилась/ А... хоть что-то то ещё известно про того кого вы ищите кроме нереальной защиты?","biok_ymer","1535967010071248918"
"17.08.2026 15:04:31","biok_ymer","#9440","—Вивьен и Ева—
|-----------------------------------------------------------------------------|
Девушка переглянулись с духом, после чего с потянувшись сказала:
|-----------------------------------------------------------------------------|

—Я лишь знаю что заточение объекта повышенное, одиночное и давно никто не видел чтобы он выходил из своей камеры. По идеи он в крио сне или коме, отчего нужно найти защищённое помещение, это все что я знаю.

/На это Ева недовольно добавила:/
-Если бы ты внимательно слушала объяснения, поняла, что этот объект секретный и о нём мало кто знает, но когда же ты поступала, как велит задание?

/На данный комментарий девушка лишь пожала плечами, обращаясь к Элисон:/
-А ты знаешь кого-то толкового, кто тут давно сидит?

|-----------------------------------------------------------------------------|","ktoia","1536717575701139506"
"17.08.2026 16:34:30","biok_ymer","#9440","—Грэй—
|-----------------------------------------------------------------------------|
Закончив прихарашиваться, волчица лениво потянулась зевнув, а после глянув на спящую госпожу та о чем-то призадумалась, после встав на ноги достала из кормушка куртки последние сигаретку, на что удручённо цокнув зажёг её и прикурила, приговаривая себе:
|-----------------------------------------------------------------------------|

—Да уж, не верится что мы и вправду в одной лодке, так ещё и союзниками стали... Может это даже к лучшему? Иногда мне кажется, что отец будто знал все наперед...даже это предсказал фе...

/Ходя по комнате взад вперёд, та стала говорить о философии свой жизни, не замечая что госпожа уже проснулась. Похоже ей нравилось выговаривается самой себе./

|-----------------------------------------------------------------------------|","ktoia","1536711494627237959"
"17.08.2026 16:43:43","biok_ymer","#9440","—Чара Дримур—
|-----------------------------------------------------------------------------|
Девушка услышав вопрос ухмыльнулась, говоря:
|-----------------------------------------------------------------------------|

—Самой бы узнать. Предпологаю не больше месяца, однако точно знать незнаю.

|-----------------------------------------------------------------------------|","pizza9832","1536380616164118638"
"17.08.2026 19:09:19","ktoia","#6622","— Госпожа —

Может, госпожа ещё с десяток минут и полежала бы, если бы её чуткий нюх не уловил запах курева. Мм... Нет она конечно же потерпела какое-то время, однако пересилить зависимость трудновато. Девушка особо и не пыталась вслушиваться в рассуждения Грэй. Посему спустя недолгое время она всё же открыла глаза и зевнув, начала привставать.

Медленно поморгав и посидев на краю кровати, девушка молча потянулась за своими вещами. Не вставая с кровати, она накинула на себя пару вещей и рубашку, взяла резинку и стала завязывать волосы. Однако в какой-то момент её взгляд таки врезался в Грэй и девушка всё же проговорила что-то невнятное, ибо во рту был галстук:

— Топфое упфо...","biok_ymer","1538903854609862768"
"18.08.2026 04:16:18","biok_ymer","#9440","—Грэй—
|-----------------------------------------------------------------------------|
Чуть дернвушись от такого резкого оклика, та утихла, переводя взгляд на госпожу, что похоже и вправду только проснулась, ну или пыталась такой казаться. Чуть выдохнув дыма из сигаретки, та все же отвела взгляд, хоть и хотелось его задержать, говоря:
|-----------------------------------------------------------------------------|

—И тебе доброго утра... Я старалась тебя не трогать во сне, отчего не особо много и спала, но слова я сдержала, поэтому ха, на меня можно положиться! Ммм, интересно, а что будет на завтрак...

|-----------------------------------------------------------------------------|","ktoia","1538942814350479462"
"18.08.2026 17:48:17","ktoia","#6622","— Госпожа —

Продолжая завязывать непослушные после сна волосы, девушка ответила:

— Я бы пофмофрела ефлифбы не фдефжалась... мф...

Завязав волосы, девушка опустила взгляд и выпрямив рубашку, стала её застёгивать.

— Фо пфафды фади ты пфного гофоришф.

До конца застегнув пуговицы, госпожа перестала держать зубами галстук и начав уже завязывать его, добавила:

— Пф... Надеюсь на кофе, хотя я бы выпила чего покрепче... Мх...

Завязав галстук, она подняла руку с часами и глянула на них.

— 13:00... Да уж... Отбилась от рук. Мне за такое правый по голове бы дал.","biok_ymer","1539080466857197648"
"18.08.2026 20:30:22","pizza9832","#9089","__""Каин""__

*Каин услышав такой короткий и даже слегка удручающий ответ слегка опустил голову, а затем правая рука опять начала чесать затылок волос парня*

-Неужели здесь ещё не придумали такую банальную штуку как часы, ладно мы в закрытом пространстве и так жалеем, но отсутствие часов самого банального предмета быта это ну показывает всю халатность местных людей. Я удивлён как тут бунты не устраивают. Кстати об этом вы здесь на протяжении этого месяца просто бродили ходили туда сюда?

*Затек как выпрямился смотря на девушку свои оранжевым визером смотря на ее ухмылку*

-Потому что это место не выглядит так будто здесь есть чем себя занять. Я не про развлечение в стиле игровых автоматов или типо того, а как бы... библиотеки даже банальной нет?","biok_ymer","1538906174811021343"
"18.08.2026 22:39:28","biok_ymer","#9440","—Грэй—
|-----------------------------------------------------------------------------|
Сделав плотную затяжку сигареты и после выдохнув дыма, та глянула на девушку, говоря:
|-----------------------------------------------------------------------------|

—Я бы и рада была тебя разбудить, однако не могу же я прервать столь сладкий сон~. Да и какая разница когда вставать, если все равно от нас тут толком ничего не требуют?

|-----------------------------------------------------------------------------|","ktoia","1539284809258639452"
"19.08.2026 00:12:17","ktoia","#6622","— Госпожа —

Отведя взгляд с часов на Грэй, девушка поморгала, а после встала с кровати, разминая шею и говоря:

— Нуууу, слушай. Если я так буду раскисать, то к тридцати годам развалюсь как карточный домик. Хотя скорее помру от рака ближе к сорока... Мф... Ай, как пойдёт.

Перестав разминать шею, девушка помяла предплечье и пошла к своему пальто. Сняв его со стула, она слегка махнула им, чтобы разгладить, а после накинула его себе на плечи. Но... развернувшись на Грэй застыла смотря на сигаретку. После, подняв взгляд на неё, резко сказала:

— Это последняя?... <:5665pwease:1407629741929795648>","biok_ymer","1539358088421834853"
"19.08.2026 04:13:40","biok_ymer","#9440","—Чара Дримур—
|-----------------------------------------------------------------------------|
Девушка выслушав парня, чуть лениво потянулась, говоря:
|-----------------------------------------------------------------------------|

—Дело говоришь, часы не вешают и не говоря что сейчас снаружи, скорее всего специально, чтобы запутать нас. А чем занималась, тебе настолько интересна личная жизнь первой встречной? Не буду на это отвечать, однако и подмечу, что тут и вправду с развлечениями туго. У нашего класса опасности есть возможность просить о чем-то, очтего в теории могут тебе дать пару тройку книг или развлечения, однако вряд-ли дадут отдельно помещение со всем нужным.

|-----------------------------------------------------------------------------|","pizza9832","1539325599384997980"
"19.08.2026 04:28:58","biok_ymer","#9440","—Грэй—
|-----------------------------------------------------------------------------|
Выкурив половину, девушка услышав о количестве посмотрела на пустую пачку в кармане, а после на девушку с жалобным взглядом, отчего выдохнув ещё дымка подошла и достав ту с рта протянула девушке, говоря:
|-----------------------------------------------------------------------------|

—Ага, но я могу поделиться. Все равно нервны будут не к черту, если буду видеть твой грустный лик.

/После принятия сигаретки или отказа, девушка бы добавила:/
-Ну а я бы хотела умереть от старости в кругу любимой семьи, в времена спокойствия и свободы! Тебе бы тоже стремиться к спокойно смерти, хех.

|-----------------------------------------------------------------------------|","ktoia","1539381449789284362"
"19.08.2026 04:42:13","ktoia","#6622","— Госпожа —

Гордая Элиана, которую в своем мире прозвали Госпожой, глянула на окурок, потом на своего главного врага, опять на  окурок и... Сердце конечно сжалось, но она тяжело вздохнула через нос и взяла сигарету, положив ту в рот она удовлетворённо затянулась и опустилась на стульчик рядом.

Откликнувшись, она совсем не долго посмаковала дозу никотина, а после вернула взгляд на Грэй, и держа сигарету между пальцев ответила:

— мф... Спасибо. М... Старость....

Зажала сигаретку в зубах и добавила:

— Таким как мы дожить до старость божье благо. Увы, но бога нет. Так что... Пф.... М... /Решив не заканчивать мысль, перешла на другую/ Что сегодня по планам? Или у тебя пока их нет?","biok_ymer","1539446043408736387"
"19.08.2026 07:23:52","biok_ymer","#9440","—Грэй—
|-----------------------------------------------------------------------------|
Отслеживая расчёску в кормашик, волчица чуть проводив головой высказала:
|-----------------------------------------------------------------------------|

—Ну сегодня вроде твой первый день в качестве объекта на службе компании, думала проводить тебя и подсадить в случае чего. Ну, а глобальных наверное не думала, может жениться и завести 12 детей от тебя? Да, звучит как хороший план!

|-----------------------------------------------------------------------------|","ktoia","1539449376894615623"
"19.08.2026 20:05:09","pizza9832","#9089","__""Каин""__

*Парень слегка скревил лицо, а после выставил руку начиная мохать открытой ладонью перед девушкой в качестве отрицания*

-Эй, эй не в коем случае. Мне не интересно чужая личная жизнь, я в общих чертах.

*Затем Каин снова встал в спокойную позу скрестив руки на груди*

-Мда теперь это место теперь больше напоминает тюрьму из твоих уст Чара... как то даже осудительно звучит.","biok_ymer","1539442194744606721"
"20.08.2026 00:23:56","ktoia","#6622","— Госпожа —

Элиана как раз затягивалась, когда услышала про 12 детей. Она поперхнулась дымом, закашлялась и проморгавшись, уставилась на Грэй с выражением, которое сложно было назвать добрым.

— Ты...

Откашлялась.

— ты совсем ебнутая? Какие 12 детей?! Я тебя сейчас же прибью, если ты ещё раз такое скажешь! Грэй, прекрати нести эту херню, а то я действительно начну думать об убийстве.

Она затушила сигарету о край пепельницы и прищурившись, добавила уже более сухо:

— Мфх... Пошли перекусим, а там до какого-то из ученых доколебаемся.

Встала и пошла к двери.","biok_ymer","1539490058329915413"
"20.08.2026 01:01:06","biok_ymer","#9440","—Грэй—
|-----------------------------------------------------------------------------|
Услышав ожидаемую реакцию, девушка довольная вышла из комнаты направляясь к столовой, приговаривая:
|-----------------------------------------------------------------------------|

—Ну можем сойтись и на 9, если так боишься~.

|-----------------------------------------------------------------------------|","ktoia","1539746767044616243"
"20.08.2026 13:03:13","biok_ymer","#9440","—Чара Дримур—
|-----------------------------------------------------------------------------|
На данное высказывание девушки ухмыльнулась, скрещивая руки вместе под грудью, говоря:
|-----------------------------------------------------------------------------|

—А на что это ещё похоже? Выдергивают нас со своих миров, удерживают и ставят нас в положение ""гостя"", у которого прав меньше чем у заключённым в тюрьмах, вот тебе и гостевая. Не удивлюсь если они нас в итоге и не вернут обратно.

|-----------------------------------------------------------------------------|","pizza9832","1539681644620025887"
"20.08.2026 13:45:34","ktoia","#6622","— Госпожа —

Элиана резко остановилась на пороге, медленно развернулась и уставилась на Грэй.

— Слушай сюда, волчица. Заткнись и иди молча. Мы идём есть. Потом идём к учёным. И ты молчишь про любые формы размножения. Это понятно? Или мне взять с собой верёвку и кляп?

Почти сразу осознав что она щас и это притянет, замахала руками.

— НЕТ МОЛЧИ. Всё. мы идем.

Развернулась и пошла дальше в столовую.","biok_ymer","1539756122158665839"
"20.08.2026 13:47:59","biok_ymer","#9440","—Грэй—
|-----------------------------------------------------------------------------|
Только девушка радостно зависла хвостом в надежде проговорить про связывания, как её остановили... Досадно. Закинув руки за голову та молча стала идти за девушкой, пока они не пришли в столовую, где взяв себе порции, они устроились на свободном месте, где стали молча есть.
|-----------------------------------------------------------------------------|","ktoia","1539948506972815451"
"20.08.2026 18:56:34","pizza9832","#9089","__""Каин""__

*Каин потирает подбородок размышляя над все. Ведь если посудить справедливо да все соответствует словам Чары, хотя бы поверхностно*

-Только вот что мало желающих я вижу тех, кто пытается что-то сделать со своими положением. Выбраться, сбежать, вернуться в свой мир. Как рабы у которых ничего нет. Неужели многие просто считают, что это место лучше их дома. Это же.... Трусость какая-то.

*Затем Каин сел на скамейку рядом с той мусоркой и начал разглядывать свою обувь, а после переводя взгляд на Чару*

-Или я делаю слишком быстрые выводы?","biok_ymer","1539937845806891049"
"20.08.2026 19:32:17","samin__","#2997","— Кармен Эшфолд —

Услышав ответ спокойнее девушке не стала, от чего она слегка натянуто ответила:

— Я бы не назвала это допросом. Хотя... и дружеской беседой это назвать язык не поворачивается. Кхм... вы правы, у меня гораздо больше свободы, однако меня и вправду многое смущает в ваших словах

— Во первых: клоны. Не беспокойтесь это основная проблема, так что дальше будет легче, однако кхм... клоны. Так вот, как я могу судить, вы собираетесь клонировать себя в данных условиях, однако это может быть... затруднительно. Понимаете ли, ваши условия содержания и в данный момент довольно ограничивающие, а в случае если... вас... станет больше, внимания к вам будет ещё более повышенным, так что нужно установить рамки и ответить на пару вопросов: ""Какие именно клоны"", ""Какое количество"", ""На сколько упадёт продуктивность, если обойтись без них""

— Во вторых: в случае если мы начнём сотрудничать, средств наблюдения станет кратно больше. Камеры, микрофоны, радиолокационные устройства и так далее по списку. Какая либо конфиденциальность вашей жизни будет недопустима, от чего ни мёртвых зон, ни времени без наблюдения не будет. Ну и соответственно /осмотрелась/ вы не сможете выводить их из строя, иначе проект сразу закроется

— В третьих: Вы говорили о ""изучении объектов насильно"", что вы понимаете под этими словами?

— В четвёртых: Я не хочу знать что вы делаете с ""мясом"". Уж извините, но ""меньше знаешь - лучше спишь""

— В пятых: Почему вы решили действовать именно сейчас. Думаю вас содержат куда дольше чем я тут, так от чего вы решились на такой своеобразный бунт именно сейчас?

— Думаю это главное, но список мер будет дополняться сверху, в этом я убеждена, однако если вы просто хотите продолжить свою научную деятельность, думаю это не станет большой проблемой, не так ли?

> Что же ты задумал... мегамозг...

||Это где-то 10% от того что я хотел написать изначально... ... ... похуй, лучше просто запустить этот разговор||","biok_ymer","1533973872309960814"
"21.08.2026 10:15:45","biok_ymer","#9440","—Бондрюд—
|-----------------------------------------------------------------------------|
Мужчина поднял один палец вверх направляя руку вертикально, говоря:
|-----------------------------------------------------------------------------|

—Клонами управляю я своей волей, однако они не точные мои копии, а лишь инструменты, пустышки, коими я буду управлять словно марионетками, нежели клоны самого себя. Я планировал сделать от трёх до четырех клонов, для облегчения работы. Без них мне одному крайне сложно будет поддерживать исследования и успевать в сроки, однако если вы так боитесь развязывание моих рук, то могу и сам все сделать, хоть и продуктивность упадёт. По поводу наблюдения проблем не вижу, я ведь и так довольно долгое время не вмешивался в работу комплекса, отчего не вижу проблем в наблюдении за своей работой. Насчёт принудительного изучения...

/Парень опустив руки на стол, чуть серьезнее проговорил:/
-Я планирую пытать объекты при помощи своих артефактов и принудительно выведывать их информацию. Промывка мозгов, насилие и прочие методы на кот комплекс не может пойти из рамок приличия и лица, что вы должны сохранять в работе с другими.

/После дав минутку на обдумывания, тот добавил уже более довольно:/
-А начал я действовать сейчас, ибо услышал слух, что кто-то всерьез начал разбираться с опасными объектами, отчего и я решил попытать счастье в этом. Это ведь были вы и тот рыцарь, не так ли?

|-----------------------------------------------------------------------------|","samin__","1540035760718348298"
"21.08.2026 13:45:47","biok_ymer","#9440","—Чара Дримур—
|-----------------------------------------------------------------------------|
Девушка подумала подумала, а после села рядом на скамейке, откликнувшись на лавочке руками назад и смотря на вверх, говоря:
|-----------------------------------------------------------------------------|

—А ты попробуй побороться с людьми, чьи технологии выше твоих. Это все равно что крестьянин выйдет на битву с солдатом, попытка неплохая, но закончится она плачевно.

/Чуть подумав, та положила голову ровно, смотря на Кайна, говоря:/
-Я бы и рада что-то сделать, но одна я максимум смогу создать шума, отчего и ничего не предпринимаю. Без плана и людей, что-либо делать будет ошибкой.

|-----------------------------------------------------------------------------|","pizza9832","1540026769296326717"
"21.08.2026 14:51:02","samin__","#2997","— Кармен Эшфолд —

> Ну серьёзно сколько можно принимать пафосные позы?

Чем дальше девушка слушала Бонрюда, тем больше было понятно что что-то тут не так. Как бы... слишком хорошо, даже пугающе хорошо! Она то думала о десятках клонов, однако 4-5, даже полных копий этого существа не такая большая проблема... ведь так?

Однако услышав серьёзный ответ на поставленный вопрос, девушка ахнула, слегка уходя в себя:

> Нет... я конечно сама предлагала это Норману, однако тогда это было что-то вроде шутки, а если задуматься... ммм... это... неэтично. Крайне зверски и... практично. Воровать существ из их родных миров и держать взаперти, это уже не гуманно. Ладно бы это что-то давало, но это лишь забирает ресурсы и не даёт прогресса

> Вообще странно тут всё устроено. Если не пройти стажировку, тебя от сюда просто не выпустят, буквально делая мясом для исследования других миров, но при этом не посылают действующих исследователей на работу с опасными объектами. Это... крайне... странно?

Дилемма была прервала словами мужчины, что буквально рассказал про неё, однако уж больно завышая её заслуги. На такое зявление, девушка хмыкнула, начиная отвечать:

— Не сказала бы что ""всерьёз"", скорее просто начала. И... как вы вообще что-то отсюда могли услышать? Да и время вы подгадали как нельзя лучше, я впечатлена
> Точно не совпадение

— Кхм... так вот. На счёт вашего способа изучения, я бы сказала что это возможно, однако самолично я не смогу дать вам ответ, думаю вы понимаете что такие изменения в условиях содержания необходимо согласовывать даже не с одним человеком, а с целыми отделами, от чего сейчас мы просто выстраиваем примерные условия, которые устроят обе стороны

— В таком случае 4-5 клонов-марионеток... это... не столь невозможно. Однако если мы начнём сотрудничать, я выдвигаю политику нулевой терпимости. Сами понимаете что мы вас весьма сильно опасается, от чего в случае любого, даже мало-мальского инцидента, проект будет свёрнут, надеюсь на ваше понимание

— Вы упомянули артефакты, можете рассказать подробнее?

> Он точно не будет что-то делать себе в убыток, однако он упомянул что является долгожителем. Может ли быть, что он играет в долгую, условно на века... хм...","biok_ymer","1540258089037598802"
"21.08.2026 16:35:02","biok_ymer","#9440","—Бондрюд—
|-----------------------------------------------------------------------------|
На вопрос о том, как он узнал о Кармен тот решил промолчать, после чего стал отвечать уже на другие вопросы:
|-----------------------------------------------------------------------------|

—Хммм, значит вашего одного слова будет недостаточно? Хорошо, я могу и подождать ваших переговоров на мой счёт. По поводу ситуации с одной ошибкой я также принимаю и не имею ничего против, однако про свои артефакты я вынужден умолчать, дабы иметь возможность в случае чего выжить от других объектов. Я не особо верю в конфендациальность всей информации, что я тут говорю.

|-----------------------------------------------------------------------------|","samin__","1540327368839794778"
"21.08.2026 20:04:12","samin__","#2997","— Кармен Эшфолд —

Девушка кивнула, отвечая уже более расслаблено:

— И правильно делаете. Раз артефакты всё ещё при вас и вы можете распоряжаться ими даже сейчас, не думаю что это будет большой проблемой

> Ситуация с одной ""ошибкой"". Вот и думай теперь, он оговорился или специально выстроил предложение так чтобы я теперь об этом думала. Тс... Кармен ты сама себя накручиваешь...

Кивнув на последок, девушка дополнила:

— В таком случае если у вас нет дополнительных условий или вопросов, я направлюсь на согласование. Не уверена сколько времени это займёт, однако давайте условимся на том, что я приду к вам в течении суток, в случае если я так и не появлюсь за 24 часа можете считать это отказом. На этом всё?

Дождавшись ответа, если тот будет положительным, девушка встанет из-за тола, а после кивнув на прощание направится к выходу, кинув на последок ""Ах да, и почините камеры пожалуйста""","",""
"21.08.2026 20:53:47","ktoia","#6622","— Госпожа —

Элиана села за стол и принялась за еду не собирается ни разговаривать, ни отвлекаться. Она ела быстро, сосредоточенно, изредка поглядывая в тарелку. Когда тарелка опустела, она отодвинула её в сторону, сделала глоток воды и подняла взгляд, окидывая помещение внимательным, оценивающим взором. Она искала глазами белые халаты - учёных. Они же вроде тоже здесь питаются???","biok_ymer","1539949113863569409"
"21.08.2026 22:17:49","biok_ymer","#9440","—Бондрюд—
|-----------------------------------------------------------------------------|
Тот и вправду более ничего не добавлял, соглашаясь с такими условиями, после чего девушка спокойно вышла из камеры, где ту окружили сотрудники, интересуясь:
|-----------------------------------------------------------------------------|

—Ну и как прошло?

|-----------------------------------------------------------------------------|","samin__","1540406177735770222"
"21.08.2026 22:21:55","biok_ymer","#9440","—Грэй/Клайд—
|-----------------------------------------------------------------------------|
Девушка со скукой съела все, кроме зелени, после чего лениво прилагалась на стол, со скукой смотря на девушку. Сама господа своим взором примерила парня, что видела ранее на своем же допросе, это был Клайд, что мирно себе ел в отдаленном углу, как изгой!
|-----------------------------------------------------------------------------|","ktoia","1540418658243715072"
"21.08.2026 22:55:54","ktoia","#6622","— Госпожа —

Элиана заметила Клайда в дальнем углу столовой. О! Это тот самый парень с допроса! Как его там звали? Девушка отодвинула стул и не оглядываясь на Грэй, направилась через зал к его столику. 

Подойдя, она остановилась на некотором расстоянии, чтобы не вторгаться резко и чуть склонила голову на бок в приветствии.

— Клайд, верно? Не помешаю, если присяду?","biok_ymer","1540440838780227748"
"21.08.2026 23:10:04","samin__","#2997","— Кармен Эшфолд —

Выйдя за дверь девушка не успела выдохнуть, как вдруг на неё налетели с вопросами. Да, не этого она сейчас хотела, после разговора с НА СЕКУНДОЧКУ опасным объектом. Не сказать что он ей угрожал, скорее был весьма обходительным, но он точно не был человеком... точнее человеком он может и был, но точно не в своём уме!

Приподняв руки, та стала махать или, показывая что всё хорошо, отвечая максимально размыто:

— Он просто хотел поговорить. Сделал пару предложений в сфере улучшения его содержания, а так-же пообещал своими руками починить камеры в своей комнате, ничего страшного","biok_ymer","1540439804934885486"
"22.08.2026 05:13:29","biok_ymer","#9440","|-----------------------------------------------------------------------------|
Услышав радостные известия те в итоге стали расходиться, понимая, что похоже конфликт улажен в так как дверь и камеры восстановились, то и остатки любопытных глаз также разошлись, позволяя девушки идти дальше по своим делам.
|-----------------------------------------------------------------------------|","samin__","1540452954451222658"
"24.08.2026 16:28:30","biok_ymer","#9440","—Клайд—
|-----------------------------------------------------------------------------|
Парень спокойно себе, неспеша уплетал сэндвич, попутно запивая кофейном, однако чуть не поперхнувшись от обращения к себе, тот глянул на того кто к нему обратился, с опаской интересуясь:
|-----------------------------------------------------------------------------|

—Чем обязан вашим вниманием?

/На вопрос про присяду тот не ответит./

|-----------------------------------------------------------------------------|","ktoia","1540449387095003236"
"24.08.2026 18:07:45","ktoia","#6622","— Госпожа —

Уведя реакцию паренька, девушка сделала некоторые выводы и начала приближаться к столику, говоря:

— Ничем интересным. Просто вас увидела и решила подойти.

Отодвинув стул, она непринуждённо присела на него, продолжая смотреть на Клайда.

— Все таки вы, можно сказать... м... первый человек, с кем я тут действительно много поговорила. И допрос вы мне проводили...

Она скрепила кисти меж собой и положила их на стол.

— Даааа... Починка портала - дело доооолгое... Правда?

Ухмыльнувшись, девушка расцепила руки и заглянула в глаза Клайда.

— Выглядите напряжённым. Много дел сегодня?","biok_ymer","1541439059505971220"
"25.08.2026 20:31:49","pizza9832","#9089","__""Каин""__

*Мужчина выслушав достаточно прямолинейный и простой ответ Чары без особого какого-то интереса и лишь слегка хихикая будто ему рассказали какую-то шутку, которая ничего не стоит, а после тот повернул свою голову куда-то в сторону избегая взгляда с девушкой*

-Ха-ха-ха...да,да.... глупый вопрос, прямой и жёсткий ответ и вечно все упирается во все эти вещи. Хоть будь ты в другом мире или другой планете это ничего не меняет. Я один раз в своей жизни уже устроил переворот и мне этого хватило.

*Затем Каин протянул руку под свитер достав небольшой медальон, который был лишь маленькой закрытой серебряной коробочкой, которую парень начал прокручивать в руке*

-В таких вещах нету белого или чёрного, нету врагов, нету союзников. Только твоя правда и ничья больше. Ведь живые существа больше хотят жить, нежели не совершать ошибок.","biok_ymer","1540310948974166107"
"29.08.2026 16:03:47","biok_ymer","#9440","—Клайд—
|-----------------------------------------------------------------------------|
Парнишка неловко отвел взгляд в бок, запивая кофе на слова про портал, а после все же ответил:
|-----------------------------------------------------------------------------|

—Ага, типо того... Я вроде как тороплюсь, поэтому сейчас допью кофе и пойду, не переживайте вы так. Да и портал я думаю со временем починят, я тут вряд-ли могу как-то этот процесс ускорить...

|-----------------------------------------------------------------------------|","ktoia","1541464035525001306"
"29.08.2026 16:09:20","biok_ymer","#9440","—Чара Дримур—
|-----------------------------------------------------------------------------|
Смотря за реакцией парня, девушка немного нахмурилась, а после отведя взгляд в сторону та дополнила:
|-----------------------------------------------------------------------------|

—Звучит так, будто ты уже оставил надежду, решительность в тебе я смотрю погасла.

/Чуть зевнув, та чуть подумав сказала:/
-Ну да и неважно, смысл говорить о великом, если не деле сделать ничего не выйдет. Лучше принять участь, в любом случае миры рано или поздно схлопнуться от такого вмешательства из вне, и там уже это будет проблема местных умников.

|-----------------------------------------------------------------------------|","pizza9832","1541862679751172157"
"29.08.2026 18:14:22","pizza9832","#9089","__""Каин""__


*Каин лишь цыкнул слушая про взгляд со стороны на его состояние. Скорее не от злости, а с неким смирением, будто желая верить что это так и никак иначе*

-Почему же.... если кто то обидет мою девочку, то....

*Каин сжал медальон очень крепко в своей ладони, а после прижал его к месту, где у него находится сердце*

-Я буду готов уничтожить кого угодно. Ибо она причина по которой я стал тем кем стал. Хотя будет справедливее сказать, что я сам сделал себя узником своих обязанностей.

*Каин посмотрел на часы на своей правой руке, а после на Чару*

-Хм, вот теперь я кажусь более мотивированным, когда речь идёт о моей дочери. Или это одержимость. Тут со стороны  тебе виднее. Как именно это выглядит?","biok_ymer","1543246175040311388"
"02.09.2026 16:53:45","biok_ymer","#9440","—Чара Дримур—
|-----------------------------------------------------------------------------|
Девушка на такую реакцию улыбнулась, отвечая уже по-доброму:
|-----------------------------------------------------------------------------|

—Скорее забота, я и сама одержима вернуться обратно ради своего человека, Так отчего это одержимость, если мы беспокоится о близких? Тут скорее стоит вопрос на какие жертвы нам стоит пойти, чтобы осуществить нашу цель. 

/Та чуть опустила глаза, говоря уже вновь спокойным тоном:/
-Или вопрос имеет ли смысл пытаться что-то сделать или оставить эту затею, как неудачную шутку... Ммм сейчас бы выпить. Ну тебе как новенький думаю не стоит лишний раз переживать, быть может ещё к себе возьмут и ты сможешь в свой мир заглянуть.

|-----------------------------------------------------------------------------|","pizza9832","1543277643561177210"
"02.09.2026 20:48:36","ktoia","#6622","— Госпожа —

— Да-да... Починят.

Вздохнув, девушка откинулась на спинку стула, продолжая:

— Кстати, Джеферсон! Я теперь, по совместительству, работаю на ""вас""... Вчера Норман утвердил новый ""отдел"" под руководством Кармен Эшфорд... М... как там... Отдел ""Потусторонние""... ну и название.... Без понятия, как у вас здесь бюрократия работает и есть ли эта информация в доступе, чтобы проблем не было, ведь никаких отличительный ""штук"" мне не дали, но факт есть факт - теперь я ""помогаю вам"".

Она отстранилась от спинки, кладя руки на стол:

— И буду честна! Подошла я к тебе не просто так, Клайд! Можеееет... я похожу пока за тобой хвостиком? Сегодня. Мм? Посмотрю, как работа идёт. Отсвечивать и мешать не собираюсь.","biok_ymer","1543244779050111096"
"03.09.2026 19:08:00","pizza9832","#9089","__""Каин""__

*Каин начал поглаживать рукой свой подбородок слегка улыбаясь, получив такой достаточно неожиданный для него ответ*

-Хм, да меня уже приняли какая то девушка к себе на испытательный срок...хм....как же ее звали..... Кармен вроде, правда не помню говорила она фамилию или я просто забыл.","biok_ymer","1544706904444502066"
