Date,Username,User tag,Content,Mentions,Reply to
"2026-05-12,00:57:53",samin__,#0,"<@&1503425792791547984> - высокомерный ублюдок, рождённый от двоюродного брата нынешнего патриарха. Живя в северном дворце до 15-ти лет, того отправили в главную резиденцию ""тёмная роза"", где все наследники ожидают дня ""выхода в свет"", попутно налаживая связи... ну или просто перевоспитывать зазнавшихся засранцев, чтобы не стыдно было выпустить тех в свет

Оторвав Данте от сиськи кормилицы, того сунули в карету, везя по дорогам долгих 3 дня, за которые он ТОЧНО не закатил 3000 истерик. На 3001 раз вопроса ""мы уже приехали"", заёбанный извозчик тому ответил:

— Да молодой господин Данте, мы прибыли...
||Возможность для первого поста||

<@&1503426171604570333> - Ребёнок, который не знал своих родителей, будучи растимым как слуга для какого-то из знатных особ. Тот и сам не знал кому тот будет прислуживать, однако не помнил момента в своей жизни, когда не учился быть ""послушным"" и ""хорошим"", а главное ""удобным"". В возрасте 13-ти лет, того перевезли в собор ""тёмная роза"", где и решится его судьба на всю жизнь. Либо его господин будет великим - его жизнь будет тяжёлой, но так-же великой и тому точно воздаствя по заслугам, а если нет... то просто тяжёлой и скорее всего не долгой

По приезду его и ещё 3-х таких-же бедолаг встретили сурового вида дядьку, что осматривая недомерков просто молчал ничего не говоря, явно ожидая действий от будующего пушечного мяса",,
"2026-05-12,00:58:02",samin__,#0,,,
"2026-05-12,01:10:45",biok_ymer,#0,"—Эдвард—
|-----------------------------------------------------------------------------|
Парнишка хлопая глазками незнал как и относиться к такому рода ""проверкам"". Однако под презрительным взглядом аккуратно отодвинул ногу назад нагнулся, отодвигая руку через тело в позе поклона, говоря:
|-----------------------------------------------------------------------------|

—Прошу прощения мистер... Не могли бы вы сказать, что нам делать...?

|-----------------------------------------------------------------------------|",samin__,1503516524135321741
"2026-05-12,01:11:24",biok_ymer,#0,,,
"2026-05-12,01:58:10",ktoia,#0,"— Данте —

Карета дернулась в последний раз и остановилась. Данте, до этого момента возлежавший на мягких подушках с видом утомлённого монарха, приподнял голову и лениво приоткрыл один глаз. Три дня тряски, три дня скуки, три дня попыток доказать этому тупому извозчику, что его драгоценная задница заслуживает большего комфорта. Тщетно.... вот дебил...

Юноша кротко протянул, не скрывая облегчения в голосе:

— Наконееееец-тоооо.... А то я уже начал думать, что мы едем до скончания веков.

Он выпрямился, поправил воротник и бросил выразительный взгляд на дверцу кареты. И извозчик ЕСТЕСТВЕННО открыл бы её ведь если бы он этого бы не сделал, то Данте не вышел бы. Спустившись на землю, бесенок поджал ноздри, окидывая взглядом резиденцию. ""Тёмная роза"" - надо же, название звучало почти романтично....

Парнишка пробормотал для себя, продолжая смотреть окружение:

— Величественно. И где эти... как их... мм.. встречающие?",samin__,1503516524135321741
"2026-05-12,12:48:38",samin__,#0,"РАЗУМЕЕТСЯ мелкому засранцу открыли дверь, жестом приглашая того выйти после долгой поездки. Как только тот вышел, его встретила горничная, что склонив голову ожидала пока тот выйдет. По звуку шагов, та поняла что пора, от чего без эмоционально проговорила:

— Почтенно приветствую молодого господина Данте. Искренне благодарю что почтили нас своим присутствием, надеюсь дорога не сильно Вас утомила. Меня зовут Джоси и сегодня мне выпала честь сопровождать Вас в столь прекрасный день

Разумеется девушка не поднимала головы, пока ей этого не приказали, от чего так и продолжила стоять в поклоне

В этот момент кучер начал разбирать КУЧИ хлама саквояжа, что прихватил с собой Данте. Так-же можно было заметить, как вдалеке стояли ещё 3 кареты, одна из которых будет ещё более роскошной чем у самого Данте. Похоже что кого-то тут ценят куда больше

||Добавлять проводников на сайт я не буду, так что пока что так||",ktoia,1503531697130438677
"2026-05-12,13:15:19",samin__,#0,"|| Кто бы знал как я заебался генерить детей, но зато за это время продумал ветку ||

Мужчина вновь осмотрел недомерков взглядом полумёртвой рыбы, а после достав из кармана жилета золотые часы на цепочке с щелчком оголил циферблат:

— Разумеется, разве что вы должны были прибыть ещё час назад...

Кивнув самому себе, часы вернулись в карман столь же быстро, сколь и появились, а сам мужчина продолжил говорить:

— Добро пожаловать в поместье ""чёрная роза"". Моё имя — Симой Ротвейлер. Я исполняю обязанности дворецкого этого дома

Его голос звучал глухо и слегка в нос, а каждая фраза произносилась с подчёркнутой размеренностью:

— Вас доставили сюда для отбора. Представители главных ветвей выберут тех, кто будет сопровождать их в предстоящем балу, в честь их выхода в свет. До этого момента вы обязаны соблюдать порядок дома, выполнять распоряжения старшей прислуги и не доставлять неудобств господам

Пристально заглянув в глаза каждому, тот добавил, слегка понизив голос:

— Надеюсь, никому не придётся напоминать о дисциплине дважды...

Поправив прядь упавших на лицо волос, тот выставил поднятую вверх ладонь:

— Представьтесь, а после мы пройдём в главный зал. Нельзя заставлять ваших будущих господ ожидать дольше положенного

||Сначала даю слово тебе||",biok_ymer,1503519760850227280
"2026-05-12,14:06:51",samin__,#0,"<@&1503425579687477329> После ранения, мужчину комиссовали в лечебницу, где ему пришло письмо:

Уважаемый Альберт **Корги**,

Настоящим доводим до Вашего сведения, что в связи с поступившими материалами служебной проверки и на основании решения дисциплинарной комиссии, Вы освобождаетесь от занимаемой должности с немедленным вступлением данного решения в силу

В ходе предварительного рассмотрения установлено, что Ваши действия в период исполнения служебных обязанностей содержат признаки нарушения регламента управления подразделением, выразившиеся в намеренном отдании заведомо неверных приказов, которые могли привести к срыву операции и поставить под угрозу выполнение боевой задачи, а также безопасность личного состава

В связи с вышеизложенным, в отношении Вас инициировано делопроизводство по факту возможного превышения должностных полномочий и действий, несовместимых с уставными требованиями службы

Обращаем Ваше внимание, что все ранее присвоенные служебные достижения и поощрения подлежат пересмотру до окончания разбирательства. До вынесения окончательного решения комиссии Ваш статус был понижен до ""Корги"", в силу чего ваши владения, переданные под ваше непосредственное подчинение, как ""Альберту Доберману"" будут переданы в распоряжение человека, что займёт вашу должность в ближайшем будущем

Так-же наш аппарат обязуется уведомить Вас, что в данный момент нет подтверждения выдвинутым обвинениям в вашу сторону, в силу чего вы продолжаете являться свободным гражданином в новой должности, от чего обязуетесь посетить ваши владения, как аристократа, приводя те в порядок

Больше информации вы можете запросить, через ближайшее здание местного самоуправления.

С уважением, казначейство Баскервиль

⠀⠀ ⣠⣾⣿⣿⣿⣿⣿⣿⣿⣿⣿⣿⣿⣿⣿⣿⡿⣿⣿⣷⡄
⠀⢀⣼⣿⣿⣿⣿⣿⣿⣿⣿⣿⣿⣿⣿⣿⣿⡿⠋⠀⢸⣿⣿⣿⣆
⠀⣾⣿⣿⣿⣿⣿⣿⣿⣿⣿⣿⣿⣿⣿⣿⣟⠁⠀⠀⢸⣿⣿⣿⣿⣆
⢰⣿⣿⣿⣿⣿⣿⣿⣿⣿⣿⣿⣿⣿⣿⠟⠁⠀⠀⠀⢸⣿⣿⣿⣿⣿
⢸⣿⣿⣿⣿⣿⣿⣿⣿⣿⣿⠿⠿⠋⠀⠀⠀⠀⠀⠀⢸⣿⣿⣿⣿⣿⡇
⢸⣿⣿⣿⣿⣿⣿⣿⠟⠉⠀⠀⠀⠀⠀⠀⠀⠀⠀⣠⣿⣿⣿⣿⣿⣿⣿
⠸⣿⣿⣿⣿⣿⡿⠃⠀⠀⠀⠀⠀⠀⠀⠀⡀⠀⣸⣿⣿⣿⣿⣿⣿⣿⣿
⠀⢻⣿⣯⡙⠉⠀⣠⠀⠀⠀⠀⢠⣿⡇⢠⡇⢰⣿⣿⣿⣿⣿⣿⣿⣿
⠀⠀⠻⣿⣿⣿⣿⠀⣠⡶⢀⣤⣿⣿⣧⠘⠟⠈⠛⢿⣿⣿⣿⣿⠏
⠀⠀⠀⠙⢿⣿⠇⢰⣿⠇⠘⠋⠉⠁⠀⠀⠀⠀⠀⠀⢻⣿⠟⠁",,
"2026-05-12,14:07:12",samin__,#0,"<@&1503427050214785066>  в поисках лучшей жизни пыталась найти пристанище, достойное своему прекрасному уму, что уж точно не должен был прозябать в глуши с каким-то там старпёром. Свободолюбивая девушка хотела побыстрее вырваться на волю, чтобы рухнуть в новую клетку, надеясь что та будет хотя бы с позолотой, от чего будучи проездом в небольшом городке, в близь столицы зазевалась, оставляя свои вещи на столике, чтобы занять место, пока та делает заказ. Будет излишне говорить, что по возвращению та нашла самое ненужное, что у неё было, а именно результаты своих знаний. Чертежи, формулы, грамоты и не намёка на деньги и иные вещи. Даже запасную одежду и ту стащили!

Не придумав ничего лучше, чем просто пойти на поиски воришек, наивная девушка побывала везде, на удивление разве что не попав в рабство. А нет, она наконец сообразила сообщить страже о пропаже, от чего те сразу потребовали документы, которых у той РАЗУМЕЕТСЯ не оказалось, делая её по сути бесправной. Подумав что к ним пристаёт сбежавшая рабыня, стражники разумеется решили что лучше скрутить её на всякий, чем заниматься поиском ""несуществующих документов""

В этот момент мимо и проходил <@&1503425579687477329> , что глубоко погружённый в свои мысли, только после выписки из госпиталя направлялся в здание местного самоуправления, чтобы разобраться что ему вообще дальше делать по жизни?",,
"2026-05-12,14:18:37",biok_ymer,#0,"—Эдвард—
|-----------------------------------------------------------------------------|
Не меняясь в своем поклоне, тот принялся аккуратно подбирать слова. Он знал что за любую его ошибку пострадает его наставники из его дома, отчего он боялся лишний раз что-либо говорить и делать:
|-----------------------------------------------------------------------------|

—Я..к...Рад вас приветствовать господин Симой Ротвейлер... Меня зовут Эдвард и я в данный момент не был удостоен фамилии, ведь до сей поры обучался без господина...

/Закончив свое жалкое представление тот встал по стойке смирно, нервно убрав руки за спину и теребя пальцы./

|-----------------------------------------------------------------------------|",samin__,1503702107793129512
"2026-05-12,14:33:47",biok_ymer,#0,"—Альберт Дарси—
|-----------------------------------------------------------------------------|
Мужчина только стал приходить в себя после потери руки и глаза. Несколько суток парня было потрачено на жалкое отлеживание, что ему не сильно нравилось, учитывая что перевороты главного семейства могли продолжиться без его внимания, однако как только тот почувствовал, что может продолжить службу того вновь удивили известием, что его служба более не нужна, отчего тому не осталось ничего другого как принять приказ руководства выше. Он бы мог попытаться оспорить данное решение, однако для человека рождённым с серыми правами, его слова незначило совершенно ничего, даже с его бывшими заслугами... Понимая этот факт тот аккуратно закрыв письмо принялся одевать свой коиендаский мундир... Что же, видно это был последний раз когда он в нём гордо ходит, видно придется прикинуть чего-то другого. Поправляя свою непривычную для него искусственную руку, тот устало выдохнув направился на выход, по пути поблагадорив доктора оставляя за своё лечение приличную сумму. Тот всегда ценили мастеров своего дела, отчего не видел ничего зазорного поощрять простых людей, что добились высокого положения и навыка своими силами.

Как только он закончил дела в больнице тот в спокойной и размеренной походке направлялся в сторону здания управления, однако по пути заметил весьма странную картину. Девушку, что не выглядела как служанка приняли за ту, пытаясь куда-то увести, отчего тот став рядом с этой картиной, аккуратно поклонившись господам, спросил:
|-----------------------------------------------------------------------------|

—Прошу прощения за моё любопытство. Однако, не могли бы вы сказать, что у вас тут произошло? Быть может, я смогу вам помочь? Я как и вы солдат, отчего могу помочь разобраться в вашей ситуации.

/В подтверждении своих слов мужчина достал значимый знак Доберманов, подтверждая свой статус некогда важного чина армии./

|-----------------------------------------------------------------------------|",samin__,1503715075251376280
"2026-05-12,14:33:48",biok_ymer,#0,,,
"2026-05-12,16:09:04",samin__,#0,"Сверстники паренька были откровенно разного пошива, держались по разному. Сразу после Эдварда решила высказаться девочка, что всё это время стояла рядом с серьёзным и невозмутимым видом. Сделав  шаг вперёд, та поклонилась, а после быстро, но с расстановкой произнесла заученную фразу:

— Рада приветствовать вас господин Симон Ротвейлер. Моё имя - Анна Чихуахуа, почту за честь быть под вашим пристальным взором, чтобы стать лучше по имя служения молодым господам. Получила титул за множество...

Тут мужчина поднял руку, прерывая ту, от чего девочка выпрямившись, сделала шаг назад, сложив руки по швам, однако ей тут-же прилетело замечание от мужчины, что угрюмо проговорил:

— Минус балл. Я сказал представиться, а не начинать представление коему вас учили. И что значит ""стать лучше""? Как будто ты уже не готова к служению... в таком случае можешь вернуться обратным рейсом. Никогда не принижай старания тех, кто тебя учил. Всё ясно?

Девочка замялась, однако выдавила из себя:

— Ясно...

После угрюмый взгляд упал на оставшуюся двоицу, от чего девочка запаниковала, а парнишка спокойно сказал, повторяя поклон Эдварда:

— Рон, благодарю за наставления Симон Ротвейлер

Кратко и по делу. Время последней девочки, что жалась сильнее Эдварда. Та паникуя бегала взглядом по округе, боясь встречаться с кем либо, однако попыталась выдавить хоть что-то:

— Я... я... Мари... п... приятно!

Посмотрев на ту как на говно, мужчина выдохнул, разворачиваясь и уходя в сторону заднего выхода поместья, попутно говоря:

— Проследуйте за мной. И так отстаём от графика, а значит потерпеть неудобства придётся как вам так и мне. Пока идём можете задать вопросы, отвечу на что смогу, однако не рассчитывайте что ответы будут вас радовать

||Потянем время, пока ктоя не продвинется||",biok_ymer,1503718035544998008
"2026-05-12,16:53:25",ktoia,#0,"— Данте —

Стоило горничной поприветствовать его в этом дурацком поклоне, он уже мысленно закатил глаза, но вслух произнёс с лёгкой усмешкой:

— Не утомила. Просто... слегка надоела.

Он махнул рукой, давая знак подняться и бегло осмотрел фасад ""Тёмной розы"".

— Какая чудная архитектура. Такая серая. Такая... давящая. Прямо праздник какой-то.

Он перевёл взгляд на Джоси.

— Что ж, наверняка внутри так же радостно. Не может же всё удовольствие ограничиваться экстерьером?

Однако тут краем глаза юноша заметил суету кучера, разбирающего ЕГО вещи и уже собрался сделать замечание по поводу того, как обращаются с его дорожным гардеробом, но краем глаза зацепил три кареты в отдалении. И ОДНА ИЗ НИХ была лучше, чем у него. Это... это что такое? Кто это лучше чем ОН?!

Негативно хмыкнув, мальчуган снова посмотрел на служанку, стараясь сохранять ровный тон, хотя внутри чутка кипело:

— Кстати... кто ещё соизволил прибыть в столь прекрасный день? Я насчитал три кареты и одна из них... заметно выделяется.",samin__,1503695391001149581
"2026-05-12,16:59:03",biok_ymer,#0,"—Эдвард—
|-----------------------------------------------------------------------------|
Парень нервно но все же с некой уверенностью стал следовать за мужчиной, попутно изучая взглядов других бедолаг. Услышав про возможность задавать вопросы, тот сказал:
|-----------------------------------------------------------------------------|

—Прошу прощения... Могу ли я узнать, что нас сейчас ждёт? Как я смею предположить, нас представят к господам, коим мы будем служить, однако это ведь не означает полного окончания обучения?

|-----------------------------------------------------------------------------|",samin__,1503745829633265746
"2026-05-12,17:41:07",ktoia,#0,"— Элла Риот —  

ДЕНЕК... денек хуже некуда. Полная амбиций девушка решила изменить свою жизнь, но попала в ПРОСАК. Она конечно не верила в удачу, бога и прочий бред, но чёрт возьми ВИДИМО СТОИЛО ВЕРИТЬ!  

Целых двадцать минут Элла словесно отбивалась словами от блюстителей закона. Хотя те, по её мнению, должны были ей ПОМОЧЬ СРАЗУ. Как она может дать документы, если ИХ УКРАЛИ? Этот простой казалось бы факт стража упорно отказывались понимать. Она махала руками, тыкала пальцем то в пустоту, то в их наглые физиономии, то в собственные грамоты, которые хоть и подтверждали её квалификацию, без удостоверения личности стоили ровно ноль. Элла сыпала терминами. Даже заикнулась про проведение расследования. С каждым непонятым словом её голос становился громче, а жесты отчаяннее. Со стороны это выглядело как спектакль одного актёра. Худенькая девушка с растрёпанными волосами и в помятой одежде отчаянно спорила с двумя здоровенными стражниками, которые судя по лицам давно устали слушать. Каждый новый аргумент Эллы они встречали без намёка на обдумывание. Наконец поняв что риторика здесь не работает, её глаза сверкнули. Она на секунду замолчала, лихорадочно соображая и выпалила почти по слогам:  

— БЮ-РО-КР-АТ-ИЯ! Тормоз! Вы закапываете себя в бумажках, пока преступники разгуливают на свободе! Неужели вы не видите, что я ЖЕ-РТ-ВА?!

Именно тут появился <@&1503425579687477329>. Заметив мужчину, который подошёл, девушка притихла и сделала шаг назад, опустив руки. ЛУЧШЕ БЫ НЕ ЗАМОЛКАЛА. В её голове всё было просто: этот взрослый галантный мужчина подошёл разобраться в ситуации и помочь Элле. Однако когда тот показал знак Доберманов и представился солдатом, глазки стали размером с бусинки, а дух испустился...

ВСЁ, КОНЕЦ. Твоя история закончилась Элличка. Лучше бы ты работала в глуши у старпера до его смерти..

Девушка замолчала и нервно переводила взгляд со стражников на господина со значком Доберманов, думая о не самом лучшем будущем. Да что уж там, все её последние пожитки посыпались из рук на пол из-за этой внезапности!",samin__,1503715161637257278
"2026-05-12,19:23:09",samin__,#0,"— Джоси —

Девушка подняв голову перевела взгляд на кареты в дали, одна из которых была запряжена лошадьми, что явно по родословной была лучше чем Данте, а после начиная вспоминать спокойно и ровно ответила:

— Отвечаю: Сегодня прибыли, господин Данте Сенбернар, госпожа Джиллиана Сенбернар, господин Джошуа Сенбернар, а так-же Ария Баскервиль. Карета как раз принадлежит леди с фамилией Баскервиль

После сказанного девушка продолжила спокойно стоять на месте ожидая пока ребёнок не соизволит пройти внутрь",ktoia,1503756991611408516
"2026-05-12,20:49:33",ktoia,#0,"— Данте —

Данте на мгновение замер, услышав перечисление. Сенбернары - это ещё куда ни шло, ровня. Но Баскервиль? Прямая ветвь? Его брови чуть приподнялись, но он быстро вернул лицу выражение лёгкого безразличия.

— Вот оно что... Что ж, тем интереснее будет знакомство.

Он протянул руку вперёд, не скрывая любопытства, затем добавил, выпрямив спину:

— Что стоишь? Веди. Не заставляй меня ждать на пороге.

Его голос звучал ровно, без лишних эмоций, но во взгляде читалась привычная надменность. Ступать он начал не спеша, держа спину идеально ровно.

— Кстати, инструкции тебе конечно, дали?",samin__,1503794676119896155
"2026-05-12,21:27:29",samin__,#0,"— Симой Ротвейлер —

Мужчина принялся спешно отвечать на шквал вопросов:

— Верные мысли Эдвард. Вы будете прикреплены к вашим господам, однако ваше обучение будет пересмотрено. Вы будете заниматься служением вашим господам, а так-же учиться ведению дел, некоторые из вас перерасчёту средств, для разгрузки, ну и разумеется тому, что вам скажут ваши господа

Готовясь к следующему вопросу, тот замедлил шаг, однако того не прозвучало от чего тот непонимающе обернулся через плечё. Видимо кому-то было просто плевать, другая сука обиделась, от чего дулась, а третей было просто страшно спрашивать. Выдохнув, Симон проговорил:

— Эдвард... плюс балл. Следующий вопрос

В этот момент мальчик почувствовал на себе острый взгляд Анны",biok_ymer,1503758411194437693
"2026-05-12,21:35:22",biok_ymer,#0,"—Эдвард—
|-----------------------------------------------------------------------------|
Парень чуть удивился положительному балу от его глупого по его мнению вопросу, но все же мимолётно улыбнувшись тот умолк и так бы и лыбился однако заметив взгляд недовольства на себе тот виновато напрягся и отвёл взгляд в сторону, предпочитая осматривать величественные коридоры. Однако гнетущая тишина в итоге выбила его из колеи и тот все же с опаской решил задать ещё вопрос:
|-----------------------------------------------------------------------------|

—Что же...С вашего позволения я хотел бы поинтересоваться касательно ещё одной темы. Вы знаете каким господам мы будем служить или же это будет частью нашей проверки квали.../чуть прикусив язык тот хмыкнул, однако продолжил:/ ээ..квалифи...кации...

/почуствовав неловкость от своей запинки, тот вновь умолк, чуть опустив голову ожидая порицания./

|-----------------------------------------------------------------------------|",samin__,1503825964528828599
"2026-05-12,21:43:02",samin__,#0,"Мужчины вообще не хотели слушать всю эту бурмолду, им даже казалось что та выдумывает слова на ходу ибо звучало уж больно складно. Как только к ним подошёл <@&1503425579687477329> те не хотели обращать на него внимания, а один из них даже схватил за руку девушку, чтобы та не убежала, ведь похоже она под шумок попыталась смыться. Однако как только тот показал кулон - мужчины отдали честь, а второй, что схватил <@&1503427050214785066> прислонил её руку к виску, вместо своей, говоря:

— Приветствуем господина Добермана!

После второй страдник опустив руку уже более спокойно сказал труся руку девушки:

— Да вот, понимаете ли... рабыня сбежала. Утверждает что документы украли, а сама изобретатель какой-то. Ещё и вырядилась... ну... сами видите как. Не переживайте мы разберёмся с этим недоразумением, не достойного ваших глаз",ktoia,1503768996493787247
"2026-05-12,21:54:50",biok_ymer,#0,"—Альберт Дарси—
|-----------------------------------------------------------------------------|
Господин не вмешиваясь в их распри убрал жетон обратно в карман, смотря мимолётно на деву, а после на стражников слушая их доклад. Однако дослушав тот все же внимательнее оглянул девушку, а после нахмурились стал более сердито пилить стражников взглядом, говоря:
|-----------------------------------------------------------------------------|

—Вы чего творите!? Разве вы не видите её дорогие одеяния? Ах, что же, зарекаясь своим именем Альбертом Доберманом, я могу вас заверить, что данная леди не ""рабыня"". Она...ммм

/Мужчина задумчиво уставился на девушку, а после подмигнул раненым глазом, сказал вновь возвращаясь к серьезному виду:/
-Она мой казначей, что выбрался в город дабы встретить меня после выхода с лечебницы Святой Марии. А вы её перепутав с рабыней принялись измываться. Вас бы под трибунал пустить... Однако...

/Тот сделал более миловидный вид и улыбнувшись холодной улыбкой сказал:/
-Если вы её отпустите, я могу сделать вид, будто этого не было, как вы на это смотрите?

|-----------------------------------------------------------------------------|",samin__,1503829876208046210
"2026-05-12,21:59:04",samin__,#0,"— Джоси —

Приглашая жестом напыщенного ублюдка вперёд себя, та стала идти в шаге позади него, держась по левую сторону от него. На вопрос та сначала не поняла про что он, однако догадавшись, наконец из неё вытянули эмоции, от чего она с лёгким, аристократическим удивлением ответила:

— Разумеется... по ним я обязана вас уведомить, что если вы не утомились в поездке, вас будут ожидать остальные члены семьи. После вашего прибытия вам будут предоставлен выбор слуги, который будет сопровождать вас до вашей или его гибели. После небольшого перерыва и начнётся процесс подготовки к баллу",ktoia,1503816417634418760
"2026-05-12,22:17:15",ktoia,#0,"— Элла Риот —

Это было... БОЛЬНО. Высокий мужлан стал дёргать бедную мисс Риот за руку, более того - поднял её, чтобы отдать честь, А ПОТОМ СТАЛ ТРЯСТИ. Девушка, не скрывая негодования, тихо вслух АЙКАЛА, но этот мужик видимо был лишён малейшего сострадания и мозгов. Жизнь кончена. Рабство. Что может быть ХУЖЕ? А ведь всё так хорошо начиналось...

Однако сквозь тучи наихудших мыслей Элли вдруг удивилась. Что несёт этот ДОСТОПОЧТЕННЫЙ? Он? Че? Я? Она уставилась на него с немым вопросом и отчётливым удивлением, но заметив ""знак"" спохватилась. Глазки мимолётно забегали по сторонам. В тот самый момент её отпустили. Она замерла на месте, растерянно глядя то на стражников, то на Добермана.

— Я... я-я..

Элла выпрямилась, поправила одежду и стараясь не смотреть на стражников, низко поклонилась доберману, как того требовал этикет перед высокопоставленным господином.

— Прошу простить меня, господин. Это я виновата в возникших проблемах. Отошла слишком далеко, не дождавшись вас и попала в столь неловкую ситуацию. Мне... мне очень жаль, что вам пришлось вмешиваться.

||<@478922861554302997>||","biok_ymer, samin__",1503832848485056645
"2026-05-12,22:26:14",samin__,#0,"— Стражники —

Сказать что стражники ахуели - ничего не сказать. У каждого из них пролетело в голове как их погоны слетают одни за другим, а потом их уже ловят в качестве сбежавших рабов, а не они. От осознания этого факта - рука сама расжалась, отпуская девушку. Когда появилось окошко для ИЗВИНЕНИЙ те ИЗВИНИЛИСЬ:

— П... П... П... ПРОСИМ ПРОЩЕНИЯ! МЫ НЕ ЗНАЛИ ЧТО ВЫ СЛУЖИТЕ ТАКОМУ ЗНАТНОМУ И **ОЧЕНЬ МИЛОСТЕВОМУ** ЧЕЛОВЕКУ! СПАСИБО ЧТО ЗАКРЫЛИ ГЛАЗА НА ЭТО **НЕДОРАЗУМЕНЕЕ**. ХОРОШЕГО ДНЯ. А служба? Служба не ждёт... ещё раз благодарим... да... благодарим

После сказанного двоица из ларца, одинаковые с ебанца удалились по улице, явно пытаясь скрыть от правосудия, пока их лица не запомнили или пока дворянин не придумал

||<@&1503425579687477329> <@&1503427050214785066> ||",ktoia,1503838489089806497
"2026-05-12,22:38:22",biok_ymer,#0,"—Альберт Дарси—
|-----------------------------------------------------------------------------|
Мужчина ухмыльнулся реакции стражи, довольный что хоть где-то он может ещё внушать ужас. После на последок глянув на девушку тот поклонился в поклоне и помохав направился дальше по улице, предпочитая больше не связываться с неизвестной для него барышней.
<@&1503427050214785066> 
|-----------------------------------------------------------------------------|",samin__,1503840748297256960
"2026-05-12,22:50:03",ktoia,#0,"— Данте —

Данте слушал, не сбавляя шага и лишь слегка повёл плечом. Услышав про остальных членов семьи, ответил:

— Понятно. Конечно, я устал. Поездка была откровенно утомительной. Но заставлять семью ждать - дурной тон. Так что веди!

— Что касается слуг... Они уже здесь? Или я должен выбирать из тех, кто встретит? Есть среди них те, кто уже служил моей семье, или все новички?",samin__,1503833911720149092
"2026-05-12,23:03:26",samin__,#0,"— Симон Ротвейлер —

Наконец услышав вопрос, мужчина хмыкнул, отвечая:

— Я лишь предполагаю как сложатся карты, не более. Всё будет зависеть от выбора. Кхм... не вашего разумеется. Информацию о каждом из вас отослали в резиденции ещё за долго до вашей отправки, так что советую просто свыкнуться с этой мыслью

||В некст посте для КтоЯ буду прописывать эту ветку дальше, на объединение||",ktoia,1503846741743763608
"2026-05-12,23:13:44",samin__,#0,"— Джоси —

Горничная закатила глаза, услышав ответ, так чтобы её недовольство не увидели конечно же. Когда зашёл вопрос о слугах, те подошли к входной двери, от чего Джоси обогнала парня прикасаясь к ручке двери:

— В ваше поместье ещё месяц назад были направлены личные дела претендентов, от чего выбор будет проводиться между ними

После сказанного, та открыла дверь, входя внутрь повышая голос, оглашая:

— Прошу минуточку вашего благородного внимания. Прибыл Данте Сенбернар!

И как только Данте вошёл, в комнату к нему приковалось внимание всех сидящих в главном зале за одним столом. Стояло Данте начать что-то говорить вошла и вторая группа слуг, вместе с Симоном, который перебил представление Данте на полуслове, говоря:

— Ага... прибыли, тогда не будет затягивать

||<@&1503426171604570333> ||",ktoia,1503846741743763608
"2026-05-12,23:34:07",biok_ymer,#0,"—Эдвард—
|-----------------------------------------------------------------------------|
Услышав не сильно разжованый ответ, тот продолжит молчаливый путь и как только их привели в общий зал он хлопая глазами стал осматривать высокопоставленных господ, но услышав о прибытии все же поклонился, предпочитая лишний раз не провоцировать вниманием к себе.
(Я считай скип)
<@&1503425792791547984> .
|-----------------------------------------------------------------------------|",samin__,1503852700784136242
"2026-05-13,00:50:44",ktoia,#0,"— Элла Риот —

Элла стояла, не в силах пошевелиться, пока стражники, ещё секунду назад такие грозные и непререкаемые, рассыпались в извинениях, словно их кто то переключил. Она даже рот открыла, чтобы что-то сказать, но не издала ни звука - просто смотрела, как двое здоровенных мужиков, готовых отправить её в рабство, пятятся и исчезают за углом, бормоча что-то про службу. А потом этот человек - Доберман, важная шишка, который только что спас её с помощью одной лишь демонстрации значка, вдруг поклонился ей. ЕЙ! Нищей, бездомной, почти ставшей рабыней девушке. И пошёл прочь, помохав на последок. 

Элла проводила его взглядом, полным глубокого непонимания. Она опустила глаза на разбросанные по земле грамоты, листы с расчётами - всё что осталось от её багажа. Некогда гордость, теперь просто грязные клочки бумаги. Элла присела, попыталась собрать их в кучу, но поняла, что половина уже в луже, а остальное разлетелось по ветру. Вот дрянь... пуффф... пропади оно пропадом.

Она встала, встряхнула свою накидку, глянула в спину Добермана... мимолетый затуп, а после не раздумывая больше ни секунды, сорвалась с места, побежав за мужчиной. Слегка запыхавшись и все таки догнав, проговорила:

— Господин! Господин, подождите! Мкхм... Извините! Я... я хочу поблагодарить вас! Вы... вы меня спасли, не знаю зачем, но... спасибо! М-можно вас на минутку!?",biok_ymer,1503843800991404104
"2026-05-13,01:00:49",biok_ymer,#0,"—Альберт Дарси—
|-----------------------------------------------------------------------------|
Мужчина шел уже и забыл про ситуацию минутой ранее, однако девушка кою он даже толком не запомнил догнала в того надежде на... Разговор? Не особо понимая, но все же остановившись тот развернулся смотря на леди, проговорил:
|-----------------------------------------------------------------------------|

—Хм, не стоит беспокоится. Я даже не Доберман, это была ложь, ведь это уже не действительный знак, отчего вы мне и ничем не обязаны. Вы что-то ещё хотели у меня узнать?

/Парень встал ровно, держась словно некий аристократ, однако его поза напоминала больше солдатскую, нежели дворянскую, отчего тот выглядит немного угнетающе. Однако мужчина несмотря на боевую позу не особо проявлял настороженности, скорее стоя так по привычке, нежели для запугивания./

|-----------------------------------------------------------------------------|",ktoia,1503877114447925449
"2026-05-13,01:37:09",ktoia,#0,"— Данте —  

Понимающе кивнув, когда ему сказали про претендентов, мальчуган попытался так же понимающе вспомнить, что же было месяц назад. Однако никаких личных дел он так и не вспомнил. Что ж, решение оставалось простым: выбирать из имеющегося сброда.  

Когда дверь открылась и голос Джоси огласил его прибытие, Данте выпрямил спину, расправил плечи и вошёл в зал с видом человека, который НУ ТОЧНО не просто так здесь оказался. Взгляды присутствующих устремились на него, но он не дрогнул - только чуть прищурился, окидывая комнату быстрым, оценивающим взглядом. Он уже открыл рот, чтобы что-то сказать, но тут в зал ворвалась вторая группа слуг вместе с Симоном, перебив на полуслове.... Данте на мгновение замер, потом медленно перевёл взгляд на вошедших, не скрывая лёгкого раздражения. Однако он сдержался и направился к главному столу - чтобы наконец услышать, чё куда, зачем и главное почему.",samin__,1503852700784136242
"2026-05-13,02:00:35",ktoia,#0,"— Элла Риот —

Элла замерла, услышав его слова. Не Доберман? Знак недействительный? Ложь? Она растерянно моргнула, пытаясь переварить эту информацию и на мгновение в голове всё смешалось.

— То есть... вы... солгали им?

Тут же мотнув головой, она быстро добавила:

— Впрочем неважно. Главное - вы это сделали! И вы меня спасли! Не важно, кто вы на самом деле!

Заметив его солдатскую выправку, она невольно выпрямилась, словно в ответ, но поняв что это выглядит глуповато, сняла с себя головной убор, прижала его к груди и продолжила:

— Хотя нет, важно. Кхм. Ам... Да, хотела узнать, вернее попросить, точнее поинтересоваться... А вы господин Добе... Господин, я сейчас в не лучшей ситуации. Вы наверное это поняли. Так вот можете мне немножечко помочь? С э.... бюрократией?

Понятно дело девушка понимает что просит МНОГОЕ, а хули делать? В рабство не хочется!",biok_ymer,1503879652081664030
"2026-05-13,09:57:38",biok_ymer,#0,"—Альберт Дарси—
|-----------------------------------------------------------------------------|
Мужчина ничуть не изменяясь в позе и лице выслушал девушку, а после спокойно выдохнув ответил:
|-----------------------------------------------------------------------------|

—Я и сам не бюрократ, отчего врятли смогу вам помочь в этом плане. Да и если вы потеряли все документы, вы не являетесь гражданином, отчего ваши права в данный момент ниже чем ""рабы"", ведь даже у них есть документ. Отчего на вашем месте я бы постарался найти подработку, дабы накопить на новые документы. Это все, что я могу вам посоветовать на данный момент, без денег на западе многого не добиться к сожалению. Я бы мог вам одолжить некую сумму, однако сейчас у меня проблемы с заработком, отчего я не смогу вложиться в вас сейчас. Прошу прощения, но большим помочь мне вам нечем.

/Сказав мужчина устало кивнул, а после чуть наклоняясь словно поклонился, а после принялся разворачиваться, в намерении вновь вернуться к делам./

|-----------------------------------------------------------------------------|",ktoia,1503894692734173205
"2026-05-13,11:32:06",samin__,#0,"— Симон Ротвейлер —

С неким скептиком оглядев всех присутствующих, мужчина понял что этот год дастся ему ой как нелегко. Прочистив горло, тот на удивление не стал кричать или что-то громко заявлять, говоря размеренно и спокойно, даже не выказывая должного официоза:

— Хоть и с задержкой, но раз все собрались можем начинать. Дети знатных родов, вас привезли сюда для подготовке к предстоящему балу, на котором вас представят высшему свету всего запада, а ваши фамилии, в отличии от этого момента, начнут иметь силу

— Прямо сейчас вы выберете себе слуг из числа тех, что стоит перед вами. Эти дети были буквально рождены для того, чтобы служить таким как вы, от чего в их нравах и квалификации сомневаться не приходится

— По праву старшинства титула, первой выбор предоставляется Арии Баскервиль, вам нужно время на размышления?

Девочка с фиолетовым оттенком на волосах особо не думая подняла палец, указывая на молчаливого паренька, сказала:

— Благодарю за предоставленную возможность, однако я уже сделала выбор

/Парнишка, поклонившись ответил скрывая улыбку/
— Почту за честь... госпожа Ария

Договорив, тот подошёл к столу, вставая за спиной своей новой госпожи по правую руку от неё

Симон же не оценил данный выбор отводя взгляд в сторону, говоря в слух:

— Занятный выбор, однако будет подвержен осуждению, моему в том числе, но это разговор будущих дней. Чтож, Сенбернары, ваша очередь. Надеюсь ваш выбор будет куда более осмысленным

Дав высказаться дворецкому, девочка с красными волосами сказала:

— Великолепно! В таком случае я выбираю Анну Чихуахуа!",ktoia,1503888796003991613
"2026-05-13,11:32:07",samin__,#0,"Девочка что с завистью смотрела на спокойного парня, явно указывая на то, что это было её место сказала с весьма удручённым видом:

— Почту за честь... ... ... госпожа Джиллиана...

Подойдя к той, девушка так-же встала по правую руку от неё, сверля взглядом паренька

Остались двоя, от чего парнишка, что сидел за столом вместе с Данте вдруг обратился к нему:

— Брат Данте, что думаешь? Выбор остался не велик и один из них скажем... не лучший. Как будем выходить из этой непростой ситуации

Договорив кудряш кивнул в сторону зашуганной девочки, что понимала к чему всё идет

|| <@&1503426171604570333> можешь проскипать или мысли высказать, за тебя сейчас драка будет||",,
"2026-05-13,12:56:34",biok_ymer,#0,"—Эдвард—
|-----------------------------------------------------------------------------|
Парень спокойно себе стоял, пока давящая атмосфера аристократии чуть не подкосила ему ноги. Словно мышки загнанные в угол, они сверлили слуг взглядами, словно делясь за последний кусок хлеба. Нервно вздохнув тот уже хотел было закрыть глаза, однако увидев, что у девочки рядом с ней ситуация не лучше, аккуратно подошёл к той, стоя также как и раньше к лицом к господам и подставив руку к лицу спросил:
|-----------------------------------------------------------------------------|

—Эй, ты как? Не переживай, я тоже волнуюсь. Однако это только на первый взгляд так страшно, не съедят же они нас, верно?

|-----------------------------------------------------------------------------|",samin__,1504038521474646057
"2026-05-13,14:01:38",samin__,#0,"— Мари —

Девочка понимая серьёзность с сумбурностью сложившейся ситуации играет вообще не в её пользу разволновалась ещё больше чем прежде. Когда к той обратились, та даже дёрнулась не ожидая этого вылупившись на Эдварда непонимающим взглядом. Осознав что ту пытаются успокоить, девочка так-же приложив ладошку ко рту ответила:

— Н...нет, просто всё пошло на перекосяк и теперь одному из нас точно не повезёт. Но... а что мы можем вообще сделать...",biok_ymer,1504059773870411918
"2026-05-13,15:34:45",biok_ymer,#0,"—Эдвард—
|-----------------------------------------------------------------------------|
Непонимая про что та, парень переглянувшись с толпой дабы их не поймали продолжил шептать в ладошку:
|-----------------------------------------------------------------------------|

—Почему это не повезет? Ты беспокоишься, что того кого не выберут сошлют? Тут скорее тяжелее всего тебе, ведь тебе придется служить парню, за что я и беспокоюсь, как и видео старший дворецкий. По плану мальчики должны были быть с мальчиками, а девочки с девочками, отчего и получилась такая неловкая ситуация... Даже если тебя выберут второй, ты можешь положить на меня, все же тебе сейчас тяжелее всего. А ты и мне как-нибудь поможешь, верно?

/Тот чуть улыбнулся, но не сильно сбавляя своего же напряжения и мысли о тройной переработке, тот не смог полноценно улыбнуться, с нервами./

|-----------------------------------------------------------------------------|",samin__,1504076150442557491
"2026-05-13,18:52:22",samin__,#0,"— Мари —

Девочка от проговаривая в слух своих же мыслей удручилась ещё больше, от чего опустив голову проговорила:

— Вы правы... вам же тоже говорили: ""Нежеланный слуга хуже плешивой собаки"". Возможно повезёт, а может и нет... всё зависит от господ, что сейчас обсуждают наши судьбы. Да...

Заметив что парнишка и сам на взводе, та через силу процедила улыбку, говоря тому:

— А вот вам будет проще, за вас борьба будет и... спасибо за предложение, но я справлюсь, ведь для этого меня и учили... в случае чего обращусь, спасибо...",biok_ymer,1504099584027263191
"2026-05-13,20:12:59",ktoia,#0,"— Элла Риот —

Элла слушала и с каждым его словом её лицо становилось всё более растерянным. Права ниже, чем у рабов? Документов нет? **Даже одолжить не может**? Она открыла рот, хотела что-то сказать, но тот потом принялся разворачивается!!! 

> ТАК ЭЛЛИ это твой ЕДИНСТВЕННЫЙ спасательный круг из возможных! Я даже город не сумею покинуть не попав в РАБСТВО. Если этот одноглазый уйдет то все... КАПУТ.

С такими мыслями девушка спахватилась и хватанула того за рукав. Начиная наваливать:

— Постойте. Вы... вы не можете просто так уйти! Нет можете, но... Ам....

Взглянула на свою руку и перестав держать того за рукав, завела эту самую руку за спину. Продолжая тараторить:

— Я... я не прошу денег. Я прошу... ..... ну, не знаю... дайте мне шанс? Я могу работать! Я умею считать, чертить, чинить,  да я вообще что угодно делать умею! Мне просто... просто нужен кто-то, кто поручится за меня, на время. Хоть немного. Я-я понимаю, у вас свои проблемы. Просто... я не знаю, куда мне теперь идти без ничего, даже весточку отправить не могу...",biok_ymer,1504014746058358964
"2026-05-13,20:49:55",ktoia,#0,"— Данте —

Данте наблюдал за происходящим с видом человека, который уже всё решил, но пока делает вид, что обдумывает. Первый выбор прекрасной Арии **БАСКЕРВИЛЬ** его УДИВИЛ - она без колебаний взяла парня? Что ж, хорошо... А вот когда Джиллиана перехватила Анну, его бровь чуть заметно дёрнулась. Вот же... Это он хотел взять Чихуяхуя себе! Возмутительно!

Он перевёл взгляд на оставшийся сброд: перепуганная девчушка и собранный парень. Да... ну и бред. И именно в этот момент к нему обратился братец! Данте перевел глаза на БРАТА, в котором не скрывалось легкое раздаржение.

— Брат Джошуа. Ты, кажется, сомневаешься... Но я, пожалуй, затягивать не буду. Ведь сомнения путь в лужу...

Он откинулся на спинку стула, окинув парня нарочито пренебрежительным взглядом, но внутренне уже принял решение. Девчонка выглядела так, будто её вот-вот хватит удар. А этот... хотя бы не трясётся.

Данте кивнул в сторону парня

— Я выбираю его... Вид у него достаточно собранный, чтобы не позорить моё имя и семью на людях. Остальное покажет время.

Он перевёл взгляд на Джошуа, чуть прищурившись.

— Надеюсь, брат, ты не против такого расклада. Или у тебя есть возражения?",samin__,1504038521474646057
"2026-05-13,21:32:19",biok_ymer,#0,"—Эдвард—
|-----------------------------------------------------------------------------|
<@&1503425792791547984> 
Удручённо выдохнув парень кивнул на слова парня, а после на последок шепнул девушки рядом:
|-----------------------------------------------------------------------------|

—Что же, удачной службы... Держи лицо и со временем страх уйдет... Наверное.

/Договорив свою недоречь, мальчик направился к стулу на коем расположился мальчик, встав возле него по левую сторону, ничего не говоря и нервно стоя, словно он ну НЕ ВОЛНУЕТСЯ ЧТО СТОИТ С КЕМТО ВАЖНЕЕ ВСЕГО ЕГО РОДА./

|-----------------------------------------------------------------------------|",samin__,1504149313993834707
"2026-05-13,21:40:23",biok_ymer,#0,"—Альберт Дарси—
|-----------------------------------------------------------------------------|
Мужчина не стал сопротивляться своей остановки, но все же не понимал настойчивости барышни. Да ситуация не сахар, но если останавливаться перед каждым бедолагой у того и самого ничего не останется, однако выслушав речи девушки тот все же выдохнув, но все также не разварачиваысь, спросил:
|-----------------------------------------------------------------------------|

—Работать по дому умеешь? В моих новых землях скорее всего тот ещё бедлам, отчего предположу, что у меня не будет денег нанять высококлассных служанок, отчего твоя помощь в разгрузке была бы весьма кстати. Уборка, стирка, готовка. Базовая работа, плата будет в соответствии с качеством работы за каждый месяц, как ты на это смотришь?

|-----------------------------------------------------------------------------|",ktoia,1504169603209756744
"2026-05-13,22:48:25",ktoia,#0,"— Элла Риот —

Уборка? Стирка? Готовка? Она - инженер, изобретатель, человек, который разбирается в механизмах и чертежах, а не в том, как вывести пятна с белой рубашки! Она уже собралась было возразить, но в голове что-то щёлкнуло. 

Девушка ответила твёрдо:

— Да, Да согласна.

Она тряхнула головой, прогоняя сомнения и быстро заговорила, чтобы он не передумал:

— Я согласна! Уборка, стирка, готовка - я всё умею. Ну... может, не всё, но я быстро учусь! Очень быстро! И я не ленивая, и руки у меня говорят оттуда, откуда надо, и... в общем, я справлюсь.

Она сделала шаг ближе и постаралась придать лицу самое ответственное выражение, на которое была способна.

— Элла Риот. И я не подведу.......

Она замолчала и просто ждала его вердикта.",biok_ymer,1504191598655832135
"2026-05-13,23:36:13",biok_ymer,#0,"—Альберт Дарси—
|-----------------------------------------------------------------------------|
Воевода устало глянул на ту, а после делая себе мысленную заметку повернулся обратно продолжая путь и говоря:
|-----------------------------------------------------------------------------|

—Что же, выходит ты принята, поздравляю. А теперь нам следует передислоцироваться в Место Самоуправления, нужно выяснить куда нам вообще держать путь. Надеюсь вы не против прогулки.

|-----------------------------------------------------------------------------|",ktoia,1504208721134223522
"2026-05-13,23:54:12",ktoia,#0,"— Элла Риот —

Элла едва сдержала облегчённый выдох. Принята. СЛОВА не передают как ей это было нужно!

— Не против. Я к долгим прогулкам привычная!

Вопросы конечно были, однако тот не выглдяил достаточно дружелюбно чтобы на те отвечать, по сему она их придержит. Не хотелось показаться назойливой с первых же минут. Надев шапку обратно сказала:

— А вы... как мне вас называть? Просто... я не хочу нарушать субординацию, но и перебарщивать с титулами - тоже.

Топ-топ за Альбертом.",biok_ymer,1504220747952947200
"2026-05-14,00:24:14",biok_ymer,#0,"—Альберт Дарси—
|-----------------------------------------------------------------------------|
Мужчина идя неторопливой походкой в сторону весьма мало заметного здания, что уже оказалась в поле зрения сказал:
|-----------------------------------------------------------------------------|

—Альберт Дарси Корги. Фамилию Корги следует использовать по этикету, однако представляя меня моя шалость с знаком может не сработать, отчего зовите меня по фамилии рода Дарси, мисс Элла.

/После сказанного тот остановился у двери и аккуратно постучав в то, не долго ожидая ответа вошёл внутрь, осматриваясь в поиске ""свободного человека"". <@478922861554302997> ./

|-----------------------------------------------------------------------------|","samin__, ktoia",1504225273313361931
"2026-05-14,10:08:26",ktoia,#0,"— Элла —

Элла шла следом, стараясь не отставать и одновременно разглядывать здание, к которому они направлялись. Оно оказалось куда скромнее, чем ожидалось. 

— Хорошо, господин Дарси.

Коротко кивнув и сделав мысленную пометку, замолчала.

Когда Альберт постучал и вошёл, Элла на секунду задержалась на пороге, оглядывая помещение. Она не знала, кого именно ищет её спутник, поэтому просто встала чуть позади, сложив руки перед собой, как примерная помощница и стараясь не привлекать к себе лишнего внимания.",biok_ymer,1504232832128782397
"2026-05-14,10:22:35",samin__,#0,"— Симон Ротвейлер —

Обомлев от ""находчивости"" своего брата, Джошуа приоткрыв рот видел как всë решается и вовсе без его участия. Быстро опомнившись тот ухмыльнулся, выдавливая самую не искренюю улыбку, которую только мог, а после сказал:

— Конечно брат Данте, я как раз хотел подставить тебе своë плечë в этом нелëнком деле. Как хорошо что мы поняли друг друга...

Мари так-же молча подошла к своему новому господину, робко вставая подле него

Кивнув хоть на такой выбор, Симон что за свою практику не видел подобного наконец понял что ему предстоит сделать, дабы не попасть в просак, от чего кивнув на выборы недовольно проговорил:

— Раз выбор сделан, можете быть свободны. Чуствуйте себя как в своих резеденциях, ведь в этих стенах вы проведëте ближайший год, до дня балла

Развернувшись в сторону одного из коридоров, мужчина чуть повысив голос проговорил:

— Ария, Джошуа, Рон, Мари. Проследуйте за мной, нам необходимо пересмотреть рамки, дозволенные вам в этих стенах

Цикнув Джошуа резко встал со стула, чуть ли не задевая свою служанку, поспешно удоляясь за дворецким, тихоня не зная как реагировать потупив пару секунд, озираясь по сторонам побежала нагонять кудряша. Прямая кровь же на потив, тихо и мирно встав со стула с помощью паренька направилась в след за своими же проблемами

Ноунейм же ничуть не сомневаясь встала со сноего стула, чуть ли не проваливаясь ниже стола, со слегка игривой походкой направилвсь вверх по леснице, говоря своей слуге:

— Ну чтож дорогуша, пойдëм. Расскажешь мне всë что знаешь и решим что бы нам такого делать тут це-е-елый год!

Оставив на едине двух ебланчиков, собрание закончилось, не успев начаться

|| Можете просто начать общаться, а можете куда-то переместиться, строение, комнаты, что придумаете то и будет, так что тут я не сдерживаю <@&1503425792791547984> <@&1503426171604570333> ||",biok_ymer,1504189569828913185
"2026-05-14,11:04:27",samin__,#0,"С порога стало понятно, что это именно то чем и является. Здание полное бюрократии и кучи бесполезно потраченных часов в довольно спокойном местечке, отдалённом от разборок аристократов, что любили кичиться своей собачьей родословной, сами ничего из себя не представляя

Как только дверь открылась, двоица увидела скромное убранство с кучей стеложей и изрядно уставшим пареньком, что сидел за столом, лицо которого скрывала груда бумаг. Услышав открывшуюся дверь и почувствовав дуновения свежего воздуха, парень наклонился, аккуратно выглядывая из-за стопки бумаг, а после спокойно говоря как будто автоответчик:

— Здание местного самоуправления восьмого округа Павлова, чем обязан?

||Да, округи тут носят названия тех, кому принадлежат и естественно воякам дают территорию, подвластную самому титулованному военному||

||<@&1503427050214785066> ||",biok_ymer,1504232832128782397
"2026-05-14,12:27:35",ktoia,#0,"— Данте —

Данте проводил взглядом удаляющуюся процессию, не скрывая лёгкого раздражения. Все они куда-то движутся, а он остался сидеть за столом, как какой-то... как какой-то гость, а не хозяин положения! Из-за чего паренёк откинулись на спинку и закинув ногу на ногу сказал:

— Ну и отлично. По крайней мере, никто не будет дышать в затылок.

Он перевёл взгляд на парня, что стоял за его спиной. Мда.... Выбор не лучший. Продолжая разглядывать нового слугу с головы до ног, Данте проянул:

— Так. Ты теперь мой. Мх... Чтож.

Он встал, поправил воротник и бросил коротко:

— Веди. Покажешь покои где там меня поселили на билайжий год. И по пути расскажешь, как тебя зовут, чем ты полезен и почему я не должен пожалеть о своём выборе.

Данте уже направился к выходу из зала, не оглядываясь, уверенный, что слуга пойдёт следом.

||<@&1503426171604570333> ||",samin__,1504383410137727080
"2026-05-14,13:25:37",biok_ymer,#0,"—Эдвард—
|-----------------------------------------------------------------------------|
Лишь минуты общения с парнем хватило чтобы понять, что тот не может составить слова со своими действиями. Он приказал вести его, при этом сам поиграл в переди. А если учитывать тот факт, что слуги как и он прибыли в этот особняк впервые, так он ещё и был весьма глуп... Подумал бы парень, однако не стал, молча следуя за парнем, немного нервно посматривая на того, говоря:
|-----------------------------------------------------------------------------|

—Да... Меня зовут Эдворд, был воспитан с рождения услужливости, отчего надеюсь со мной у вас не будет проблем. Я ммм, быстро учусь! А также ммм, сказал бы наблюдателен. Я также обучался этикету, ведению бесед и математики с ранних лет, отчего надеюсь смогу стать достойно вас опоры... И...наверное это всё...

|-----------------------------------------------------------------------------|",ktoia,1504414867363332137
"2026-05-14,13:30:49",biok_ymer,#0,"—Альберт Дарси—
|-----------------------------------------------------------------------------|
Мужчина подождать приветствия и сам чуть наклонился, говоря:
|-----------------------------------------------------------------------------|

—Я являюсь господином Альбертом Дарси Бернаром. Однако ныне был перемещен к роду Корги, отчего не стоит так пугаться. Мне сказали узнать подробности тут, а также те земли, что ныне мне присвоили.

/Закончив свою мысль, мужчина размеренным шагом подойдя к столу достал из под одеяний вскрытое письмо с гербом, что положил на стол возле паренька. После же заметив краем глаза непонимание девушки, показал рукой на неё:/
-А это моя помощница, она со мной, не переживайте.

|-----------------------------------------------------------------------------|",samin__,1504393949350068244
"2026-05-14,17:53:30",ktoia,#0,"— Данте —

Данте слушал, не сбавляя шага и лишь изредка бросал короткие взгляды на нового слугу. Когда Эдвард закончил, парень чуть приподнял бровь и усмехнулся с явным превосходством.

— Мх... ну-ну. Это не навыки, это низшая база. Минимум, который должен быть у каждого, кто претендует на роль моего слуги.

Он остановился, повернулся к Эдварду и вновь окинул его взглядом:

— Ты сказал, что быстро учишься. Прекрасно. Тогда вот тебе первая задача: найди и отведи меня в мои покои. 

Данте не ебет что Эдвард тут тоже первый раз.",biok_ymer,1504429475583103106
"2026-05-14,19:41:04",biok_ymer,#0,"—Эдвард—
|-----------------------------------------------------------------------------|
Не долго думая мальчик потупив пару секунд глазами стал искать по коридором и заприметив первого стоечного прислугу подошёл к нему, спрашивая( <@478922861554302997> ):
|-----------------------------------------------------------------------------|

—Прршу прощения, а вы не могли бы подсказать в какой стороне покои господ?

|-----------------------------------------------------------------------------|","samin__, ktoia",1504496888060317718
"2026-05-14,19:54:17",samin__,#0,"На удивление прислуги в этом поместье было не сказать что мало, было ощущение что её и вовсе не было, за исключением работающих во дворе и парочки горничных, что шастали то туда, то сюда. Как раз к одной из них и решился обратиться парень. Удивлённо посмотрев на паренька, та указала на лестницу, что вела на второй этаж:

— Все покои молодых господ находятся на втором этаже поместья. Северное ответвление для господ, а южное для дам

Разумеется служанка так-же указала где какое ответвление, чтобы даже ребёнку было понятно",biok_ymer,1504523958706245732
"2026-05-14,20:03:14",samin__,#0,"Парнишка с весьма скептической долью во взгляде осмотрел двоицу, а после взяв письмо в руки стал то читать. Пробежавшись по моментам, которые того интересовали, парнишка ответил:

— Так вы господин Альберт, вы у нас что-то вроде легенды. ""Призрачный аристократ"", что даже носом не пересекал границу собственных угодий, рад что не ушёл на пенсию и увидел ваше лицо, будет что сменщику рассказать...

Лениво зевнув, парень потянулся за картой, распластав ту поверх стопок бумаг, а после начал искать нужную точку, говоря под нос:

— 20а на 15б... округ гамма... о, вот прямо тут

/Ткнув на карту, тот продолжил/
— Отдалённая деревенька, входящая в состав ваших прошлых владений, разумеется под юрисдикцией господина Кросса Баскервиль. У вас остались вопросы?",biok_ymer,1504430782360457327
"2026-05-14,20:26:24",biok_ymer,#0,"—Эдвард—
|-----------------------------------------------------------------------------|
Выслушав подробное объяснение парень кивнул а после благодаря служанку направился по сказанному ей направлению, останавливаясь у комнат, пытаясь понять, а какая из них Данте... Не долго думая, тот дёрнул за случайную дверь, с любопытством аккуратно просунув голову.
|-----------------------------------------------------------------------------|",samin__,1504527285485568101
"2026-05-14,20:32:10",biok_ymer,#0,"—Альберт Дарси—
|-----------------------------------------------------------------------------|
Посмотря на карту, мужчина отдаленно стал вспоминать те просторы, как минимум он помнил, что там пару раз проходили караваны с провизией. Понимая, где это место мужчина аккуратно свернув в корвет спрятал письмо, чуть поклонившись, говоря:
|-----------------------------------------------------------------------------|

—Не думаю что в чем-то большем вы сможете мне помочь, отчего я рад что смог узнать свой нынешний путь. Перед тем как я отправлюсь в путь, вы не знаете кто мог быть ответственным, за данное решение? Хотя, лучше спрошу другое, вам известно что-то о этих землях? Не хотелось бы уйти сломя голову, если я вас конечно не отвлекаю своим любопытством.

|-----------------------------------------------------------------------------|",samin__,1504529537172770876
"2026-05-14,20:45:59",samin__,#0,"Перед глазами паренька предстали царские хоромы. Стразы, бархат, золото и хрустали буквально испепеляли глаза обычного паренька, а ковры кажется стояли дороже чем его шкура на них вообще можно наступать?

Посередине комнаты стояли чемоданы в особо крупном количестве. И вот как понять та ли это комната?",biok_ymer,1504535369054425259
"2026-05-14,20:47:47",biok_ymer,#0,"—Эдвард—
|-----------------------------------------------------------------------------|
С опаской поглядя на комнату, тот открыл дверь говоря и одновременно спрашивая:
<@&1503425792791547984> .
|-----------------------------------------------------------------------------|

—Эм господин... Это ваши вещи? Если да, то кажется я нашел вашу комнату...

|-----------------------------------------------------------------------------|",samin__,1504540294987911189
"2026-05-15,11:20:09",ktoia,#0,"— Данте —

Данте взглянул на вещи, потом на Эдварда. Он понятия не имел, его это или нет - ибо не он их паковал. Но… м-м-м… выглядят дорого. Значит, его! Да и вроде эти чемоданы Кучер вытаскивал...

— Соображаешь.

/Бросил он, проходя мимо слуги и входя внутрь, замер./

Комната оказалась… неожиданной. Даже для него. Полы укутаны невообразимым ковром, стены украшены резными панелями с позолотой. Тяжёлые бархатные шторы на высоких окнах. Перед окном - массивный письменный стол.... 

Он медленно прошёлся по комнате, оглядываясь, как кот, внезапно обнаруживший, что ему досталась самая лучшая лежанка...

— Да. Это определённо моя комната.

Но тут паренёк вспомнил что у него ТОЧНО не самые лучшие покои и слегка прихмурился, но тут же отбросил эти мысли.

Подойдя к бархатному дивану бесик расположился на нем, облакотив руку на подлокотник, слега приподнял взгляд выше.

— Год до балла... Да... Бездельничать не получится. Хм... Или...

Тут его взор опять зацепился за слугу, из-за чего он вышел со своих мысленных облаков и сказал.

— Чего стоишь? Вещи пока разбери, только смотри чтоб всё было в целости. Да и не нервничай так.",biok_ymer,1504540750212239390
"2026-05-15,13:29:19",biok_ymer,#0,"—Эдвард—
|-----------------------------------------------------------------------------|
Распоковать вещи казалась простым действием, однако как выполнить приказ ""не нервничать""? Не долго думая об этом тот прикрыв за собой дверь подошёл к вещам и открывая чемоданы с сумками стал распоковывать их содержимое наружу. Пока он был занят делом, тот и вправду не особо нервничал, но комната явно давила на него своим ""шармом"".
|-----------------------------------------------------------------------------|",ktoia,1504760288937906276
"2026-05-15,15:43:36",samin__,#0,"Тяжело выдохнув, парнишка недовольно пробормотал себе под нос:

— Ну разумеется отвлекаете...

/Сев на стул, тот вновь уткнулся в бумаги, говоря в ответ/
— Обычная деревня с населением немногим более 500 человек, хотя сейчас скорее всего меньше. Занимается скотоводством и земледелием, будучи на самообеспечении с продовольственной стороны вопроса. Тихое местечко если так смотреть, только время от времени доносятся слухи что они в лес боятся ходить... суеверные в общем

Договорив, парень вновь сел за работу, коей похоже было не мало. Бюрократия не щадит никого...",biok_ymer,1504536816961978600
"2026-05-15,16:02:57",biok_ymer,#0,"—Альберт Дарси—
|-----------------------------------------------------------------------------|
Услышав хоть что-то мужчина кивнул, а после направляясь на выход стал вслух проговаривать:
|-----------------------------------------------------------------------------|

—Суеверные значит... Не существует слухов без почвы...

/Чуть задумавшись тот вышел из здания, а после стал искать где можно было бы найти Кучера на найм, попутно говоря уже <@&1503427050214785066> :/
-Что же, ты все слышала. Как понимаешь не в роскошных условиях будешь прибывать, все ещё согластна?

|-----------------------------------------------------------------------------|",samin__,1504826584526491748
"2026-05-15,17:48:54",ktoia,#0,"— Данте —

Данте наблюдал, как Эдвард возится с вещами и постепенно его взгляд становился всё более задумчивым, а после тот сказал:

— Эдвард. Ты видел других господ. Арию Баскервиль, Джиллиану, моего братца Джошуа. Что ты о них думаешь? 

Он выдержал паузу, затем добавил, чуть понизив голос:

— И ещё. Ты рад, что выбрал тебя именно я? Или надеялся на другого хозяина?

Данте откинулся на спинку дивана, положив ногу на ногу и уставился на Эдварда с выражением, которое трудно было назвать доброжелательным.",biok_ymer,1504792792659136513
"2026-05-15,19:06:20",biok_ymer,#0,"—Эдвард—
|-----------------------------------------------------------------------------|
И вот спокойствие. Парень стал находить что-то метатадивное в простом распоковывании вещей. Это поистине расслабляло! И вот он уже даже радостно открывая новую порцию вещей, как его окликнули и... Спросили мнение!? Чё это...? Тот и незнал, что у него будут права даже открывать лишний раз род, с господами столь высокого ранга, а тут МНЕНИЕ. Чуть с испугом посмотря на Данте, тот думал как вежливо отклонить вопрос, однако ничего не придумав, стал мямлить ответ:
|-----------------------------------------------------------------------------|

—Д..да, видел... Они? Ну... Дети высшего слоя общества... И ну... Держат лицо, я пологаю? Мм, сложно сказать, но думаю вы как и они с детства учились держать все в себе, отчего мне сложно оценить вас как людей... Хм ну а по поводу вас я не могу знать худший или лучший это вариант для меня, прошу простить...

|-----------------------------------------------------------------------------|",ktoia,1504858117299765319
"2026-05-15,22:15:10",ktoia,#0,"— Элла —

Да, девушке говорили, что на новых землях бедлам и всякое такое. Но чтобы это была та ЕЩЁ ДЫРА - такого ожидания не было. Она только вышла из ЕБУЧЕЙ ДЕРЕВНИ, чтобы попасть в ЕЩЁ БОЛЕЕ ЕБУЧУЮ ДЕРЕВНЮ. От этого факта она впала в мысленную кому до конца разговора. Лишь когда Альберт начал двигаться к выходу, она опомнилась и развернувшись, пошла за ним. А когда на улице прозвучал вопрос, Элла дёрнулась, повернула голову и кажется только сейчас осознала масштаб трагедии.

— Деревня... дееерееевня..

Она остановилась и прижала ладони к вискам.

— Как я могла так всё упустить?! Я из одной дыры выползла, чтобы закопаться в другую, но уже по собственному желанию?! Это... это просто праздник какой то! Парад самоиронии!

Она зажмурилась, постояла пару секунд, потом выдохнула и опустила руки.

— Ладно.

Элла подняла глаза на Альберта и закончила уже спокойнее:

— Да...... Деревня так деревня.",biok_ymer,1504831455002628176
"2026-05-16,23:36:23",biok_ymer,#0,"—Альберт Дарси—
|-----------------------------------------------------------------------------|
Мужчина увидя повозку, что стоит на месте и не увидя внутри людей предположил, что она свободно и стал искать Кучера( <@478922861554302997> ), отвечая девушке:
|-----------------------------------------------------------------------------|

—Прошу прощения, но как вы понимаете у меня ситуация не лучше. Но раз уж вы стали моей прислугой, постараюсь вам сделать условия лучше, чем были ранее. И вы кстати разбираетесь в механике? Было бы славно, чтобы вы осмотрели мой протез, ведь я в нём не особо разбираюсь, а доктора сказали что со временем привыкну к нему, однако мне кажется, что там явно что-то не так...

|-----------------------------------------------------------------------------|","samin__, ktoia",1504925128478425150
"2026-05-17,00:33:03",ktoia,#0,"— Данте —

Данте выслушал ответ с каменным лицом. Когда Эдвард замолчал, он чуть прищурился и медленно произнёс:

— ""Не могу знать худший или лучший""?

Он слегка наклонился вперёд, опираясь локтем о подлокотник.

— Это, знаешь ли, самый дипломатичный ответ из возможных. И самый бесполезный.

Он откинулся обратно и уставился в потолок.

— Я не спрашивал, кто из нас лучше или хуже. Я спросил - что ты думаешь. А ты ответил так, будто боишься, что я отрублю тебе голову за лишнее слово....

Данте замолчал на секунду, потом добавил:

— Ладно. В первый раз прощается. Но запомни: если я спрашиваю твоё мнение, значит, оно мне действительно нужно. Не бойся ошибиться - бойся врать. Или увиливать.

Он положил ногу на ногу и продолжил, чуть смягчив тон:

— Так что давай ещё раз. Что ты заметил? Кто на кого смотрел? Кто выглядел уверенно, а кто как ты сейчас, когда я задал вопрос? Мне важно понимать, с кем я буду иметь дело в ближайший год.",biok_ymer,1504877605722128424
"2026-05-17,00:46:37",biok_ymer,#0,"—Эдвард—
|-----------------------------------------------------------------------------|
Мальчик вновь озадачился задачей, что ему дали. Честно говорить о своем мнении иначе казнят? Тот взглотнул, после чего уведя взгляд в сторону стал отвечать:
|-----------------------------------------------------------------------------|

—Кхм ну... Если вам нужно мое честное мнение, то все из детей аристократов выглядели уж очень скрытно... Отчего я не могу оценить их... Одна девушка словно на своей волне, вторая закрытая, что не вышло прочитать. И парень, словно как вы но более хм... На веселе? Я бы сказал, он более выреженно показывает эмоции. Слуги же если не считать меня девочка, что попала господину помимо вас была более нервной чем я. Также молчаливый и скрытный парень, что к такой же господе попал и заносчивая девочка, что добилась фамилии и явно считает себя выше нас... На этом всё... Я утолил, ваше любопытство?

|-----------------------------------------------------------------------------|",ktoia,1505322214835359874
"2026-05-17,01:18:07",ktoia,#0,"— Элла —

Элла глянула на Альберта, потом на его лицо и сказала:

— Да... я понимаю. Наверное. Конечно, я благодарна, что вы так говорите, но мою израненную, сожжённую, истоптанную, уби... в общем, да - это затянется только со временем... Мфх...

Она опустила взгляд на механическую руку и спустя несколько секунд визуального контакта самодовольно улыбнулась. Прикрыв глаза, она указала на себя и заявила:

— А то! Вы, господин Дарси, лучше механика и не только не найдёте! Я могу всё! Хоть здание расчертить, хоть что-то придумать, хоть собрать что-то! А рука-то... уф... легкотня!

Тут девушка перестала умничать, потому что споткнулась на ровном месте и чуть не упала. Благо, удержав равновесие, она перестала жестикулировать, недовольно глянула под ноги, почесала затылок и добавила:

— В общем, как время будет - с радостью посмотрю.",biok_ymer,1505307954109218886
"2026-05-17,12:03:09",samin__,#0,"<@&1503425579687477329> <@&1503427050214785066> обойдя повозку, с её обратной стороны стоял парень, что облокотившись о неё стоял и поедал остатки арбуза, явно довольный освежающей прохладой. Увидев двоицу, его взгляд сразу скользнул по стойке мужчины, задержавшись на его плечах, а после упал и на девушку, которая была явно не из этих краёв. Оценив двоицу, тот засунул остатки арбуза в рот, а после как будто только что ничего не было прислонил руку к груди немного наклонив торс в их сторону, однако пока что ничего не говорил, дожовывая то что было в его рту",,
"2026-05-18,00:22:39",biok_ymer,#0,"—Альберт Дарси—
|-----------------------------------------------------------------------------|
Чуть улыбнувшись с реакции девушки, тот заприметил парня, отчего встав в свою привычную генеральскую позу, мужчина поинтересовался:
<@&1503427050214785066> .
|-----------------------------------------------------------------------------|

—Прошу простить господин, не ваша ли тут стоит славная корета? Если это так, то к вам в меня есть дельце. Не могли вы помочь нам и привезти нас в земли ""Кросса Баскервиль"", деревня в отдалении, точные координаты по карте 20а на 15б, округ гамма.

|-----------------------------------------------------------------------------|",samin__,1505495884354555975
"2026-05-18,02:16:26",ktoia,#0,"— Элла Риот —

Элла машинально поправила съехавшую набок шапку, бросила короткий взгляд на парня, жующего арбуз и задержала его чуть дольше, чем следовало. Потом взгляд скользнул по немытой повозке, мятым рукавам извозщика. Элла не смогла сдержаться и сказала в полголоса, не скрывая скепсиса:

— Господин Дарси, а вы уверены, что этот товарищ вообще в курсе куда ехать? Может там... другого найдем...... я вообще сомневаюсь что у него карта есть.

Да! Она говорит это стоя перед извозчиком, ибо тот ей не нравится.

||<@478922861554302997> ||","biok_ymer, samin__",1505681984167612539
"2026-05-18,11:36:14",samin__,#0,"— Айден —

Выслушав двоицу, тот наконец дожевал остатки арбуза. Как только у него появился момент, тот показал жестом один палец, а после с довольным видом пробежался вдоль повозки, заглядывая за её угол. После этого действия послышалась очередь из семечек, которыми тот определённо пытался застрелить муравьёв. Развернувшись к двоице парень вытер рукавом губы, а затем вновь прислонил руку к сердцу отвечая:

— А вы не ошиблись! Моё имя - Айден и раз уж старик Дарси выбрал меня, буду только рад довести вас. И да, не думаю что у вас есть большой выбор. Сейчас большая часть извозчиков и торговцев работают по приказу Кросса, кроме меня и ещё парочки славных парней, что ему не подчиняются

/Натянув хитрую улыбку, парень продолжил/
— Ну что~. Что думаете? Я вообще-то ещё предоставляю защиту во время поездки, и вот в этом я уж точно уникальнейший в своём роде

Горделиво приподняв подбородок, парень щёлкнул пальцем по рукояти меча, что висел у него за спиной, в каком-то странном положении, которое отличалось от того, что видел <@&1503425579687477329> 

||<@&1503427050214785066> ||",,
"2026-05-18,16:46:07",biok_ymer,#0,"—Альберт Дарси—
|-----------------------------------------------------------------------------|
Выслушав негатив со стороны <@&1503427050214785066> и слова паренька, тот с задумчивым видом посмотрел на корету, а после на положение клинка, говоря:
|-----------------------------------------------------------------------------|

—Лично я не предвзят к конфорту, отчего не являюсь проблемный клиентом и не против воспользоваться вашим добрым предложением перевезти нас, однако меня интересует ваша стойка... Неужто у вас свой стиль владения меча? Он отличается от гвардейского, отчего этот момент меня больше заинтересовал.

|-----------------------------------------------------------------------------|",samin__,1505851497013969078
"2026-05-18,18:01:39",ktoia,#0,"— Данте —  

Данте выслушал ответ, не меняя выражения лица.  

— Утолил? Максимально посредственно.  

Он глянул в окно, потом перевёл взгляд на кучу вещей, которые Эдвард ещё не разобрал.  

— Продолжай. Только аккуратно. Вещи эти не твоего уровня. И впредь старайся формулировать мысли быстрее. Слуга должен отвечать чётко, а не быть как ты мямлей.

Данте встал с дивана, прошёлся по комнате, затем обернулся к Эдварду и добавил с лёгкой усмешкой:  

— В конце концов, запоминай: ты служишь не кому-то, а МНЕ. А это, знаешь ли, совсем другой уровень ответственности. Так что в следующий раз, когда я спрошу - отвечай так, будто от твоих слов зависит жизнь. Потому что так и есть.  

Он подошёл к двери, взялся за ручку.  

— К моему возвращению все должно быть вылезано и разложено до блеска.  

Он вышел в коридор и с силой захлопнул дверь, оставив Эдварда. Хм... Нужно пройтись по этой вашей Черной Розе! 

||<@478922861554302997>  ДАЙ ЧАЯ||",samin__,1505322214835359874
"2026-05-18,18:54:58",biok_ymer,#0,"—Эдвард—
|-----------------------------------------------------------------------------|
Слушая господина и попутно переглядываясь на него, тот уловил, что его работа и вправду будет непреста. Отвечать так, словно зависит жизнь... Да он и так раньше это делал... Услышав громкий хлопок дверью тот чуть подпрыгнул, а после посмотря на одинокую дверь перевел взгляд обратно к вещам, начиная их уже раскладывать по шкафам и комодам... А разве парень не должен был сопровождать господина? Ну, приказа не было, отчего парень решил не придавать внимания данному вопросу.
|-----------------------------------------------------------------------------|",ktoia,1505948492038672585
"2026-05-18,19:08:10",ktoia,#0,"— Элла —

Элла не поняла, к чему эти разговоры про стойку и стиль владения мечом. Для неё меч оставался просто куском металла - острым, тяжёлым и не особо интересным. Можно конечно наточить, почистить, в конце концов - перековать. Но обсуждать, как именно им махать? Это уже за пределами её компетенции.

Она перевела взгляд с мужчин на повозку. И кажется пожалела об этом.

Колёса явно знавали лучшие времена, дерево кое где потемнело от влаги. Да и вся карета, **по мнению Элли**, держалась скорее на привычке, чем на надёжности.

Элла молча скрестила руки на груди. Ей очень хотелось сказать что-то, но она сдержалась. Она просто стояла чуть поодаль, очень косо глядя на повозку и молча ждала Альберта. Нет, вы не подумайте, она не привереда. Только чуть-чуть.

||<@478922861554302997>||","biok_ymer, samin__",1505929483314794567
"2026-05-18,19:53:26",samin__,#0,"— Айден —

Услышав вопрос <@&1503425579687477329>, парень ухмыльнулся ложа руки на таз:

— Хм... значит я таки не ошибся. Ты из гвардейских, по тебе сразу видно, держишься ровнее ровного, даже... в твоём состоянии

/Окинув беглым взглядом протез и пораненный глаз, парень решил не заострять на этом внимание, оборачиваясь на свой меч/
— Как бы сказать... семейное мастерство. Я и сам в гвардию хотел податься, да вот только отворот поворот дали... эх... ну тем лучше. Не в обиду сказано Дарси, но вы там все

/Парень приподнял руку, слегка покрутив её в воздухе/
— Того в общем. Слишком помешанные на службе, а это было слегка не в моих планах, вот и странствую теперь

/Выгнув спину, парень потянулся, славно зевнув/
— Ладно! 20а на 15б? Это ещё что за квадраты такие? Ай ладно, разберёмся, делов то. Дорога похоже не близкая, так что залазьте, времени поболтать ещё будет немало

Договорив, парень направился к лошадям. Проходя мимо <@&1503427050214785066> , тот наклонился к ней и показал 👅 , быстро спрятав тот, начиная снаряжаться в путь. Повозка и вправду была откровенно не в лучшем состоянии и видела уже не одну сотню пассажиров, держась сносно, но на честном слове владельца, на сколько правда его слова были честны - вопрос",ktoia,1505965232571289751
"2026-05-18,20:32:11",samin__,#0,"||Зря не сопровождаешь!||

Как только <@&1503425792791547984> вышел из своих покоев хлопнув дверью, того в ту-же секунду окатили хотя и не кипятком, но определённо горячим и весьма липким напитком. Кружка пролетела чуть мимо, разлетаясь на осколки, а поднос с дребезгом упал на пол. Естественно это была Мари, что по какой-то причине окатила знатного человека чаем

Распластавшись на полу, та пыталась понять что только что произошло. Прошла пара секунд, как та начиная привставать еле слышно, паникующее сказала:

-# П-п-п-п-п-п-п-ростите...

<@&1503426171604570333> же услышал лишь звон бьющегося фарфора, на пару с упавшим подносом",biok_ymer,1505961909617299579
"2026-05-18,21:20:07",ktoia,#0,"— Данте —

Данте даже не успел сделать и двух шагов по коридору, как горячая, липкая волна окатила его с головы до груди. Кружка с глухим звоном разлетелась об пол, поднос загремел где-то у ног. Он замер. Чай, какой-то чертов чай стекал по лицу, затекал за воротник, капал с подбородка на идеально выглаженный наряд. Добрый господин поднял свою руку и протер лицо от тепло-горячей жижы.... посмотрев на руку и тряхнув её, он перевел свой подергивающий максимально ахуевший взгляд в бок, а потом ооочень медлнно вниз прямо на виновницу. 

— Ахххх... Ты.... 

Голос был тихим... Через чур тихим! Он смотрел на Мари, которая копошилась на полу, пытаясь извинится. Тон Данте начал подниматься прямо пропорционально с каждым словом:

— Ты... ты... сука...  Свинья. ТУПОРЫЛАЯ, неуклюжая свинья! Тебе мозги отшибло вместе с вестибулярным аппаратом? Или ты вообще ими не пользовалась?!! 

Парень не собирался дожидать ответа, начиная разворачиваться, добавляя:

— Ты хоть понимаешь, ЧТО ты сделала УРОДИНА???

Данте шагнул вперёд и его нога с размаху влетела в бок девушки в район где печень. Именно туда, где боль не уходит долго.

— Это был мой ЛЮБИМЫЙ костюм, СВИНОМРАЗЬ!

Он слегка наклонился и резко схватил её за волосы, дёрнув вверх, заставляя приподняться на коленях. 

— Смотреть на меня!

Однако не советуясь со своими словами, он опять ногой толкнул обратно на пол и нагнувшись, поднял поднос.

— Ты - НИЧТОЖЕСТВО. НЕКОМПЕТЕНТНОЕ, **безмозглое ничтожество**. Даже швабра и та полезнее тебя. Половая тряпка.....

Он замахнулся и со всей силы ударил её подносом по плечу, потом ещё раз по руке, которой она полюбому пыталась прикрыться.

— **Дрянь!**

Он бросил поднос, снова схватил её за волосы начиная резко ту дергать со всех сил,.

— Опять смотреть на меня! ГЛАЗА НА МЕНЯ. Я лично прослежу, чтобы ты до конца своих дней чистила чертовы конюшни языком. ОПРАВДАНИЯ БУДУТ? ТЫ СОБОЙ БУДЕШЬ МЫТЬ ТУТ ПОЛ!

Если Данте хоть как то не остановить он конечно же продолжит. Уф.. Господин не в духе...",samin__,1505986376091435199
"2026-05-18,21:21:02",ktoia,#0,||<@&1503426171604570333> ||,,
"2026-05-18,22:08:57",biok_ymer,#0,"—Альберт Дарси—
|-----------------------------------------------------------------------------|
Не сильно сомневаясь в словах парня, тот подойдя к заду кореты зашёл внутрь, а после протянув руку девушке, помогая ей залезть внутрь. Закончив с этим, тот спокойно уселся и стал говорить:
|-----------------------------------------------------------------------------|

—Не переживайте так, парень держался весьма уверенно, отчего могу заверить что он не врал, по крайней мере я не сомневаюсь в том, что он нас довезёт, а вот насколько приятно или нет, это уже другой вопрос.

-Распологайся, путь будет долгим, отчего можешь вздремнуть или же поговорить о чём, если есть интересующие тебя темы.

|-----------------------------------------------------------------------------|",samin__,1505976623541911635
"2026-05-18,22:27:35",biok_ymer,#0,"—Эдвард—
|-----------------------------------------------------------------------------|
Закончив раздавать последний вещь(мне просто впадлу потом это ещё делать), тот выдохнул собираясь потянуться и убрать чемоданы, однако услышав взвон и всрик тот быстро ретировался за дверь, где увидив весьма гнусную картину. Молодой господин издевался над девушкой, коей жизни была и то не лучше. Парень боязливо, но все же собравшись хотел было вмешаться, однако застыл на месте, вспоминая подобную же картину из своего детства...

Парень незнал как на это реагировать с ужасом смотря то налево где было прошлое, то направо, к настоящему, а после не выдержав взялся за голову и проговорил вслух:
<@478922861554302997> .
|-----------------------------------------------------------------------------|

—Х...ХВАТИТ! Что... Что вы делаете!?

/Как только он это сделал иллюзия развеялась и он осознал, что он повысил голос на господина, отчего чуть испугано посмотрел сначала на себя, а после на своего господина понимая, что внимания сейчас перейдет к тому <@&1503425792791547984> ./

|-----------------------------------------------------------------------------|","samin__, ktoia",1505998435361357944
"2026-05-18,22:50:40",samin__,#0,"— Мари и Джошуа Сенбернар —

Девочка пытаясь привстать думала как бы лучше извиниться, понимая что простых слов недостаточно, однако той прилетело с ноги в бок. На слова та уже давно перестала обращать какое либо внимание, а вот ногоприкладство для той было в новинку. Бывало что еë пару раз ударят палкой или линейкой по запястьям, но такое было и вправду в новинку

Когда ту дëрнули за волосы, та даже чуть взвизгнула, чувствуя как скальп понемногу отходит. Разумеется девочка привстала, однако вновь оказалась на полу. Не понимая что будет дальше, та попыталась что-то сказать, однако по хрупкому плечику прилетело тяжëлым, цельно металлическим подносом. Схватившись за плечë, той прилетело и по руке, рассекая место около костяшек в кровь

Не успевая придти в себя, ту вновь дëрнули за волосы. Девочка понимала что провинилась, но не ожидала подобного обращения, однако быстро сообразила, что на этом избиение не закончится

Услышав вскрик <@&1503426171604570333> , та приоткрыла зажмуренные от боли глаза, смотря на так-же растерянного слугу

И вот, как гром среди чистейшего неба, за спиной <@&1503425792791547984> распахнулась дверь, из которой вышел Джошуа, привлечëнный шумом в **его** коридоре

Окинув без эмоциональным взглядом ситуацию, тот естественно сразу всë понял, однако всë же медленно ступая к своему брату стал артистично говорить:

— Ох... братец Данте, что же такое произошло. Смотрю Мари доставила тебе хлопот. Можешь сказать что произошло?

Тот даже не думал печься за свою слугу, явно придя сюда только чтобы побесить Данте",biok_ymer,1506015414357065768
"2026-05-18,23:15:01",ktoia,#0,"— Данте —

Рука державшая Мари за волосы на мгновение замерла. Дрожащий голос Эдварда всё же заставил Данте на секунду замереть. Он медленно повернул голову в сторону слуги. Взгляд - холодный, тяжёлый.

— Ты.... че... тоже решил, что имеешь право голоса?

Он отпустил волосы Мари и та рухнула на пол, а он сделал шаг в сторону Эдварда.

— Я тебя спрашивал? Я давал тебе разрешение открывать рот, когда тебя не просят?

Он остановился в шаге от парня, сверля его взглядом.

— **Псина** должна сидеть в конуре и не высовываться. Ты понял меня? Или тебе тоже нужна демонстрация, чтобы запомнить? 

Он выпрямился, уже собираясь продолжить, но тут из-за спины раздался голос. Артистичный и до тошноты приторный. Данте повернулся с преувеличенной плавностью, будто услышал что то невыносимо мерзкое. 

— Джошуа! Какая неожиданная встреча!

Он кивнул в сторону Мари, которая всё ещё лежала на полу, разбитая и дрожащая.

— Что произошло? А ты не видишь? Твоя **недоношенная свинья** окатила меня чаем. С ног до головы. В мой любимый костюм. В первый же день... Понабирают... Мх...

Он сделал шаг к Джошуа, не обращая внимания на разводы чая, которые всё ещё капали с его одежды на пол.

— Я готов продолжить учить эту грязь манерам, если ты сам этого не сделаешь.",samin__,1506021223287623892
"2026-05-18,23:25:42",samin__,#0,"— Джошуа Сенбернар —

Парень слушал россказни <@&1503425792791547984> с неким упоением, а когда тот начал оскорблять его прислугу, попутно высказывая своё недовольство, Джошуа начал кивать в такт, с весьма задумчивым видом. Когда же братец пошёл к нему, тот не сбавляя шага прошёл мимо, столь же пафосно говоря:

— Это всё конечно хорошо... да вот только...

Тут он ни с того ни с сего взял и вмазал с размаху <@&1503426171604570333> пряпо по щеке, сжав кулак. От такого парень незамедлительно отлетел на пол, ведь удар оказался на удивление увесестым, как для 15-ти летнего паренька. Развернувшись к <@&1503425792791547984> , тот улыбнулся разглядывая свой кулак и сказал:

— Милый братец, кто тебе сказал что ты можешь трогать мою вещь? Ты мог обратиться ко мне, к Симогу в конце концов, однако ты решил действовать сам. Кажется мне что-то говорили... хм... дайка вспомнить... АХ ТОЧНО!

— ""Слуга - продолжение своего хозяина"" и ""вассал моего вассала, не мой вассал"". Так что унижать её, могу только **я**. Будь добр, впредь обращайся ко мне, если она что-то выкинет и мы разумеется вместе придумаем ей наказание. Уяснил?

После сказанного, тот миловидно улыбнулся, как будто только что не выбил пару зубов молокососу",ktoia,1506027350762983506
"2026-05-19,00:17:40",ktoia,#0,"— Элла —

Элла увидела этот высунутый язык и на мгновение опешила. Потом её щёки чуть надулись, она поджала губы и отвернувшись, демонстративно уставилась куда-то в сторону. Буркнув что-то про себя решила не отвечать.

Когда Альберт протянул руку, она чуть помедлила, но конечно же приняла помощь и забралась внутрь.

— Спасибо, господин Дарси.

Отведя свою накидку в бок девушка присела на скамью, сняв с себя головной убор, положив руки на колени. Она сидела с слегка надутым видом, то и дело бросая недовольные взгляды в ту сторону Айдена. Однако совсем скоро все же пеервела дух и... ответила господину:

— Спать не хочется. Хм... Господин Дарси, а вы давно служили? В гвардии, ну... до того как... получить эти земли?",biok_ymer,1506010727389990963
"2026-05-19,00:40:56",biok_ymer,#0,"—Эдвард—
|-----------------------------------------------------------------------------|
Парень долго осознавал, что происходит, но как только он осознал, что случилось тот скривил лицо в омерзении, даже не боясь получить за это от достопочтенного <@&1503425792791547984> . Как только тот подошёл, парень хотел было даже плюнуть тому в лицо, однако их перепалку прервали и тот с недовольством смотрел на аристократичный цирк. Значит для них это норма? Для них мы даже ниже вещей? Парень ничего не говорил, однако впервые за долгое время он начал думать. Как так вышло, что простой люд что так упорно служит аристократом, не замечает, что служит такому скоту!? Парень осознал, что сейчас нихрена не сделает, однако... БАМ... Его вывели из мыслей. Удар пришелся как раз в тот момент, когда должна была загореться лампочка, что же... Парень упал на пол, но не стал ничего предпринимать, он и не мог. На удивление самого себя, этот удар даже ему помог вправить мозги! Множество мыслей ушли и его голова стала пуста, отчего тот протирая рукой кровь с губ ухмыльнулся не поднимая взгляда, продолжая отслеживаться и слушать СВИНСКИЕ разбирательства.
|-----------------------------------------------------------------------------|",samin__,1506030042797309962
"2026-05-19,00:49:22",biok_ymer,#0,"—Альберт Дарси—
|-----------------------------------------------------------------------------|
Мужчина задумчиво посмотрел вверх, а после будто что-то вспомнил, перевел взгляд на девушку, говоря:
|-----------------------------------------------------------------------------|

—Хмм, это хороший вопрос. Если не брать службу во фланге, я служил порядком больше 15-ти лет. Это было ещё со времён когда я молодым пошел добровольцем в армию и пробиваясь по рангам армии я в итоге и стал Бер(забыл), но как вы могли заметить, простые люди долго не могут удержаться на верхах, отчего я и упал как по статусу, так и по владениям. Ну я об этом не переживаю, ведь такой старик и колека как я, скорее всего бы только мешался, отчего я даже благодарен за такое решение, ведь смогу пожить мирно, вдали от всей этой аристократичной жизни. Можно считать, я получил свой заслуженный отпуск хех. А вы мисс? Как вы оказались в столь отдаленным местом от юга?

|-----------------------------------------------------------------------------|",ktoia,1506043120142254163
"2026-05-19,01:20:06",ktoia,#0,"— Данте —  

Данте проводил взглядом руку брата, которая только что с размаху приложила Эдварда и медленно перевёл взгляд на Джошуа. В его глазах не было ни удивления, ни жалости. Только раздражение. Затем он протянул с холодной усмешкой:  

— Как мило. Ты наказываешь мою собаку, в то время как твоя свинья зачинщица беспредела. Что ж... Хорошо, братец.

Он развернулся и указал пальцем на Мари, которая всё ещё лежала на полу:

— Услышал тебя. Раз так то: **прибери своё кривое, мерзкое, отсталое ""продолжение""** из-под моей двери. Пусть своё свинство демонстрирует перед твоими покоями, а не перед моими.

Он отвёл взгляд и попытался отряхнуть ткань, увы но бесполезное занятие чай уже впитался.

— И впредь, Джошуа, если ты не в состоянии научить свою прислугу нормальному служению, держи её на привязи. Подальше от меня. Уяснил? А теперь откланяюсь, дорогой братец. Мне стоит привести себя в порядок - хотелось бы выглядеть как прежде перед ужином.

Он фыркнул, бросил последний взгляд на Джошуа и развернулся, направляясь обратно к своим покоям. Однако перед этим остановился на мгновение перед распластанным Эдвардом и произнёс:

— Встать, позорище. Запомни хорошенько этот момент и впредь думай, а потом делай. И в конце концов - поднимись и вытри кровь. Нечего позорить меня своим видом. Приведи себя в порядок, сходи сейчас же к врачу и проверь зубы. Как закончишь - возвращайся, будет разговор. Может, до ужина успеем... Мх... надеюсь. ||Нет не надеюсь||

Он выдохнул, взглянул на дверь в покои и раздражённый, зашёл внутрь.

||Я до какого-либо взаимодействия в морозильник, не хочу расписывать как себя в порядок привожу. <@478922861554302997> ||","biok_ymer, samin__",1506048973914378463
"2026-05-19,01:37:50",ktoia,#0,"— Элла —  

Элла слушала Альберта довольно серьёзно. Она не испытывала трепета - скорее какое-то глухое, тяжёлое уважение. Пятнадцать лет. С молодости. И всё это ради того, чтобы в итоге получить клочок земли, на котором даже не развернуться... Мдам... великий клан.  

Отведя взгляд, она задумалась:  

— Пятнадцать лет... Это много. Очень много.  

Она помолчала, потом добавила, чуть качнув головой:

— Я, конечно, не военный, но... вообще я понимаю каково это - работать, вкладывать в себя полностью, а потом... оказываться там, где тебя никто не ждёт. А кто-то сидит с твоим пожитками... м-ф... Но то, что вы столько отдали - это достойно уважения. Даже если вы сами считаете, что стали бы мешаться.

Она выдохнула и перевела взгляд на Альберта.

— Я?

Чуть замялась, но быстро нашлась:

— С юга. Да... издалека. Понимаете, у юга с западом ещё давно сложились хорошие отношения сотрудничества. Вот так и случилось, что меня отослали сюда и скажем так… не сложился переезд, а точнее не до ехала. По причинам, которые вы, наверное, уже слышали, когда я была у стражников.

Она отвела взгляд в сторону.

— Так что можно сказать, вы меня спасли, не дав судьбушке прерваться. За что я вам, кстати, до сих пор благодарна. Кхм... Не самая героическая история, конечно. **Но честная.**",biok_ymer,1506051098174034041
"2026-05-19,03:54:00",biok_ymer,#0,"—Эдвард—
|-----------------------------------------------------------------------------|
Парнишка так бы и лежал, приходя в себя однако услышав очень ""важное"" мнение своего господина, тот все же решил что-то делать. С детства он думал, что аристократия это великие люди, что обязаны держать лицо, дабы простой люд поднялся на них, поминая честь славного героя! Однако на деле это была просто чернь, что пеклась лишь о своём великолепии и статусе, нежели о наследии героя... Матушка была неправа? Нет скорее... Она не хотела признавать тот ужас, что твориться на деле. Что же, если люди не знают....нужно сделать так, чтобы они узнали... Поняв истину, парень все также ухмыляясь стал вставать с пола и осознав, что сейчас только он понимает сути вещей, тот глянув на Марию и Кудрявого хмыкнул, а после смотря на другого господина поклонился, так идеально и без доли смущения, словно для него это простое дело. А сам он вспоминая лицо ""уебка"" решил его повторить, когда он лизал ноги у аристократии повыше, делая кривую но все же выдержанную усмешку, словно идеальная улыбка, но с ощущением жути и тут он проговорил:
<@478922861554302997> 
|-----------------------------------------------------------------------------|

—Прощу прощения господин за поведение моего господина. В данной ситуация наша сторона была более неправой, отчего я извиняюсь за излишнюю эмоциональность и не уважение к вашей собственности от лица своего господина. Если бы не я, скорее всего данного инцидента не произошло, отчего ваша слуга тут не причастна и вы вправе высказать ваше недовольство по поводу данной ситуации господину Симогу, благодарю за ваше терпеливое внимание, однако на этом я вынужден вас покинуть, чтобы привести себя в порядок, до встречи.

/Договорив мужчина перестал кланяться, а после встав на последок взглянул на девушку, а после развернувшись пошел по коридором, ищя вновь его любое действа ввиде попросить помощи у другого слуги./

|-----------------------------------------------------------------------------|","samin__, ktoia",1506058832705486898
"2026-05-19,04:01:35",biok_ymer,#0,"—Альберт Дарси—
|-----------------------------------------------------------------------------|
Мужчина спокойно слушая историю девушки удовлетворённо кивнул, а после достав из кармана серебреннвк карманные часы, тот открыл крышку смотря на время и говоря:
|-----------------------------------------------------------------------------|

—Могу сказать, что мы со стороны можем показаться несчастной парой, что решили плыть по оставшемуся течению вместе кхм. Думаю всему свое время, вы ещё молодая мисс, отчего у вас ещё вся жизнь впереди хех(да ему всего 38 а ведёт себя как дед, который за 60 лет...). 

/Мужчина захлопнул крышку часов и убрав обратно в одежду, посмотрела в сторону переда повозки, интересуясь у извозчика <@478922861554302997> :/
-Господин Кучер, как там дела с лошадьми, скоро будем готовы отправяться?

/Непонятно отчего, но похоже парню нетерпелось уже отправиться, хоть тот и казался со стороны спокойно и сдержанно. Однако если <@&1503427050214785066> будет сильно всматриваться она может заметить что его рука немного подрагивает, что он благополучно прячет прятов ту за спину./

|-----------------------------------------------------------------------------|","samin__, ktoia",1506063295688343623
"2026-05-19,11:20:20",ktoia,#0,"— Элла —

Элла задумчиво кивнула, соглашаясь.

— Знаете... вы правы. Со стороны мы и правда выглядим странно.

Она откинулась на спинку сиденья, устраиваясь поудобнее - насколько это вообще было возможно в этой повозке. Руки сложила на коленях, взгляд устремился в потолок.

— Девятнадцать лет от роду. Только почему то она всё время начинается с какого-то... м-г-м...

Она замолчала, но всё же опустила голову. Краем глаза заметила, как рука Альберта слегка подрагивает. Элла не стала ничего спрашивать, лишь перевела взгляд в сторону, сделав вид, что рассматривает что-то на стене....

— Пока что она выглядит как череда... ну, скажем так, неожиданных поворотов.

Она снова замолчала, но теперь её лицо выглядело не таким напряжённым. Может, потому что она наконец-то решила, что хуже, чем есть, уже не будет... Наверное. С рукой пока повременит.

||<@478922861554302997> ||","biok_ymer, samin__",1506099468221677670
"2026-05-19,20:10:53",samin__,#0,"— Айден —

После вопроса послышался глухой стук где-то снизу повозки, который сопровождался каким-то странным словом ""шайла..."" ||(все совпадения случайны)||. Спустя пару секунд на место кучера запрыгнул Айден, что повернувшись к двоице сказал:

— Да какой ""господин кучер""? Айденом зови и всё. Я проверил карету перед отправкой и да, благодарю за ожидание и мы готовы отправляться. Ой, кажется мы уже это делаем

Ляцнув поводьями, карета дёрнулась с места. Пока что парень решил не отвлекаться от дороги, следя чтобы кого-то не задавить в его сожалению оживлённой округе

|| <@&1503425579687477329> <@&1503427050214785066>  Аналогично с веткой Кто Я, можете попиздеть и скипнуть||",biok_ymer,1506099468221677670
"2026-05-19,20:26:04",samin__,#0,"— Ария Баскервиль —

Джошуа слегка скривился картине что пред ним предстала. Так льстить даже он не мог, однако это и понятно, его сковывал статус, но такой сироп был лестен его ушам, в отличии от вида паренька, что истекая кровью говорил всё это. Немо кивнув на слова паренька, тот посмотрел на Мари, что была в худшем состоянии чем сам Эдвард. Дрожа, та распласталась на полу, боясь сделать лишнее действие, всё ещё не понимая что это закончилось. Держась за бок и плечё, та пыталась даже не дышать, скрывая слёзы что выступили у неё на лице

Спустившись на этаж ниже, Эдвард встретился нос к носу с Арией Баскервиль, что спокойно шла по своим делам. Та сразу приметила состояние мальчика, однако разминувшись с ним прошла мимо, ничего не говоря. Сделав шаг на ступеньку, та тяжело выдохнула, а после спокойно и ровно сказала:

— Эдвард постой... что с тобой?

Сама недовольная что это спросила, та решила не смотреть прислуге в глаза, фокусируя взгляд на вазе около его головы, сохраняя отстранённое выражение лица. И спрашивается, зачем спросила если так себя ведёт?",biok_ymer,1506097559960289450
"2026-05-19,20:31:41",samin__,#0,"||В мороз тебя вывозить не хочу, так что вкину чуть будущим||

Прошло всего немного времени, как парень привёл себя в порядок. Он был на столько зол, что сделал это даже без помощи прислуги. Так вот как ""Чёрная роза"" собралась его ломать? Испытание, которое не снилось никому... сменить одежду... так ещё и самому! ФУ!

Думая что же он будет делать ближайший год в этом гнилом местечке, тот услышал спокойный, но настойчивый стук в дверь, с последующим:

— Господин Данте! Вы в своих покоях? Господин Данте?

Это был голос Джоси, что спокойно произносил вопросы. И на кой ей этот ублюдок?",ktoia,1506058832705486898
"2026-05-19,21:10:30",ktoia,#0,"— Данте —

Данте сидел на диване, закинув ногу на ногу и смотрел на дверь. Взгляд был тяжёлым, но уже не таким бешеным, как раньше - скорее устало-раздражённым. Он успел переодеться, привести волосы в порядок. Всё сам! Без помощи! И это бесило не меньше, чем испорченный костюм. Чтож, ну ничего-ничего, посидим! Год? Ну ГОД посидим.

Когда раздался голос Джози, великодушный паренек вздохнул и сказал:

— Заходи.

Он даже не повернул головы в сторону двери, продолжая смотреть куда-то вперёд.

— Чего тебе?",samin__,1506348635775045742
"2026-05-19,21:19:05",samin__,#0,"— Джоси? —

Дверь неспешно открылась, а после послышались еле заметные шажки горничной, что не закрывая за собой дверь хотела было что-то сказать, однако на удивление паренька, прозвучал грубый и басистый голос:

— Данте Сенбернар полагаю. Ты третий, на выход

Повернув голову в сторону, тот увидел мужчину, портреты которого видел каждый день в своём прошлом доме и не сомневался что тут где-то тоже висит его лицо, да вот только не думал он что эта фигура предстанет перед ним в живую",ktoia,1506358406553010348
"2026-05-19,21:39:05",biok_ymer,#0,"—Эдвард—
|-----------------------------------------------------------------------------|
К сожалению парня тот никак не мог найти прислугу. Что же, видно слуги было более прозорливее и держались подальше от конфликтов, ему бы так уметь... Кровь продолжала немного капать, отчего тот уже стал придерживать нос рукой. Да, детское тело даже от простого удара в нос может сломаться, отчего тому было уже неприятно осознавать, но похоже данный инцидент сильнее задел его, хоть тот и не пытался обращать на это внимания. Тот даже не приметил как прошел мимо Арии, совершенно игнорируя её, словно она пустое место, однако та на его удивление окликнула его, отчего тому все же пришлось остановиться а после карикатурно развернувшись, тот глянул на ту, будто предсказывая что этот цирк вновь вызван лишь для того чтобы поглуситься над ним, отчего тот недовольно думал как так красноречиво её отщить, однако ничего не придумав на больную голову, тому пришлось отвечать на вопрос:
|-----------------------------------------------------------------------------|

—Прощу прощения госпожа Ария Баскервиль, однако со мной все в порядке, я просто немного поранился из-за своей неаккуратности и дабы не кривить ваш взор своим видом, господин Данте наказал мне привезти себч в порядок, чем я сейчас и хотел заняться.

/Парень уже начинал придумывать язык, все же такая речь хоть и звучала весьма хорошо, для него давалась с трудом, а учитывая, что он ещё не достаточно привык к данной личине и языку, ему уже было сложно держать данный образ./

|-----------------------------------------------------------------------------|",samin__,1506347221656801512
"2026-05-19,22:07:27",samin__,#0,"— Ария Баскервиль —

Девочка с некой отрешённостью слушала слугу, однако в моменте увидев краем глаза кровь вылупилась на неё. Постояв так пару секунд с распахнутыми глазами, та убрала ногу со ступеньки, разворачиваясь в сторону коридора, попутно чуть более эмоционально говоря:

— Иди за мной, сейчас Рон что-то придумает. Голова не кружится?

Договорив, та чуть спешно зашагала по коридору",biok_ymer,1506365596655292433
"2026-05-19,22:21:39",ktoia,#0,"— Данте —

Данте не шелохнулся, когда в комнату вошла Джоси. **НО** когда раздался этот низкий, властный голос, его спина сама собой выпрямилась, а бровь медленно приподнялась. Он перевёл взгляд на мужчину, узнал его сразу. Лицо, которое он видел на портретах, предстало перед ним вживую. Павлов Баскервиль.

Данте не торопился. Он замер на пару секунд, осознавая, что это не ошибка. Потом поднялся с дивана, плавно оправил рукава и выдержав паузу, чуть склонил голову в почтительном, но сдержанном поклоне - ровно настолько, чтобы не перегнуть.

— Господин Баскервиль... Вынужден признать, не ожидал.

Выпрямился, взглянув на мужчину, он позволил себе на мгновение замешкаться, прокручивая в голове возможные причины такого визита.... мххх... ох... Ну.... Задать вопросы можно и потом.... Он направился на выход, стараясь не показать, насколько происходящее его смущает.  что значит третий?",samin__,1506360566669901904
"2026-05-19,22:51:28",biok_ymer,#0,"—Эдвард—
|-----------------------------------------------------------------------------|
Ну вот парень и влип. Отказаться от приказа тот не мог, но и идти с другой госпожой тем более не стоило. Что же делать... Парень и вправду стал ощущать лёгкое головокружение, отчего чуть шатнувшись, тому не осталось никакого выбора как следовать за девушкой, проговорив:
|-----------------------------------------------------------------------------|

—Кхм... Если на то ваша воля... Немного кружится.

|-----------------------------------------------------------------------------|",samin__,1506372738242056232
"2026-05-20,12:06:14",samin__,#0,"— Павлов Баскервиль и Джоси —

Мужчина не смотрел на мелкого аристократа без призрения или какого либо высокомерия, но само его присутствие обозначало что-то не то. Выйдя вслед за Данте, тот двинулся чуть дальше по коридору, вставая перед комнатой Джошуа. Вслед за ним вышла и Джоси, что прилежно постучала в дверь кучерявого говна, повторяя вопрос:

— Господин Джошуа! Вы в своих покоях? Господин Джошуа?

На что послышался вопль:

— Да ЗА ДЕНЬ ТО СЕГОДНЯ?! Слышь ты! Открой!

Данте увидел как дверь открылась, а лицо Павлова чуть заметно скривилось. Прошло немного времени, как сначала зашла Джоси, что похоже отвела Мари в сторону, а после внутрь шагнул и Павлов. Спустя ещё пару секунд, послышался непродолжительный вскрик, только вот он был отнюдь не женских, хотя и очень пытался на него походить. Следом прозвучал грубый голос, что уже с чуть большим хладнокровьем произнёс:

— Джошуа Сенбернар. Ты четвёртый, на выход. Сейчас же...

Не прошло и секунды, как лохматик пулей вылетел в коридор, прижавшись к стене с ахуевшими глазами в которых так и читалось ""какого чёрта"". Повернув голову на Данте так и сказал:

— Какого чёрта?",ktoia,1506376308530221086
"2026-05-20,13:12:44",samin__,#0,"— Ария Баскервиль —

На эти слова девочка ничего не ответила, лишь ускорив шаг. Пройдя по коридорам и минув пару залов, та остановилась у непримечательной двери. Открыв её, та шагнула внутрь. Это оказалась кухня, которая по размерам была не сказать что большой для такого то имения. На ней ходило пару служанок, что занервничали увидев госпожу, однако та пройдя мимо них подошла к своему слуге, что занимался готовкой и сказала:

— Рон, отвлекись на минутку. Десерт откладывается на неопределённый срок, помоги Эдварду остановить кровь

Парнишка же сначала не понял про что говорит его новая госпожа, однако взглянув в дверной проём кивнул, тихо говоря:

— Конечно

Ария более ничего не сказала, покидая кухню, направляясь по своим делам. Рон же подойдя к служанкам что-то им сказал, от чего те забегали, что-то ища, а сам парень подойдя к Эдварду поставил около него табуретку, обращаясь к нему:

— Садись, сейчас что ни будь придумаем. Что по симптомам? Голову... головупруж... тс... голова кружиться в общем? Тошнит? Сколько уже идёт кровь?",biok_ymer,1506383815277285386
"2026-05-20,16:22:42",ktoia,#0,"— Данте —

Данте стоял в коридоре, выпрямив спину, но внутри всё дрожало мелкой, противной дрожью, которую он старательно игнорировал. Он не смотрел на Павлова. Он старался вообще не смотреть в ту сторону, где маячила эта глыба спокойной, давящей силы. Вместо этого он уставился на стену напротив, делая вид, что рассматривает узор на этих ПРЕКРАСНЫХ, ВЕЛИКОЛЕПНЫХ, НУ ПРОСТО ЧУДНЫХ обоях поместья черная роза.

Когда Джошуа вылетел из комнаты с вытаращенными глазами и прошипел ""Какого чёрта?"", Данте позволил себе короткую усмешку в его сторону, кою тут же попытался скрыть отвечая:

— Не имею понятия! Видимо, сегодня **день сюрпризов**, братец.

Ответ то БРАТУ он дал, вот только..... А ДЕЙСТВИТЕЛЬНО! КАКОГО ЧЕРТА? Из за этого кудрявого Данте пришлось начать думать, ведь вопрос действительно проступил через навясщивый ужас только щас:

""Какого черта, какого черта.... Так..... Павлов Баскервиль глава отряда ночных гончий.... И что он делает в этой чертовой ЧЕРНОЙ РОЗЕ? И почему все происходит в первый день!?!?!?! ТАК тихо Данте. ААААА! Так. Что он там сказал? Я третий, этот дебил четвертый... Что это за цифры? Что они могут значить.... ммм.... Так! Всего прибыло 4 человека. Великолепный Данте Сербернар, Кучерявый, Красноколосая и.. одна из Баскервилей... Нас всего 4. А этот кучерявый четвертый... мх... А где тогда девочки? Что-то логика идет под откос... мх... хммм.... а.... ДА К ЧЕРТУ! ВОТ ВОЗЬМУ И СПРОШУ ЕГО ПРЯМО ЩАС!!!!""

Данте перестал наслаждаться обоями и перевел взгляд в дверной проём откуда должен был выйти господин Павлов, и когда тот показался на горизонте Данте.... Данте нихуя не спросил ожидая что будет дальше.",samin__,1506583821938724914
"2026-05-20,20:16:00",biok_ymer,#0,"—Эдвард—
|-----------------------------------------------------------------------------|
Ничего не говоря тот сел на стул, а после с непониманием осматриваясь по сторонам, ответил уже более спокойно. Все же в окружении слуг тому не нужно было играть роль, очтего он даже немного расслабился:
|-----------------------------------------------------------------------------|

—Я мм... Думаю минут 10 от силы идёт кровь, имеется слабое головокружение и всё.

|-----------------------------------------------------------------------------|",samin__,1506600557165543577
"2026-05-21,13:06:43",samin__,#0,"— Рон —

Парнишка посмотрел на потёки крови, а после цыкнув обернулся к служанкам, говоря тем:

— Ну? Хоть что-то нашли?

Тому тут же поднесли таз вместе с кувшином воды. Не долго думая, тот повернулся к Эдварду, понемногу промывая развязанную кровь с его лица, служанкам тот же сказал:

— Найдите что-то холодное. Вода из колодца на крайний случай сгодится

Те же на удивление вновь послушались, начиная исполнять его просьбу. Почему они вообще его слушают, учитывая что многие были явно старше его самого, но всё ещё выглядели молодо

Наконец через некоторое время, тот промыл лицо парня, увидев источники кровотечения, говоря тому:

— И часа не прошло... не повезло тебе конечно. Наклони ка голову

Пододвинув ногой таз, тот дал кусок ткани Эдварду, говоря:

— Зажми нос и дыши через рот, через минут 5 должно остановиться, с губой сложнее... сейчас принесут что-то холодное и с этим разберёмся. Если голова будет кружиться сильнее - скажи

И от чего такая забота о парне, которого встретили в первый раз?",biok_ymer,1506707075483566212
"2026-05-21,13:14:18",samin__,#0,"— Павлов Баскервиль и Джоси и Джошуа Сенбернар и Мари  —

Выйдя из комнаты, Павлов зашагал по коридору, но ощущение было такое, как будто он заполнял его полностью. Недовольно зыркнув на Джошуа, тот махнул Джоси, обращаясь к той:

— Займись девочкой, этими двумя я сам займусь

Казалось бы обычная фраза, однако из его уст это звучало откровенно угрожающе. Дойдя до конца коридора, тот остановился, развернувшись по строевому на молокососов, сложив руки за спиной:

— Сейчас мы проведём вашу оценку. С ранних лет вас тренировали владению с мечём, так что надеюсь увидеть хоть что-то. Мечи и площадка ждут вас на заднем дворе, за мной

Договорив, тот вновь развернулся, уходя вниз по лестнице, а следом за ним вышла и Джоси с Мари, что похрамывая пошли куда-то в сторону бесчисленных коридоров

Джошуа же немного потупив молча побежал за Павловым, понимая что сейчас лучше не противиться, а просто делать что говорят, хотя с ним так ещё в жизни не относились, от чего его лицо всё выдавало, была бы его воля, тот бы послал Павлова куда подальше... но воли у него к его счастью не было",ktoia,1506648363431362580
"2026-05-21,14:23:54",ktoia,#0,"— Данте —

Ни на кого сейчас внимание Данте не было направлено так сильно как на Павлова. Уж больно сильно приходилось за ним следить, чтобы не отхватить. Когда тот обратился к Джоси по поводу Мари, Данте лишь бросил косоватый взгляд на избитую девочку. Нет, он не ухмыльнулся да и злорадствия нету. Он просто глянул на эту хромающую картину как на пустое место.

И вот.... Им сказали для чего их собрали. Да... Владение мечом - с ранних лет в боках сидит. Для Данте это дело было скорее ненужной необходимостью. И что же получается сам господин Павлов Баскервиль прибыл сюда, чтобы увидеть их навыки фехтования? Это... Это... ЗАЛЕТ. Если здесь он, а не какой-то инструктор, значит дело пахнет горелым. Да навыки были, но Данте сейчас был уверен, что даже если победить оппонента, всё равно найдутся вопросы и звоночки. Только не говорите, что этот год ещё и тренировать их будут?! НУ НЕЕЕЕЕТ, ПОЖАЛУЙСТА! Ну отправили сюда - так дайте отдохнуть!

-# Паршиво....

Из-за своих мыслей бесёнок отстал от Джошуа и Павлова, которые уже направились к лестнице. Обречённо выдохнув, Данте направился на место проведения дуэли. Думая о Джошуа.... .. .. . А стоп. А чего о этом балбесе думать? Единственное, что знал Данте - ничего себе он сильный. Даже он не отделал бы так Эдварда.",samin__,1506963340771983461
"2026-05-21,17:12:45",biok_ymer,#0,"—Эдвард—
|-----------------------------------------------------------------------------|
Он и не думал о доброте парня, скорее о том, что он попросту исполнял приказ, нежели сам волновался за него. Выслушав парня тот не сопротивляясь делал, что он говорит, а после сказал:
|-----------------------------------------------------------------------------|

—Хорошо... А вот про удар я уже сказал мисс и тебе скажу, я попросту упал, ничего критичного.

|-----------------------------------------------------------------------------|",samin__,1506961432623841371
"2026-05-23,20:54:21",samin__,#0,"— Павлов Баскервиль и Симон —

Выйдя на улицу, показалась площадка, что больше была похожа на плац. Ровная, пыльная и явно повидавшая многое. И спрашивается зачем в знатном доме такое превратное место?

На самой площадке уже стоял Симон с парочкой тренировочных мечей сомнительного качества. Как только делегация из спиногрызов приблизилась к тому, он поклонился Павлову, на что тот сказал:

— Хорошая работа

Взяв мечи в руки, тот обернулся к двоице, обращаясь уже к ним:

— Я прибыл сюда чтобы увидеть ваши навыки. В случае если они меня впечатляет, я замолвлю за вас словечко, чтобы сделать блестящую карьеру мечника, так что надеюсь на хороший и справедливый бой

Хотя он так и говорил, его взгляд стал только презрительнее, от чего тот кинул мечи на землю и развернувшись отошëл на десяток метров, ожидая пока парни не начнут",ktoia,1506980857200509049
"2026-05-23,20:55:23",samin__,#0,"— Рон —

Парень не стал допытывать собрата по несчастью, однако явно понимал на что можно ""упасть"" с размаху в первый день служения господам. Через некоторое время тому поднесли кувшин с холодной водой, который парнишка передал раненому со словами:

— Приложи к губе и скоро кровь остановится. Если станет хуже - скажи, а я пока что вернусь к своим обязаностям

Договорив, парень развернулся, возвращаясь к готовке, предварительно помыв руки. От чего-то служанки в том души не чаяли и выполняли все его прихоти, поднося тому то ингредиенты, то чистые тары",biok_ymer,1507023348037713961
"2026-05-23,20:56:13",samin__,#0,"|-----------------------------------------------------------------------------|
Спустя половину суток, почти под самую ночь, повозка прибыла к небольшой деревеньке с парой улочек и явно выделяющимся зданием на небольшом отдалении от поселения. Вдали показались бескрайние поля и речушка, через который был прокинут ветхий мост, по которой уж точно бы не проехала даже одна повозка. На удивление команда молчала большую часть пути лишь иногда нарушая тишину. Как только те въехали в деревеньку, Айден сказал:

— Ну и? Куда вас подвести?

||<@&1503425579687477329> <@&1503427050214785066> ||
|-----------------------------------------------------------------------------|",biok_ymer,1507084059883601961
"2026-05-23,21:21:51",ktoia,#0,"— Данте —  

Данте опустил взгляд на мечи, валяющиеся в пыли, потом перевёл его на Павлова. Презрение в глазах мужчины он заметил сразу. Впечатлить Павлова... ЭТО ШУТКА?! Даже если бы Данте был гуру меча, то ФИГ БЫ ОН ЧТО-ТО ПОКАЗАЛ! Если этому мужику что-то дельное показать, то это будет РАБСТВО. От такого замолвленного словечка все бока, голова - да всё тело будет отбито. А он так НЕ ХОЧЕТ!  

Но Данте перевёл взгляд на Джошуа. Этот напыщенный, подлый, высокомерный... Это определенно что-то знакомое! И, зная этого идиота всего ничего, он точно так же, как и Данте, захочет проиграть. Мпф... Хм-м-м... Побить Джошуа или проиграть... хммммм... Он ударил МОЕГО слугу, он строит высокомерную морду.... Хорошо, понятно. ИЗБИТЬ ДЖОШУА. Решение принято.  

Ещё раз переглянувшись с братом, Данте шагнул вперёд, взял НИЩИЙ деревянный меч и чуть приподняв его в руке, сказал не оборачиваясь:  

— Что ж, братец... похоже, нам предоставили возможность показать, на что мы способны. Не посрамим же фамилию Сенбернар?  

Он развернулся к Джошуа и коротко приподнял край губ.  

— Верно говорю?  

После этого он отступил на несколько шагов назад.",samin__,1507803892325421157
"2026-05-24,01:08:16",biok_ymer,#0,"—Эдвард—
|-----------------------------------------------------------------------------|
Прислонив кувшин к губе, тот стал молча наблюдать за готовкой, не сильно влезая в данную картину. И как так все вышло? Он не сильно успел даже обдумать что натворил, а тут ещё эта странная ситуация... Спустя некоторое время кровь остановилась, отчего он убрал кувшин и чуть погодя встав с стула, говоря:
|-----------------------------------------------------------------------------|

—Думаю мне нужно идти, спасибо за заботу.

|-----------------------------------------------------------------------------|",samin__,1507804150145220781
"2026-05-24,01:13:04",biok_ymer,#0,"—Альберт Дарси—
|-----------------------------------------------------------------------------|
Мужчина осматривая окружения с края повозки, услышал вопрос парня, отвечая:
|-----------------------------------------------------------------------------|

—Где не сложно. Все равно нас следует тут осмотреться. Несмотря на долгий путь это была приятная поездка, сколько стоило ваше время?

|-----------------------------------------------------------------------------|",samin__,1507804360229392465
"2026-05-24,01:19:51",samin__,#0,"— Рон —

 Мальчишка не особо и обращая внимания на колеку ответил:

— Ага... только не падай больше, а то Симон может ""забить доски""

Довольный своей детской алигорией, марнишка чуть улыбнулся продолжая взбивать сливки. Не поднимая взгляда на того, кому его попросили помочь",biok_ymer,1507867792953577574
"2026-05-24,01:23:12",ktoia,#0,"— Элла Риот —

Что ж, хоть мегамозг и говорила, что не хочет спать, спустя час поездки она всё таки задремала. Удивительно, учитывая, что знала своих попутчиков всего пару часов. Теперь понятно, почему её обокрали.

К концу поездки Элла дёрнулась от голосов и проснулась, пытаясь понять, где она и что здесь делает. Но спустя мгновение осмыслила положение, потёрла заспанное лицо и взглянула на Альберта. Прикрыв рот, она зевнула, выпрямилась и сказала:

— Да... не быстро... но на удивление доехали.

||<@478922861554302997> ||","biok_ymer, samin__",1507869000846016654
"2026-05-24,01:25:57",biok_ymer,#0,"—Эдвард—
|-----------------------------------------------------------------------------|
Не долго думая парень направился по коридорам в сторону комнаты Данте, однако тому было неприятно осознавать, но он не особо и стремился к данной встречи, отчего если он найдет отвлекающий фактор, тут же пойдет к нему, недели в комнату.
|-----------------------------------------------------------------------------|",samin__,1507870709064401088
"2026-05-24,10:52:02",samin__,#0,"— Айден —

Ухмыльнувшись на комментарий сони о продолжительности пути, парень ухмыльнулся, отвечая на вопрос <@&1503425579687477329> :

— На удивление даже никакой животины не встретили. Вообще цену нужно обговаривать заранее, но думаю трёх вечно молодых будет достаточно

Под вечно молодыми, парень подумывал монеты, на которых был изображён позапрошлый патриарх запада, что погиб от ""несчастного случая"" ещё в свои 40 лет

Остановив повозку по середине одной из улиц, было видно что жизнь в деревеньке уже понемногу утихала. Половина домов уже были тёмными, а в некоторых всё ещё виднелся тусклый свет свечей и ламп",ktoia,1507871550995435730
"2026-05-24,11:38:36",samin__,#0,"— Джошуа Сенбернар —

Парень кажется вообще не понимал где оказался, однако когда к тому обратились, он растерянно посмотрел сначала на брата, а после и на меч. Спустя непродолжительный затуп, тот улыбнувшись взял меч, который сразу вогнал тому занозу. Помахав рукой, мальчик натянуло ответил:

— Разумеется брат~. Надеюсь на хороший и честный бой, в котором мы сможем поучиться друг у друга~

Договорив, тот сделал пару шагов назад, занимая стойку. Расставив ноги чуть шире ширины плеч, тот взялся за рукоять двумя руками, держа меч чуть отслонив его от своего торса. Согнув колени, парень сказал:

— Я готов, начинай по готовности Данте

Он определённо не собирался биться, лишь сделать вид, от чего большую часть внимания перевёл на свою стойку, чем на атаку Данте",ktoia,1507810810817282159
"2026-05-24,12:25:53",ktoia,#0,"— Данте —

Данте усмехнулся, услышав про ""честный бой"". Он перехватил меч поудобнее, чуть разминая запястье и оценивающе посмотрел на стойку брата. Широко расставленные ноги, меч у торса, колени согнуты... Защитная поза? Или просто неуклюжая попытка казаться готовым? В отличие от Джошуа, Данте держал меч в одной руке, поднимая тупое остриё вверх. Его стойка была не защитной - скорее наступательной, готовой к рывку.

Когда Джошуа дал отмашку, Данте не стал медлить. Он рванул вперёд, не тратя времени на лишние движения. Земля под ногами хрустнула, меч взметнулся вверх и с размаху обрушился вниз - прямо на плечо Джошуа. Не плашмя, а ребром.",samin__,1508026419257540730
"2026-05-24,19:37:29",biok_ymer,#0,"—Альберт Дарси—
|-----------------------------------------------------------------------------|
Мужчина кивнул услышав цену, а после доставая из внутреннего кармана одеяний кошель достал четыре монеты с позапрошлый патриархом и протянул парню, а после вставая с повозки помог <@&1503427050214785066> встать на ноги и подойдя к кучеру проговорил:
|-----------------------------------------------------------------------------|

—Была приятная поездка, надеюсь ещё как-нибудь свидимся, удачного вам пути обратно.

/Закончив свою фразу тот немного поклонился, а после развернувшись пошел по деревне, осматривая округу, дабы понять что из слухов была правдой, а что и вовсе не приговаривались ему./

|-----------------------------------------------------------------------------|",samin__,1508014702326976522
"2026-05-24,20:08:19",ktoia,#0,"— Элла Риот —

Элла приняла протянутую руку, осторожно спрыгнула с повозки и оказавшись на твёрдой земле, с облегчением выдохнула. Она провела ладонью по затёкшей шее, помялась с ноги на ногу, разминая затёкшие мышцы и только после этого направилась следом за Альбертом.

Подойдя к Айдену, она встала чуть позади, пока мужчина расплачивался и благодарил за поездку. Сама Элла молчала, только поглядывала на повозку. Когда Альберт начал отходить, она задержалась на десять секунд, глядя на парня и после начала говорить, попутно надевая головной убор, который до этого момента был снят.

— Конечно, поездка была бы поприятнее, если бы у вас была повозка получше.

Она отошла на шаг и уперев руки в бока, принялась перечислять:

— Во первых, люфт в левом переднем колесе - его нужно было заменить ещё месяц назад! Сам определенно замечаешь что плавности хода 0. Во вторых, рессоры черезвучайно сильно просели, поэтому нас так СИЛЬНО трясло на каждой кочке. В третьих, смазка на осях отсутствует как таковая - это вообще полный критинизм! Была бы она, то это корыто не скрипело бы... И да, у основная нижняя рама настолько убитая что любой большой камень на дороге её разломит... Чуть что разломаетесь в лесу и все... Эта поездка была исключительно на удаче, по всей видимости только она вам благоволит!
 
Она скрестила руки на груди и хмыкнула.

— Пф.... Следить за таким нужно! Даже Я могу привести всё это в порядок. Даже за полдня управлюсь, если будет инструмент. Ну чтож...

Элла выдержала паузу, давая Айдену возможность осознать, что перед ним не просто пассажирка, а человек который знает о чём говорит ||НЕТ||. Потом развернулась и мееедленно пошла, бросив на прощание:

— Подумайте над моими словами. А то скоро ваша повозка развалится прямо на ходу.

Шла медленно чтобы услышать ответ!

||<@478922861554302997> ||","biok_ymer, samin__",1508146937768050688
"2026-05-25,00:02:45",samin__,#0,"— Джошуа Сенбернар —

Парень и вправду занял защитную стойку, однако тот не держал меч в руке достаточно сильно, думая что это всего лишь представление, от чего при соприкосновении с замахом Данте, тот отклонился вниз, а после и вовсе выпал из руки, давая тому ударить по плечу. Послышался звонкий звук соприкосновения дерева с костью, от чего парень сделав шаг назад схватился за плечо, с ненавистью смотря на Данте

Павлов же спокойно и уравновешено сказал:

— Подбери меч, продолжайте

Услышав эту ТУПОСТЬ, парень подобрал меч дрожащей рукой, а после сделав ещё шажок назад выдохнул и смотря с неким ""пониманием ситуации"" на Данте. Тот сказал лишь ""Начнём..."", перед тем как ринуться на него. Идя на того, он сделал откровенно большой размах, пытаясь заехать тому по бочине со всего размаха. Похоже на этот раз тот и вправду хотел что-то сломать Данте",ktoia,1508038320494481490
"2026-05-25,00:14:05",ktoia,#0,"— Данте —

Данте увидел злой взгляд брата и... Оооооо, как же это ему понравилось. Он не сдержал усмешки - такоооой довольной и мерзкой. Ради такого взгляда можно было временно забыть о будущем. Хотя бы на это время!

Когда Джошуа ринулся вперёд с большим, неуклюжим замахом, Данте не стал встречать удар. Он бы отступил в сторону, уходя с линии атаки и тут же скользнул бы в противоположную от замаха сторону, рассчитывая закрутить брата и оказаться у него за спиной, чтобы всадить тому по хребту.

Чем сильнее злился Джошуа, тем шире и самодовольнее становилась ухмылка Данте.

||Хуй знает получится это или нет||",samin__,1508213690648760593
"2026-05-25,11:19:14",samin__,#0,"— Джошуа Сенбернар —

И у Данте получилось! Противник полностью позабыл о технике и беспечно представил что бъёт по неподвижной мишени, от чего проворство Данте помогло ему зарядить по хребту братана. От такого осанка парня пострадала, выгнувшись в обратную сторону, а сам он на инерции сделав пару шагов вперёд остановился и тут-же устремил клинок прямо в висок Данте с криком:

— АХ ТЫЖ!

Определённо и точно паренёк был в бешенстве

||Ласт пост и останавливаю бой||",ktoia,1508216545627738193
"2026-05-25,11:32:35",samin__,#0,"— Айден —

Увидев на одну монету больше, парень широко улыбнулся и ответил:

— Ох, спасибки. А я думал что чаявые за работу предназначаются только путанам. В таком случае не откажу себе в желании покутить тут пару деньков

Однако радость длилась не долго, а именно до того момента пока <@&1503427050214785066> не открыла рот. Слушая кучу замечаний, половину из которых парень и так знал, тот сначала застыл в неком непонимании, однако когда его имущество перестали осуждать, важно завиляв задницей после стольких слов, парень улыбнулся и язвительно кинул в след:

— Ох, прошу прощения что тебе столь плохо спалось весь путь, в следующий раз обязательно персонально для тебя подготовлю перину~

Договорив, тот ляцнул поводьями уезжая из деревеньки

|-----------------------------------------------------------------------------|
<@&1503425579687477329> же ничего особого заметить так и не смог. Обычные бревенчатые домики, обычная ночь и не одного человека на улице в такое время, как и в любой деревне на западе. Тут люди любили вставать с петухами и ложиться с заходом солнца. По быту тоже всё было в порядке вещей, у каждого дома было своё небольшое хозяйство с животными, что так-же мирно спали и лишь большое поместье на пригорке выделялось из общей массы строений

||Продублировал изображение и обвёл что имею ввиду||
|-----------------------------------------------------------------------------|",ktoia,1508154696949432360
"2026-05-25,12:09:14",ktoia,#0,"— Данте —

Ну, это уже опасно. Закружить братца на удачу получилось, вот только хребет паренька окончательно сдерживал того от полного бешенства... Уф. Тут уже Данте было не до красования. Учитывая, что после закрутки они оказались достаточно близко, а деревянная зубочистка летит прямо в висок, шанс того, что от этого удара Данте нахер упадёт, был очень велик. Бить в голову даже он не стал бы, а тут Джошуа... Братец, ты ебнулся?

Влево не уйти, вправо не уйти, назад, вперёд - тоже. А что тогда спрашивается делать? Как говорится... А как вообще говорится? Учителя по этому тупому фехтованию он честно сказать в рот ебал, но мудрую мысль от него можно было взять: ""Если попадание неизбежно - упали"". Возможно, он имел в виду не то, о чём подумал Данте, да и возможно, он такого вовсе не говорил, но Данте сделал то, что считал самым простым в этой ситуации.

Он быстро согнул ноги и ударил куда глядел - по сочленению колена. А именно по коленной чашечке.",samin__,1508383936470974536
"2026-05-25,17:34:35",biok_ymer,#0,"—Альберт Дарси—
|-----------------------------------------------------------------------------|
Оглядывая свои новые владения тот даже удивился, ожидая увидеть более запущенную картину, после чего приняв ко вниманию что выделяющее здание скорее всего принадлежало местному лорду, тот направился в его сторону, в надежде встретить там местного крепостного или хотя бы того, с кем он сможет обсудить свою новую должность. Не слушая перепалку, но увидив что <@&1503427050214785066> его догоняет, он у нкё спросил:
|-----------------------------------------------------------------------------|

—Хмм, а здесь не так уж не плохо, не находите? У каждого жителя есть своё хозяйство, а местный лорд похоже не такой уж ""жадина"" раз оставил земли в неплохом состоянии. Может нам и не потребуется сильно вмешиваться в жизнь этого места.

|-----------------------------------------------------------------------------|",samin__,1508387296091832350
"2026-05-25,23:18:16",ktoia,#0,"— Элла Риот —  

После обмена любезностями с Айденом Элла догнала Альберта, слегка запыхавшись и пошла с ним нога в ногу. Она оглядывалась по сторонам, но ничего особенного, что можно было бы сразу приметить, не увидела. Однако очевидно - дела всё же не так плохи. Она тоже думала, что будет дыра, а тут.. действительно просто деревенька.  

Кивнув на размышления мужчины, она поддержала:  

— Верно. Могло быть и похуже. Видно, что деревня находится на самообеспечении, что является значительным плюсом. Ну, а иначе и быть не могло - всё-таки от города мы далековато.  

Она замолчала на пару шагов, задумчиво глядя вперёд, на выделяющееся здание поместья.  

— Интересно, а тут есть другие поселения рядом?",biok_ymer,1508478396236173383
"2026-05-26,13:26:02",samin__,#0,"— Джошуа и Павлов и Симон —

Если бы атака настигла веска, Данте скорее всего слëг бы на пару месяцев, учитывая что тому прилетело бы как дубинкой, однако на его благо атака прошла мимо, закручивая Джошуа, а тут ещë и удар по коленной чашечке. Закономерно парень крутонувшись упал на землю, собирая камни своей мордой

Безоговорочно по-бе-да. Парень было хотел встать, однако глубокий голос остановил его:

— Закончили. Победил Данте Сербернар. Да и ещë после атаки по хребту в бою, ты был бы уже мëртв

— Слишком много ошибок, неуклюжести и просто эмоций, которые ты вложил в меч. Вот и причины почему ты проиграл

/Тут голос стал даже грубее и угрожающе чем обычно/
— Ты рождëн аристократом, а значит у тебя есть обязанности защищать свою честь, а возможно и земли. Как ты можешь это делать, если в первый же час довëл свою служанку до такого состояния? Была бы моя воля, ты бы был разжалован до Чихуахуа, но твоë счастье это не в моих полномочиях

— На этом закончим, Данте, после ужина буду ожидать тебя в гостевых покоях. Нужно будет обсудить твоë будущее. У тебя есть задатки. Они разумеется не сравняться с мастерством Баскервиль, но всë-же развить их можно

На этих словах, мужчина было повернулся к Симону, что в смятении пытался понять что Джошуа уже успел натворить и что он такого не заметил, однако Джошуа прокашлявшись от пыли ответил:

— Да какая честь? Это не я довëл Мари, а Данте!

Павлов вновь обернулся к двоице, так и говоря своим взглядом ""молчать"". Как только те это поняли, он вновь обратился к Симону:

— Разберись в ситуации и проконтролируй чтобы виновный понëс наказание. Именем патриарха на время разбирательств даю тебе полномочия схожие с моими, но только в этом вопросе. По завершению, буду ожидать отчëта. Всë ясно?

Мужчина, что выглядел маленькой шавкой по сравнению с громилой лишь сухо ответил, приходя в себя:

— Да... разумеется, это ведь мой долг",ktoia,1508396519651414076
"2026-05-26,13:26:04",samin__,#0,"Кивнув, Павлов зашагал в сторону поместья, оставляя площадку. Как только тот скрылся, Симон возвращаясь к норме сказал:

— Итак господа, не соизволите ли объясниться?",,
"2026-05-26,14:19:12",samin__,#0,"|-----------------------------------------------------------------------------|
||Думал я что вкинуть думал и ничего лучше не придумал||

Идя без особой мотивации по коридорам, парень остановился около лестницы, понимая что не желает идти к своему новому господину, который на проверку был ещё тем уродом, что смог открыть Эдварду глаза. Задержавшись у первой ступеньки дольше обычного, парня окликнул женский голос, что с некой насмешкой сказал:

— Эдвард~. Что случилось? Ты весь такой напряжённый~

Обернувшись, парень увидел ту самую последнюю госпожу, что осваивалась в ""Чёрной розе"". Джиллиана Сенбернар сидела за тем-же самом столом, скрестив голени под стулом, как леди, хищно смотря на паренька
|-----------------------------------------------------------------------------|",biok_ymer,1507872241583525918
"2026-05-26,18:48:51",biok_ymer,#0,"—Альберт Дарси—
|-----------------------------------------------------------------------------|
Подходя к большому зданию, тот постучал в дверь, добовляя:
<@478922861554302997>  .
|-----------------------------------------------------------------------------|

—На карте я не видел других поселений рядом, отчего делаю вывод, что в округе эта деревня одна на продолжительную местность.

|-----------------------------------------------------------------------------|","samin__, ktoia",1508564886786150562
"2026-05-26,18:51:51",biok_ymer,#0,"—Эдвард—
|-----------------------------------------------------------------------------|
Все также непривычно от того, что все тут знают парня по имени тот немного дернулся, а после оборачиваясь и наблюдая уже вторую госпожу за его одинокое путешествие тот нахмурился, а после сказал:
|-----------------------------------------------------------------------------|

—Прощу прощения, но мне кажется моя работа и рассчитана на излишнюю напреженность. Спасибо за беспокойство, но у меня все в порядке. Вы что-то ещё хотели спросить?

|-----------------------------------------------------------------------------|",samin__,1508791612715696230
"2026-05-26,19:05:01",ktoia,#0,"— Элла Риот —

Элла кивнула, принимая информацию и бросила короткий взгляд на тёмные окна поместья.

— Вот оно что...  Значит всё что нужно тут должно находится.

Она подошла ближе к двери и встала чуть сбоку Альберта.

— Думаете, нам откроют в такое время?",biok_ymer,1508859472712437991
"2026-05-26,21:08:50",ktoia,#0,"— Данте —  

Данте опустил меч, выпрямился и не скрывая усмешки, посмотрел на Джошуа, который пытался подняться с земли. Его губы изогнулись в мерзкой, самодовольной улыбке. Он не сказал ни слова. Не нужно было. Взгляд говорил всё. Когда Павлов заговорил, Данте развернулся и слушал с каменным лицом, но внутри всё ликовало. Победа. Чистая, безоговорочная победа. Даже этот суровый мужчина признал, что у него есть задатки. стоп... признал... ...БЛЯТЬ, ОН ПРИЗНАЛ, ЧТО ЕСТЬ ЗАДАТКИ! НЕТ-НЕТ-НЕТ! СТОП, БРЕЙК, ВОЗЬМИ СЛОВА НАЗАД! НЕТУ ЗАДАТКОВ!! НЕТУ!!!! И тут же к этому добавилось то, что вкинули про свинью и Джошуа спалил его. Данте повёл бровью. Ой... братец... какой ты гондон... Бес хотел было что-то сказать, но не успел - Павлов ясно дал понять, что лучше сейчас помалкивать. Выслушав последние слова Баскервиля, тот благо ушёл, а Симону дали права на разбирательство. Только сейчас Данте начал думать о последствиях. Он вообще не видел в том, что сделал, плохого. Лишь небольшой перегиб и то не сказать, чтобы сильный. Однако, по всей видимости, так считал только он.  

Отнекиваться? ОШИБКА! Скрыть? ФАТАЛЬНАЯ ОШИБКА! А что делать? Каяться он не будет чисто психологически. Признать неправоту? Мх... ну... не-е-е-т... Нахмурившись от умозаключений, мальчишка положил зубочистку на пол, кинул последний гневный взгляд на Джошуа и развернулся полностью к Симону. Смотря на него слегка колеблющимся взглядом, он начал затирать:  

— Конечно... М-к-х... Когда я прибывал в своих покоях после собрания на первом этаже, то поговорил со своим слугой, обозначив, что и почему решил его покинуть, дабы осмотреть поместье. Вот только на выходе из комнаты на меня сразу опрокинули... м... горячий кипяток. Всему виной была слуга моего братца, которая, по всей видимости и моим умозаключениям, специально меня облила чаем, который несла для моего братца.  

Да, Данте начал врать.  

— Возможно, она и кажется слюнтяйкой, однако в тот момент так определённо не казалось. Случайности не случайны... Поэтому сложилось так, что мой день совсем не задался - реакция на кипяток, её лукавство... и я действительно применил рукоприкладство. Признаю, возможно, частично перегнул. Однако всё же слуга такого уровня, которым она является, должна быть безукоризненной, а совершила такое...  

На этом Данте остановился, пытаясь придумать, как бы ещё защитить себя.",samin__,1508778241052246086
"2026-05-27,11:17:10",samin__,#0,"|-----------------------------------------------------------------------------|
На удивление Альберта дверь качнувшись приоткрылась от постукиваний. Неужто поместье не закрывают?

Если парочка пройдёт внутрь, те заметят что внутреннее убранство хотя и было похоже на знатное, всё равно было бедноватым. То тут, то там были трещины в мебели, полы скрипели, а где-то уже давно выцвела краска. Свечи, что стояли везде и всюду уже давно не использовались, от чего внутри всё было темнее тёмного, однако если присмотреться, то всё было прибрано. Немного скопившейся пыли выдавали что ухаживали за этим местом не часто, однако отсутствие паутины указывало что здание отнюдь не было заброшенным
|-----------------------------------------------------------------------------|",biok_ymer,1508859472712437991
"2026-05-27,11:26:20",samin__,#0,"— Джиллиана —

Кивнув на слова паренька, девочка покачиваясь из стороны в сторону приподняла взгляд чуть выше, как будто задумавшись о чём-то, а после выпалила:

— Что же я хотела... хм... а! Точно!

/Переведя взгляд обратно на паренька/
— Анна конечно великолепно обучена, однако она всё ещё хрупкая девушка, так что мы попали в затруднительную ситуацию. Понимаешь ли, я подготовила подарок для Арии, но поднять его мы не можем... если ты ничем не занят, можешь ли помочь и немного потаскать тяжести?

Договорив, девушка прикрыла глаза, спокойно улыбнувшись. И в чём подвох?",biok_ymer,1508860228366766111
"2026-05-27,12:27:06",samin__,#0,"— Симон —

По мере рассказа, лицо Симона ни сколь не изменялось, лишь по завершению рассказа, тот прикрыл глаза глубоко вдыхая, немного запрокидывая голову к небу. С выходом голова опустилась  исходное положение и тот кивнув в сторону Джошуа, что уже поднялся и не скрывая злости смотрел на Данте, говоря тому:

— Джошуа, твоя версия

От этого вопроса злости на лице парня как и не бывало, от чего тот улыбнувшись сказал:

— По верному всё так и было. После ваших наставлений, я пошёл в свои покои, сказав Мари приготовить чая. Спустя время я уж было подумал что та и вовсе не умеет этого делать, ведь несла она его уж больно долго, а после я услышал странный шум в коридоре. Выйдя, чтобы разобраться предо мной предстала страшная картина. Братец Данте таскал мою слугу за волосы, а на её руке выступила кровь. Судя по звуку и её рассказу, она несла мне чай, как вдруг дверь и она и вправду облила братца, от чего тот вышел из себя и ударил ей в бок ног...

Тут Симон прервал его, поднимая руку вверх:

— Достаточно. Данте, я ожидаю увидеть ожог и объяснения, ведь **это** не похоже на простое ""частично перегнул"". Выдвигать требования в первый день работы, прислуге, которой едва ли исполнилось 13 - верх безрассудства, а учитывая что я являюсь смотрителем этого поместья, вы только что дали подсечену и мне, ну чтож... будьте добры

Ехидству Джошуа не было предела. Тут ещё вопрос кто выиграл в этой ситуации, однако треумф прервали:

— А нет, чуть не забыл момент. Джошуа, почему ты не сообщил мне о происшествии, а я узнал об этом от многоуважаемого Павлова? Нужно было оказать помощь и возможно остановить кровотечение, с чем бы служки и помогли. Подумайте над ответом хорошенько, в противном случае и вас ждёт ответственность за вашу нерасторопность",ktoia,1508894700763877588
"2026-05-27,13:38:12",ktoia,#0,"— Данте —

Данте пытался слушать Симона серьезным лицом. Когда Симон упомянул ожог, он почти усмехнулся - вот за что можно зацепиться!

— Ожог.. конечно...

Он твердо опустил взгляд на руку, слегка задернул рукав - ничего. Вернул его в прежнее состояние, хмыкнул. Потом приоткрыл воротник и... там тоже ничего. Задернул обратно, повёл глазами по себе, но не придумав, где ещё могут быть следы, взглянул на Симона и ответил:

— К великому счастью, я обладаю хорошей генетикой. Те ожоги, что оставила мне слуга, быстро зажили... чудо. Поэтому я не смогу вам их показать. Но я вам не вру. Они действительно были.

Он сделал паузу.

— И да, я признаю, что перегнул. Возможно, даже сильнее, чем следовало. Но я не собираюсь оправдываться за свою реакцию на то, что меня облили кипятком, когда я вышел из собственных покоев.

Он выдержал паузу, давая своим словам осесть и добавил уже тише:

— Я готов понести наказание..... Но прошу учесть, что я не единственный, кто допустил ошибку. Все таки стоит упомянуть что братец Джошуа в той ситуации так же применил рукоприкладство по отношению к моему слуге. Добавлю что своего же отправил лечится сразу.

Если получать пизды, то Данте уж точно попытается утянуть с собой мерзавца Джошуа...",samin__,1509125790409949295
"2026-05-28,00:57:28",samin__,#0,"— Симон —

Принимая дерьмо, что тому лили в уши, мужчина достал платок из кармана, начиная протирать им лицо, а после начиная складывать его ответил:

— Значит Данте облили чаем приемлемой температуры из-за чего он применил излишнее рукоприкладство, что в принципе недостойно его статуса, а Джошуа видя это применил его уже к слуге Данте, забыв при этом позаботиться о благосостоянии своей служанки... ммм... этот год будет долгим...

— Чтож, пойду узнаю состояние слуг. Быть может стоит и прямо сейчас вас наказать, однако оставлю эту честь многоуважаемому Павлову, которому ч передам **все** ваши слова... **дословно**

Договорив, мужчина развернулся и пошëл в сторону поместья, не обращая внимания на то, что происходит за его спиной

Джошуа же хмыкнув на это ехидно ткнул локтëм в бок Данте, шепча тому:

— Выкуси, бездарь",ktoia,1509143682316763218
"2026-05-28,03:52:48",biok_ymer,#0,"—Эдвард—
|-----------------------------------------------------------------------------|
А подвох был в том, что он не мог отказаться от данного занятия, отчего парень не долго думая подошёл поближе, говоря:
|-----------------------------------------------------------------------------|

—Я и вправду сейчас ничем важным не занят, отчего могу вам помочь.

|-----------------------------------------------------------------------------|",samin__,1509110499034402990
"2026-05-28,03:58:18",biok_ymer,#0,"—Альберт Дарси—
|-----------------------------------------------------------------------------|
Заходя внутрь тот все также недоверчиво осматривал окружение, а после в надежде найти кого-то зашёл внутрь, со спокойной походкой, осматриваясь, попутно отвечая:
<@&1503427050214785066> 
|-----------------------------------------------------------------------------|

—Выглядит не сильно населенно, однако не заброщенно. Осмотримся и если никого не найдем придется спрашивать местных жителей об этом месте.

|-----------------------------------------------------------------------------|",samin__,1509108189738831974
"2026-05-28,08:15:20",ktoia,#0,"— Данте —

Данте проводил взглядом удаляющегося Симона и только когда тот скрылся за дверью поместья, медленно перевёл взгляд на Джошуа... Вместо того чтобы сорваться, Данте криво усмехнулся и произнёс:

— Какой ты упырь, честное слово....

Он чуть отступил, стряхивая невидимую пыль с бока и не глядя на брата, добавил:

— Ну... ничего. Уже выяснил что на земле ты валятся любишь.

Развернулся к братцу.

— Верно?",samin__,1509314625831698584
"2026-05-28,10:12:02",ktoia,#0,"— Элла Риот —

Элла вошла следом за Альбертом, стараясь ступать тихо, ведь шум скрипучего покрытия отнюдь не нравился. Она оглядывалась по сторонам, отмечая жухлость окружения, но прям бордака не было.

— Похоже, кто-то действительно следит за порядком.

Подойдя к первому попавшейся поверхности провела пальцем по краю. На пальце осталась тонкая полоска пыли. 

— Хотя... Наверное тот кто следил недавно забил на это дело.

Призадумавшись девушка подошла к середине коридора. Добавляя тихо:

— Может, стоит покричать? 

Она не стала ждать ответа своего 
Господина начиная воплощать идею в жизнь:

**— ЭЙ!!! ТУТ КТО-ТО ЕСТЬ????!!!!!!! ||Я КИЛЬКА???||**

||<@478922861554302997> ||","biok_ymer, samin__",1509360132579131542
"2026-05-28,13:40:50",samin__,#0,"|-----------------------------------------------------------------------------|
На крик, послышался какое-то копошение в комнате, что была дальше главного холла. Торопливые шаги смешались с разными звуками предметов из разных материалов, что кажется падали на пол один за другим. Призраки тут уж точно водились

Наконец успокоившись, из комнаты послышался старческий голос, что начал вопить:

— АСЬ?! Воришки ибо завалились? Да вы хоть знаете чьи эти хоромы?! А ну выметайтесь, а то мне придётся это сделать... эм... силой!

Старик был не на шутку взволнован, то и дело меняя тон общения
||<@&1503425579687477329> <@&1503427050214785066> ||
|-----------------------------------------------------------------------------|",biok_ymer,1509360132579131542
"2026-05-28,14:18:41",samin__,#0,"— Джиллиана —

Девушка улыбнулась на такую покорность, а после спокойным голоском сказала:

— Умничка. На улочке, около заднего входика лежит коробочка. Положи её около порожка дверки Арии. И... на этом всё, ничего сложного правда же?",biok_ymer,1509358751969448037
"2026-05-28,14:21:20",biok_ymer,#0,"—Эдвард—
|-----------------------------------------------------------------------------|
Кивнув на просьбу, парень направился к выходу, где принялся искать коробку. Могу предположить, что ему было легко её найти, очтего взяв ту направился на поиски комнаты а которой нужно занести её.
|-----------------------------------------------------------------------------|",samin__,1509516260008919110
"2026-05-28,14:23:11",samin__,#0,"— Джошуа —

На этот раз парень ни сколь не вспылил, наоборот, лишь сильнее смягчил голос:

— Ну не больше чем ты братец~

— Лучше уж разок упасть в грязь лицом, чем служить остаток жизни. Хах, так уж и быть, будем считать что на этот раз ты победил, так что вспоминая этот день через 10 лет я сяду вечерком на болконе своего поместья смотря на луну, запивая горе дорогим виски, в то время пока ты будешь лежать под кустом в одном из лесов, истекая кровью

Улыбнувшись, парень подмигнул Данте, развернувшись и идя в сторону поместья",ktoia,1509424819551076385
"2026-05-28,14:24:48",biok_ymer,#0,"—Альберт Дарси—
|-----------------------------------------------------------------------------|
Немного удивившись тактическому Америку девушки, тот прислушался откуда был звук падения и направился туда, подходя к комнате услышал голос, на который тот стоя на пороге комнаты заявил:
<@&1503427050214785066> 
|-----------------------------------------------------------------------------|

—Прошу прощения, вы местный крепостной? Мы пришли поговорить с вами.

/После сказанного тот принялся ждать реакции или выхода мужчины из комнаты./

|-----------------------------------------------------------------------------|",samin__,1509506732387336244
"2026-05-28,14:28:01",samin__,#0,"— Джиллиана —

Взяв коробку, та и вправду оказалась весьма увесистой, однако не на столько, чтобы девушка не смогла поднять её на второй этаж. Это была обычная деревянная шкатулка, которая была увеличена в несколько раз, больше походя на небольшой сундук с чем-то, что каталось внутри то туда то сюда с характерным звуком, как что-то скользит по дереву

Взяв ту в руки, парень не успел сделать и шага, как вдруг в нос тому ударил еле заметный, но отчётливый запах железа. Будет ли он нести сундучок дальше или сделает что-то с ним?",biok_ymer,1509516925967925351
"2026-05-28,14:29:29",biok_ymer,#0,"—Эдвард—
|-----------------------------------------------------------------------------|
В его планах было донести коробку и перед тем как оставить проверить ту, однако намек видимо имеется в том, что следует проверить его заранее. Попытавшись приоткрыть того, он глянул на содержимое.
|-----------------------------------------------------------------------------|",samin__,1509518607946612819
"2026-05-28,18:37:14",ktoia,#0,"— Элла Риот —

Элла вздрогнула, услышав старческий крик из комнаты. Она на мгновение замерла, широко раскрыв глаза. **ПРИЗРАКИ?** **Неужели они существуют?** Но тут же, осознав абсурдность своих догадок, она мотнула головой. НЕТ! Призраков не бывает!!! 

Элла сделала глубокий вдох, выпрямилась и когда Альберт направился к комнате, последовала за ним, стараясь держаться позади......

||<@478922861554302997>||","biok_ymer, samin__",1509517798265720973
"2026-05-28,19:41:22",ktoia,#0,"— Данте —  

На этот раз парень ВСПЫЛИЛ. Ведь его ситуация была КОНКРЕТНО хуже, чем у Джошуа. Выслушав его предсказание, Данте внутренне послал его на хер. А нет, он может и вслух:  

**— Да пошёл ты, братец!**

На этом Данте решил закончить, потому что если он войдёт в кураж, то уже не остановится. Плевать ему на него. Что ж, дождавшись, пока тот скроется с глаз в поместье, Данте тоже отправился туда - направляясь в свои покои, чтобы ждать ПРИГОВОРА.",samin__,1509517389820203189
"2026-05-29,15:00:24",samin__,#0,"|-----------------------------------------------------------------------------|
Не успел Альберт договорить свою фразу, как на того выбежал дед, что с метлой в руках крикнул ""А НУ ВОН!"", занося ту над Альбертом, пытаясь того ударить со всего размаху
|-----------------------------------------------------------------------------|
||<@&1503427050214785066> ||",biok_ymer,1509517798265720973
"2026-05-29,15:06:58",samin__,#0,"|-----------------------------------------------------------------------------|
Идя по коридорам, никто не обращал на парня никакого внимания, а на том самом мнесте, где парой минут ранее сидела Джиллиана уже было пусто. Донеся коробку до второго этажа, парень пошёл в крыло, где проживали госпожи, остановившись у ближней двери. Хм... а какая из дверей вообще Арии? Не придумав ничего лучше, чем просто оставить коробку у этой двери, парень всё-же заглянул внутрь, учитывая что запрета на это не было

Внутри как он и думал не могло находиться ничего хорошего, вель там была мёртвая плица, с воткнутым в неё кинжалом и некое письмо, весьма аккуратно запечатанное несколькими каплями воска без штампа. И на что подписали Эдварда?
|-----------------------------------------------------------------------------|",biok_ymer,1509518978236551268
"2026-05-29,17:41:11",biok_ymer,#0,"—Альберт Дарси—
|-----------------------------------------------------------------------------|
Чуть помедлив мужчина увернулся от выпада, а после одной из рук взялся за швабру, останавливая выпады деда и спокойно проговорил:
|-----------------------------------------------------------------------------|

—И вот обязательно лезть сразу в бой? 

|-----------------------------------------------------------------------------|",samin__,1509889143407382669
"2026-05-29,17:44:50",biok_ymer,#0,"—Эдвард—
|-----------------------------------------------------------------------------|
Взяв птицу тот оторвал кинжал с письмом. Читать чужие переписки тот не желал, однако любопытство взяло верх и распечатав письмо тот положил птицу обратно в коробку, идя с ней к комнате кучерявому, у которой бы и оставил коробку, после чего дочитав письмо уже решил бы, что с ним делать 
|-----------------------------------------------------------------------------|",samin__,1509890795933532180
"2026-05-29,22:02:25",ktoia,#0,"— Элла Риот —

Элла вскрикнула и отскочила назад, когда из комнаты вылетел дед с метлой. Она едва не споткнулась о собственные ноги, но вовремя ухватилась за косяк, чтобы не упасть. Встав в адекватное вертикальное положение, она сделала шаг в сторону, чтобы дед мог её видеть, но всё равно держалась позади Альберта, а после покосившись на того сказала:

-# — С ума сошел?....

||<@478922861554302997> ||","biok_ymer, samin__",1509929606768099368
"2026-06-01,16:27:55",samin__,#0,"|-----------------------------------------------------------------------------|
Сделав ещё пару неумелых взмахов, старик выдохся, уронив швабру на пол, а после и сам упал за ней, рассыпаясь в полное:

— Уж не губите старика бедного. Яж лишь за поместьем доглядаю, так что коль надо чего, берите что вам надобно, да ступайте себе с миром

На удивление старик говорил без паники и каких либо запинок. Голос был чуть повышенный, однако всё ещё весьма спокойный хоть и запыханный

||<@&1503425579687477329> <@&1503427050214785066> ||
|-----------------------------------------------------------------------------|",biok_ymer,1509929606768099368
"2026-06-01,17:19:01",biok_ymer,#0,"—Альберт Дарси—
|-----------------------------------------------------------------------------|
Мужчина выслушав старика понял, что именно с этим стариком и нужно иметь дело, отчего протянув тому руку, помог ему подняться, говоря:
<@&1503427050214785066> 
|-----------------------------------------------------------------------------|

—Выходит вы и есть местный смотрящий. Прошу простить за беспокойство. Я Альберт Дарси Корги, прибыл в управство что мне назначили связи с понижением статуса. Можете считать меня новым местным лордом, отчего я хотел бы с вами начать сотрудничество.

/Отдав тому часть, парень после чуть отошёл в сторону, показывая на рукой <@&1503427050214785066> , говоря:/
-А эта мисс скажем... Моя помощница, Элла Риот, надеюсь мы с вами поладим.

|-----------------------------------------------------------------------------|",samin__,1510998331390951444
"2026-06-01,20:27:52",samin__,#0,"|-----------------------------------------------------------------------------|
Сломав восковую печать, мальчик стал читать послание, содержание которого не могло быть доброжелательным:

> Леди Ария, неужто вы считаете стены ""чёрной розы"" надёжной защитой. Спешим сообщить вам, что это наивное заблуждение с вашей стороны. Пока что мы просто наблюдаем и уведомляем вас, что вам не стоит предаваться праздности. Не пытайтесь искать нас. Не доверяйте тем, кто вас сейчас окружает. Среди слуг уже есть те, кто служит другим хозяевам и готовы начать действовать в любой момент. 
> 
> На балу через год, мы ожидаем что вы во всеуслышание откажетесь от притязаний на трон, как ранее это сделала ваша старшая сестра. Если этого не произойдёт, первый удар будет нанесён не вам, а тому, кого вы цените больше всего.
> 
> Считайте это последним проявлением нашей любезности. И не забывайте, мы видим больше, чем вы думаете, мы ближе, чем вам кажется

И разумеется никакой подписи. Кажется Эдвард только что встрял во что-то очень нехорошее, прочитав письмо. Что же он будет делать теперь?
|-----------------------------------------------------------------------------|",biok_ymer,1509930523789758604
"2026-06-01,21:11:12",biok_ymer,#0,"—Эдвард—
|-----------------------------------------------------------------------------|
Прочитав письмо тот вновь убедился, что аристократия тот ещё змеиное логово. Он бы мог попытаться в это встрять однако молча взяв клинок и чуть взяв крови птицы, замазал часть про сестру и ""Ария"", а после закрывая письмо и перекрывая печать кровью, тот закрыл коробку и оставил у кучерявого, а после спрятав клинок в брюки заметив измазанные руки в крови и выдохнув опять направился куда-то в поисках прачечной, где убрал бы как свою кровь, так и птичью.
|-----------------------------------------------------------------------------|",samin__,1511058719457284147
"2026-06-01,21:51:17",samin__,#0,"|-------------------------------------------------------------------|
Парень спокойно себе дошëл до покоев, с силой захлопнув дверь. Развернувшись, тот увидел Джиллиану, что сидя за столом, на котором было перо с чернильницей изумлëнно смотрела на того. После недолгого неловкого молчания, та всë-же сказала:

— Эм... чем обязана?
|-------------------------------------------------------------------|",ktoia,1509597465022828664
"2026-06-01,22:45:20",ktoia,#0,"— Элла Риот —  

Элла стояла позади <@&1503425579687477329> , в шаге от его спины. Их приняли за воришек? Ну, ладно господина Альберта, но она то за прохиндейку которая ворует в жизни не сойдёт! Хотя... её же стражники спутали с рабом... может, это в них проблема? Не придя к логическому выводу, девушка вернула внимание к ситуации когда Альберт начал представляться.  

Когда речь зашла о ней, она посмотрела на дедушку, слегка склонила голову, а затем выпрямившись добавила:  

— Извиняюсь за то, что могла напугать криком.",samin__,1510998331390951444
"2026-06-02,01:16:17",ktoia,#0,"— Данте —

Данте был зол на всю эту ситуацию, да и собственно на весь день, который сегодня случился. Где же он так согрешил, чтобы вляпаться в это дерьмо? И как он будет из него вылезать? Ужин... ужин... дерьмооо..... а потом Павлов. С недовольным лицом он твёрдо шагал по поместью и наконец добрался до покоев. Зайдя как к себе домой, парнишка с силой захлопнул дверь. И тут а.... **че?**

Он уставился на Джиллиану, похлопал глазами, оглядел комнату и понял: он ошибся дверью и крылом. Херово вышло. Постояв на месте, парень прикидывал, как начать диалог, но кажется, сестра заговорила первой.

— Оу... сестрица... невероятно…

Запнулся, осознавая, что этого ему ещё не хватало. 

— Перепутал дверь. Что ж... м-м-м.... я пойду.

Мальчишка развернулся в пол-оборота, собираясь побыстрее свалить. Ещё только слухов не хватало, что он заходит в комнаты к сёстрам.",samin__,1511079709923082262
"2026-06-02,15:32:47",samin__,#0,"|-----------------------------------------------------------------------------|
На удивление тот не попался на глаза вообще никому, спокойно дойдя до помещения, что по видимому и было прачечной. Если так подумать, то в этом поместье было крайне мало прислуги. 4 приставленные к господам, Симон и 3 служанки, за исключением них он вообще никого не видел. Возможно были ещё люди во дворе, но всё равно, не слишком ли мало людей для такого поместья?
|-----------------------------------------------------------------------------|",biok_ymer,1511069625151131648
"2026-06-02,15:39:33",samin__,#0,"— Джиллиана —

Девочка вообще не понимала на кой к ней завалился Данте, однако вспомнив что прямо сейчас происходит в коридоре попыталась остановить того, завязав разговор:

— Постой братец. Я вижу ты выглядишь взволнованным. Быть может твоя ошибка была не случайна? Расскажи что случилось, а я возможно смогу чем-то помочь. Ну или как минимум выслушаю

Отодвинув стул, та привстала, сделав пару шажков в сторону паренька:

— Как ни как мы даже не виделись все эти годы, а это отличная возможность познакомиться, что думаешь?",ktoia,1511131301158195251
"2026-06-02,17:24:20",biok_ymer,#0,"—Эдвард—
|-----------------------------------------------------------------------------|
Зайдя в прачечную, тот снял свою рубашку и взяв свободный деревянный таз, налил в того воды, а после по старинке стал замачивать и застировать рубашку, тратя на это неопределенное время.
|-----------------------------------------------------------------------------|",samin__,1511346844846915685
"2026-06-02,19:46:11",ktoia,#0,"— Данте —  

Увы, Данте не отпустили. Конечно же, из-за его обворожительности - ведь других идей, почему его остановили, у него не было. Уже потянувшись к дверной ручке, парнишка остановился, а затем развернулся к сестре. Придётся разговаривать..  

Выслушав девушку, он коротко кивнул, повел по ней взглядом и ответил:  

— Прямо так заметно? Что ж.  

Он прочистил горло и отошёл от двери.  

— Кхм. Звучит здраво. Тогда... как прошёл твой день?  

Данте не хотел начинать со своих проблем.",samin__,1511348547138883654
"2026-06-03,11:16:35",samin__,#0,"— Джиллиана —

Девушка чуть выдохнула, когда тот отошёл от двери. Как ни как не хотелось чтобы лишние глаза видели то, что там происходит. В этот раз повезло что Эдвард не попался на глаза

Отходя вглубь комнаты, та вновь села за стол, приглашая жестом Данте, сесть на против неё, попутно закрывая книгу, чтобы тот не увидел её содержимого. Слушая вопрос, та покивала головой, отвечая:

— Не каждый знатный человек будет входить в покои леди без стука. Разумеется если на то нет везкой причины, да и лицо у тебя доказывает, что ты чем-то раздосадован

— Что до меня. Хм... у меня всё прекрастно. Уже пришла в себя после долгой дороги, познакомилась со слугой, обошла поместье... ах и разумеется проиграла в показательной дуэли. Как-то так мой день и прошёл

Договорив, девушка повернулась, устремив взгляд в окно, слушая ответ горе-братца",ktoia,1511410617729155224
"2026-06-03,11:23:39",samin__,#0,"— Баров —

Старик уж было начал подниматься, с помощью <@&1503425579687477329> , однако услышав что тот новый местный лорд, так ещё и пониженный, опять упал на колени, отвечая тому:

— Благодарю за честь, господин Корги! Меня это... Баровом звать извольте. Яж это, не знал что ваш светлось приедет. Да и никто не знал. У нас ж лорда отродясь не было, скок себя помню как-то сами жили

/Поднял взгляд на <@&1503427050214785066>/

— Ничаго-ничаго внучка, яж для этого тут и живу. КХЕМ! Прожив... КХЕМ-КХЕМ! Приглядываю я тут. Да...",ktoia,1511093311656562890
"2026-06-03,13:04:55",ktoia,#0,"— Данте —

Данте не было особого дела до того, что она читает, поэтому он спокойно присел напротив девушки за стол. Что ж... Может выговорится не так уж и плохо? Всё-таки они в каком-то роде одинаковы по статусу, а значит, она сможет понять его негодование по поводу этого дня.

Парнишка пропустил первые слова ведь он уже сказал, что ошибся. Что до ответа, он недолго помолчал, а затем ответил:

— Хм... Что ж, видимо, я единственный, кого обделили спокойствием сегодня. Что начало дня, что сейчас...

— Получается, господин Павлов уже за вами заходил? /парнишка слегка отвёл взгляд./ Неожиданная встреча, не правда ли?",samin__,1511644759238770749
"2026-06-03,16:46:49",biok_ymer,#0,"—Альберт Дарси—
|-----------------------------------------------------------------------------|
Непонимая отчего мужик снова упал, поднял его сам ставя на ноги, а после выслушав того понимающе кивнул, говоря:
<@478922861554302997> 
|-----------------------------------------------------------------------------|

—Я предпологал, что это место на полном самообеспечении, однако не думал, что прошлый лорд даже не удосужился подглядывать за вами... Вообщем, теперь я ваш новый лорд и хотел бы помочь вам жить ещё лучше, чем прежде. Однако у сожалению я не разбираюсь в построении деревень, ведь я солдат, отчего ваша помощь мне была бы очень кстати господин Баров.

|-----------------------------------------------------------------------------|",samin__,1511646535501349045
"2026-06-04,14:12:48",samin__,#0,"— Джиллиана —

Девочка смекнув от чего братец столь хмурен, продолжая поддерживать разговор ответила:

— Да... признаться я ожидала что господин Павлов Баскервиль прибудет значительно позже. Однако это не столь большая проблема, учитывая что достаточно было просто показать ему, что в службе у нас интереса нет, да и в целом не запоминаться

Уводя разговор в сторону, девочка начала отбивать ритм, стуча по столу:

— Как жаль. Господин Павлов пытается найти приемника, но... никак не может этого сделать. Он самый сильный человек на западе, а быть может и в мире, однако лишён того, кто унаследует его идеалы... жаль-жаль-жаль. Ну, будем надеяться это вскоре решится",ktoia,1511672022801973338
"2026-06-04,14:23:22",samin__,#0,"|-----------------------------------------------------------------------------|
Проведя в прачечной достаточно много времени, чтобы привести себя и мысли в порядок, парень наконец вышел от туда, попадая в один из многочисленных коридоров, выходя прямо перед Симоном, что с крайне недовольным видом шагал в сторону от него. Услышав звук открывающейся двери, тот обернулся с прищуром смотря на <@&1503426171604570333> , разворачиваясь и ступая к нему. Остановившись в паре шагов, тот заговорил:

— Эдвард, о делах что могут занять продолжительное время, принято уведомлять, чтобы в случае нужды тебя можно было найти. Собственно такой случай и произошёл. В данный момент я опрашиваю господ и прислугу о том, что произошло в северном крыле и искал тебя, чтобы выслушать твою историю

Тут лицо мужчины помрачнело и тот сказал более заносчиво и строго:

— Этикет гласит, что слуге не позволено свидетельствовать против своего господина, однако уведомляю, что если ты соврёшь, в этот раз это будет считаться ложью главной ветви, за что предусмотрено **самое** суровое наказания. Чтож... раз я уведомил тебя об этом... слушаю
|-----------------------------------------------------------------------------|",biok_ymer,1511374919412482201
"2026-06-04,16:15:59",ktoia,#0,"— Данте —

Выслушав сестрицу парнишка напрягся... Неа, он и не думал о том что тот хоть в какой то мере связан с поиском приемника, он понял другое - Данте естественно запомнился господину Павлову.... А с какой стороны? ПЛОХОЙ!

Тяжело вздохнув и наведя взгляд обратно на  Джилли, парнишка продолжил:

— Вот оно как... Значит я один из немногих кто не знал об этом визите даже теоретически, наводит на дурные мысли.... Все таки я из-за этого допустил некоторое количество **малюсеньких** ошибок из-за которых господин Павлов меня точно запомнил, ибо тогда не звал бы меня после ужина.....

Напряжённо скрестил руки, добавил через зубы:

— и чтож делать....",samin__,1512051493375840358
"2026-06-04,18:44:47",biok_ymer,#0,"—Эдвард—
|-----------------------------------------------------------------------------|
Закончив приводить одежку в порядок, тот налепил её на себя, предпочитая той подсохнуть не ней. А после на удивление встретив взволновано Симона чуть поклонился, а после выслушав его думал без зазрения совести соврать, однако услышав о последствиях взглотнул, отведя взгляд в сторону и говоря:
|-----------------------------------------------------------------------------|

—О чём именно вы хотите узнать? Меня отправили привести себя в порядок по приказу господина Данте, отчего я весьма долгое время был раздельно от него.

|-----------------------------------------------------------------------------|",samin__,1512054150299390053
"2026-06-05,11:32:13",samin__,#0,"— Симон —

Сделав шаг назад, мужчина выдохнул, явно сам взволнованный ситуацией, а после почти спокойно сказал:

— Случай со служанкой господина Джошуа, а вернее что к этому привело и что случилось на самом деле

Мужчина чуть сбавил темп, занеся руки за спину, сомкнув их в замок на пояснице, явно и сам недовольный этим разговором",biok_ymer,1512119939446607902
"2026-06-05,11:41:47",samin__,#0,"— Джиллиана —

Девушка еле как сдерживая смех лишь хитро прикрыла глаза, отвечая своему братцу:

— Запомнился? Ох, это может быть отличной возможностью, однако вижу что тебе это претит. Хм... ну не думаю что он будет заставлять делать что-то насильно. Просто откажись от его предложения и дело с концом

/Подняла руку, незатейливо коснувшись пальчиком подбородка/
— Вероятно это поставит крест на службе как таковой, однако вижу тебе это и не нужно, так в чём проблема?

Девочка не понимала серьёзности ситуации",ktoia,1512082493157670972
"2026-06-05,13:34:37",ktoia,#0,"— Данте —

Она ОПРЕДЕЛЕННО не понимала как Данте запомнился Павлову... От усмешки Данте ещё больше выпал в осадок... Нет, она не выслушает... Его никто не поймет.

Разочарованно вздохнув парнишка положил руки на стол и уперевшись локтями ответил:

— Нет.... Нет-нет-нет Сестрица. Господин Павлов меня запомнил совершенно не из-за навыков меча, да правда, я победил эту.. Су... Кхм. Братца Джошуа. Но... Он запомнил меня за ситуацию перед дуэлью... Плохую ситуацию, которая определенно меня показала с плохой стороны.

Данте опустил голову.

— Ах. Ну надо было этой нести чай...",samin__,1512375875881140376
"2026-06-05,17:33:57",samin__,#0,"— Джиллиана —

Слушая паренька, девочка вообще запуталась. Что он такого натворил, что она об этом не знала? Что за чай и... почему он назвал своего брата сук... кхм... не важно

Слабо понимая что вообще происходит и достаточно потянув время, девушка ответила прислонившись к спинке стула, скрестив руки перед собой:

— Тогда просто признай неправоту. Господин Равлов аристократ в самом возвышенном смысле этого слова, так что уж хуже точно не будет. Если разумеется ты ошибся. Главное не наломай больше дров

— Хотя мы и дети, но Павлов ещë до нашего рождения казнил аристократов, так что едва ли твой проступок его удивит. Расслабься, что он сделать то может, не убил же ты кого",ktoia,1512404270756921444
"2026-06-05,18:32:08",ktoia,#0,"— Данте — 
 
...Ладно. Хорошо. Слова Джиллианы успокоили Данте и он немного помолчав, сказал:  

— Что ж… Наверное, ты права. Всё таки я никого не убивал. ||ведь меня остановили||

Он опустил локти со стола и чуть расслабил плечи.

— Признание неправоты - отличный выход из этой ситуации. Не будет же господин Павлов кататся по мне... хе... кхм... да...  

Он убрал появившуюся было ухмылку и продолжил уже серьёзнее:

— Спасибо за разговор. Действительно помогло.",samin__,1512464502308864182
"2026-06-05,19:00:54",biok_ymer,#0,"—Эдвард—
|-----------------------------------------------------------------------------|
Понятно, значит дом уже все прознал. И тут стоял у парня вопрос, прекрывать ли подобие господина или нет. Парень задумчиво поводов взглядом по коридору, в итоге вернул взгляд на дворецкого, говоря:
|-----------------------------------------------------------------------------|

—Значит вас интересует как господин Данте избил Мари в приступе гнева? Я незнаю начала этой ситуации, но застал её развязку. Он тянул бедную девушку за волосы, называл грязью и всячески измывался над её положением. После же моего присутствия, тот хотел переключиться на меня, однако тогда вмешался господин Джощую, что уже врезал мне, после чего я долгое время проволялся непонимая, что происходит, однако мне дали приказ привести себя в порядок и этим я и занялся.

/Закончив спокойно сдавать всех с потоками, тот лишь лениво поправил воротник, будто в этом рассказе не было ничего удивительного./

|-----------------------------------------------------------------------------|",samin__,1512373466936901652
"2026-06-08,11:13:13",samin__,#0,"— Баров —

Дед не понял от чего тело стало таким же лёгким как в молодости, однако когда того вновь поставили на ноги, тяжесть лет вернулась. Слушая нового ""лорда"", тот ответил:

— Так а чагось. Мы тут живём себе спокойно, вдалеке от всякого нечистого. Знай себе только картоху рубай и вуз не дуй. Будуж вам быть полезным ваш благородие

Кивнув самому себе, дед поплёлся на кухню, отодвигая стул и... сам же на него сел:

— Выж это. С дороги небось устали. Вы садитесь-садитесь. Иль уже отходить жалаете?

||<@&1503427050214785066> ||",biok_ymer,1511727865702387905
"2026-06-08,11:17:51",samin__,#0,"— Джиллиана —

Увидив плод своих стараний, девочка улыбнулась, кивая на слова братца та улыбнулась, отвечая тому:

— Не за что братец. Для этого и нужны кровные узы. Я тоже насладилась этим разговором

Встав со стула, та подошла к окну, уставившись в него, дополняя:

— В таком случае не задерживаю, если выживешь буду ждать следующей беседы~

Сказав это, та повернулась к Данте лицом, на котором сияла ухмылка, коей позавидовал бы сам парнишка в своём лучшем состоянии",ktoia,1512479145177907240
"2026-06-08,11:26:33",samin__,#0,"— Симон —

Мужчина слушал ребёнка с невозмутимым видом, как будто в его рассказе не было ничего удивительного. По его завершению, дворецкий достал из кармана платок, взяв им монокль, что понемногу пытался вывалиться от услышанного и стал тот протирать, время от времени смотря на его прозрачность под лучами солнца:

— Чтож, ты развеял мои сомнения. Это так или иначе должно было произойти, однако я не думал что именно в первый день вашего пребывания в этих стенах. Чтож, это не столь плохо. Мари ожидаемо соврала, но об этом я пожалуй тоже умолчу в отчёте

Закончив говорить мысли в слух, мужчина вновь зажал монокль веком и чуть запрокинув голову, убрал платок обратно:

— Вернёшься к своему господину после ужина. Джоси оповестит Данте об этом решении, а пока что можешь освоиться

Договорив, мужчина развернулся и вновь пошёл по своим делам, видимо докладывать о ситуации кому постарше",biok_ymer,1512486383510487061
"2026-06-08,12:33:02",ktoia,#0,"— Данте —  

Данте поднялся со стула, поправил воротник и коротко кивнул сестре.  

— Что ж... тогда я пойду сестрица.... Не пропаду.

Выйдя в коридор, Данте прикрыл за собой дверь и выдохнул. Разговор помог, но осадок всё равно остался. Сделав несколько шагов вперед проговорил:

— Ужин... Павлов... м.....

Время действительно наверное уже подходило. Пора было собираться с мыслями и готовиться ко второй встрече.  

Он зашагал по коридору, стараясь не думать о том, что будет, если он проебется.

||Мб если на ужине ничего не будет, то скип? и сразу к Паше?||",samin__,1513457016495018075
"2026-06-08,13:25:50",biok_ymer,#0,"—Эдвард—
|-----------------------------------------------------------------------------|
И снова отсрочка от прихода к Данте и что спрашивается теперь делать маньяку с клинком? Парень проводил взглядом по комнате, а после со скукой направился обратно к помещению с слугами, где раньше был рон. Видно тот решил при возможности обучиться готовки, однако свезет ли ему кого-то там встретить, вопрос оставался открытым...
|-----------------------------------------------------------------------------|",samin__,1513459207976779886
"2026-06-08,13:34:18",biok_ymer,#0,"—Альберт Дарси—
|-----------------------------------------------------------------------------|
Следуя за мужчиной, воевода с интересом продолжал разглядывать поместье, видно запоминая его строения, говоря:
<@&1503427050214785066> 
|-----------------------------------------------------------------------------|

—Спасибо за беспокойство сэр Баров, однако перед тем как отлучиться отдохнуть, я хотел бы узнать о нынешнем положении дел. Я уже видел, что земли выглядят аккурат под автономию, однако я также слышал слухи о проблемам с ближайшим лесом, быть может вы знаете поподробнее, в чем же с ним проблема? Все же если там завелась какая животина, я как бывший солдат быть может смогу с ней справиться, да и заодно смогу наладить связи с местными, отчего был бы рад услышать поподробнее. А после вы если вам не составит труда могли бы показать свободные комнаты, чтобы скоротать время до завтра.

/После сказанного мужчина также присел за свободный стул и чуть подумав все же встал с места, отодвигая стул для <@&1503427050214785066> , говоря:/
-Да и хотелось бы найти не только себе занятие, но и мисс Риот, отчего ваша мнение будет весьма актуально. Вряд-ли у вас есть проблемы ""механического"" масштаба, отчего девушка может помочь нам как ассистент и прислуга, убираться и готовки она не обучена, однако заверила меня в быстрой обучаемость, отчего может в будущем нам с этим помочь в этом месте, немного облегчая как ваш быт, так и мой, верно мисс Риот?

/После сказанного, тот посмотрел на девушку, видно интересуясь её мнением. Он точно был аристократом? Для такого статуса он был уж больно...сговорчивым?/

|-----------------------------------------------------------------------------|",samin__,1513455851891855370
"2026-06-08,14:31:58",ktoia,#0,"— Элла Риот —  

Не то чтобы сговорчивым - он был чрезвычайно и слишком интеллигентным. Честно сказать, таких аристократов девушка видела впервые. Ей определённо приходилось сталкиваться с ними за свою жизнь, но не так много, чтобы понять: аристократы - те ещё себе на уме. А этот... а все военные аристократы такие?  

Посмотрев, как ей уступает стул сам АРИСТОКРАТ, Элла покосилась на него, чувствуя какой-то подвох, но не вычислив его, решила кивнуть и присесть.  

Тут же заговорили о её работе. Да, деревенька дряхлая, старая, никому не нужная. Тут наверняка даже читать никто не умеет. Пф... и где бы ситуация была хуже? В прошлом месте она бы определённо сгнила, а тут есть хотя бы выход из положения.  

Перестав слушать и думать, девушка ответила:  

— Верно говорите, господин Дарси... Я не боюсь работы. И учусь быстро.  

Элла посмотрела на старика, потом снова на Альберта.  

— А убирать и готовить.. и так далее... ну, мемх.... научусь. В конце концов, не боги горшки обжигают.

||<@478922861554302997>||","biok_ymer, samin__",1513491355895201812
"2026-06-10,21:39:55",samin__,#0,"|------------------------------------------------------------------|

Как только парнишка выщел из комнаты своей сесты, тот встретился с Джоси, что стояла прямо перед ней, неслабо его напугав. Не дожидаясь его воплей, та невозмутимо произнесла:

— Господин Симон просил увидомить вас, что ваш слуга будет отсутствовать до окончания ужина, работая на благо поместья

Так-же не дозидаясь ответа, та поклонилась и удалилась без каких либо лишних слов, оставляя Данте в полном непонимании

Остаток дня прошëл без проишествий. Скука в своей комнате, ужин на котором разве что то и дело мелькал недоброжелательный взгляд Джошуа и Арии и наконец парня привели прямо к двери в дальнем крыле первого этажа

Встав перед ней Симон сказал наевшемуся Данте:

— Многоуважаемый Баскервиль уже знает что произошло, от чего моë присутствие там не требуется, за сим, откланиюсь

Договорив, мужчина развернулся и ушëл оставляя парня наедине с обычной, но такой страшной дверью

|| Да, думаю лучше скип ||

|------------------------------------------------------------------|",ktoia,1513475935830151269
"2026-06-10,21:52:46",samin__,#0,"|| Ебаный сука d20 ||

|-----------------------------------------------------------------|
Зайдя на кухню, парень не увидел не Рона, не служанок. Там было бы абсолютно пусто, если бы не шуршание за одной из стоек. Судя по всему там и вправду кто-то копошится не замечая прихода нового человека
|-----------------------------------------------------------------|",biok_ymer,1513489225511866561
"2026-06-10,22:03:09",samin__,#0,"— Баров —

Слушая <@&1503425579687477329> и <@&1503427050214785066> , дед чутка призадумался, а не надувают ли его? Однако откинув эту мысль, ведь с ней могла отлететь и его голова, тот принялся отвечать:

— Нус, что до барышни, работка то всегда найдëтся. Ну думаю что девка в примудростях разбирается, но вот кашиварить, так это за милую душу

— Что до леса то? Ох... да нечистый он. Того и гляди дети пропадают, скот какой забредëт так и не возвращается. А хто туда ступит, тот и умирает  на кануне. Вот и не ходим мы туда, и хорошо всë. Яж сколько себя помню, столько его стороной о обходим. Не знаю, толи животина какая свирепая, толи духи какие. /Махнул рукой/ Да и знать не хочу",ktoia,1513505867150917653
"2026-06-10,22:22:40",ktoia,#0,"— Данте —  

Данте вышел от сестры и тут же нос к носу столкнулся с Джоси. Вопль застрял в горле - он лишь дёрнулся, но девушка, не обратив на это внимания, сухо отрапортовала про слугу и так же внезапно исчезла.  

Остаток дня тянулся медленно. В своей комнате Данте метался от стены к стене, пытаясь унять дрожь в руках. На ужин он почти не смотрел - ковырял вилкой еду, не чувствуя вкуса. Перед смертью не наешься.....  

Взгляд Джошуа и Арии он игнорировал, хотя каждый раз, когда встречался с Джошуа, хотелось смачно кинуть в его тупую рожу тарелку. Ария же... а чего она на него смотрит? Ну да, Данте хорош собой и он её понимает - не мудрено втюриться. Вот только на трупе жениться сложновато, но зато труп красивый, МОЙ! Кхм... Видимо, слова сестрёнки не сильно помогли.  

И вот теперь он стоял перед дверью в дальнем крыле. Обычная дверь... Но для него она казалась неподъёмной - будто за ней была не комната, а пропасть. Очевидно, Симон всё рассказал, поэтому никакой толковой реакции на него не будет.  

Данте сглотнул, поправил концы белоснежной рубашки, собрал волю в кулак и к сожалению шагнул вперёд. Бросив шёпотом напоследок:  

-# — Чёрт с ним.  

Зайдя в комнату, парнишка слегка наклонил голову, но поняв что молчать здесь не надо, сказал:  

— Господин Павлов, я.. я прибыл.",samin__,1514338340139434145
"2026-06-10,23:38:25",biok_ymer,#0,"—Альберт Дарси—
|-----------------------------------------------------------------------------|
Мужчина же по генеральски убрав руки за спину слышал рассказ мужика, а после кивнул себе на идею, сказал:
|-----------------------------------------------------------------------------|

—Что же, понял, значит самому придется проведать этот ""проклятый"" лесок.  А что сейчас, мне кажется поздновато строить какие-то планы, есть ли у вас свободные комнаты для нас? Думаю стоит перенести нашу планы уже на завтрашний день и дабы вы не беспокоились...

/Мужчина достал из куртки своё письмо, а после протянув мужику, сказал:/
-Там есть подтверждения моей личности и приказ, по перенаправление сюда, отчего у вас будет подтверждение меня. Насчёт неё подтверждений личности никаких нет, очтего верьте на слова.

/Договорив, мужчина подождав пока мужик прочтет письмо забрал бы его обратно, а после стал осматриваться, Ищя взглядом видно свободный стул для сна.../ 

|-----------------------------------------------------------------------------|",samin__,1514344189545156849
"2026-06-11,01:50:32",ktoia,#0,"— Элла Риот —

Элла слушала старика и всё больше хмурилась. И не только из-за того, что её заставят готовить. Нет, конечно это наверное не сложно - она и не такое умеет, но... Ме... ладно, придётся. Помимо готовки и работы по дому, её встревожил какой то лес, где пропадают люди и скот, куда лучше не соваться. Значит через лес если что уйти не вариант... хотя тут такая даль что любой лес это смерть.

Она перевела взгляд на Альберта, когда он заговорил о том, что сам пойдёт туда.

— А может, вам не стоит все таки идти в этот лес?

Элла отвела взгляд в сторону, потом снова посмотрела на него.

— Я не говорю, что вы не справитесь. Вы военный, у вас опыт, все такое.... Но если там такая... дрянь, что даже местные боятся столько времени, может ну... не надо??? а?",biok_ymer,1514368161892401202
"2026-06-11,02:31:44",biok_ymer,#0,"—Эдвард—
|-----------------------------------------------------------------------------|
Не долго думая тот подошёл к стеллажу, смотря, кто же там так копошился.
|-----------------------------------------------------------------------------|",samin__,1514341576233455616
"2026-06-11,11:28:30",samin__,#0,"— Павлов Баскервиль —

Зайдя в комнату, парня встретила весьма удручающая атмосфера. Простенькая по меркам его покоев гостевая комнатка, которая хоть и была достойна аристократа, но уж точно не такого ранга. Зашторенные окна не давали лунному свету пройти внутрь, а свет издавала лишь лампа, стоящая на столе. Павлов сидел за столом ожидая визита, его нахмуренность дала понять что разговор будет весьма тяжёлым, нет не для него, а для Данте

Лишь указав на стул на против себя, тот слегка откололся назад не произнося ни слова",ktoia,1514349098684383243
"2026-06-11,11:50:15",samin__,#0,"— Баров —

Дед так и продолжал сидеть не вдупляя о чём бормочат ""гости"". Однако тому протянули бумагу, которую тот принялся читать. Ну удивление он даже был обучен грамоте, что высоко ценилось в деревнях подобных этой. Отклонившись так, чтобы свет падал на бумагу, старик стал с прищуром оглядывать содержимое, попутно в пол уха слушая разговор. Дочитав до определённого момента, тот вылупился на <@&1503425579687477329> на столько, что его глаза даже проступили через густые брови. Вскочив со стула, тот упал на пол, вцепившись в ноги <@&1503425579687477329> , начиная громко причитать:

— Ваш благородье, ваш благородье! Ненадобно вам туда. Служка дело говорит. Местаж те нечистые, давайтеж я вас в покои то и проведу. Выж верно устали, вон, уже пургу мелите с усталости

||<@&1503427050214785066> ||",ktoia,1514401411616604290
"2026-06-11,11:53:44",ktoia,#0,"— Данте —

Данте вошёл и воздух в комнате будто стал тяжелее. Он сразу заметил эту давящую простоту. И Павлов.... Хмурый, неподвижный, как скала.

Парень молча опустил сначала взгляд на стул, а потом сам на него опустился, стараясь держать спину ровно. Он не оправдывался и не собирался начинать разговор - просто сидел и ждал, глядя на Павлова, положив  руки на колени, сцепив пальцы. Он понимал, что оправдываться без причины - только хуже. Лучше молчать и слушать. А там - будь что будет.... Может как нибудь удастся сбавить обороты проблемы....",samin__,1514546859090247840
"2026-06-11,11:54:28",samin__,#0,"|-----------------------------------------------------------------------------|
Копошение продолжалось ровно до того момента, пока <@&1503426171604570333> не приблизился достаточно близко и не увидел беловолосую фигуру, что копошилась в тумбе. Услышав шаги, причина шума дёрнулась, ударившись головой о тумбу, начиная привставать:

— Тс... ай-ай-ай, ну кто там ещё то?
|-----------------------------------------------------------------------------|",biok_ymer,1514411778270826546
"2026-06-11,12:05:19",samin__,#0,"— Павлов Баскервиль —

Павлов сидел неподвижно, лишь изредка медленно моргая. Как только парень сел, тот немного наклонился, ставя локти на стол, что кажется хотел ломаться под его весом. Сцепив пальцы между собой, тот поднёс их к лицу, прикрывая тем самым рот, оставляя лишь алые глаза

И вот, **молчание** начало давить. Тот только смотрел, ничего не говоря, даже пытаясь не выдавать собственного дыхания, лишь сверля парня взглядом",ktoia,1514553210201833553
"2026-06-11,12:28:21",ktoia,#0,"— Данте —

Данте выдержал взгляд Павлова, но с каждой секундой это становилось всё труднее. Тишина давила, как бетонная плита. Он чувствовал как спина чуть холодеет, но не шевелился, пальцы сцепленные на коленях чуть побелели от напряжения.

> Что он делает? ЧТО ТЕБЕ НАДО????

Данте сглотнул, но промолчал. Говорить первым было бы ошибкой. Он просто сидел и смотрел на алые глаза, стараясь не моргать и не показывать страх, который все таки просачивался... Уж больно грозный мужик когда молчит... УГРОЖАЮЩЕ.

> Если он хотел просто наказать, уже бы сказал. Значит, ждёт чего-то другого. Может, раскаяния? Та ну... Нет, не будет его, не в этой жизни.... Но я в следующую пока не собираюсь!!!

Данте чуть прикусил губу изнутри, но не опустил взгляд. Он решил: сколько бы ни длилось это молчание, он не начнет первый.",samin__,1514556127042338836
"2026-06-11,12:38:23",samin__,#0,"— Павлов Баскервиль —

Мужчина лишь продолжал молчать и моргать. Сколько же это может продлиться? А возможно ли что они так и просидят до утра. Учитывая упорство Данте - вполне возможно, но неужели тот думает что сможет заставить Павлова отступить?",ktoia,1514561920903151708
"2026-06-11,13:18:21",ktoia,#0,"— Данте —

Данте сидел, не шевелясь, но внутри всё дрожало. ""Уверенность"" ||коей не было|| с которой он вошёл в комнату, таяла с каждой секундой. 

> Издевается? Ну сколько можно?..

Не начинать первым.... Не сейчас. Ещё немного. Посидим... Но спустя немного тишина вовсе стала невыносимой. Спина затекла, а в голове закончились мысли.

Данте почувствовал, как по виску скатилась капля пота. Он не вытер её. Только сжал зубы и продолжил смотреть в эти алые глаза, надеясь, что Павлов заговорит первым. Или что земля разверзнется. Или что его хватит удар. Что угодно, лишь бы не сидеть вот так, в этой давящей, жуткой тишине.

Он не сдавался. Но с каждой секундой это становилось всё труднее.

||Я в рот ебал генерировать на телефоне||",samin__,1514564449338658829
"2026-06-11,13:34:17",samin__,#0,"— Павлов Баскервиль —

Поняв что это может затянуться, мужчина кивнул, немного приподняв брови и отколонившись, прислонился спиной к стулу, что скрипнул от такой нагрузки. Не обращая внимания, тот лишь положил руки на подлокотники, а правой стал постукивать по столу, используя указательный палец, совершенно не меняясь в лице, однако всё-же нарушая тишину

||Дальше ничего меняться не будет||",ktoia,1514574507317137418
"2026-06-11,14:26:34",ktoia,#0,"— Данте —

Стук пальца по столу прозвучал как выстрел в тишине. Данте чуть дёрнулся, но быстро постаравшись взял себя в руки. Тишина кончилась. Теперь можно было говорить... Верно же?

Он выдохнул, стараясь унять дрожь в голосе и начал:

— Господин Павлов... вы говорили, что хотите обсудить моё будущее.

Выдержал паузу, собираясь с мыслями. 

— Я слушаю.

Данте смотрел прямо, хотя внутри всё ещё колотилась тревога. Парнишка не собирался поднимать тему связанную с слугой, ибо его звали по другому поводу.",samin__,1514578513712254986
"2026-06-11,17:02:50",biok_ymer,#0,"—Эдвард—
|-----------------------------------------------------------------------------|
Парень не мог понять кто стоял перед ним, отчего чуть опустив голову, видно делая ленивый поклон сказал:
|-----------------------------------------------------------------------------|

—Я Эдворд, один из начинающих слуг этого дома, приставленный к молодому господину Данте, а вы...?

|-----------------------------------------------------------------------------|",samin__,1514553393635524608
"2026-06-11,17:16:52",biok_ymer,#0,"—Альберт Дарси—
|-----------------------------------------------------------------------------|
Воевода с непониманием глянул на дедушку, а после чуть опустившись на карту протянул тому руку, помогая встать, после чего сказал:
<@&1503427050214785066> .
|-----------------------------------------------------------------------------|

—Не переживайте вы так сэр, я не переживаю за своё здоровье, а вот за людей что боятся неизведанного немного все же переживаю. Не волнуйтесь, я попросту завтра схожу на разведку, не буду же я срубать весь лес чтобы опровергнуть слухи. Но все же отложить этот разговор я не зря предложил, ато усталость и вправду берет свое. Прошу, покажите где можно прилечь нам.

|-----------------------------------------------------------------------------|",samin__,1514552335433732227
"2026-06-11,18:30:33",samin__,#0,"— Баров —

Поднявшись, мужчина медленно поплëлся на выход из комнаты, говоря в ответ:

— Конечно-конечно, этож тс... ваши харомы, так что комнат тут не мало

 Пройдя через главный холл, тот направился вглубь, начиная рассказывать:

— Ещë на моей памяти тут жило семейство. Хорошее было, да вот только даже фамилии не вспомню. Правили не правя, во как. С людом за общий стол садились, да и работой не брезговали. Да... хорошие времена были. Хотя и сейчас неплохо. Годок уражайный будет, а тут большего и не надо. Только скот весь мается. Ибо вредители какие? Но это уже пару годков так, поэтому живëм жиднем

Дойдя до дверей, тот толкнул одну из них не смотря в нутрь, а после пройдя пару шагов толкнул следующую, давая тем выбор:

— Нус хозяева, разберайте",biok_ymer,1514634530634600668
"2026-06-11,22:06:35",samin__,#0,"|-----------------------------------------------------------------------------|
Парень начал подниматься держась за затылок, потирая его. Сосредоточив взгляд на Эдварде, тот кивнул, поклонившись в ответ и ответил:

— Лукас, просто Лукас

Говоря это, парень став поправлять китель, что использовал ранее как фартук, осмотрев Эдварда, тот слегка улыбнулся поправляя сползающие очки и дополнил:

— Оу, то есть уже и слуги прибыли? Да... как же быстро летит время. Мимолётно... и я бы сказал даже излишне быстро для моих лет

Хотя парень так и говорил, выглядел тот крайне молодо, так ещё и держался куда грациознее чем Данте или любой из господ, что парень видел до этого
|-----------------------------------------------------------------------------|",biok_ymer,1514630997092864233
"2026-06-12,02:01:12",biok_ymer,#0,"—Эдвард—
|-----------------------------------------------------------------------------|
Посмотря на парня и на манеру общения тот сделал некие выводы в голове, а после спросил:
|-----------------------------------------------------------------------------|

—Прошу прощения за вопрос, а что вы делали на кухне совсем одни. Неужто вы сами что-то готовили?

|-----------------------------------------------------------------------------|",samin__,1514707441420341390
"2026-06-12,02:40:12",biok_ymer,#0,"—Альберт Дарси—
|-----------------------------------------------------------------------------|
Мужчина слушая смотрителя попутно осматриваясь встал у комнат, не долга думая тот выбрал вторую комнату, что явно была поменьше и зайдя внутрь встал у двери, говоря:
<@&1503427050214785066> .
|-----------------------------------------------------------------------------|

—Что же, поработать я тоже не против на общий лад. Все же человек я не умный, однако силой своей подсадить смогу. А вот с заразой нужно будет что-то выдумать, чтобы скот был в порядке... Ну для первого дня неплохо, хотя бы планы на завтра нашлись. Прошу простить, однако я вынужден пойти отдохнуть, отчего не стану вам задерживать.

/Договорив Альберт чуть поклонился, а после аккуратно взялся за дверную ручку, закрывая дверь за собой, а после устала продержавшись взглядом по комнате тот подошёл к кровати и сев за ту посмотрел на дрожащую руку, чуть нервно вздыхая, после чего стал думать о том, что же с ним будет. Он старался не думать о его сложном положении, однако ситуация в котором жизнь что он положил на защиту родины в итоге была выкинула в мусор... Как солдат он не мог воспротивиться приказу, но как человек ему отчего-то стало обидно от этого и тот опустил голову, пытаясь осознать все свои скопленные мысли, по этому поводу./

|-----------------------------------------------------------------------------|",samin__,1514653073253863625
"2026-06-12,11:00:10",samin__,#0,"— Лукас —

Парень медленно кивнул на слова мальчика, отвечая тому:

— Сие действие едва ли можно назвать готовкой, я бы сказал тщетный поиск чая

Улыбнувшись своему же сравнению, тот немного приподнял руку, указывая ладонью на <@&1503426171604570333> , говоря тому:

— Полагаю ты тоже здесь по какому-то делу?",biok_ymer,1514766481999663225
"2026-06-12,12:39:09",ktoia,#0,"— Элла Риот —  

Элла молча прошла следом за стариками, слушая обоих. Да уж, если задуматься, ничего в её жизни особо не поменялось. Она не вступала в диалог - только кивала, разглядывая стены и пыльные узоры на дверях. Когда дед показал на комнаты, она заглянула в обе и естественно думая, что Альберт возьмёт первую, уже открыла рот, чтобы сказать о второй, но... тот уже шагнул в одну из дверей и коротко попрощавшись, закрылся у себя.  

Чего?  

Нет, во многом приятно, но... ну... мм... ладно?  

Элла выдохнула, перевела взгляд на Барова, потом на оставшуюся комнату.  

— Что ж... значит, я здесь. Удивительно... Раз так, то доброй ночи дедуся.  

Девушка зашла в комнату, закрыла за собой дверь и начала осматриваться. Эта была определённо больше второй. Может, Альберт аскет? Это очень странно: бывший Ротвейлер выбрал то, что поменьше. Пу... хотя явно видно, что эта комната как раз и принадлежала бывшим владельцам поместья, либо это гостевая. Мда... В любом случае, ладно - выбор сделал он, значит, девушка не при делах.  

Пройдя к кровати, Элла развернулась к ней спиной и плюхнулась лицом вверх, глядя в потолок. Легкая пыль поднялась и она чуть не чихнула, но всё же сдержалась. Молча поглядев в потолок, начала говорить сама с собой:  

— Ну.... хорошая комната, правда, функциональности поменьше. Хотя я в первый раз в таких больших покоях, может и понравится. Да и всё же Альберт странный для дворянина, как впрочем и весь сегодняшний несчастный день. Чёрт бы этих воришек побрал, благо повезло... Пф... и что я тут делать буду? Ещё служанкой не хватало быть, а по всей видимости придётся. Ах... я же ещё должна была руку Альберта проверить, мх уже видимо завтра...  

Она встала с кровати, снимая верхнюю одежду.  

— Ничего-ничего, хуже может быть всегда. А сейчас... если так прикинуть, не всё так плохо. Главное, чтобы про меня забыли.  

Она улеглась на кровать.  

— Завтра что-нибудь придумается. Главное - не пустить его в лес, а то мало ли.  

||<@478922861554302997>||","biok_ymer, samin__",1514776296486604861
"2026-06-12,13:04:36",biok_ymer,#0,"—Эдвард—
|-----------------------------------------------------------------------------|
Слушая мужчину, тот вновь осмотрел помещение, а после ответил:
|-----------------------------------------------------------------------------|

—Я прибыл попрактиковаться в обучении готовки, однако нашел тут вас. Я не уверен где тут лежит чат, могу вам помочь поискать.

|-----------------------------------------------------------------------------|",samin__,1514902117360336896
"2026-06-13,00:50:15",samin__,#0,"— Лукас —

Парень улыбнулся, отвечая мальчику:

— Был бы признателен, если желаешь могу обучить одной подаче, от которого дворяне без ума. И для неë как раз нужны чайные листья. Что скажешь.

Не дожидаясь ответа, парень оглянулся, рассудив что лучше шкафы оставить на мальца, а самому прочесать антресоли",biok_ymer,1514933432420007987
"2026-06-13,10:53:25",samin__,#0,"— Павлов Баскервиль —

Спустя десяток минут молчания, наконец начался разговор! В кой-то веке! Услышав слова, мужчина перестал стучать по столу, ложа и вторую руку на подлокотник, занимая уже привычную позу. Выдержав небольшую паузу, тот стал размеренно отвечать:

— И как же думаешь, какое бедующее может быть у аристократа, что не понимает тяжести титула, с которым родился? Судя по твоему недавнему молчанию и выражению лица, ты и сам понимаешь что деяния твои были не подстать",ktoia,1514591672774950912
"2026-06-13,11:06:22",samin__,#0,"|-----------------------------------------------------------------------------|
Так двоица и уснула, думая о своём. <@&1503425579687477329> , терзаемый своим нынешним положением и обесцениванием всей жизни и <@&1503427050214785066> терзаемая несостоявшимся бедующем и неясностью завтрашнего дня. Такие разные и такие похожие истории, которые только начинались

Так и наступило утро. С первыми лучами солнца проснулись и петухи, что ознаменовало новое начало дня для деревни. До поместья крик пернатых доносился тише, однако всё равно достаточно чтобы проснуться
|-----------------------------------------------------------------------------|",,
"2026-06-13,11:38:44",ktoia,#0,"— Данте —

Ого! Разговор ну поехали!

Выслушав Павлова Данте слегка попустил плечи, однакось когда речь зашла про молчание и лицу, он выпрямился и попытался скрыть напряжение как умел. После чего, подумав что ему отвечать, начал:

> Нет, не понимаю.

— Да, понимаю. Мои действия были не под стать тому кем я был рожден.  Я... Должен...

> Нет, не должен 

— отвечать за свои дурные поступки... И... Меняться в правильную сторону.

> Я уже тут самый правильный.

— Все же в какой то степени ради этого нас сюда и отправили?...

На этом Данте замолчал. Он говорил все что придумал, но не все о чем думал.",samin__,1515262807132602428
"2026-06-14,07:39:43",biok_ymer,#0,"—Эдвард—
|-----------------------------------------------------------------------------|
Начиная поиски снизу, ведь благодаря своему маленькому росту, он идеально подходил на это, тот выслушал предложения парня, говоря:
|-----------------------------------------------------------------------------|

—Почему бы и нет, лишнего знания не бывает в моем деле. И простите за прямой вопрос, однако вы не похожи на слугу этого места или господ для просмотра, кто же вы, если не секрет?

|-----------------------------------------------------------------------------|",samin__,1515111015631818795
"2026-06-14,07:43:42",biok_ymer,#0,"—Альбер Дарси—
|-----------------------------------------------------------------------------|
Мужчина лениво открыв глаза осознал что проспал больше положенного регламента и стал аккуратно вставать с кровати, попутно осматривая изрядно памяток и израненное тело, выдохнув тот лениво кинул взгляд на свою одежду, что уложил у кровати, а после осмотревшись нашел первую попавшуюся рубаху с кофтанам и напялил на себя, дабы не ходить в армейском. После чего тот доковылял до окна, где открыв занавесы, тот также открыл и окно, впуская свежий воздух дом, после чего принялся методично вдыхать и выдыхать воздух, что в итоге закончилось тем что он окончательно проснувшись принялся разминать тело, а затем стал исполнять лёгкие упражнения согревающие тела во всех местах и разгоняя кровь. Похоже для него начала простая утренняя рутина.(Дам возможность ктоя пока блеснуть)
<@&1503427050214785066> .
|-----------------------------------------------------------------------------|",samin__,1515266068061487135
"2026-06-15,09:09:05",ktoia,#0,"— Элла Риот —

Элла спала поперёк огромной двухспальной кровати. Перина была мягкой, одеяло - пушистым и даже пыль не испортила особо её впечатления. Может, здесь и правда неплохо жить?

Так она думала ровно до того момента, как за окном раздался ПЕТУХ.

— А?!

Элла дёрнулась, запуталась в одеяле и с глухим стуком рухнула на пол.

— Ай...

Она приподняла голову, огляделась, секунду хлопала глазами, вспоминая, где находится, а затем, выбравшись из плена одеяла, кое-как поднялась на ноги, бормоча и попутно поправляя растрепавшиеся волосы.

— Да уж... доброе утро. потравить бы всех.

Она потянулась, зевнула, подошла к окну, щурясь от света, затем вернулась к кровати, чтобы надеть верхнюю одежду. Присев на край, она ещё немного посидела, собираясь с мыслями, потом снова потянулась и наконец вышла в коридор.

Пыльноватый коридор встретил её не сказать чтобы приветливо. Пустовато, много вещей накрыто тканью - видимо, чтобы не скапливалась пыль. М-да... Так себе дедуся следил за порядком.

И что ей тут придется делать? Ужас...

Пошатавшись немного от двери, Элла вспомнила, что вчера так и не посмотрела протез Альберта. Мало ли - отторжение или ещё что. Лучше проверить сейчас, пока он не ушёл... Да и отговорить надо. Думая, что он не спит, девушка подошла к его двери и постучала.

— Мистер Дарси? Вы не спите?",biok_ymer,1515577452821483624
"2026-06-15,20:39:42",samin__,#0,"— Павлов Баскервиль —

Даже слегка смягчившись от слов парня, Павлов выдохнул, отвечая тому:

— Верно, вы тут чтобы вас оценили и  хорошенько ""выдрессировали"" перед ежегодным съездом аристократии, на котором вас и представят. Думаю ты должен понимать что казусы на мероприятии такого уровня недопустимы, тем более со стороны высших слоёв

Приподняв взгляд чуть выше глаз Данте, как будто смотря на его лоб, тот продолжил:

— Сегодняшний инцидент будет замолчан, однако даже не смей забывать о нём. Это твоя ошибка и ты обязан пронести её через свою жизнь

Вернув взгляд на паренька, Павлов кивнул и сказал более давяще чем до этого:

— Это уяснил?",ktoia,1515274210606579814
"2026-06-15,21:01:28",samin__,#0,"— Лукас —

Парень с некой расторопностью прочёсывал стеллажи один за другим с неведанной скоростью. Открыл > загнянул > посмотрел > закрыл. И так по кругу, попутно не забывая отвечать <@&1503426171604570333> :

— Верное замечание Эдвард, однако... хах, я и правда слуга. Только вот не молодых господ, а одного весьма статного аристократа. Сможешь ли по моей одежде понять кому именно?

В этот момент, парень поправил воротник кителя, явно не собираясь заставлять Эдварда спешить, хотя сам и носился по кухне как угорелый

/В этот момент Эдвард и нашёл коробочку со злополучным чаем/",biok_ymer,1515576448885461152
"2026-06-15,22:09:28",ktoia,#0,"— Данте —

Слегка успокоившись, когда Павлов на удивление смягчился, парнишка продолжил глядеть на него и внимать словам.

> Я что, псина, чтобы меня дрессировать? Разумеется я не устрою там никакого шоу. Всё же выход в свет... Хм...

Он кивнул и его пальцы, сцепленные на коленях, чуть расслабились. При упоминании замалчивания брови Данте слегка приподнялись, ведь тот ожидал другого расклада.

> **НАКАЗАНИЯ НЕ БУДЕТ?!** Серьёзно?! Фууууххххх Да, конечно, я не забуду этот казус, господин Павлов! Ведь о нём больше не узнают. У подобного просто не будет свидетелей... Спасибо за наставление.

Он опустил брови обратно, кивнул и продолжил, поддерживая диалог:

— Полностью. Я понял и запомнил свою ошибку.",samin__,1516135124708884551
"2026-06-15,22:37:16",biok_ymer,#0,"—Альберт Дарси—
|-----------------------------------------------------------------------------|
Закончив первый ряд упражнений, мужчина думал приступить уже к более массивным тренировкам начиная уже разминать тело для нескольких подходов отжиманий с приседаниями, однако его остановил стук, отчего тот убрав несколько капель пота со лба подошёл к двери, открыв которую увидил <@&1503427050214785066> и спокойным тоном сказал:
|-----------------------------------------------------------------------------|

—Доброго утра мисс Риот, что вас привело ко мне в столь ранний час? Я сейчас исполнял гвардейскую разминку, отчего не в лучшем состоянии для бесед, но от неё не откажусь.

|-----------------------------------------------------------------------------|",ktoia,1515961325707329608
"2026-06-15,22:39:32",biok_ymer,#0,"—Эдвард—
|-----------------------------------------------------------------------------|
Найдя нужный им обоим чай, тот взял его и аккуратно встав заявил:
|-----------------------------------------------------------------------------|

—Поиски окончены, я нашел его. А что до вас... Я боюсь лишний раз предположить, но смотря на то как вы быстро двигаетесь, успеваете везти аргументированный Диалог при этом не забывая про манеры, смею предположить, что вы прислуга главной ветки Баскервилей?

|-----------------------------------------------------------------------------|",samin__,1516140604021669899
"2026-06-15,23:16:42",ktoia,#0,"— Элла Риот —  

Элла отступила на полшага, когда дверь открылась и постаралась не пялиться на вспотевшего Альберта.

— Да. Доброе утро, господин Дарси. Я... вчера забыла посмотреть ваш протез. Думала, если вы не против, гляну сейчас.

Она отвела взгляд в сторону, добавив:

— И... я не хочу вам конечно мешать. Если вы заняты, могу позже зайти. Просто лучше проверить, чем потом чинить, сами понимаете.",biok_ymer,1516164711941673142
"2026-06-16,01:01:45",biok_ymer,#0,"—Альберт Дарси—
|-----------------------------------------------------------------------------|
Выслушав предложение девушки тот не найдя причин отказывать отступил от двери проходя внутрь, а после расстегнула кофтан вместе с рубашкой оголил вверх, становясь по середине комнаты и вытягивая руку с протезом. Все его тело было весьма подкаченым и выглядело моложе чем на 60-т, сделав все действия, тот сказал:
|-----------------------------------------------------------------------------|

—Нус, не вижу проблем, можешь осмотреть. Я конечно стараюсь не показывать этого, однако он немного ноет, словно как супруг не по размеру. Было бы славно, если он бы стал легче.

|-----------------------------------------------------------------------------|",ktoia,1516174635698487346
"2026-06-16,02:07:31",ktoia,#0,"— Элла Риот —

Элла кивнула, шагнула через порог и сразу же наткнулась взглядом на Альберта - точнее, на его торс. Она на секунду замерла, потом быстро перевела глаза на лицо. Потом снова на торс. Потом опять на лицо. Тело явно не соответствовало его усталому лицу. Подтянутый, с чёткими мышцами - военный, тот кто всю жизнь положил на это... И руку... руку тоже.

Закрыв за собой дверь, девушка подошла чутка ближе, но для начала просто постаралась окинуть визуально только протез, кое-что приметив для себя сказала:

— Ага... терпите значит. кхм. Для начала сядьте на кровать, а то я ростом слегка не вышла, будет не удобно.

Пока Альберт садится Элла окинет задумчивым взглядом комнатку, начиная по той медленно проходится, попутно говоря:

— Ваш выбор мистер Дарси был слегка странным... все таки это комната наверняка принадлежала прислуге или кому еще, но точно не аристократу.

Подойдя к какому-то комоду, девушка без зазрения совести открыла его начиная искать что-то хоть каплю похожее на то что облегчет ей настройку протеза, поперек продолжая говорить:

— Я.. ну... надеюсь вы не против? После прошлых владельца может что-то осталось что поможет. А пока....

Продолжит смотреть каждый ящик в надежде найти хоть что-то.

— Говорите ноет?... Это может быть из-за неправильной посадки. Либо трение, либо вес распределён неправильно... А где вам.. ну... ставили этот протез? Его точно настраивали?

||<@478922861554302997> Я найду хоть что-то или нет?||","biok_ymer, samin__",1516201075185680485
"2026-06-16,04:13:03",biok_ymer,#0,"—Альберт Дарси—
|-----------------------------------------------------------------------------|
Слушая ""Дока"" мужчина присел на кровать и молча следил взглядом по поискам девушки, продолжая держать руку горизонтально. Однако накопив достаточно вопросов, тот все же решил на них попутно ответить:
|-----------------------------------------------------------------------------|

—Так я никогда и не был аристократом. Я всю свою жизнь был воином, а в последствии уже высшим сословием. Ито до своего статуса я шел порядком 15 лет, начиная с простого салаги. Я изначально был рождён простолюдином и сам добился статуса, однако многим это не нравилось, отчего меня и решили отстранить.

/Чуть задумавшись над своей же трактовкой, тот виновато улыбнулся, говоря:/
-Но это простое предположение, вряд-ли кто-то захотел бы попросту избавиться от меня спустя столько лет, думаю кандидат на мою роль был более...подходящим.

/Последний фразу парень сказал скрепя зубами, однако все же проговорив её, тот уставился на протез, чуть сжимая и говоря:/
-Её сделали мне в больнице святой Марии, а именно мастер коего наняли со стороны для установки. Вроде парень был толковый, как-то даже протез глаза высшим веткам делал. Я даже и незнаю за что мне его назначили, однако работу тот сделал быстро и умело, однако вряд-ли надёжно, ведь тот скорее всего торопился с этим и мог некие моменты упустить... Но это лишь мое предположение, сам я думаю он поработал на славу.

/Закончив свою речь тот принялся и дальше послушно ждать, да так, что по нему и не скажешь что рука вообще болит. Может он выдумывает?/

|-----------------------------------------------------------------------------|",ktoia,1516217624642719816
"2026-06-16,11:48:49",samin__,#0,"— Лукас —

Услышав хорошие новости, парень улыбнулся, спокойно и размеренно говоря, попутно носясь по кухне, собирая остальные ингредиенты:

— Отлично! Можешь в таком случае заварить немного чая. Желательно чтобы он был как можно крепче

Взяв миску, тот проверил её чистоту, повернув ту на свет, а после начал затевать тесто:

— Чтож, ты прав. Я слуга господина Павлова Баскервиль, который в данный момент как раз таки беседует с твоим господином. Весьма интересное совпадение, не думаешь?

Договорив, парень уже начал взбивать крем, следя за консистенцией",biok_ymer,1516165282337390712
"2026-06-16,14:03:56",samin__,#0,"— Павлов Баскервиль —

Кивнув на слова парня, тот продолжил:

— Отлично, а теперь поговорим на счёт твоего будущего. Для своего возраста у тебя неплохое владение мечём и хотя противник был не под стать, в пылу сражение соображаешь ты быстро, что важно на поле брани, так что после искупления я готов принять тебя в ученики, разумеется после твоего выхода в свет

Договорив, уголок рта Павлова даже слегка приподнялся, однако на улыбку это всё ещё не было похоже",ktoia,1516157714865324143
"2026-06-16,14:22:23",samin__,#0,"|-----------------------------------------------------------------------------|
В комоде была только пыльная одежда, пристани и пара зеркал

В этот момент Баров что проходил мимо, по скрипучему коридору привычно проходился по поместью, уже забыв что было ночью, вдруг увидел открытую комнату. Заглянув в ту, он напрягся, однако память вернулась к старику и тот было хотел поклониться, однако увидев странную картину, которую ТОЧНО понял правильно, тот попятился назад, говоря:

— Ох... шота зрение подводит. Пойду чтоль воды хоть принесу
|-----------------------------------------------------------------------------|

||<@&1503427050214785066> <@&1503425579687477329> ||",ktoia,1516217624642719816
"2026-06-16,14:41:55",ktoia,#0,"— Данте —

Фух... С этим мы действительно закончили. Ну и замечательно, так... А дальше... Дальше Данте внимал словам Павлова, ему была приятна похвала от такого человека, сам Данте ну очень не любил заниматься этой фигнёй с  мечом, но увы приходилось. То что его хвалят приятно, но мало. Чтож... Когда из уст аристократа произносились слова про ""ученика"" парнишка резко вылетел из своих облаков в настоящее, уставившись на Павлова и хлопая глазами. Да... Конечно Джулиана его предупреждала, но Данте до конца не верил что ему это предложат... Конечно НЕТ, НУ ПРОСТО НЕТ. Плюсы есть, но минусов в сотни раз больше, быть в учениках Павлова... Конечно это без спорно статусно, и наверное хорошее предложение но... О халтуре можно буквально забыть, и спокойствие тоже. Честный ответ Данте естественно был нет, вот только.... А... Ммм... Пу-пу-пу... уф.... А как сказать это в лицо Павлову. КАК ЕМУ ОТКАЗАТЬ? Это просто невозможно... 

Пронеслась мимолётная пауза в которой Данте боролся сам с собой пытаясь отказать, но у него явно это не выходило это из уст. В конечном счёте он выдал как отрезал:

— Согласен......

Поняв что он только что сказал мысленно ударил себя головой об стол, а внешне же слегка при улыбнулся, продолжая говорить.

— Вернее, почту за честь. Я не могу не принять это предложение. Но... Ам... Что вы имеете в виду под искуплением?...

Вот она, главная проблема в жизни и ошибка тоже... Но что за искупление?",samin__,1516397916304965734
"2026-06-16,15:26:40",ktoia,#0,"— Элла Риот —

Слушая ответы девушка все лазила и лазила, постепенно и очень явно разочаровываясь в прошлых владельцах этого поместья. Ну серьёзно!??! Даже банальной отверточки нету??!? Ну хоть маленькую бы оставили. Переставая копашится в ящике она услышала скрип у двери по сему развернулась и увидела деда... Который сразу же как и пришел - ушел... Ну и... Э... Ладно? 

Разочаровано фыркнув девушка обошла кровать и встала перед Дарси, смотря на протез, тихо пробубнев:

— Вам списали значит.

Поняв что сказала в слух подняла глаза на Альберта и заулыбавшись помахала ручками типо ""стоп-стоп"".

— Ой. Извините, не правильно выразилась. Я это... Кхм.. Ам.. протез, во... Да... Точно..

Вернулась к протезу начиная тот осматривать детальнее, помогая себе руками.

— То что это хорошая работа видно, но даже так спешка могла испортить её. Жаль тут ничего из инструментов нету, полностью не смогу настроить. 

Элла сосредоточенно осматривала протез, ощупывая стыки и швы пальцами, пытаясь найти хоть какой-то доступ к внутренностям. Когда она нащупала едва заметный зазор у плечевого крепления, её глаза чуть блеснули.

— Ага... Вот оно.

Она аккуратно поддела край ногтем, и металлическая пластина с лёгким щелчком приоткрылась, открывая вид на внутренние механизмы.

— Ну-ка, посмотрим, что у нас тут.

Всматриваясь в аккуратные ряды шестерёнок и тяг. Девушка нахмурились заметив небольшой люфт в одном из соединений. 

— Мм.. проблема не критичная, но со временем могло бы привести к большему.

Она осторожно подтянула ослабленное крепление, стараясь не повредить соседние детали и окинув последний раз взглядом внутренности высунула моську из руки, фиксируя внимание на <@&1503425579687477329> . 

— Других проблем пока не вижу... Возможно ниже, но без инструментов туда не добраться, да и настроить именно под вас без них не смогу.

Отступив на шажок назад добавила:

— Проверьте.",samin__,1516402557780492339
"2026-06-16,16:56:50",biok_ymer,#0,"—Альберт Дарси—
|-----------------------------------------------------------------------------|
С интересом наблюдая за работой девушки, тот прирчл молчаливое состояние, дабы не мешать работе механику. Как только она что-то сделала, тот немного помохал железной рукой чуть проверяя, а после сказал:
|-----------------------------------------------------------------------------|

—Ноющая боль осталась, однако он стал легче. Предположу что ты ослабила давку, однако проблема поглубже хм...

/Выдохнув тот все же подняв рубашку принялся её одевать, застенчивая, а после и кофтан, говоря:/
-Лучший способ убрать боль, это привыкнуть к ней, что же, думаю нужно позавтракать, а после и с делами определиться. Может у местных есть какой делец, что сможет тебе помочь с твоей работой. Условно кузнец какой, но маловероятно.

/Договорив мужчина закончив одеваться устал с кровати и направился к выходу, видно намериваясь пойти искать кухню. Даже хоть помощь девушки ему и не особо помогла, похоже он не винил ту за это, а даже был благодарен./

|-----------------------------------------------------------------------------|",ktoia,1516418737023221821
"2026-06-16,17:02:00",biok_ymer,#0,"—Эдвард—
|-----------------------------------------------------------------------------|
Удивившись своей же провоте, тот решил пока отвлечься находя тару для нагрева воды, а после найдя печь поставил на неё ту, в кою  подлил воды из бочанки. Закончив с этим тот нашел кремень, при помощи которого распалил печь, позволяя воде начать крепиться(да я незнаю насколько сильный так прогресс технологии и решил сыграть на худшем варианте). Закончив, тот принялся ждать, попутно отвечая:
|-----------------------------------------------------------------------------|

—Я хотел выразить это больше как шутку, однако видно даже в этом вы меня подловили... Значит господин Павлов? Один из трёх наследников главной семьи... Боюсь представить, что его привело сюда в первый же день, однако могу уверить, что мой господин уж точно налипает дров в разговоре с ним.

|-----------------------------------------------------------------------------|",samin__,1516363911123697874
"2026-06-16,20:26:26",ktoia,#0,"— Элла Риот —

Элла услышала его слова и отвела взгляд, когда он начал одеваться.

— Привыкать к боли - не вариант. Боль - это сигнал, что что-то идёт не так. Я подумаю, что можно сделать в теории без инструментов.

Она подождала, пока он закончит одеваться и направилась к выходу следом, затворяя за собой дверь. 

— Мгм... ну-ну может что-то такое тут есть. 

На этом девушка потопала за ним на кухню.

||<@478922861554302997>||","biok_ymer, samin__",1516441429835124788
"2026-06-17,14:04:09",samin__,#0,"||Да, такое развитие у них и есть||

— Лукас —

Парень немного улыбнулся, явно ожидая подобной реакции. Чуть замедлившись, тот сказал:

— А ты посмотрю высокого мнения о своём господине. Хах, но не переживай, у слуг как правило свои правила в отличии от господ, так что сделаю вид что этого не слышал. Признаться по началу я тоже недолюбливал свою судьбу, но сейчас чувствую что стою на своём месте

— И да, думаю господин даст ему наломать дров. Учитывая его характер так и будет...",biok_ymer,1516442727015776356
"2026-06-17,14:45:12",samin__,#0,"— Павлов Баскервиль —

Мужчина спокойно и размеренно начал говорить, как будто зачитывал всё строго по инструкции, которую скорее всего сам и написал:

— Разумеется работа. То что этот случай не выйдет за эти стены не отстраняет тебя от ответственности. Перед аристократом ты должен был принести извинения и выплатить некую сумму, но служка - простолюдинка, от чего меру пресечения назначаю я

— Принимая то что ты признал ошибку, смягчает приговор, однако то что ты пытался соврать Симону, что действовал от моего лица, говорит о том, что ты пытался обмануть меня, а это уже большой минус для тебя, но перед оглашением я бы хотел услышать твоё предложение

Мужчина приподнял руку, передавая слово Данте, говоря тому:

— Как думаешь, какого наказания ты достоин?

Атмосферка сменилась, его обвиняли скорее не за избиение, а из-за того что тот пытался соврать аристократу, что был выше по статусу. А сами слова Павлова походили на... требунальный суд? Быстрый и без лишних слов",ktoia,1516407475392348210
"2026-06-17,15:45:34",samin__,#0,"— Баров —

Так двоица и потопала на кухню, надеюсь догадавшись спросить про инструменты и ремесленника у ""местного старика"", что точно знает всё что тут творится. Зайдя на кухню, там уже стояли тарелки с явно фиговой кашей непонятно из чего, но пахло и выглядело оно не очень, однако всё ещё лучше армейской перловки

Тот ещё не заметил что находится в помещении не один раскладывая подстывшую кашицу по тарелкам, бормоча себе под нос:

— Ну шож творится... жили-жили и вот пожили. Не хватало ещё чтобы хто-то в лесу подох...

||<@&1503425579687477329> <@&1503427050214785066> ||",,
"2026-06-17,20:35:38",ktoia,#0,"— Данте —

А... работа. НУ НЕТ. Не стоило про это спрашивать. Где он тут был НЕ ПРАВ? В каком месте?! И... а... обманул. Пф... Ну не сказал бы, что обманул. Скорее приукрасил, недоговорил и объяснил слишком образно. Но это ни в коем случае не обман.

Данте вздохнул, помолчал несколько десятков секунд, прежде чем ответить настолько образно, насколько это вообще возможно:

— Я не знаю, что вы считаете правильным наказанием, господин Павлов. Но если я могу предложить, то... Я мог бы принять на себя какие-то обязанности?

Мда. Ну это пожалуй хоть что-то, ибо промолчать было бы так себе. Чтож, давай приговор.",samin__,1516770688374014142
"2026-06-18,07:00:39",biok_ymer,#0,"—Альберт Дарси—
|-----------------------------------------------------------------------------|
Мужчина и вправду долгодалсч осмотреть дом в поисках старика, отчего почуяв запах еды, тот прибыл на кухню, где осмотрев блюда решил лишний раз не пугать старика и спокойно сел за стол, предпочитая тому дать возможность самому заметить его.
<@&1503427050214785066> .
|-----------------------------------------------------------------------------|",samin__,1516785881556455547
"2026-06-18,07:41:41",biok_ymer,#0,"—Эдвард—
|-----------------------------------------------------------------------------|
Понемногу дождавшись разогретой воды, тот чуть отошёл от печи, позволяя мастеру заварки показать как лучше поступить, а сам же ответил:
|-----------------------------------------------------------------------------|

—Я не хотел так выражаться, однако одного взаимодействия хватило, чтобы понять, что с ним будут проблемы... Кхм, я и не говорю что я идеален или ненавижу свою судьбу, однако господин Данте будет идти долгий путь, чтобы его можно считать достойным званием аристократа...

|-----------------------------------------------------------------------------|",samin__,1516760356821667950
"2026-06-18,12:25:58",ktoia,#0,"— Элла Риот —

Элла вошла на кухню следом за Альбертом и сразу уловила запах каши. Она чуть поморщилась, но ничего не сказала, ибо по крайней мере, это было вроде как съедобно. Увидев старика, который раскладывал еду по тарелкам, она перевела взгляд на Альберта, уже усевшегося за стол. Подошла ближе и тоже присела на свободное место, сложив руки на столе.

Поглядев на сие яство девушка вспомнила что по утрам точно и никогда не ест. Однако сидеть в немом молчании было бы неловко, поэтому она повернула голову к деду и сказала:

— Доброе утро, сэр Баров.

||<@478922861554302997> ||","biok_ymer, samin__",1517016168970326249
"2026-06-18,15:12:20",samin__,#0,"— Лукас —

Услышав кипящую воду, парень отставил миску в сторону, взяв коробку с спрессованными чайными листьями. Открыв ту, парень грубо, прямо руками оторвал кусок, проверяя тот, а после удовлетворённый его качеством подошёл к котелку, аккуратно погружая кусочек, не размешивая, позволяя тому развариться самому. Отложив коробку, тот засунул руку в печь, проверяя температуру, быстро доставая ту назад. Тесто к тому моменту уже взошло, от чего парень принялся придавать тому форму, попутно говоря:

— Достойными не рождаются, а становятся, только вот аристократ **обязан **стать достойным человеком в отличии от простолюдина

/Покивал, соглашаясь со словами/
— Это слова Павлова, что он любит говорить перед казнью очередного аристократа, а наша обязанность - быть подле великих людей, поддерживая их в обычных делах, чтобы облегчить их бремя. Так или иначе у любого аристократа путь куда сложнее чем у обычного человека

Сформировав что-то вроде прижухлых кексов, парень засунул те в печь, смотря на чай, что уже начал завариваться",biok_ymer,1517026497012043896
"2026-06-18,15:19:21",samin__,#0,"— Баров —

Услышав голос за спиной, дед дёрнулся, махая руками в разные стороны. Увидев двоицу, тот вылупился на них, не понимая как они так быстро закончили, однако не решившись задать вопрос, лишь сказал:

— Ась? А... да. Вы...

/Глянул что они сидят за маленьким столиком с ПРИСЛУГОЙ, а не в своих комнатах ждут явства/
— Вы не у себя... л-ладно

Подав тарелки каждому, тот почесал репу виновато говоря:

— Выж не гневайтесь. Мы и не знали что вы сюдой прибудьте, так что явств каких не имеем. На ужин что нито уж и придумаем, а пока что иным и не распологаем",ktoia,1517098039670476891
"2026-06-18,16:47:36",biok_ymer,#0,"—Эдвард—
|-----------------------------------------------------------------------------|
Смотря за действиями парня и попутно слушая, тот и вправду стал запоминать его слова. Непонятно было ему и вправду интересно прислуживать или скорее его привлекал больше собеседник... Выслушав и заметив момент для своих копеек, тот сказал:
|-----------------------------------------------------------------------------|

—Интерсная философия, я это учту... Кхм, не могли бы мы сменить тему? Мне больше интересна готовка чем столь сложные речи... Как вы поняли, что тесто готово?

|-----------------------------------------------------------------------------|",samin__,1517139905690472569
"2026-06-18,16:51:35",biok_ymer,#0,"—Альберт Дарси—
|-----------------------------------------------------------------------------|
Не особо придавая значение своему положению и словам парня, тот в спокойной манере принялся есть кашку, не корчась, а даже радуясь вкусу, отчего спустя пару минут закончил свою порцию, говоря:
<@&1503427050214785066> .
|-----------------------------------------------------------------------------|

—Весьмк вкусно, незнаю что вас так смущает в местной кухне. О и уточню, хоть я и стал местным лордом, вы не обязаны так уж сильно лыбизяться передо мной, я все же предпочитаю говорить со всеми на равных и также к ним относиться. Да и дел у нас не так уж и мало, чтобы ещё заставлять вас еду нам заносить.

/Договорив, тот посмотрел на <@&1503427050214785066> , что явно недовольно и медленно ела кашу, спрашивая:/
-Вам лучше поесть, чтобы не свалиться позднее без сил.

|-----------------------------------------------------------------------------|",samin__,1517141670280433831
"2026-06-18,17:10:20",ktoia,#0,"— Элла Риот —

Элла посмотрела на тарелку с кашей, потом на Альберта, потом снова на кашу.

— Спасибо, но я по утрам не ем. Как-то так сложилось, что с утра меня на еду не тянет. 

Она отодвинула тарелку чуть в сторону, давая понять что не собирается к ней притрагиваться.

— Да и энергии у меня хоть отбавляй. Так что не переживайте, я не свалюсь.

Элла перевела взгляд на Барова и добавила:

— Да ладно вам. Конечно было бы не плохо... Но... Дааааа..... Господин Дарси прав. Хм. Кстати, а у вас в ""поселении"" есть **ремесленники**?

||<@478922861554302997>||","biok_ymer, samin__",1517164882888495197
"2026-06-18,21:51:05",samin__,#0,"— Баров —

Смотря на кашецу, дед пожал плечами и не долго думая свалил кашку к себе в тарелку, приговаривая:

— Нус, чего добру проподать

Затем переведя взгляд на <@&1503425579687477329> , тот покивал, говоря:

— Понимаю ваш милость, понимаю, значит не будем вам докучать

Разумеется он ничего не понял, однако услышав вопрос от девушки, тот почесал лысину:

— Ну а как им не быть то? Плотник езм... кузнец... два штуки и... этот... ну как его... ""великий изобретатель""... **сын мельника** нашего в общем. Выдумщик ещë тот, ну... чем бы дитя не тешалось. В мельнице целыми днями сидить, да мастерить чего-то

Договорив, дед поболтал двойную порцию каши в тарелке, смотря на ту, а после наклонив ту, поднëс ко рту **залпом** опрокинув в рот",ktoia,1517169602541518974
"2026-06-18,22:14:27",samin__,#0,"— Лукас —

Чуть промедлив с ответом, парень быстро нашëл маленькую пиалочку, черпая в ту чай, дуя на него:

— По опыту. Это тесто похоже на то, что используют для приготовления аладий, так что времени ему нужно не так много. 5-7 минут и можно работать, только в нëм в 3 раза больше муки, так что вкус приходится отбивать, а чай с этим как раз поможет

Глотнув чаю, тот кивнул, беря раскалëнную кастрюлю голыми руками, ставя на стол:

— Вообще в идиале подождать пока чай остынет, но раз подача срочная, а я потерял время на поиск чая, придется импровищировать

Взяв тканевое полотенце, парень проверил его на свету, а после подставив другую писку стал цедить чай через ткань

— Нам нужны только нистья, что уже отдали свой вкус и раскрыли аромат, так что чай можно подать отдельно, а листья...

Процедив всë, тот открыл полотенце, показав <@&1503426171604570333> чайные отмëтки, что казались не очень опятитными, да и вообще слишком острыми, чтобы добавлять их в выпечку:

— Ступка-ступка, где то была ступка...

Наклонившись к стеллажам в которых тот рылся, когда его застукал Эдвард, тот достал ступку с пестиком  начиная размянать листья:

— Можно было добавить и выпаренный чай, но тогда будет слишком много жидкости, что не даст схватится крему, так что лучше размельчить чайные листья до состояния каши, а заваривали мы из, чтобы исключить всякие твëрдые части листа и размягчить оставшееся, да и уменьшить насыщенность вкуса, чтобы он был заметным, но не терпким

Прикинув количество на глаз, парень закинул половину чайной каши в крем из белков и продолжил взбивать до воздушности, от чего тот стал немного зеленоватым:

— Главное не переборщить, но тут я совета уже не дам. Практикуйся и оно придëт, а если ошибся, то всегда можно добавить

Доделав крем, парень отложил его в сторону, уткнувшись лицом в печь, смотря на ""кексики""

|| Скорее всего Ласт пост и пойдëм к этим двоим||",biok_ymer,1517163881229848626
"2026-06-20,10:42:50",biok_ymer,#0,"—Альберт Дарси—
|-----------------------------------------------------------------------------|
Слушая разговор, тот также поинтересовался:
<@&1503427050214785066> .
|-----------------------------------------------------------------------------|

—Что же, дела не ждут. Я пожалуй пойду на разведку леса, а после уже буду думать, что с ним делать. А мисс Риот модель как раз познакомиться с местными и узнать с чем сейчас проблемы, как вам такое развитие?

|-----------------------------------------------------------------------------|",samin__,1517240255672094920
"2026-06-20,10:50:40",biok_ymer,#0,"—Эдвард—
|-----------------------------------------------------------------------------|
Я незнаю что на это писать, отчего Эдворд молча слушал рассказ, запоминая и наблюдая.
|-----------------------------------------------------------------------------|",samin__,1517246134626549922
"2026-06-20,14:44:07",ktoia,#0,"— Элла Риот —

Элла выслушала Барова, отметив про себя наличие кузнеца и ""изобретателя"" и кивнула:

— Отлично, значит, есть с кем поговорить.

Она перевела взгляд на Альберта, когда тот заговорил о лесе

— Я понимаю, что вас не отговорить, поэтому тогда предложу: может, найдёте кого-то из местных, кто согласится составить компанию?

||<@478922861554302997>||","biok_ymer, samin__",1517796857542344904
"2026-06-20,21:54:27",samin__,#0,"— Баров —

Понимая что перечить этому мужчине тот не может, дед разочарованно выдохнул, говоря на последок:

— Эх... ну тогда не пуха вам. А я пойду пока что приберу чего

И вот вопрос, прибераться он пошëл или воровать вещи глупца, что идëт на смерть?

|| Да я его вывел ибо он буквально ничего не может путного сказать, для ускорения можете сразу прописать как спрашивайте дорогу и призодите куда хотите, я уже там подхвачу и НАКОНЕЦ НАЧНËМ ВЕТКУ!!!||",ktoia,1517857581706641599
"2026-06-21,15:42:15",biok_ymer,#0,"—Альберт Дарси—
|-----------------------------------------------------------------------------|
Выслушав и кивнув на слова мужчины, тот поправляя костюм вышел из кухни, а после и из дома, направляясь до города в поиске случайного жителя, у которого бы спросил дорогу к лесу и после бы попрощавшись с <@&1503427050214785066> пошел бы туда, не думая искать себе сопровождения.
|-----------------------------------------------------------------------------|",samin__,1517965878149386291
"2026-06-21,15:48:39",ktoia,#0,"— Элла Риот —

Ну а хули тут писать. Покинув поместье и попрощавшись с Дарси, Элла побрела по окрестностям. Не став углубляться в местные плохие постройки и дома, она приняла самое логичное решение - не искать кузнецов по отдельности, а сразу направиться к мельнице, которая ну точно виднелась на горизонте. Ну и что там за изобретатель?

||<@478922861554302997> ||","biok_ymer, samin__",1518234597534601346
"2026-06-22,12:18:55",samin__,#0,"|-----------------------------------------------------------------------------|
На удивление лес оказался чрезвычайно близко к деревне, по ощущениям и километра не было, от чего дойти до него не было проблем, однако как только тот приблизился к нему, странности не заставили себя ждать. Лес был слишком тихим. Не птиц, ни копошения зверьков, лишь шелест листвы на ветру перебивал тишину

Как только мужчина ступил за первое дерево, тот почувствовал странное предчувствие. Тот не мог понять наверняка что это было, однако стык железной руки и плоти стал неприятно, еле заметно ныть. Он просто испугался? Или в этом месте и правда есть что-то странное?
|-----------------------------------------------------------------------------|",biok_ymer,1518234597534601346
"2026-06-22,12:24:11",samin__,#0,"|-----------------------------------------------------------------------------|
Мельница и правда была видна издалека, находясь на холме, чуть в стороне от поселения. Ещё издалека Элла не могла не заметить, что та была откровенно старой, да и лопасти крутились с каким-то усилием, как будто на те была нехилая нагрузка. Что они там такого мелят вообще?

Подойдя к той, девушка услышала странные звуки. Как будто что-то скрежетало и надрывалось. Внутри же слышались беглые шаги, что носились из стороны в сторону. Дверь была закрыта, так что обстановка внутри была не ясна
|-----------------------------------------------------------------------------|",ktoia,1518236207375454279
"2026-06-22,14:13:02",ktoia,#0,"— Элла Риот —

Подходя к мельнице, гореум всё больше убеждалась, что эта деревня обделена светлыми умами. Или же те просто не могли себя показать. Тут нужно было задать другой вопрос: не ""что"", а ""кого"" они там мололи, чтобы запустить мельницу в таком ужасном состоянии?

Визуал внушал тревогу. Честно сказать, холодок пробегал по спине от мыслей о том что могло происходить внутри. И какой такой ""изобретатель"" будет жить в подобном месте? Если сравнивать с Эллой, которая считала себя умной и всегда приводила рабочее место в порядок, то это место выглядело полной противоположностью.

Подойдя ближе, девушка надела свою шапку и услышала, как звуки скрежета резанули по сердцу. Все механизмы, видимо, были настолько убиты, насколько это вообще возможно. И что там вообще происходит? Они коней запрегли молоть?

Не став долго гадать, несравненная Риот подошла и постучала достаточно настойчиво, ибо обычный стук здесь бы скорее всего не услышали.",samin__,1518547140409036800
"2026-06-22,18:17:36",biok_ymer,#0,"—Альберт Дарси—
|-----------------------------------------------------------------------------|
Резкая боль не была Нова для война, однако предчувствие вояки его не подводила, тут явно было что-то нечисто. Чуть подумав тот взял первую попавшуюся ветку и уже с ней стал бродить осматриваясь по местности. Да ветка скорее всего сломается от одного удара, но как минимум даст понять, с чем он имеет дело. Так он и стал ходить, в попытках найти место, где чувствов опасности нарастает все сильнее.
|-----------------------------------------------------------------------------|",samin__,1518545814870425600
"2026-06-22,21:21:15",samin__,#0,"— Лукас —

||Мне так и будет тяжко это прописать, так что чутка подскипну и разморожу ветку||

Доготовив ||да... именно этот скип|| парень взял поднос, ставя на него тарелочку с парой пирожных, покрытых яичным кремом с добавлением чайных листьев, а после взяв за руку <@&1503426171604570333> передал поднос ему, без тени сомнения. Занеся руки за спину, тот с улыбкой сказал:

— Чтож, я готовил, а ты понесёшь, всё честно?

Не дожидаясь ответа, тот по армейски развернулся в сторону двери:

— За мной, я проведу тебя до покоев моего господина~",biok_ymer,1517798831847378994
"2026-06-22,22:53:57",biok_ymer,#0,"—Эдвард—
|-----------------------------------------------------------------------------|
Взяв поднос тот аккуратно двинул с ним за парнем, говоря:
|-----------------------------------------------------------------------------|

—Я надеюсь не опозорить ваши труды... Я пойду следом.

|-----------------------------------------------------------------------------|",samin__,1518682298227232908
"2026-06-23,21:36:31",samin__,#0,"||УРА! НАКОНЕЦ!||

|-----------------------------------------------------------------------------|
Ухмыльнувшись тому, что парень не стал причитать, Лукас повёл того по коридорам, говоря тому:

— Эдвард, а ты знаешь что отличает простого служку от слуги? Слуга знает своего господина до самой маленькой детали, возможно даже лучше чем себя самого, от чего появляется всегда в самый подходящий момент и мне кажется что мы как раз вовремя

Договорив, тот подошёл к двери стуча в ту каким-то особым образом, что стук складывался в определённую последовательность
|-----------------------------------------------------------------------------|
В этот самый момент Павлов уже готов был вынести приговор, однако осторожный стук в дверь заставил того отвлечься, говоря чуть громче разговорной речи:

— Входи Лукас

Сказав это, мужчина прислонил руку к подбородку, думая что бы такого сказать, такому куску говна как <@&1503425792791547984> 
|-----------------------------------------------------------------------------|
Открыв дверь, парень сделал шаг в сторону, уступая место <@&1503426171604570333> , подталкивая того в спину при надобности, а после вошёл и сам. На вопросительный взгляд Павлова, тот спокойно и добродушно сказал:

— Это слуга господина Данте, мы с ним приготовили небольшой комплимент, надеюсь не помешали?

Посмотрев на кексики, мужчина чуть закатил глаза, запуская руку во внутренний карман, доставая от туда часы с крышкой. С звоном открыв крышку, тот посмотрел на вермя, отвечая ему:

— Опоздал на 6 минут...

Парень же не растерявшись всё так-же спокойно ответил:

— Виноват, постараюсь более такого не допустить

Павлов лишь пошёл рукой на стол, намекая оставить содержимое подноса на нём, а после перевёл недовольный взгляд на <@&1503425792791547984> :

— Твоё наказание будет связано с твоим слугой, а точнее в разделении его роли. Посмотрим сколь достойно ты сможешь ""носить кипяток"". Возражения?
|-----------------------------------------------------------------------------|",biok_ymer,1518705627017384086
"2026-06-24,09:14:26",ktoia,#0,"— Данте —

Данте уставился на дверь, когда в неё постучали и удивился, когда на пороге появился Эдвард с подносом. Он перевёл взгляд на Павлова, потом снова на слугу и приподнял бровь.

Став тише воды, ниже травы, Данте молча наблюдал за Эдвардом и взаимодействием Лукаса и Павлова - с немым и очень, очень почтительным молчанием. В присутствии нескольких людей в комнате находиться было легче, поэтому Данте незаметно выдохнул, постепенно возвращаясь в норму. Но это продолжалось ровно до того момента, как Павлов снова не взглянул на него.

Услышав приговор, Данте определённо был недоволен, но своё колоссальное недовольство решил не показывать. К тому же, что значит ""разделение роли""? Чтобы уж теперь ничего не напутать Данте спросил:

— Звучит справедливо, однако... я не полностью понимаю, что вы имеете в виду под ""разделением роли""?

> ""Носить кипяток""... Если я переживу тебя, то.. Я СТОЛЬКО КИПЯТКА ВЫЛЬЮ НА ТВОЮ МОГИЛУ! ЧТО ТЕБЯ СМОЕТ.

...

> Ой.. кхм. Извините, пожалуйста.",samin__,1519048528624877719
"2026-06-24,11:03:04",biok_ymer,#0,"—Эдвард—
|-----------------------------------------------------------------------------|
Парнишка и так ожидал увидеть дьявола, отчего не сильно удивился увидив Павлова, однако манера и сама атмосфера в комнате явно намекала на то, что Лукас с Эдвордом были тут не совсем к месту... Что же, услышав слова господина тот аккуратно подойдя к столу поставил поднос на столе, а после поклонившись отошёл в сторону, решаясь не мешать беседе. Пока он не открывал рта, да и дозволения тот не получал, отчего решил лишний раз не намекать на свое существование.
<@478922861554302997> , <@&1503425792791547984> .
|-----------------------------------------------------------------------------|","samin__, ktoia",1519224162231521321
"2026-06-24,19:53:17",samin__,#0,"— Павлов Баскервиль & Лукас —

Павлов лишь кивнул, разьясняя детали:

— Ты станешь слугой для одного из своих сестëр или брата, сроком две недели, для кого именно - решит Симон. Что до твоего слуги /грозно зыркнул на <@&1503426171604570333> / на этот срок он тоже встанет под начало одного из господ, чтобы набираться опыта

Взглянув на довольное и простодушное лицо своего слуги, что стоял около Эдварда сложив руки за спиной, тот продолжил:

— А за неподобающее поведение по отношунию к чужому слуге в обязанности добавляю ежедневную чистку стойла поместья на пару с Джошуа Сербернаром на тот-же срок

Удивлëнный столь странному решению, Лукас раскрыл глаза чуть шире, однако довольно быстро вернул спокойное выражение лицу, однако <@&1503426171604570333> мог заметить, как руки за его спиной чуть сильнее сжались",ktoia,1519224162231521321
"2026-06-24,20:01:51",samin__,#0,"|---------------------------------------------------------------------|
||Извините у меня закончились лимиты на телефоне на ЭТОТ ЕБАНЫЙ АРТ||

Как только в дверь постучали, внутри кто-то забегал с утроенной силой. Через пару секунд дверь отворилась, а девушку обдало нериальным жаром и духотой. Было ощущение что та открыла дверь бани, однако... не успела та разглядеть паренька что вышел от туда, как он потянувшись к ней, сорвал шестерëнку с еë плеча, что она по всей видимости использовала как украшение и побежал внутрь с криками:

— ВОТ ОНО! СПАСЕНИЕ!

И... что это было?
|---------------------------------------------------------------------|",ktoia,1518574533219455066
"2026-06-24,20:05:20",samin__,#0,"|-----------------------------------------------------------------|
Отправившись в глубь леса, воевода ходил кругами, пока не нашëл направление, в которое тому было больнее всего идти. Спустя часть пути, тот увидел странное красное пятно, что оказалось Айденом! И что такое делает извозчик в глуби не самого приятного леса? И... а почему он роется в каком-то кусту?
|-----------------------------------------------------------------|",biok_ymer,1518636079887028395
"2026-06-24,20:42:56",ktoia,#0,"— Данте —  

Что ж, Данте не изменился в лице при услышанном, ведь если он хоть как-то покажет своё недовольство, всё может стать куда хуже. Мысленно он уже несколько десятков раз проклял Павлова, параллельно надеясь, что тот не читает мысли. Стать слугой на две недели... Мх. Симон.... ПОЧЕМУ ОН ТУТ ВИНОВАТ?! Кхм. Хорошо, ладно. Терпеть, так терпеть. Всего то четырнадцать дней выполнять какую-то херню. Вот только главное - не попасть к кучерявому отбросу и в принципе можно не возникать. Надеюсь, Симон правильно выберет, к кому его отправят.  

Когда упомянули слугу, Данте глянул на него и... тоже не услышал куда именно его отправят. Если он попадёт к кучерявому, будет... ну... ТАК СЕБЕ. Здесь варианты только Ария или Джиллиана, а Джошуа - в топку. Данте не будет плевать, если его слуга попадёт к Джошуа, ибо Джошуа - уродище похлеще ег... ам... да. Похлеще. Тем более он будет отыгрываться. Ммм... Нет, Симон просто не сможет такого допустить.  

Придя к своему умозаключению, Данте вернул взгляд на Павлова и.... Он услышал про уборку... черт... КАКАЯ УБОРКА СТОЙЛА?! ИЗ-ЗА СЛУГИ?! А, ТОЧНО! Две недели быть слугой - за то, что пытался обмануть Павлова. А вот за то, что пизданул ту служанку - уборка в стойле. Ну, зашибись! ТАК ЕЩЁ И С ДЖОШУА!.. я его точно чем нибудь там огрею... Это будут худшие две недели. После них он ни ногой никуда.  

Достаточно тяжело вздохнув от напряжения, Данте кивнул и сказал:  

— Теперь всё предельно понятно, и… достаточно ||НЕТ|| справедливо. Что ж... Разрешите тогда откланяться?

||<@&1503426171604570333>||",samin__,1519384934639341569
"2026-06-24,20:51:48",ktoia,#0,"— Элла Риот —

Элла только успела постучать и послушать каких то лошадей за дверью, как дверь распахнулась и её обдало волной нереального жара и духоты. На лице тут же выступил пот и она машинально, недовольно подняла руку, чтобы вытереть его предплечьем.

-# — Ну баня у вас..

Не успела она договорить, как перед ней мелькнула чья то фигура и с её плеча с лёгким щелчком сорвали шестерёнку. Элла застыла на несколько секунд, хлопая глазами, смотря в спину нахалу, а затем, придя в себя, быстро шагнула следом за ним, уже на ходу повышая голос:

— Ты чё, ОХРЕНЕЛ?! ЭТО МОЕ ОТДАЙ!

Она вошла внутрь и жар наверняка ударил с новой силой, но ей было плевать она шла за этим пиздюком, который только что обчистил её прямо на пороге. 

ЕЁ ОПЯТЬ ОБОКРАЛИ!",samin__,1519387091941720264
"2026-06-24,21:52:19",biok_ymer,#0,"—Эдвард—
|-----------------------------------------------------------------------------|
Выслушав что ему поручат другого господина, хоть и на время тот довольно улыбнулся, предпочитая отмолчаться, но обрадовались такому решению.
<@478922861554302997> , <@&1503425792791547984> .
|-----------------------------------------------------------------------------|","samin__, ktoia",1519397429420757156
"2026-06-24,21:54:03",biok_ymer,#0,"—Альберт Дарси—
|-----------------------------------------------------------------------------|
Спокойно подойдя к тому, мужчина чуть прокашлявшись сказал:
|-----------------------------------------------------------------------------|

—Не мешаю искать чего интересного? Может помочь?

|-----------------------------------------------------------------------------|",samin__,1519387968295534873
"2026-06-25,19:50:42",samin__,#0,"|------------------------------------------------------------------|
Зайдя в нутрь та увидела... мельницу? Ну... основной вал был вроде как похожим, но от него верëвками и ремнями с зазубринами вращение шло в разные стороны, передавая вращение в МАТЬ ЕГО ОГРОМНЫЕ ВРАЩАЮЩИЕСЯ КАМЕННЫЕ КОЛËСА!

Теперь то понятно почему лопомти так скрипели, нагрузка была несоизмеримой, а гулл стоял из-за напряжения на передатояный механизм

Парень же не обращая внимания на возгласы спасительници взял оторваный рычаг и не долго думая впендюрив тот между колëсами создал окно для почтинки, залезая чуть ли не полностью в колëса, чтобы поставить шестерню на место. Сделав дело, он вытащил голову, отдëрнув руку, а колëса тут-же перемололи древесину в пыль. Вытерев пот со лба, парень покосился на своë изобретение, а после улыбнувщись упал на спину, распластываясь на полу
|------------------------------------------------------------------|",ktoia,1519399662765998171
"2026-06-25,19:54:27",samin__,#0,"— Айден —

Услышав голос, парень рефлекторно завëл руку за спину, хватаясь за рукоять, попутно разворачивая корпус, занимая устойчивою стойку, однако вовремя спохватившись тот заприметил что это всего лишь Альберт. Выдохнув, парень чуть приподнялся, с согнутых коленей, однако руку с рукояти не убрал, отвечая тому:

— Старик Альберт? И... что спрашивается ты забыл в таком месте?

В голосе было толи смятение, толи крайняя настороженность, а скорее всего и то и другое",biok_ymer,1519415327237079112
"2026-06-25,21:48:13",biok_ymer,#0,"—Альберт Дарси—
|-----------------------------------------------------------------------------|
Мужчина ничуть не меняясь в лице и в стойке, явно зная, что тот бы не успел бы его атаковать говоря:
|-----------------------------------------------------------------------------|

—Пришел посмотреть на страх деревенских, а заодно в случае чего убрать этот слух. Меня больше волнует, чего такой юноша как вы тут забыли. Вашу карету я тут не вижу, как и того кто мог бы вас нанять, отчего предположу, что у вас тут некий личный интерес, не так ли?

|-----------------------------------------------------------------------------|",samin__,1519747618513883227
"2026-06-25,22:34:03",ktoia,#0,"— Элла Риот —

Элла вошла внутрь и всё, что она собиралась сказать, быстро растерялось.

— Это... это что за...

Она замерла, глядя на огромные каменные колёса, которые вращались с неестественной скоростью, передавая движение дальше. Всё это гудело, скрипело и казалось, работало на пределе своих возможностей. Вопрос был не в том, КАК это работало, а в том ЗАЧЕМ.

А потом она увидела, как этот безумец впендюрил рычаг между колёсами и нырнул в механизм, чтобы поставить на место её шестерёнку. Элла открыла рот, чтобы заорать, что он дурак и что его сейчас раздавит, но не успела - он уже вытащил голову, а рычаг превратился в труху.

Она недолго смотрела на него, распластавшегося на полу, потом подошла и не долго думая, пнула его ногой по бедру. 

— ЭЙ! ""ИЗОБРЕТАТЕЛЬ""! ТЫ НЕ ПРИФИГЕЛ?!",samin__,1519746674388369659
"2026-06-26,11:06:38",samin__,#0,"— Айден —

От чего-то слова Альберта успокоили парня, от чего от отпустил рукоять вставая уже в спокойную позу, качая головой из стороны в сторону:

— Хух... значит и правда на этот раз ты. Не сказал бы что личный, но интерес. Я же тут переночевать решился, а тут байки о странном лесочке. А у меня понимаешь ли шило в одном месте, вот и дёрнул демон пойти сюда. А лесочек то /закатил глаза/ негостеприимным оказался

Договорив, парень от чего-то сделал широкий шаг назад, отапливая ногу в куст. Что-то странновато он себя ведёт",biok_ymer,1519776247738011872
"2026-06-26,11:14:23",samin__,#0,"|------------------------------------------------------------------|
Малец уже начал было приходить в себя, однако почувствовав как его пинают, тут же очнулся, смотря на <@&1503427050214785066> , как будто она воровка, что пробралась в мельницу, что в целом так и было... почти...

Вспомнив что это была её шестерня, парень похлопал глазами, понемногу приподнимаясь, смотря на колёса, что стали вращаться очень медленно, создавая не столь большой шум, а сам он почесав репу ответил:

— Ай... прости, я верну шестерню, дай немного времени, пока я не отключу соединение и заменю на свою, а то эта какая-то вычурная, может долго и не проработать...

Осознав что она и правда может долго не выстоять, парень резко подскочил, вцепляясь в плечи девушки:

— СТОЙ! А у той шестерни было правильное искривление?!

Кажется парень всё ещё был на своей волне...
|------------------------------------------------------------------|",ktoia,1519787780358672635
"2026-06-26,11:27:41",ktoia,#0,"— Элла Риот —

Элла аж подпрыгнула на месте, когда парень вцепился ей в плечи. Она не ожидала такой резкой смены поведения... секунду назад он лежал на полу, а теперь уже тряс её...

Девушка не пыталась вырваться, только глянула на него с недоумением и выпалила:

— Ай! Ты чего?!

Она тут же перевела взгляд на конструкцию, потом снова на него и нахмурилась, разглядывая механизм.

— Если там внутри нет распределения нагрузки на шестерни - ну, хоть какого-нибудь, то любую шестерню раздавит. Та, что у меня, конечно хорошая, она многое выдержит... Сплав хороший, НО без распределения веса она очень скоро станет блином.

Она посмотрела на него с вызовом и добавила:

— Там же ЕСТЬ РАСПРЕДЕЛЕНИЕ ВЕСА? Или ты просто надеешься, что шестерня выдержит, потому что?

Пауза.

— А... Ты про искривление... А Я ЧЕ ЗНАЮ КУДА ТЫ ЕЕ ЗАПХАЛ!??!? ДАЙ ПСОМТРЕТЬ! Если в пазы вошло то правильно!",samin__,1519979127514595329
"2026-06-26,17:57:55",biok_ymer,#0,"—Альберт Дарси—
|-----------------------------------------------------------------------------|
На сей раз мужчина уже посерьёзнее сказал:
|-----------------------------------------------------------------------------|

—Значит и вас одолевает странное предчувствие по поводу этого места? Ощущение будто здесь что-то есть... Ну значит мы можем вместе развеять свой же страх.

/Договорив мужчина спокойным шагом направился дальше за спину парня, намериваясь дальше найти то, что гложит его чуйку./

|-----------------------------------------------------------------------------|",samin__,1519977174633938955
"2026-06-27,12:27:46",samin__,#0,"|-----------------------------------------------------------------------------|
Неделя прошла довольно сумбурно. Для кого-то она тянулась как вечность, а кто-то просто жил свою жизнь:

<@&1503426171604570333> был приставлен к Арии, от чего встал под начало Рона, что на удивление был подкован почти во всём, чем-то напоминая Лукаса с его многозадачностью. Оказалось что весь быт в поместье был всего на паре детей и трёх служанках. При всём при этом сами слуги по статусу были куда выше, от чего служанки их слушались, оказывая посильную поддержку, чем Рон пользовался, но всё-же не злоупотреблял. Разговорившись пару раз на темы, что волновали парня, тот узнал и в ответ, что мировоззрение Рона весьма схожа с его собственным. Оказалось что Рон с детства был служкой в ясельном доме Арии, взрослея вместе с ней, от чего видел ужасы рождения в главной ветви семьи. Тот опустил подробности, однако рассказал о том, что девочка пережила порядка 20-ти покушений до прибытия в это поместье, а Рон же услышав заговор прислуги, ещё будучи ребёнком сдал их с потрохами, от чего и заслужил доверие Арии. Дальше он рассказывать он ничего не стал, лишь поделившись мыслью, что аристократия - это змеиный клубок, а слуги в нём - могут быть как ядом, так и противоядием, а то и вообще разменной монетой. Ария же не особо и контактировала с Эдвардом, лишь пару раз невзначай поинтересовавшись как у него самочувствие",,
"2026-06-27,12:28:08",samin__,#0,"<@&1503425792791547984> жизнь парня особо и не изменилась. Он жил себе спокойно, ведь его приставили к Джиллиане, что просто нагрузила больше свою слугу, предпочитая налаживать связь со своим братцем, попутно обговаривая с ним, как бы уколоть Джошуа, с которым у них были тёрки. Отметились только дни проведённые в стойле, ведь тут улизнуть от работы парень уже не мог. В один из ""прекрасных"" жарких дней, когда навоз вонял сильнее всего, тот опрокинул тачку прямо на Джошуа, от чего смердящая кучедря гонялась за ним пол дня. В остальном всё было спокойно и размерено, только вот мысть о Павлове не давала тому покоя

Так и прошёл целый год, в который произошло много всего, но пожалуй распишу тезисно:

Рон - У парня всё шло спокойно, лишь Анна Чихуахуа не давала тому спокойной жизни, постоянно строя козни и подставляя того, однако из большей части козней тот выходил сухим, а из остальных с незначительным уроном

Мари - За год стала чувствовать себя куда увереннее, во всяком случае выглядела так, как будто знала что делает, однако всё равно когда пересекалась в коридорах с <@&1503425792791547984> шугалась или просто разворачивалась молча уходя

Анна Чихуахуа - Между делом не забывала задевать и <@&1503426171604570333> . Нет не по своей прихоти, а из-за приказов Джиллианы. То тут подножу подставит, то там вину на него спишет. В общем небольшие шалости, не более",,
"2026-06-27,12:28:34",samin__,#0,"Джошуа Сенбернар - Стал куда спокойнее и сдержаннее... разумеется пока рядом не оказывался <@&1503425792791547984> . Постоянные нравоучения от Симона и подставы от Джиллианы не прошли даром, от чего тот стал походить на аристократа... ну... если от него отвернуться

Джиллиана Сенбернар - Просто стала ""из тени"" кошмарить всё и вся кроме <@&1503425792791547984> , особый фокус держа на Арии, однако кажется о большей части проделок та и не догадывалась, ведь Рон брал большую часть ударов на себя, даже не допуская ничего до самой Арии, даже прося помощи у <@&1503426171604570333> пару раз, когда не справлялся сам, разумеется отплачивая позже чем-то в замен

Ария Баскервиль - Девочка изменилась до неузнаваемости. Отсутствие покушений, на пару с Роном, которого она уже давно не видела сыграли той на пользу, и хотя Джиллиана пыталась её достать, но это было сродни шалостям, для той, которую с самого детства приследовала смерть. Возможно на то повлияло и то, что все письма с угрозами перехватывались, однако мы этого не узнаем. Ария стала куда более решительной, но всё так-же необщительной. Когда та видела какое либо неподобающее поведение от слуг или своих братьев и сестёр, та не молчала, а вмешивалась, не стесняясь пользоваться именем, что до этого давало ей только и исключительно боль и неудобства. Так девочка и стала правдорубкой, помешанной на извращённом понятии ""справедливости"", что работали только если это касалось слабого, быть может она хотела как-то реализоваться, а возможно в ней говорили комплексы, но молча терпеть та перестала, что весьма сильно настораживало Рона...

Так и прошёл год и остались всего сутки до главного балла года. Казалось бы обычный день, для необычной ночи. ||Начинаете вы с обычного дня, чтобы влиться в ""новых"" персов и в принципе в то что происходит. Выезд на балл через 4-6 часов, так что пара встреча и поехали хайпить! Допустим что <@&1503426171604570333> входит к <@&1503425792791547984> чтобы что-то подготовить или проверить, думайте сами||",,
"2026-06-27,15:32:33",biok_ymer,#0,"—Эдвард—
|-----------------------------------------------------------------------------|
Зайдя внутрь комнаты <@&1503425792791547984> , парнишка чуть приклеился, говоря:
|-----------------------------------------------------------------------------|

—Пришло время проверить нашу подготовку, вы готовы показать чему мы научились для бала? Или вы хотите сегодня немного отдохнуть?

|-----------------------------------------------------------------------------|",samin__,1520360184059400202
"2026-06-27,17:41:20",samin__,#0,"— Айден —

Радостный что ему более не будут задавать лишних вопросов, парень немного промедлил, что-то забрав из руста, пряча это в кармане, а после нагнав Альберта сказал:

— Может ну его? Не тронь... кхм... и вонять не будет. Сейчас то люди спокойно живут, а если разбудем чего, это же решать придëтся. Ну да... животина хворает, но и демон бы их побрал. Что думаешь, а?

Парень НУ ОЧЕНЬ хотел чтобы мужчина не ходил дальше а лес",,
"2026-06-28,02:51:37",biok_ymer,#0,"—Альберт Дарси—
|-----------------------------------------------------------------------------|
Не сбавляя темпа тот спокойно шел и дальше по лесу, говоря:
|-----------------------------------------------------------------------------|

—Люби не могут жить спокойно пока у них под боком находится что-то, мешающее из мирной жизни. Я обязан дать им надежду опору и защиту, отчего я вынужден убедить, что рядом нет никакой угрозы. 

|-----------------------------------------------------------------------------|",samin__,1520438893525336135
"2026-06-28,12:30:10",ktoia,#0,"— Данте —

Данте сидел у окна, рассеянно постукивая пальцем по подлокотнику кресла. С каждым днем, приближавшим его к этому проклятому балу, его лицо заметно становилось все мрачнее, а взгляд все тяжелее. Он уже давно перестал считать дни до мероприятия, потому что каждый из них был как удар по голове.

Он не обернулся, когда в комнату вошел Эдвард. Только на мгновение замер услышав его голос, а затем ответил, все еще глядя в окно:

— Отдых... да... Боюсь, не сегодня.

Он повернул голову на Эдварда и коротко кивнул, давая понять, чтобы тот поднял голову.

— Стоило бы. Бал на носу... Что бы проверить первым?",biok_ymer,1520406483009933383
"2026-06-28,12:36:38",biok_ymer,#0,"—Эдвард—
|-----------------------------------------------------------------------------|
Вставая ровно тот зайдя глубже в комнату ближе к Данте задумчиво посмотрел по сторонам, а после сказал:
|-----------------------------------------------------------------------------|

—Думаю держать лицо и повадки вы и так уже научились под суровым взглядом господина Симона, отчего предположу, что нужно все же прорепетировать речь, что вы будете говорить про вашем представлении, думаю это пока самая слабая сторона вашей подготовки.

|-----------------------------------------------------------------------------|",ktoia,1520722975345606769
"2026-06-29,01:47:46",ktoia,#0,"— Данте —

Данте услышал предложение Эдварда и на мгновение задумался. Потом медленно скрестил руки на груди.

— Речь, значит.

Легко в привычной манере усмехнулся.

— Хах... Ты думаешь, что я не смогу сказать пару красивых слов перед толпой аристократов?

Он чуть приподнял бровь, но в глазах мелькнула неуверенность, которую он тут же попытался скрыть.

— Хотя... Раз так думается, что это слабое место, стоит проверить.

Он встал, поправил воротник, прочистил горло и заложив руки за спину, заговорил тем самым слегка напыщенным тономо:

— ""Дамы и господа, для меня большая честь быть представленным перед вами в этот знаменательный вечер... Мы...""

Он запнулся, нахмурился, потом сбился и уставился на Эдварда, слегка цыкнув.

— Ладно... Это звучит как начало скучной речи какого-нибудь старого графа, который просто любит слышать звук собственного голоса... бред.

Он вздохнул и убрав руки обратно сказал:

— Я бы хотел послушать твои мысли. Как ты думаешь, что именно должно быть в моей речи?

ОГО! Данте спрашивает мнение! Похоже он действительно волнуется что там будет... Гребаный Паша...",biok_ymer,1520724602462933033
"2026-06-29,01:59:38",biok_ymer,#0,"—Эдвард—
|-----------------------------------------------------------------------------|
Слушая начала тот и вправду представил будто он цитирует старого аристократа, отчего чуть хихмкнул с его комментария, однако вовремя восстановив лицо, тот предложил:
|-----------------------------------------------------------------------------|

—Я бы добавил комментарии по поводу насколько вам лестно присутствовать и видить всех, ну а также бы постарался сделать речь поскромнее, а именно поменьше, чтобы вы показали сдержанность и утонченнсть... Но я точно не уверен, я бы посоветовал вам говорить как сами думаете, но не забывая приличий.

|-----------------------------------------------------------------------------|",ktoia,1520923695009370152
"2026-06-29,02:18:44",ktoia,#0,"— Данте —

Данте выслушал Эдварда, слегка прищурившись. А после тсыкнув, стал ходить взад вперед выдумывая что-то...

> Черт, а что делать... Да, в правду нужна речь, но боги... Если я даже дам эту речь это не исправит моего положения, Павлов.... черт. Надо было не показывать себя тогда, сучий Джошуа... Убъю, черт возьми убъю... Так... Данте думай... Ай.. плевать. Нужна речь, а там... там авось что нибудь получится, для начала стоит подготовиться к тому что есть... а есть... да нихуя нет!

Перестав ходить в зад вперед, Данте со стуком туфель об пол остановился разворачиваясь к Эдварду, говоря:

— Скромнее? Пф... кхм...

В очередной раз прочистив горло стал постепенно выдавать:

— ""Благородные дамы и господа, я - Данте Сенбернар. Для многих из вас моё имя ещё не знакомо, но я надеюсь, что сегодняшний вечер станет началом долгого и приятного знакомства. Я не стану рассыпаться в пустых словах или хвастаться заслугами....""

Постукал носком туфель по полу, думая и продолжая:

— ""которых у меня ещё... нет.... Вместо этого я скажу вам то, что действительно важно: я здесь, чтобы приносить плоды, слушать и… когда придёт время - действовать.""

Перестав стучать положил руку на шею, отводя взгляд от Эдварда..

— ""Будьте уверены, я не подведу ни своего имени, ни тех, кто поверит в меня.""

На этом замолчав, парнишка взглянул на слугу, говоря без через чур наигранного надменного тона:

— И...? Как?",biok_ymer,1520926683937636545
"2026-06-29,15:16:35",samin__,#0,"|------------------------------------------------------------------|
Сделав шаг назад, парень оскорбился:

— Ты за кого меня принимаешь? Естественно я рассчитал нагрузку, а как иначе? Если будет перегрузка - первую шестерёнку сожмёт и вся конструкция перейдёт на основной вал... кхм... что сейчас в целом и произошло. А что на счёт посмотреть...

Парень улыбнулся, указывая в пространство между колёсами, говоря той:

— Удачи в этом...

Усмехнувшись своему-же предложению, парень выдохнул, разворачиваясь к валу мельницы:

— Или просто подожди пока ветер стихнет. Тогда я смогу отсоединить механизм. Уж извини, сцепления я пока что реализовать не успел
|------------------------------------------------------------------|",ktoia,1519982471414812744
"2026-06-29,16:37:18",ktoia,#0,"— Элла Риот —

Элла проследила взглядом за рукой парня, указывающей на пространство между колёсами и на мгновение задумалась. Однако тут же откинув идиотские мысли скрестила ручки, возвращая к Парню. Выслушав его она хмыкнула продолжая:

— А что это мы **обиделись**? Пф... посреди дня обворовал и убежал, ну на тебе! Ме.

Показательно вздохнув, она перестала скрещивать ручки и сняв свой головной убор, стала махать им себе в личико ибо тут жарковато, добавляя:

— Вообще... я тут по делу. Ты... ам... **сын мельника**? Имя есть?",samin__,1521127240505622618
"2026-05-12,00:57:53",samin__,#0,"<@&1503425792791547984> - высокомерный ублюдок, рождённый от двоюродного брата нынешнего патриарха. Живя в северном дворце до 15-ти лет, того отправили в главную резиденцию ""тёмная роза"", где все наследники ожидают дня ""выхода в свет"", попутно налаживая связи... ну или просто перевоспитывать зазнавшихся засранцев, чтобы не стыдно было выпустить тех в свет

Оторвав Данте от сиськи кормилицы, того сунули в карету, везя по дорогам долгих 3 дня, за которые он ТОЧНО не закатил 3000 истерик. На 3001 раз вопроса ""мы уже приехали"", заёбанный извозчик тому ответил:

— Да молодой господин Данте, мы прибыли...
||Возможность для первого поста||

<@&1503426171604570333> - Ребёнок, который не знал своих родителей, будучи растимым как слуга для какого-то из знатных особ. Тот и сам не знал кому тот будет прислуживать, однако не помнил момента в своей жизни, когда не учился быть ""послушным"" и ""хорошим"", а главное ""удобным"". В возрасте 13-ти лет, того перевезли в собор ""тёмная роза"", где и решится его судьба на всю жизнь. Либо его господин будет великим - его жизнь будет тяжёлой, но так-же великой и тому точно воздаствя по заслугам, а если нет... то просто тяжёлой и скорее всего не долгой

По приезду его и ещё 3-х таких-же бедолаг встретили сурового вида дядьку, что осматривая недомерков просто молчал ничего не говоря, явно ожидая действий от будующего пушечного мяса",,
"2026-05-12,00:58:02",samin__,#0,,,
"2026-05-12,01:10:45",biok_ymer,#0,"—Эдвард—
|-----------------------------------------------------------------------------|
Парнишка хлопая глазками незнал как и относиться к такому рода ""проверкам"". Однако под презрительным взглядом аккуратно отодвинул ногу назад нагнулся, отодвигая руку через тело в позе поклона, говоря:
|-----------------------------------------------------------------------------|

—Прошу прощения мистер... Не могли бы вы сказать, что нам делать...?

|-----------------------------------------------------------------------------|",samin__#0,samin__#0
"2026-05-12,01:11:24",biok_ymer,#0,,,
"2026-05-12,01:58:10",ktoia,#0,"— Данте —

Карета дернулась в последний раз и остановилась. Данте, до этого момента возлежавший на мягких подушках с видом утомлённого монарха, приподнял голову и лениво приоткрыл один глаз. Три дня тряски, три дня скуки, три дня попыток доказать этому тупому извозчику, что его драгоценная задница заслуживает большего комфорта. Тщетно.... вот дебил...

Юноша кротко протянул, не скрывая облегчения в голосе:

— Наконееееец-тоооо.... А то я уже начал думать, что мы едем до скончания веков.

Он выпрямился, поправил воротник и бросил выразительный взгляд на дверцу кареты. И извозчик ЕСТЕСТВЕННО открыл бы её ведь если бы он этого бы не сделал, то Данте не вышел бы. Спустившись на землю, бесенок поджал ноздри, окидывая взглядом резиденцию. ""Тёмная роза"" - надо же, название звучало почти романтично....

Парнишка пробормотал для себя, продолжая смотреть окружение:

— Величественно. И где эти... как их... мм.. встречающие?",samin__#0,samin__#0
"2026-05-12,12:48:38",samin__,#0,"РАЗУМЕЕТСЯ мелкому засранцу открыли дверь, жестом приглашая того выйти после долгой поездки. Как только тот вышел, его встретила горничная, что склонив голову ожидала пока тот выйдет. По звуку шагов, та поняла что пора, от чего без эмоционально проговорила:

— Почтенно приветствую молодого господина Данте. Искренне благодарю что почтили нас своим присутствием, надеюсь дорога не сильно Вас утомила. Меня зовут Джоси и сегодня мне выпала честь сопровождать Вас в столь прекрасный день

Разумеется девушка не поднимала головы, пока ей этого не приказали, от чего так и продолжила стоять в поклоне

В этот момент кучер начал разбирать КУЧИ хлама саквояжа, что прихватил с собой Данте. Так-же можно было заметить, как вдалеке стояли ещё 3 кареты, одна из которых будет ещё более роскошной чем у самого Данте. Похоже что кого-то тут ценят куда больше

||Добавлять проводников на сайт я не буду, так что пока что так||",ktoia#0,ktoia#0
"2026-05-12,13:15:19",samin__,#0,"|| Кто бы знал как я заебался генерить детей, но зато за это время продумал ветку ||

Мужчина вновь осмотрел недомерков взглядом полумёртвой рыбы, а после достав из кармана жилета золотые часы на цепочке с щелчком оголил циферблат:

— Разумеется, разве что вы должны были прибыть ещё час назад...

Кивнув самому себе, часы вернулись в карман столь же быстро, сколь и появились, а сам мужчина продолжил говорить:

— Добро пожаловать в поместье ""чёрная роза"". Моё имя — Симой Ротвейлер. Я исполняю обязанности дворецкого этого дома

Его голос звучал глухо и слегка в нос, а каждая фраза произносилась с подчёркнутой размеренностью:

— Вас доставили сюда для отбора. Представители главных ветвей выберут тех, кто будет сопровождать их в предстоящем балу, в честь их выхода в свет. До этого момента вы обязаны соблюдать порядок дома, выполнять распоряжения старшей прислуги и не доставлять неудобств господам

Пристально заглянув в глаза каждому, тот добавил, слегка понизив голос:

— Надеюсь, никому не придётся напоминать о дисциплине дважды...

Поправив прядь упавших на лицо волос, тот выставил поднятую вверх ладонь:

— Представьтесь, а после мы пройдём в главный зал. Нельзя заставлять ваших будущих господ ожидать дольше положенного

||Сначала даю слово тебе||",biok_ymer#0,biok_ymer#0
"2026-05-12,14:06:51",samin__,#0,"<@&1503425579687477329> После ранения, мужчину комиссовали в лечебницу, где ему пришло письмо:

Уважаемый Альберт **Корги**,

Настоящим доводим до Вашего сведения, что в связи с поступившими материалами служебной проверки и на основании решения дисциплинарной комиссии, Вы освобождаетесь от занимаемой должности с немедленным вступлением данного решения в силу

В ходе предварительного рассмотрения установлено, что Ваши действия в период исполнения служебных обязанностей содержат признаки нарушения регламента управления подразделением, выразившиеся в намеренном отдании заведомо неверных приказов, которые могли привести к срыву операции и поставить под угрозу выполнение боевой задачи, а также безопасность личного состава

В связи с вышеизложенным, в отношении Вас инициировано делопроизводство по факту возможного превышения должностных полномочий и действий, несовместимых с уставными требованиями службы

Обращаем Ваше внимание, что все ранее присвоенные служебные достижения и поощрения подлежат пересмотру до окончания разбирательства. До вынесения окончательного решения комиссии Ваш статус был понижен до ""Корги"", в силу чего ваши владения, переданные под ваше непосредственное подчинение, как ""Альберту Доберману"" будут переданы в распоряжение человека, что займёт вашу должность в ближайшем будущем

Так-же наш аппарат обязуется уведомить Вас, что в данный момент нет подтверждения выдвинутым обвинениям в вашу сторону, в силу чего вы продолжаете являться свободным гражданином в новой должности, от чего обязуетесь посетить ваши владения, как аристократа, приводя те в порядок

Больше информации вы можете запросить, через ближайшее здание местного самоуправления.

С уважением, казначейство Баскервиль

⠀⠀ ⣠⣾⣿⣿⣿⣿⣿⣿⣿⣿⣿⣿⣿⣿⣿⣿⡿⣿⣿⣷⡄
⠀⢀⣼⣿⣿⣿⣿⣿⣿⣿⣿⣿⣿⣿⣿⣿⣿⡿⠋⠀⢸⣿⣿⣿⣆
⠀⣾⣿⣿⣿⣿⣿⣿⣿⣿⣿⣿⣿⣿⣿⣿⣟⠁⠀⠀⢸⣿⣿⣿⣿⣆
⢰⣿⣿⣿⣿⣿⣿⣿⣿⣿⣿⣿⣿⣿⣿⠟⠁⠀⠀⠀⢸⣿⣿⣿⣿⣿
⢸⣿⣿⣿⣿⣿⣿⣿⣿⣿⣿⠿⠿⠋⠀⠀⠀⠀⠀⠀⢸⣿⣿⣿⣿⣿⡇
⢸⣿⣿⣿⣿⣿⣿⣿⠟⠉⠀⠀⠀⠀⠀⠀⠀⠀⠀⣠⣿⣿⣿⣿⣿⣿⣿
⠸⣿⣿⣿⣿⣿⡿⠃⠀⠀⠀⠀⠀⠀⠀⠀⡀⠀⣸⣿⣿⣿⣿⣿⣿⣿⣿
⠀⢻⣿⣯⡙⠉⠀⣠⠀⠀⠀⠀⢠⣿⡇⢠⡇⢰⣿⣿⣿⣿⣿⣿⣿⣿
⠀⠀⠻⣿⣿⣿⣿⠀⣠⡶⢀⣤⣿⣿⣧⠘⠟⠈⠛⢿⣿⣿⣿⣿⠏
⠀⠀⠀⠙⢿⣿⠇⢰⣿⠇⠘⠋⠉⠁⠀⠀⠀⠀⠀⠀⢻⣿⠟⠁",,
"2026-05-12,14:07:12",samin__,#0,"<@&1503427050214785066>  в поисках лучшей жизни пыталась найти пристанище, достойное своему прекрасному уму, что уж точно не должен был прозябать в глуши с каким-то там старпёром. Свободолюбивая девушка хотела побыстрее вырваться на волю, чтобы рухнуть в новую клетку, надеясь что та будет хотя бы с позолотой, от чего будучи проездом в небольшом городке, в близь столицы зазевалась, оставляя свои вещи на столике, чтобы занять место, пока та делает заказ. Будет излишне говорить, что по возвращению та нашла самое ненужное, что у неё было, а именно результаты своих знаний. Чертежи, формулы, грамоты и не намёка на деньги и иные вещи. Даже запасную одежду и ту стащили!

Не придумав ничего лучше, чем просто пойти на поиски воришек, наивная девушка побывала везде, на удивление разве что не попав в рабство. А нет, она наконец сообразила сообщить страже о пропаже, от чего те сразу потребовали документы, которых у той РАЗУМЕЕТСЯ не оказалось, делая её по сути бесправной. Подумав что к ним пристаёт сбежавшая рабыня, стражники разумеется решили что лучше скрутить её на всякий, чем заниматься поиском ""несуществующих документов""

В этот момент мимо и проходил <@&1503425579687477329> , что глубоко погружённый в свои мысли, только после выписки из госпиталя направлялся в здание местного самоуправления, чтобы разобраться что ему вообще дальше делать по жизни?",,
"2026-05-12,14:18:37",biok_ymer,#0,"—Эдвард—
|-----------------------------------------------------------------------------|
Не меняясь в своем поклоне, тот принялся аккуратно подбирать слова. Он знал что за любую его ошибку пострадает его наставники из его дома, отчего он боялся лишний раз что-либо говорить и делать:
|-----------------------------------------------------------------------------|

—Я..к...Рад вас приветствовать господин Симой Ротвейлер... Меня зовут Эдвард и я в данный момент не был удостоен фамилии, ведь до сей поры обучался без господина...

/Закончив свое жалкое представление тот встал по стойке смирно, нервно убрав руки за спину и теребя пальцы./

|-----------------------------------------------------------------------------|",samin__#0,samin__#0
"2026-05-12,14:33:47",biok_ymer,#0,"—Альберт Дарси—
|-----------------------------------------------------------------------------|
Мужчина только стал приходить в себя после потери руки и глаза. Несколько суток парня было потрачено на жалкое отлеживание, что ему не сильно нравилось, учитывая что перевороты главного семейства могли продолжиться без его внимания, однако как только тот почувствовал, что может продолжить службу того вновь удивили известием, что его служба более не нужна, отчего тому не осталось ничего другого как принять приказ руководства выше. Он бы мог попытаться оспорить данное решение, однако для человека рождённым с серыми правами, его слова незначило совершенно ничего, даже с его бывшими заслугами... Понимая этот факт тот аккуратно закрыв письмо принялся одевать свой коиендаский мундир... Что же, видно это был последний раз когда он в нём гордо ходит, видно придется прикинуть чего-то другого. Поправляя свою непривычную для него искусственную руку, тот устало выдохнув направился на выход, по пути поблагадорив доктора оставляя за своё лечение приличную сумму. Тот всегда ценили мастеров своего дела, отчего не видел ничего зазорного поощрять простых людей, что добились высокого положения и навыка своими силами.

Как только он закончил дела в больнице тот в спокойной и размеренной походке направлялся в сторону здания управления, однако по пути заметил весьма странную картину. Девушку, что не выглядела как служанка приняли за ту, пытаясь куда-то увести, отчего тот став рядом с этой картиной, аккуратно поклонившись господам, спросил:
|-----------------------------------------------------------------------------|

—Прошу прощения за моё любопытство. Однако, не могли бы вы сказать, что у вас тут произошло? Быть может, я смогу вам помочь? Я как и вы солдат, отчего могу помочь разобраться в вашей ситуации.

/В подтверждении своих слов мужчина достал значимый знак Доберманов, подтверждая свой статус некогда важного чина армии./

|-----------------------------------------------------------------------------|",samin__#0,samin__#0
"2026-05-12,14:33:48",biok_ymer,#0,,,
"2026-05-12,16:09:04",samin__,#0,"Сверстники паренька были откровенно разного пошива, держались по разному. Сразу после Эдварда решила высказаться девочка, что всё это время стояла рядом с серьёзным и невозмутимым видом. Сделав  шаг вперёд, та поклонилась, а после быстро, но с расстановкой произнесла заученную фразу:

— Рада приветствовать вас господин Симон Ротвейлер. Моё имя - Анна Чихуахуа, почту за честь быть под вашим пристальным взором, чтобы стать лучше по имя служения молодым господам. Получила титул за множество...

Тут мужчина поднял руку, прерывая ту, от чего девочка выпрямившись, сделала шаг назад, сложив руки по швам, однако ей тут-же прилетело замечание от мужчины, что угрюмо проговорил:

— Минус балл. Я сказал представиться, а не начинать представление коему вас учили. И что значит ""стать лучше""? Как будто ты уже не готова к служению... в таком случае можешь вернуться обратным рейсом. Никогда не принижай старания тех, кто тебя учил. Всё ясно?

Девочка замялась, однако выдавила из себя:

— Ясно...

После угрюмый взгляд упал на оставшуюся двоицу, от чего девочка запаниковала, а парнишка спокойно сказал, повторяя поклон Эдварда:

— Рон, благодарю за наставления Симон Ротвейлер

Кратко и по делу. Время последней девочки, что жалась сильнее Эдварда. Та паникуя бегала взглядом по округе, боясь встречаться с кем либо, однако попыталась выдавить хоть что-то:

— Я... я... Мари... п... приятно!

Посмотрев на ту как на говно, мужчина выдохнул, разворачиваясь и уходя в сторону заднего выхода поместья, попутно говоря:

— Проследуйте за мной. И так отстаём от графика, а значит потерпеть неудобства придётся как вам так и мне. Пока идём можете задать вопросы, отвечу на что смогу, однако не рассчитывайте что ответы будут вас радовать

||Потянем время, пока ктоя не продвинется||",biok_ymer#0,biok_ymer#0
"2026-05-12,16:53:25",ktoia,#0,"— Данте —

Стоило горничной поприветствовать его в этом дурацком поклоне, он уже мысленно закатил глаза, но вслух произнёс с лёгкой усмешкой:

— Не утомила. Просто... слегка надоела.

Он махнул рукой, давая знак подняться и бегло осмотрел фасад ""Тёмной розы"".

— Какая чудная архитектура. Такая серая. Такая... давящая. Прямо праздник какой-то.

Он перевёл взгляд на Джоси.

— Что ж, наверняка внутри так же радостно. Не может же всё удовольствие ограничиваться экстерьером?

Однако тут краем глаза юноша заметил суету кучера, разбирающего ЕГО вещи и уже собрался сделать замечание по поводу того, как обращаются с его дорожным гардеробом, но краем глаза зацепил три кареты в отдалении. И ОДНА ИЗ НИХ была лучше, чем у него. Это... это что такое? Кто это лучше чем ОН?!

Негативно хмыкнув, мальчуган снова посмотрел на служанку, стараясь сохранять ровный тон, хотя внутри чутка кипело:

— Кстати... кто ещё соизволил прибыть в столь прекрасный день? Я насчитал три кареты и одна из них... заметно выделяется.",samin__#0,samin__#0
"2026-05-12,16:59:03",biok_ymer,#0,"—Эдвард—
|-----------------------------------------------------------------------------|
Парень нервно но все же с некой уверенностью стал следовать за мужчиной, попутно изучая взглядов других бедолаг. Услышав про возможность задавать вопросы, тот сказал:
|-----------------------------------------------------------------------------|

—Прошу прощения... Могу ли я узнать, что нас сейчас ждёт? Как я смею предположить, нас представят к господам, коим мы будем служить, однако это ведь не означает полного окончания обучения?

|-----------------------------------------------------------------------------|",samin__#0,samin__#0
"2026-05-12,17:41:07",ktoia,#0,"— Элла Риот —  

ДЕНЕК... денек хуже некуда. Полная амбиций девушка решила изменить свою жизнь, но попала в ПРОСАК. Она конечно не верила в удачу, бога и прочий бред, но чёрт возьми ВИДИМО СТОИЛО ВЕРИТЬ!  

Целых двадцать минут Элла словесно отбивалась словами от блюстителей закона. Хотя те, по её мнению, должны были ей ПОМОЧЬ СРАЗУ. Как она может дать документы, если ИХ УКРАЛИ? Этот простой казалось бы факт стража упорно отказывались понимать. Она махала руками, тыкала пальцем то в пустоту, то в их наглые физиономии, то в собственные грамоты, которые хоть и подтверждали её квалификацию, без удостоверения личности стоили ровно ноль. Элла сыпала терминами. Даже заикнулась про проведение расследования. С каждым непонятым словом её голос становился громче, а жесты отчаяннее. Со стороны это выглядело как спектакль одного актёра. Худенькая девушка с растрёпанными волосами и в помятой одежде отчаянно спорила с двумя здоровенными стражниками, которые судя по лицам давно устали слушать. Каждый новый аргумент Эллы они встречали без намёка на обдумывание. Наконец поняв что риторика здесь не работает, её глаза сверкнули. Она на секунду замолчала, лихорадочно соображая и выпалила почти по слогам:  

— БЮ-РО-КР-АТ-ИЯ! Тормоз! Вы закапываете себя в бумажках, пока преступники разгуливают на свободе! Неужели вы не видите, что я ЖЕ-РТ-ВА?!

Именно тут появился <@&1503425579687477329>. Заметив мужчину, который подошёл, девушка притихла и сделала шаг назад, опустив руки. ЛУЧШЕ БЫ НЕ ЗАМОЛКАЛА. В её голове всё было просто: этот взрослый галантный мужчина подошёл разобраться в ситуации и помочь Элле. Однако когда тот показал знак Доберманов и представился солдатом, глазки стали размером с бусинки, а дух испустился...

ВСЁ, КОНЕЦ. Твоя история закончилась Элличка. Лучше бы ты работала в глуши у старпера до его смерти..

Девушка замолчала и нервно переводила взгляд со стражников на господина со значком Доберманов, думая о не самом лучшем будущем. Да что уж там, все её последние пожитки посыпались из рук на пол из-за этой внезапности!",samin__#0,samin__#0
"2026-05-12,19:23:09",samin__,#0,"— Джоси —

Девушка подняв голову перевела взгляд на кареты в дали, одна из которых была запряжена лошадьми, что явно по родословной была лучше чем Данте, а после начиная вспоминать спокойно и ровно ответила:

— Отвечаю: Сегодня прибыли, господин Данте Сенбернар, госпожа Джиллиана Сенбернар, господин Джошуа Сенбернар, а так-же Ария Баскервиль. Карета как раз принадлежит леди с фамилией Баскервиль

После сказанного девушка продолжила спокойно стоять на месте ожидая пока ребёнок не соизволит пройти внутрь",ktoia#0,ktoia#0
"2026-05-12,20:49:33",ktoia,#0,"— Данте —

Данте на мгновение замер, услышав перечисление. Сенбернары - это ещё куда ни шло, ровня. Но Баскервиль? Прямая ветвь? Его брови чуть приподнялись, но он быстро вернул лицу выражение лёгкого безразличия.

— Вот оно что... Что ж, тем интереснее будет знакомство.

Он протянул руку вперёд, не скрывая любопытства, затем добавил, выпрямив спину:

— Что стоишь? Веди. Не заставляй меня ждать на пороге.

Его голос звучал ровно, без лишних эмоций, но во взгляде читалась привычная надменность. Ступать он начал не спеша, держа спину идеально ровно.

— Кстати, инструкции тебе конечно, дали?",samin__#0,samin__#0
"2026-05-12,21:27:29",samin__,#0,"— Симой Ротвейлер —

Мужчина принялся спешно отвечать на шквал вопросов:

— Верные мысли Эдвард. Вы будете прикреплены к вашим господам, однако ваше обучение будет пересмотрено. Вы будете заниматься служением вашим господам, а так-же учиться ведению дел, некоторые из вас перерасчёту средств, для разгрузки, ну и разумеется тому, что вам скажут ваши господа

Готовясь к следующему вопросу, тот замедлил шаг, однако того не прозвучало от чего тот непонимающе обернулся через плечё. Видимо кому-то было просто плевать, другая сука обиделась, от чего дулась, а третей было просто страшно спрашивать. Выдохнув, Симон проговорил:

— Эдвард... плюс балл. Следующий вопрос

В этот момент мальчик почувствовал на себе острый взгляд Анны",biok_ymer#0,biok_ymer#0
"2026-05-12,21:35:22",biok_ymer,#0,"—Эдвард—
|-----------------------------------------------------------------------------|
Парень чуть удивился положительному балу от его глупого по его мнению вопросу, но все же мимолётно улыбнувшись тот умолк и так бы и лыбился однако заметив взгляд недовольства на себе тот виновато напрягся и отвёл взгляд в сторону, предпочитая осматривать величественные коридоры. Однако гнетущая тишина в итоге выбила его из колеи и тот все же с опаской решил задать ещё вопрос:
|-----------------------------------------------------------------------------|

—Что же...С вашего позволения я хотел бы поинтересоваться касательно ещё одной темы. Вы знаете каким господам мы будем служить или же это будет частью нашей проверки квали.../чуть прикусив язык тот хмыкнул, однако продолжил:/ ээ..квалифи...кации...

/почуствовав неловкость от своей запинки, тот вновь умолк, чуть опустив голову ожидая порицания./

|-----------------------------------------------------------------------------|",samin__#0,samin__#0
"2026-05-12,21:43:02",samin__,#0,"Мужчины вообще не хотели слушать всю эту бурмолду, им даже казалось что та выдумывает слова на ходу ибо звучало уж больно складно. Как только к ним подошёл <@&1503425579687477329> те не хотели обращать на него внимания, а один из них даже схватил за руку девушку, чтобы та не убежала, ведь похоже она под шумок попыталась смыться. Однако как только тот показал кулон - мужчины отдали честь, а второй, что схватил <@&1503427050214785066> прислонил её руку к виску, вместо своей, говоря:

— Приветствуем господина Добермана!

После второй страдник опустив руку уже более спокойно сказал труся руку девушки:

— Да вот, понимаете ли... рабыня сбежала. Утверждает что документы украли, а сама изобретатель какой-то. Ещё и вырядилась... ну... сами видите как. Не переживайте мы разберёмся с этим недоразумением, не достойного ваших глаз",ktoia#0,ktoia#0
"2026-05-12,21:54:50",biok_ymer,#0,"—Альберт Дарси—
|-----------------------------------------------------------------------------|
Господин не вмешиваясь в их распри убрал жетон обратно в карман, смотря мимолётно на деву, а после на стражников слушая их доклад. Однако дослушав тот все же внимательнее оглянул девушку, а после нахмурились стал более сердито пилить стражников взглядом, говоря:
|-----------------------------------------------------------------------------|

—Вы чего творите!? Разве вы не видите её дорогие одеяния? Ах, что же, зарекаясь своим именем Альбертом Доберманом, я могу вас заверить, что данная леди не ""рабыня"". Она...ммм

/Мужчина задумчиво уставился на девушку, а после подмигнул раненым глазом, сказал вновь возвращаясь к серьезному виду:/
-Она мой казначей, что выбрался в город дабы встретить меня после выхода с лечебницы Святой Марии. А вы её перепутав с рабыней принялись измываться. Вас бы под трибунал пустить... Однако...

/Тот сделал более миловидный вид и улыбнувшись холодной улыбкой сказал:/
-Если вы её отпустите, я могу сделать вид, будто этого не было, как вы на это смотрите?

|-----------------------------------------------------------------------------|",samin__#0,samin__#0
"2026-05-12,21:59:04",samin__,#0,"— Джоси —

Приглашая жестом напыщенного ублюдка вперёд себя, та стала идти в шаге позади него, держась по левую сторону от него. На вопрос та сначала не поняла про что он, однако догадавшись, наконец из неё вытянули эмоции, от чего она с лёгким, аристократическим удивлением ответила:

— Разумеется... по ним я обязана вас уведомить, что если вы не утомились в поездке, вас будут ожидать остальные члены семьи. После вашего прибытия вам будут предоставлен выбор слуги, который будет сопровождать вас до вашей или его гибели. После небольшого перерыва и начнётся процесс подготовки к баллу",ktoia#0,ktoia#0
"2026-05-12,22:17:15",ktoia,#0,"— Элла Риот —

Это было... БОЛЬНО. Высокий мужлан стал дёргать бедную мисс Риот за руку, более того - поднял её, чтобы отдать честь, А ПОТОМ СТАЛ ТРЯСТИ. Девушка, не скрывая негодования, тихо вслух АЙКАЛА, но этот мужик видимо был лишён малейшего сострадания и мозгов. Жизнь кончена. Рабство. Что может быть ХУЖЕ? А ведь всё так хорошо начиналось...

Однако сквозь тучи наихудших мыслей Элли вдруг удивилась. Что несёт этот ДОСТОПОЧТЕННЫЙ? Он? Че? Я? Она уставилась на него с немым вопросом и отчётливым удивлением, но заметив ""знак"" спохватилась. Глазки мимолётно забегали по сторонам. В тот самый момент её отпустили. Она замерла на месте, растерянно глядя то на стражников, то на Добермана.

— Я... я-я..

Элла выпрямилась, поправила одежду и стараясь не смотреть на стражников, низко поклонилась доберману, как того требовал этикет перед высокопоставленным господином.

— Прошу простить меня, господин. Это я виновата в возникших проблемах. Отошла слишком далеко, не дождавшись вас и попала в столь неловкую ситуацию. Мне... мне очень жаль, что вам пришлось вмешиваться.

||<@478922861554302997>||","biok_ymer#0, samin__#0",biok_ymer#0
"2026-05-12,22:26:14",samin__,#0,"— Стражники —

Сказать что стражники ахуели - ничего не сказать. У каждого из них пролетело в голове как их погоны слетают одни за другим, а потом их уже ловят в качестве сбежавших рабов, а не они. От осознания этого факта - рука сама расжалась, отпуская девушку. Когда появилось окошко для ИЗВИНЕНИЙ те ИЗВИНИЛИСЬ:

— П... П... П... ПРОСИМ ПРОЩЕНИЯ! МЫ НЕ ЗНАЛИ ЧТО ВЫ СЛУЖИТЕ ТАКОМУ ЗНАТНОМУ И **ОЧЕНЬ МИЛОСТЕВОМУ** ЧЕЛОВЕКУ! СПАСИБО ЧТО ЗАКРЫЛИ ГЛАЗА НА ЭТО **НЕДОРАЗУМЕНЕЕ**. ХОРОШЕГО ДНЯ. А служба? Служба не ждёт... ещё раз благодарим... да... благодарим

После сказанного двоица из ларца, одинаковые с ебанца удалились по улице, явно пытаясь скрыть от правосудия, пока их лица не запомнили или пока дворянин не придумал

||<@&1503425579687477329> <@&1503427050214785066> ||",ktoia#0,ktoia#0
"2026-05-12,22:38:22",biok_ymer,#0,"—Альберт Дарси—
|-----------------------------------------------------------------------------|
Мужчина ухмыльнулся реакции стражи, довольный что хоть где-то он может ещё внушать ужас. После на последок глянув на девушку тот поклонился в поклоне и помохав направился дальше по улице, предпочитая больше не связываться с неизвестной для него барышней.
<@&1503427050214785066> 
|-----------------------------------------------------------------------------|",samin__#0,samin__#0
"2026-05-12,22:50:03",ktoia,#0,"— Данте —

Данте слушал, не сбавляя шага и лишь слегка повёл плечом. Услышав про остальных членов семьи, ответил:

— Понятно. Конечно, я устал. Поездка была откровенно утомительной. Но заставлять семью ждать - дурной тон. Так что веди!

— Что касается слуг... Они уже здесь? Или я должен выбирать из тех, кто встретит? Есть среди них те, кто уже служил моей семье, или все новички?",samin__#0,samin__#0
"2026-05-12,23:03:26",samin__,#0,"— Симон Ротвейлер —

Наконец услышав вопрос, мужчина хмыкнул, отвечая:

— Я лишь предполагаю как сложатся карты, не более. Всё будет зависеть от выбора. Кхм... не вашего разумеется. Информацию о каждом из вас отослали в резиденции ещё за долго до вашей отправки, так что советую просто свыкнуться с этой мыслью

||В некст посте для КтоЯ буду прописывать эту ветку дальше, на объединение||",ktoia#0,ktoia#0
"2026-05-12,23:13:44",samin__,#0,"— Джоси —

Горничная закатила глаза, услышав ответ, так чтобы её недовольство не увидели конечно же. Когда зашёл вопрос о слугах, те подошли к входной двери, от чего Джоси обогнала парня прикасаясь к ручке двери:

— В ваше поместье ещё месяц назад были направлены личные дела претендентов, от чего выбор будет проводиться между ними

После сказанного, та открыла дверь, входя внутрь повышая голос, оглашая:

— Прошу минуточку вашего благородного внимания. Прибыл Данте Сенбернар!

И как только Данте вошёл, в комнату к нему приковалось внимание всех сидящих в главном зале за одним столом. Стояло Данте начать что-то говорить вошла и вторая группа слуг, вместе с Симоном, который перебил представление Данте на полуслове, говоря:

— Ага... прибыли, тогда не будет затягивать

||<@&1503426171604570333> ||",ktoia#0,ktoia#0
"2026-05-12,23:34:07",biok_ymer,#0,"—Эдвард—
|-----------------------------------------------------------------------------|
Услышав не сильно разжованый ответ, тот продолжит молчаливый путь и как только их привели в общий зал он хлопая глазами стал осматривать высокопоставленных господ, но услышав о прибытии все же поклонился, предпочитая лишний раз не провоцировать вниманием к себе.
(Я считай скип)
<@&1503425792791547984> .
|-----------------------------------------------------------------------------|",samin__#0,samin__#0
"2026-05-13,00:50:44",ktoia,#0,"— Элла Риот —

Элла стояла, не в силах пошевелиться, пока стражники, ещё секунду назад такие грозные и непререкаемые, рассыпались в извинениях, словно их кто то переключил. Она даже рот открыла, чтобы что-то сказать, но не издала ни звука - просто смотрела, как двое здоровенных мужиков, готовых отправить её в рабство, пятятся и исчезают за углом, бормоча что-то про службу. А потом этот человек - Доберман, важная шишка, который только что спас её с помощью одной лишь демонстрации значка, вдруг поклонился ей. ЕЙ! Нищей, бездомной, почти ставшей рабыней девушке. И пошёл прочь, помохав на последок. 

Элла проводила его взглядом, полным глубокого непонимания. Она опустила глаза на разбросанные по земле грамоты, листы с расчётами - всё что осталось от её багажа. Некогда гордость, теперь просто грязные клочки бумаги. Элла присела, попыталась собрать их в кучу, но поняла, что половина уже в луже, а остальное разлетелось по ветру. Вот дрянь... пуффф... пропади оно пропадом.

Она встала, встряхнула свою накидку, глянула в спину Добермана... мимолетый затуп, а после не раздумывая больше ни секунды, сорвалась с места, побежав за мужчиной. Слегка запыхавшись и все таки догнав, проговорила:

— Господин! Господин, подождите! Мкхм... Извините! Я... я хочу поблагодарить вас! Вы... вы меня спасли, не знаю зачем, но... спасибо! М-можно вас на минутку!?",biok_ymer#0,biok_ymer#0
"2026-05-13,01:00:49",biok_ymer,#0,"—Альберт Дарси—
|-----------------------------------------------------------------------------|
Мужчина шел уже и забыл про ситуацию минутой ранее, однако девушка кою он даже толком не запомнил догнала в того надежде на... Разговор? Не особо понимая, но все же остановившись тот развернулся смотря на леди, проговорил:
|-----------------------------------------------------------------------------|

—Хм, не стоит беспокоится. Я даже не Доберман, это была ложь, ведь это уже не действительный знак, отчего вы мне и ничем не обязаны. Вы что-то ещё хотели у меня узнать?

/Парень встал ровно, держась словно некий аристократ, однако его поза напоминала больше солдатскую, нежели дворянскую, отчего тот выглядит немного угнетающе. Однако мужчина несмотря на боевую позу не особо проявлял настороженности, скорее стоя так по привычке, нежели для запугивания./

|-----------------------------------------------------------------------------|",ktoia#0,ktoia#0
"2026-05-13,01:37:09",ktoia,#0,"— Данте —  

Понимающе кивнув, когда ему сказали про претендентов, мальчуган попытался так же понимающе вспомнить, что же было месяц назад. Однако никаких личных дел он так и не вспомнил. Что ж, решение оставалось простым: выбирать из имеющегося сброда.  

Когда дверь открылась и голос Джоси огласил его прибытие, Данте выпрямил спину, расправил плечи и вошёл в зал с видом человека, который НУ ТОЧНО не просто так здесь оказался. Взгляды присутствующих устремились на него, но он не дрогнул - только чуть прищурился, окидывая комнату быстрым, оценивающим взглядом. Он уже открыл рот, чтобы что-то сказать, но тут в зал ворвалась вторая группа слуг вместе с Симоном, перебив на полуслове.... Данте на мгновение замер, потом медленно перевёл взгляд на вошедших, не скрывая лёгкого раздражения. Однако он сдержался и направился к главному столу - чтобы наконец услышать, чё куда, зачем и главное почему.",samin__#0,samin__#0
"2026-05-13,02:00:35",ktoia,#0,"— Элла Риот —

Элла замерла, услышав его слова. Не Доберман? Знак недействительный? Ложь? Она растерянно моргнула, пытаясь переварить эту информацию и на мгновение в голове всё смешалось.

— То есть... вы... солгали им?

Тут же мотнув головой, она быстро добавила:

— Впрочем неважно. Главное - вы это сделали! И вы меня спасли! Не важно, кто вы на самом деле!

Заметив его солдатскую выправку, она невольно выпрямилась, словно в ответ, но поняв что это выглядит глуповато, сняла с себя головной убор, прижала его к груди и продолжила:

— Хотя нет, важно. Кхм. Ам... Да, хотела узнать, вернее попросить, точнее поинтересоваться... А вы господин Добе... Господин, я сейчас в не лучшей ситуации. Вы наверное это поняли. Так вот можете мне немножечко помочь? С э.... бюрократией?

Понятно дело девушка понимает что просит МНОГОЕ, а хули делать? В рабство не хочется!",biok_ymer#0,biok_ymer#0
"2026-05-13,09:57:38",biok_ymer,#0,"—Альберт Дарси—
|-----------------------------------------------------------------------------|
Мужчина ничуть не изменяясь в позе и лице выслушал девушку, а после спокойно выдохнув ответил:
|-----------------------------------------------------------------------------|

—Я и сам не бюрократ, отчего врятли смогу вам помочь в этом плане. Да и если вы потеряли все документы, вы не являетесь гражданином, отчего ваши права в данный момент ниже чем ""рабы"", ведь даже у них есть документ. Отчего на вашем месте я бы постарался найти подработку, дабы накопить на новые документы. Это все, что я могу вам посоветовать на данный момент, без денег на западе многого не добиться к сожалению. Я бы мог вам одолжить некую сумму, однако сейчас у меня проблемы с заработком, отчего я не смогу вложиться в вас сейчас. Прошу прощения, но большим помочь мне вам нечем.

/Сказав мужчина устало кивнул, а после чуть наклоняясь словно поклонился, а после принялся разворачиваться, в намерении вновь вернуться к делам./

|-----------------------------------------------------------------------------|",ktoia#0,ktoia#0
"2026-05-13,11:32:06",samin__,#0,"— Симон Ротвейлер —

С неким скептиком оглядев всех присутствующих, мужчина понял что этот год дастся ему ой как нелегко. Прочистив горло, тот на удивление не стал кричать или что-то громко заявлять, говоря размеренно и спокойно, даже не выказывая должного официоза:

— Хоть и с задержкой, но раз все собрались можем начинать. Дети знатных родов, вас привезли сюда для подготовке к предстоящему балу, на котором вас представят высшему свету всего запада, а ваши фамилии, в отличии от этого момента, начнут иметь силу

— Прямо сейчас вы выберете себе слуг из числа тех, что стоит перед вами. Эти дети были буквально рождены для того, чтобы служить таким как вы, от чего в их нравах и квалификации сомневаться не приходится

— По праву старшинства титула, первой выбор предоставляется Арии Баскервиль, вам нужно время на размышления?

Девочка с фиолетовым оттенком на волосах особо не думая подняла палец, указывая на молчаливого паренька, сказала:

— Благодарю за предоставленную возможность, однако я уже сделала выбор

/Парнишка, поклонившись ответил скрывая улыбку/
— Почту за честь... госпожа Ария

Договорив, тот подошёл к столу, вставая за спиной своей новой госпожи по правую руку от неё

Симон же не оценил данный выбор отводя взгляд в сторону, говоря в слух:

— Занятный выбор, однако будет подвержен осуждению, моему в том числе, но это разговор будущих дней. Чтож, Сенбернары, ваша очередь. Надеюсь ваш выбор будет куда более осмысленным

Дав высказаться дворецкому, девочка с красными волосами сказала:

— Великолепно! В таком случае я выбираю Анну Чихуахуа!",ktoia#0,ktoia#0
"2026-05-13,11:32:07",samin__,#0,"Девочка что с завистью смотрела на спокойного парня, явно указывая на то, что это было её место сказала с весьма удручённым видом:

— Почту за честь... ... ... госпожа Джиллиана...

Подойдя к той, девушка так-же встала по правую руку от неё, сверля взглядом паренька

Остались двоя, от чего парнишка, что сидел за столом вместе с Данте вдруг обратился к нему:

— Брат Данте, что думаешь? Выбор остался не велик и один из них скажем... не лучший. Как будем выходить из этой непростой ситуации

Договорив кудряш кивнул в сторону зашуганной девочки, что понимала к чему всё идет

|| <@&1503426171604570333> можешь проскипать или мысли высказать, за тебя сейчас драка будет||",,
"2026-05-13,12:56:34",biok_ymer,#0,"—Эдвард—
|-----------------------------------------------------------------------------|
Парень спокойно себе стоял, пока давящая атмосфера аристократии чуть не подкосила ему ноги. Словно мышки загнанные в угол, они сверлили слуг взглядами, словно делясь за последний кусок хлеба. Нервно вздохнув тот уже хотел было закрыть глаза, однако увидев, что у девочки рядом с ней ситуация не лучше, аккуратно подошёл к той, стоя также как и раньше к лицом к господам и подставив руку к лицу спросил:
|-----------------------------------------------------------------------------|

—Эй, ты как? Не переживай, я тоже волнуюсь. Однако это только на первый взгляд так страшно, не съедят же они нас, верно?

|-----------------------------------------------------------------------------|",samin__#0,samin__#0
"2026-05-13,14:01:38",samin__,#0,"— Мари —

Девочка понимая серьёзность с сумбурностью сложившейся ситуации играет вообще не в её пользу разволновалась ещё больше чем прежде. Когда к той обратились, та даже дёрнулась не ожидая этого вылупившись на Эдварда непонимающим взглядом. Осознав что ту пытаются успокоить, девочка так-же приложив ладошку ко рту ответила:

— Н...нет, просто всё пошло на перекосяк и теперь одному из нас точно не повезёт. Но... а что мы можем вообще сделать...",biok_ymer#0,biok_ymer#0
"2026-05-13,15:34:45",biok_ymer,#0,"—Эдвард—
|-----------------------------------------------------------------------------|
Непонимая про что та, парень переглянувшись с толпой дабы их не поймали продолжил шептать в ладошку:
|-----------------------------------------------------------------------------|

—Почему это не повезет? Ты беспокоишься, что того кого не выберут сошлют? Тут скорее тяжелее всего тебе, ведь тебе придется служить парню, за что я и беспокоюсь, как и видео старший дворецкий. По плану мальчики должны были быть с мальчиками, а девочки с девочками, отчего и получилась такая неловкая ситуация... Даже если тебя выберут второй, ты можешь положить на меня, все же тебе сейчас тяжелее всего. А ты и мне как-нибудь поможешь, верно?

/Тот чуть улыбнулся, но не сильно сбавляя своего же напряжения и мысли о тройной переработке, тот не смог полноценно улыбнуться, с нервами./

|-----------------------------------------------------------------------------|",samin__#0,samin__#0
"2026-05-13,18:52:22",samin__,#0,"— Мари —

Девочка от проговаривая в слух своих же мыслей удручилась ещё больше, от чего опустив голову проговорила:

— Вы правы... вам же тоже говорили: ""Нежеланный слуга хуже плешивой собаки"". Возможно повезёт, а может и нет... всё зависит от господ, что сейчас обсуждают наши судьбы. Да...

Заметив что парнишка и сам на взводе, та через силу процедила улыбку, говоря тому:

— А вот вам будет проще, за вас борьба будет и... спасибо за предложение, но я справлюсь, ведь для этого меня и учили... в случае чего обращусь, спасибо...",biok_ymer#0,biok_ymer#0
"2026-05-13,20:12:59",ktoia,#0,"— Элла Риот —

Элла слушала и с каждым его словом её лицо становилось всё более растерянным. Права ниже, чем у рабов? Документов нет? **Даже одолжить не может**? Она открыла рот, хотела что-то сказать, но тот потом принялся разворачивается!!! 

> ТАК ЭЛЛИ это твой ЕДИНСТВЕННЫЙ спасательный круг из возможных! Я даже город не сумею покинуть не попав в РАБСТВО. Если этот одноглазый уйдет то все... КАПУТ.

С такими мыслями девушка спахватилась и хватанула того за рукав. Начиная наваливать:

— Постойте. Вы... вы не можете просто так уйти! Нет можете, но... Ам....

Взглянула на свою руку и перестав держать того за рукав, завела эту самую руку за спину. Продолжая тараторить:

— Я... я не прошу денег. Я прошу... ..... ну, не знаю... дайте мне шанс? Я могу работать! Я умею считать, чертить, чинить,  да я вообще что угодно делать умею! Мне просто... просто нужен кто-то, кто поручится за меня, на время. Хоть немного. Я-я понимаю, у вас свои проблемы. Просто... я не знаю, куда мне теперь идти без ничего, даже весточку отправить не могу...",biok_ymer#0,biok_ymer#0
"2026-05-13,20:49:55",ktoia,#0,"— Данте —

Данте наблюдал за происходящим с видом человека, который уже всё решил, но пока делает вид, что обдумывает. Первый выбор прекрасной Арии **БАСКЕРВИЛЬ** его УДИВИЛ - она без колебаний взяла парня? Что ж, хорошо... А вот когда Джиллиана перехватила Анну, его бровь чуть заметно дёрнулась. Вот же... Это он хотел взять Чихуяхуя себе! Возмутительно!

Он перевёл взгляд на оставшийся сброд: перепуганная девчушка и собранный парень. Да... ну и бред. И именно в этот момент к нему обратился братец! Данте перевел глаза на БРАТА, в котором не скрывалось легкое раздаржение.

— Брат Джошуа. Ты, кажется, сомневаешься... Но я, пожалуй, затягивать не буду. Ведь сомнения путь в лужу...

Он откинулся на спинку стула, окинув парня нарочито пренебрежительным взглядом, но внутренне уже принял решение. Девчонка выглядела так, будто её вот-вот хватит удар. А этот... хотя бы не трясётся.

Данте кивнул в сторону парня

— Я выбираю его... Вид у него достаточно собранный, чтобы не позорить моё имя и семью на людях. Остальное покажет время.

Он перевёл взгляд на Джошуа, чуть прищурившись.

— Надеюсь, брат, ты не против такого расклада. Или у тебя есть возражения?",samin__#0,samin__#0
"2026-05-13,21:32:19",biok_ymer,#0,"—Эдвард—
|-----------------------------------------------------------------------------|
<@&1503425792791547984> 
Удручённо выдохнув парень кивнул на слова парня, а после на последок шепнул девушки рядом:
|-----------------------------------------------------------------------------|

—Что же, удачной службы... Держи лицо и со временем страх уйдет... Наверное.

/Договорив свою недоречь, мальчик направился к стулу на коем расположился мальчик, встав возле него по левую сторону, ничего не говоря и нервно стоя, словно он ну НЕ ВОЛНУЕТСЯ ЧТО СТОИТ С КЕМТО ВАЖНЕЕ ВСЕГО ЕГО РОДА./

|-----------------------------------------------------------------------------|",samin__#0,samin__#0
"2026-05-13,21:40:23",biok_ymer,#0,"—Альберт Дарси—
|-----------------------------------------------------------------------------|
Мужчина не стал сопротивляться своей остановки, но все же не понимал настойчивости барышни. Да ситуация не сахар, но если останавливаться перед каждым бедолагой у того и самого ничего не останется, однако выслушав речи девушки тот все же выдохнув, но все также не разварачиваысь, спросил:
|-----------------------------------------------------------------------------|

—Работать по дому умеешь? В моих новых землях скорее всего тот ещё бедлам, отчего предположу, что у меня не будет денег нанять высококлассных служанок, отчего твоя помощь в разгрузке была бы весьма кстати. Уборка, стирка, готовка. Базовая работа, плата будет в соответствии с качеством работы за каждый месяц, как ты на это смотришь?

|-----------------------------------------------------------------------------|",ktoia#0,ktoia#0
"2026-05-13,22:48:25",ktoia,#0,"— Элла Риот —

Уборка? Стирка? Готовка? Она - инженер, изобретатель, человек, который разбирается в механизмах и чертежах, а не в том, как вывести пятна с белой рубашки! Она уже собралась было возразить, но в голове что-то щёлкнуло. 

Девушка ответила твёрдо:

— Да, Да согласна.

Она тряхнула головой, прогоняя сомнения и быстро заговорила, чтобы он не передумал:

— Я согласна! Уборка, стирка, готовка - я всё умею. Ну... может, не всё, но я быстро учусь! Очень быстро! И я не ленивая, и руки у меня говорят оттуда, откуда надо, и... в общем, я справлюсь.

Она сделала шаг ближе и постаралась придать лицу самое ответственное выражение, на которое была способна.

— Элла Риот. И я не подведу.......

Она замолчала и просто ждала его вердикта.",biok_ymer#0,biok_ymer#0
"2026-05-13,23:36:13",biok_ymer,#0,"—Альберт Дарси—
|-----------------------------------------------------------------------------|
Воевода устало глянул на ту, а после делая себе мысленную заметку повернулся обратно продолжая путь и говоря:
|-----------------------------------------------------------------------------|

—Что же, выходит ты принята, поздравляю. А теперь нам следует передислоцироваться в Место Самоуправления, нужно выяснить куда нам вообще держать путь. Надеюсь вы не против прогулки.

|-----------------------------------------------------------------------------|",ktoia#0,ktoia#0
"2026-05-13,23:54:12",ktoia,#0,"— Элла Риот —

Элла едва сдержала облегчённый выдох. Принята. СЛОВА не передают как ей это было нужно!

— Не против. Я к долгим прогулкам привычная!

Вопросы конечно были, однако тот не выглдяил достаточно дружелюбно чтобы на те отвечать, по сему она их придержит. Не хотелось показаться назойливой с первых же минут. Надев шапку обратно сказала:

— А вы... как мне вас называть? Просто... я не хочу нарушать субординацию, но и перебарщивать с титулами - тоже.

Топ-топ за Альбертом.",biok_ymer#0,biok_ymer#0
"2026-05-14,00:24:14",biok_ymer,#0,"—Альберт Дарси—
|-----------------------------------------------------------------------------|
Мужчина идя неторопливой походкой в сторону весьма мало заметного здания, что уже оказалась в поле зрения сказал:
|-----------------------------------------------------------------------------|

—Альберт Дарси Корги. Фамилию Корги следует использовать по этикету, однако представляя меня моя шалость с знаком может не сработать, отчего зовите меня по фамилии рода Дарси, мисс Элла.

/После сказанного тот остановился у двери и аккуратно постучав в то, не долго ожидая ответа вошёл внутрь, осматриваясь в поиске ""свободного человека"". <@478922861554302997> ./

|-----------------------------------------------------------------------------|","samin__#0, ktoia#0",ktoia#0
"2026-05-14,10:08:26",ktoia,#0,"— Элла —

Элла шла следом, стараясь не отставать и одновременно разглядывать здание, к которому они направлялись. Оно оказалось куда скромнее, чем ожидалось. 

— Хорошо, господин Дарси.

Коротко кивнув и сделав мысленную пометку, замолчала.

Когда Альберт постучал и вошёл, Элла на секунду задержалась на пороге, оглядывая помещение. Она не знала, кого именно ищет её спутник, поэтому просто встала чуть позади, сложив руки перед собой, как примерная помощница и стараясь не привлекать к себе лишнего внимания.",biok_ymer#0,biok_ymer#0
"2026-05-14,10:22:35",samin__,#0,"— Симон Ротвейлер —

Обомлев от ""находчивости"" своего брата, Джошуа приоткрыв рот видел как всë решается и вовсе без его участия. Быстро опомнившись тот ухмыльнулся, выдавливая самую не искренюю улыбку, которую только мог, а после сказал:

— Конечно брат Данте, я как раз хотел подставить тебе своë плечë в этом нелëнком деле. Как хорошо что мы поняли друг друга...

Мари так-же молча подошла к своему новому господину, робко вставая подле него

Кивнув хоть на такой выбор, Симон что за свою практику не видел подобного наконец понял что ему предстоит сделать, дабы не попасть в просак, от чего кивнув на выборы недовольно проговорил:

— Раз выбор сделан, можете быть свободны. Чуствуйте себя как в своих резеденциях, ведь в этих стенах вы проведëте ближайший год, до дня балла

Развернувшись в сторону одного из коридоров, мужчина чуть повысив голос проговорил:

— Ария, Джошуа, Рон, Мари. Проследуйте за мной, нам необходимо пересмотреть рамки, дозволенные вам в этих стенах

Цикнув Джошуа резко встал со стула, чуть ли не задевая свою служанку, поспешно удоляясь за дворецким, тихоня не зная как реагировать потупив пару секунд, озираясь по сторонам побежала нагонять кудряша. Прямая кровь же на потив, тихо и мирно встав со стула с помощью паренька направилась в след за своими же проблемами

Ноунейм же ничуть не сомневаясь встала со сноего стула, чуть ли не проваливаясь ниже стола, со слегка игривой походкой направилвсь вверх по леснице, говоря своей слуге:

— Ну чтож дорогуша, пойдëм. Расскажешь мне всë что знаешь и решим что бы нам такого делать тут це-е-елый год!

Оставив на едине двух ебланчиков, собрание закончилось, не успев начаться

|| Можете просто начать общаться, а можете куда-то переместиться, строение, комнаты, что придумаете то и будет, так что тут я не сдерживаю <@&1503425792791547984> <@&1503426171604570333> ||",biok_ymer#0,biok_ymer#0
"2026-05-14,11:04:27",samin__,#0,"С порога стало понятно, что это именно то чем и является. Здание полное бюрократии и кучи бесполезно потраченных часов в довольно спокойном местечке, отдалённом от разборок аристократов, что любили кичиться своей собачьей родословной, сами ничего из себя не представляя

Как только дверь открылась, двоица увидела скромное убранство с кучей стеложей и изрядно уставшим пареньком, что сидел за столом, лицо которого скрывала груда бумаг. Услышав открывшуюся дверь и почувствовав дуновения свежего воздуха, парень наклонился, аккуратно выглядывая из-за стопки бумаг, а после спокойно говоря как будто автоответчик:

— Здание местного самоуправления восьмого округа Павлова, чем обязан?

||Да, округи тут носят названия тех, кому принадлежат и естественно воякам дают территорию, подвластную самому титулованному военному||

||<@&1503427050214785066> ||",biok_ymer#0,biok_ymer#0
"2026-05-14,12:27:35",ktoia,#0,"— Данте —

Данте проводил взглядом удаляющуюся процессию, не скрывая лёгкого раздражения. Все они куда-то движутся, а он остался сидеть за столом, как какой-то... как какой-то гость, а не хозяин положения! Из-за чего паренёк откинулись на спинку и закинув ногу на ногу сказал:

— Ну и отлично. По крайней мере, никто не будет дышать в затылок.

Он перевёл взгляд на парня, что стоял за его спиной. Мда.... Выбор не лучший. Продолжая разглядывать нового слугу с головы до ног, Данте проянул:

— Так. Ты теперь мой. Мх... Чтож.

Он встал, поправил воротник и бросил коротко:

— Веди. Покажешь покои где там меня поселили на билайжий год. И по пути расскажешь, как тебя зовут, чем ты полезен и почему я не должен пожалеть о своём выборе.

Данте уже направился к выходу из зала, не оглядываясь, уверенный, что слуга пойдёт следом.

||<@&1503426171604570333> ||",samin__#0,samin__#0
"2026-05-14,13:25:37",biok_ymer,#0,"—Эдвард—
|-----------------------------------------------------------------------------|
Лишь минуты общения с парнем хватило чтобы понять, что тот не может составить слова со своими действиями. Он приказал вести его, при этом сам поиграл в переди. А если учитывать тот факт, что слуги как и он прибыли в этот особняк впервые, так он ещё и был весьма глуп... Подумал бы парень, однако не стал, молча следуя за парнем, немного нервно посматривая на того, говоря:
|-----------------------------------------------------------------------------|

—Да... Меня зовут Эдворд, был воспитан с рождения услужливости, отчего надеюсь со мной у вас не будет проблем. Я ммм, быстро учусь! А также ммм, сказал бы наблюдателен. Я также обучался этикету, ведению бесед и математики с ранних лет, отчего надеюсь смогу стать достойно вас опоры... И...наверное это всё...

|-----------------------------------------------------------------------------|",ktoia#0,ktoia#0
"2026-05-14,13:30:49",biok_ymer,#0,"—Альберт Дарси—
|-----------------------------------------------------------------------------|
Мужчина подождать приветствия и сам чуть наклонился, говоря:
|-----------------------------------------------------------------------------|

—Я являюсь господином Альбертом Дарси Бернаром. Однако ныне был перемещен к роду Корги, отчего не стоит так пугаться. Мне сказали узнать подробности тут, а также те земли, что ныне мне присвоили.

/Закончив свою мысль, мужчина размеренным шагом подойдя к столу достал из под одеяний вскрытое письмо с гербом, что положил на стол возле паренька. После же заметив краем глаза непонимание девушки, показал рукой на неё:/
-А это моя помощница, она со мной, не переживайте.

|-----------------------------------------------------------------------------|",samin__#0,samin__#0
"2026-05-14,17:53:30",ktoia,#0,"— Данте —

Данте слушал, не сбавляя шага и лишь изредка бросал короткие взгляды на нового слугу. Когда Эдвард закончил, парень чуть приподнял бровь и усмехнулся с явным превосходством.

— Мх... ну-ну. Это не навыки, это низшая база. Минимум, который должен быть у каждого, кто претендует на роль моего слуги.

Он остановился, повернулся к Эдварду и вновь окинул его взглядом:

— Ты сказал, что быстро учишься. Прекрасно. Тогда вот тебе первая задача: найди и отведи меня в мои покои. 

Данте не ебет что Эдвард тут тоже первый раз.",biok_ymer#0,biok_ymer#0
"2026-05-14,19:41:04",biok_ymer,#0,"—Эдвард—
|-----------------------------------------------------------------------------|
Не долго думая мальчик потупив пару секунд глазами стал искать по коридором и заприметив первого стоечного прислугу подошёл к нему, спрашивая( <@478922861554302997> ):
|-----------------------------------------------------------------------------|

—Прршу прощения, а вы не могли бы подсказать в какой стороне покои господ?

|-----------------------------------------------------------------------------|","samin__#0, ktoia#0",ktoia#0
"2026-05-14,19:54:17",samin__,#0,"На удивление прислуги в этом поместье было не сказать что мало, было ощущение что её и вовсе не было, за исключением работающих во дворе и парочки горничных, что шастали то туда, то сюда. Как раз к одной из них и решился обратиться парень. Удивлённо посмотрев на паренька, та указала на лестницу, что вела на второй этаж:

— Все покои молодых господ находятся на втором этаже поместья. Северное ответвление для господ, а южное для дам

Разумеется служанка так-же указала где какое ответвление, чтобы даже ребёнку было понятно",biok_ymer#0,biok_ymer#0
"2026-05-14,20:03:14",samin__,#0,"Парнишка с весьма скептической долью во взгляде осмотрел двоицу, а после взяв письмо в руки стал то читать. Пробежавшись по моментам, которые того интересовали, парнишка ответил:

— Так вы господин Альберт, вы у нас что-то вроде легенды. ""Призрачный аристократ"", что даже носом не пересекал границу собственных угодий, рад что не ушёл на пенсию и увидел ваше лицо, будет что сменщику рассказать...

Лениво зевнув, парень потянулся за картой, распластав ту поверх стопок бумаг, а после начал искать нужную точку, говоря под нос:

— 20а на 15б... округ гамма... о, вот прямо тут

/Ткнув на карту, тот продолжил/
— Отдалённая деревенька, входящая в состав ваших прошлых владений, разумеется под юрисдикцией господина Кросса Баскервиль. У вас остались вопросы?",biok_ymer#0,biok_ymer#0
"2026-05-14,20:26:24",biok_ymer,#0,"—Эдвард—
|-----------------------------------------------------------------------------|
Выслушав подробное объяснение парень кивнул а после благодаря служанку направился по сказанному ей направлению, останавливаясь у комнат, пытаясь понять, а какая из них Данте... Не долго думая, тот дёрнул за случайную дверь, с любопытством аккуратно просунув голову.
|-----------------------------------------------------------------------------|",samin__#0,samin__#0
"2026-05-14,20:32:10",biok_ymer,#0,"—Альберт Дарси—
|-----------------------------------------------------------------------------|
Посмотря на карту, мужчина отдаленно стал вспоминать те просторы, как минимум он помнил, что там пару раз проходили караваны с провизией. Понимая, где это место мужчина аккуратно свернув в корвет спрятал письмо, чуть поклонившись, говоря:
|-----------------------------------------------------------------------------|

—Не думаю что в чем-то большем вы сможете мне помочь, отчего я рад что смог узнать свой нынешний путь. Перед тем как я отправлюсь в путь, вы не знаете кто мог быть ответственным, за данное решение? Хотя, лучше спрошу другое, вам известно что-то о этих землях? Не хотелось бы уйти сломя голову, если я вас конечно не отвлекаю своим любопытством.

|-----------------------------------------------------------------------------|",samin__#0,samin__#0
"2026-05-14,20:45:59",samin__,#0,"Перед глазами паренька предстали царские хоромы. Стразы, бархат, золото и хрустали буквально испепеляли глаза обычного паренька, а ковры кажется стояли дороже чем его шкура на них вообще можно наступать?

Посередине комнаты стояли чемоданы в особо крупном количестве. И вот как понять та ли это комната?",biok_ymer#0,biok_ymer#0
"2026-05-14,20:47:47",biok_ymer,#0,"—Эдвард—
|-----------------------------------------------------------------------------|
С опаской поглядя на комнату, тот открыл дверь говоря и одновременно спрашивая:
<@&1503425792791547984> .
|-----------------------------------------------------------------------------|

—Эм господин... Это ваши вещи? Если да, то кажется я нашел вашу комнату...

|-----------------------------------------------------------------------------|",samin__#0,samin__#0
"2026-05-15,11:20:09",ktoia,#0,"— Данте —

Данте взглянул на вещи, потом на Эдварда. Он понятия не имел, его это или нет - ибо не он их паковал. Но… м-м-м… выглядят дорого. Значит, его! Да и вроде эти чемоданы Кучер вытаскивал...

— Соображаешь.

/Бросил он, проходя мимо слуги и входя внутрь, замер./

Комната оказалась… неожиданной. Даже для него. Полы укутаны невообразимым ковром, стены украшены резными панелями с позолотой. Тяжёлые бархатные шторы на высоких окнах. Перед окном - массивный письменный стол.... 

Он медленно прошёлся по комнате, оглядываясь, как кот, внезапно обнаруживший, что ему досталась самая лучшая лежанка...

— Да. Это определённо моя комната.

Но тут паренёк вспомнил что у него ТОЧНО не самые лучшие покои и слегка прихмурился, но тут же отбросил эти мысли.

Подойдя к бархатному дивану бесик расположился на нем, облакотив руку на подлокотник, слега приподнял взгляд выше.

— Год до балла... Да... Бездельничать не получится. Хм... Или...

Тут его взор опять зацепился за слугу, из-за чего он вышел со своих мысленных облаков и сказал.

— Чего стоишь? Вещи пока разбери, только смотри чтоб всё было в целости. Да и не нервничай так.",biok_ymer#0,biok_ymer#0
"2026-05-15,13:29:19",biok_ymer,#0,"—Эдвард—
|-----------------------------------------------------------------------------|
Распоковать вещи казалась простым действием, однако как выполнить приказ ""не нервничать""? Не долго думая об этом тот прикрыв за собой дверь подошёл к вещам и открывая чемоданы с сумками стал распоковывать их содержимое наружу. Пока он был занят делом, тот и вправду не особо нервничал, но комната явно давила на него своим ""шармом"".
|-----------------------------------------------------------------------------|",ktoia#0,ktoia#0
"2026-05-15,15:43:36",samin__,#0,"Тяжело выдохнув, парнишка недовольно пробормотал себе под нос:

— Ну разумеется отвлекаете...

/Сев на стул, тот вновь уткнулся в бумаги, говоря в ответ/
— Обычная деревня с населением немногим более 500 человек, хотя сейчас скорее всего меньше. Занимается скотоводством и земледелием, будучи на самообеспечении с продовольственной стороны вопроса. Тихое местечко если так смотреть, только время от времени доносятся слухи что они в лес боятся ходить... суеверные в общем

Договорив, парень вновь сел за работу, коей похоже было не мало. Бюрократия не щадит никого...",biok_ymer#0,biok_ymer#0
"2026-05-15,16:02:57",biok_ymer,#0,"—Альберт Дарси—
|-----------------------------------------------------------------------------|
Услышав хоть что-то мужчина кивнул, а после направляясь на выход стал вслух проговаривать:
|-----------------------------------------------------------------------------|

—Суеверные значит... Не существует слухов без почвы...

/Чуть задумавшись тот вышел из здания, а после стал искать где можно было бы найти Кучера на найм, попутно говоря уже <@&1503427050214785066> :/
-Что же, ты все слышала. Как понимаешь не в роскошных условиях будешь прибывать, все ещё согластна?

|-----------------------------------------------------------------------------|",samin__#0,samin__#0
"2026-05-15,17:48:54",ktoia,#0,"— Данте —

Данте наблюдал, как Эдвард возится с вещами и постепенно его взгляд становился всё более задумчивым, а после тот сказал:

— Эдвард. Ты видел других господ. Арию Баскервиль, Джиллиану, моего братца Джошуа. Что ты о них думаешь? 

Он выдержал паузу, затем добавил, чуть понизив голос:

— И ещё. Ты рад, что выбрал тебя именно я? Или надеялся на другого хозяина?

Данте откинулся на спинку дивана, положив ногу на ногу и уставился на Эдварда с выражением, которое трудно было назвать доброжелательным.",biok_ymer#0,biok_ymer#0
"2026-05-15,19:06:20",biok_ymer,#0,"—Эдвард—
|-----------------------------------------------------------------------------|
И вот спокойствие. Парень стал находить что-то метатадивное в простом распоковывании вещей. Это поистине расслабляло! И вот он уже даже радостно открывая новую порцию вещей, как его окликнули и... Спросили мнение!? Чё это...? Тот и незнал, что у него будут права даже открывать лишний раз род, с господами столь высокого ранга, а тут МНЕНИЕ. Чуть с испугом посмотря на Данте, тот думал как вежливо отклонить вопрос, однако ничего не придумав, стал мямлить ответ:
|-----------------------------------------------------------------------------|

—Д..да, видел... Они? Ну... Дети высшего слоя общества... И ну... Держат лицо, я пологаю? Мм, сложно сказать, но думаю вы как и они с детства учились держать все в себе, отчего мне сложно оценить вас как людей... Хм ну а по поводу вас я не могу знать худший или лучший это вариант для меня, прошу простить...

|-----------------------------------------------------------------------------|",ktoia#0,ktoia#0
"2026-05-15,22:15:10",ktoia,#0,"— Элла —

Да, девушке говорили, что на новых землях бедлам и всякое такое. Но чтобы это была та ЕЩЁ ДЫРА - такого ожидания не было. Она только вышла из ЕБУЧЕЙ ДЕРЕВНИ, чтобы попасть в ЕЩЁ БОЛЕЕ ЕБУЧУЮ ДЕРЕВНЮ. От этого факта она впала в мысленную кому до конца разговора. Лишь когда Альберт начал двигаться к выходу, она опомнилась и развернувшись, пошла за ним. А когда на улице прозвучал вопрос, Элла дёрнулась, повернула голову и кажется только сейчас осознала масштаб трагедии.

— Деревня... дееерееевня..

Она остановилась и прижала ладони к вискам.

— Как я могла так всё упустить?! Я из одной дыры выползла, чтобы закопаться в другую, но уже по собственному желанию?! Это... это просто праздник какой то! Парад самоиронии!

Она зажмурилась, постояла пару секунд, потом выдохнула и опустила руки.

— Ладно.

Элла подняла глаза на Альберта и закончила уже спокойнее:

— Да...... Деревня так деревня.",biok_ymer#0,biok_ymer#0
"2026-05-16,23:36:23",biok_ymer,#0,"—Альберт Дарси—
|-----------------------------------------------------------------------------|
Мужчина увидя повозку, что стоит на месте и не увидя внутри людей предположил, что она свободно и стал искать Кучера( <@478922861554302997> ), отвечая девушке:
|-----------------------------------------------------------------------------|

—Прошу прощения, но как вы понимаете у меня ситуация не лучше. Но раз уж вы стали моей прислугой, постараюсь вам сделать условия лучше, чем были ранее. И вы кстати разбираетесь в механике? Было бы славно, чтобы вы осмотрели мой протез, ведь я в нём не особо разбираюсь, а доктора сказали что со временем привыкну к нему, однако мне кажется, что там явно что-то не так...

|-----------------------------------------------------------------------------|","samin__#0, ktoia#0",ktoia#0
"2026-05-17,00:33:03",ktoia,#0,"— Данте —

Данте выслушал ответ с каменным лицом. Когда Эдвард замолчал, он чуть прищурился и медленно произнёс:

— ""Не могу знать худший или лучший""?

Он слегка наклонился вперёд, опираясь локтем о подлокотник.

— Это, знаешь ли, самый дипломатичный ответ из возможных. И самый бесполезный.

Он откинулся обратно и уставился в потолок.

— Я не спрашивал, кто из нас лучше или хуже. Я спросил - что ты думаешь. А ты ответил так, будто боишься, что я отрублю тебе голову за лишнее слово....

Данте замолчал на секунду, потом добавил:

— Ладно. В первый раз прощается. Но запомни: если я спрашиваю твоё мнение, значит, оно мне действительно нужно. Не бойся ошибиться - бойся врать. Или увиливать.

Он положил ногу на ногу и продолжил, чуть смягчив тон:

— Так что давай ещё раз. Что ты заметил? Кто на кого смотрел? Кто выглядел уверенно, а кто как ты сейчас, когда я задал вопрос? Мне важно понимать, с кем я буду иметь дело в ближайший год.",biok_ymer#0,biok_ymer#0
"2026-05-17,00:46:37",biok_ymer,#0,"—Эдвард—
|-----------------------------------------------------------------------------|
Мальчик вновь озадачился задачей, что ему дали. Честно говорить о своем мнении иначе казнят? Тот взглотнул, после чего уведя взгляд в сторону стал отвечать:
|-----------------------------------------------------------------------------|

—Кхм ну... Если вам нужно мое честное мнение, то все из детей аристократов выглядели уж очень скрытно... Отчего я не могу оценить их... Одна девушка словно на своей волне, вторая закрытая, что не вышло прочитать. И парень, словно как вы но более хм... На веселе? Я бы сказал, он более выреженно показывает эмоции. Слуги же если не считать меня девочка, что попала господину помимо вас была более нервной чем я. Также молчаливый и скрытный парень, что к такой же господе попал и заносчивая девочка, что добилась фамилии и явно считает себя выше нас... На этом всё... Я утолил, ваше любопытство?

|-----------------------------------------------------------------------------|",ktoia#0,ktoia#0
"2026-05-17,01:18:07",ktoia,#0,"— Элла —

Элла глянула на Альберта, потом на его лицо и сказала:

— Да... я понимаю. Наверное. Конечно, я благодарна, что вы так говорите, но мою израненную, сожжённую, истоптанную, уби... в общем, да - это затянется только со временем... Мфх...

Она опустила взгляд на механическую руку и спустя несколько секунд визуального контакта самодовольно улыбнулась. Прикрыв глаза, она указала на себя и заявила:

— А то! Вы, господин Дарси, лучше механика и не только не найдёте! Я могу всё! Хоть здание расчертить, хоть что-то придумать, хоть собрать что-то! А рука-то... уф... легкотня!

Тут девушка перестала умничать, потому что споткнулась на ровном месте и чуть не упала. Благо, удержав равновесие, она перестала жестикулировать, недовольно глянула под ноги, почесала затылок и добавила:

— В общем, как время будет - с радостью посмотрю.",biok_ymer#0,biok_ymer#0
"2026-05-17,12:03:09",samin__,#0,"<@&1503425579687477329> <@&1503427050214785066> обойдя повозку, с её обратной стороны стоял парень, что облокотившись о неё стоял и поедал остатки арбуза, явно довольный освежающей прохладой. Увидев двоицу, его взгляд сразу скользнул по стойке мужчины, задержавшись на его плечах, а после упал и на девушку, которая была явно не из этих краёв. Оценив двоицу, тот засунул остатки арбуза в рот, а после как будто только что ничего не было прислонил руку к груди немного наклонив торс в их сторону, однако пока что ничего не говорил, дожовывая то что было в его рту",,
"2026-05-18,00:22:39",biok_ymer,#0,"—Альберт Дарси—
|-----------------------------------------------------------------------------|
Чуть улыбнувшись с реакции девушки, тот заприметил парня, отчего встав в свою привычную генеральскую позу, мужчина поинтересовался:
<@&1503427050214785066> .
|-----------------------------------------------------------------------------|

—Прошу простить господин, не ваша ли тут стоит славная корета? Если это так, то к вам в меня есть дельце. Не могли вы помочь нам и привезти нас в земли ""Кросса Баскервиль"", деревня в отдалении, точные координаты по карте 20а на 15б, округ гамма.

|-----------------------------------------------------------------------------|",samin__#0,samin__#0
"2026-05-18,02:16:26",ktoia,#0,"— Элла Риот —

Элла машинально поправила съехавшую набок шапку, бросила короткий взгляд на парня, жующего арбуз и задержала его чуть дольше, чем следовало. Потом взгляд скользнул по немытой повозке, мятым рукавам извозщика. Элла не смогла сдержаться и сказала в полголоса, не скрывая скепсиса:

— Господин Дарси, а вы уверены, что этот товарищ вообще в курсе куда ехать? Может там... другого найдем...... я вообще сомневаюсь что у него карта есть.

Да! Она говорит это стоя перед извозчиком, ибо тот ей не нравится.

||<@478922861554302997> ||","biok_ymer#0, samin__#0",biok_ymer#0
"2026-05-18,11:36:14",samin__,#0,"— Айден —

Выслушав двоицу, тот наконец дожевал остатки арбуза. Как только у него появился момент, тот показал жестом один палец, а после с довольным видом пробежался вдоль повозки, заглядывая за её угол. После этого действия послышалась очередь из семечек, которыми тот определённо пытался застрелить муравьёв. Развернувшись к двоице парень вытер рукавом губы, а затем вновь прислонил руку к сердцу отвечая:

— А вы не ошиблись! Моё имя - Айден и раз уж старик Дарси выбрал меня, буду только рад довести вас. И да, не думаю что у вас есть большой выбор. Сейчас большая часть извозчиков и торговцев работают по приказу Кросса, кроме меня и ещё парочки славных парней, что ему не подчиняются

/Натянув хитрую улыбку, парень продолжил/
— Ну что~. Что думаете? Я вообще-то ещё предоставляю защиту во время поездки, и вот в этом я уж точно уникальнейший в своём роде

Горделиво приподняв подбородок, парень щёлкнул пальцем по рукояти меча, что висел у него за спиной, в каком-то странном положении, которое отличалось от того, что видел <@&1503425579687477329> 

||<@&1503427050214785066> ||",,
"2026-05-18,16:46:07",biok_ymer,#0,"—Альберт Дарси—
|-----------------------------------------------------------------------------|
Выслушав негатив со стороны <@&1503427050214785066> и слова паренька, тот с задумчивым видом посмотрел на корету, а после на положение клинка, говоря:
|-----------------------------------------------------------------------------|

—Лично я не предвзят к конфорту, отчего не являюсь проблемный клиентом и не против воспользоваться вашим добрым предложением перевезти нас, однако меня интересует ваша стойка... Неужто у вас свой стиль владения меча? Он отличается от гвардейского, отчего этот момент меня больше заинтересовал.

|-----------------------------------------------------------------------------|",samin__#0,samin__#0
"2026-05-18,18:01:39",ktoia,#0,"— Данте —  

Данте выслушал ответ, не меняя выражения лица.  

— Утолил? Максимально посредственно.  

Он глянул в окно, потом перевёл взгляд на кучу вещей, которые Эдвард ещё не разобрал.  

— Продолжай. Только аккуратно. Вещи эти не твоего уровня. И впредь старайся формулировать мысли быстрее. Слуга должен отвечать чётко, а не быть как ты мямлей.

Данте встал с дивана, прошёлся по комнате, затем обернулся к Эдварду и добавил с лёгкой усмешкой:  

— В конце концов, запоминай: ты служишь не кому-то, а МНЕ. А это, знаешь ли, совсем другой уровень ответственности. Так что в следующий раз, когда я спрошу - отвечай так, будто от твоих слов зависит жизнь. Потому что так и есть.  

Он подошёл к двери, взялся за ручку.  

— К моему возвращению все должно быть вылезано и разложено до блеска.  

Он вышел в коридор и с силой захлопнул дверь, оставив Эдварда. Хм... Нужно пройтись по этой вашей Черной Розе! 

||<@478922861554302997>  ДАЙ ЧАЯ||",samin__#0,ktoia#0
"2026-05-18,18:54:58",biok_ymer,#0,"—Эдвард—
|-----------------------------------------------------------------------------|
Слушая господина и попутно переглядываясь на него, тот уловил, что его работа и вправду будет непреста. Отвечать так, словно зависит жизнь... Да он и так раньше это делал... Услышав громкий хлопок дверью тот чуть подпрыгнул, а после посмотря на одинокую дверь перевел взгляд обратно к вещам, начиная их уже раскладывать по шкафам и комодам... А разве парень не должен был сопровождать господина? Ну, приказа не было, отчего парень решил не придавать внимания данному вопросу.
|-----------------------------------------------------------------------------|",ktoia#0,ktoia#0
"2026-05-18,19:08:10",ktoia,#0,"— Элла —

Элла не поняла, к чему эти разговоры про стойку и стиль владения мечом. Для неё меч оставался просто куском металла - острым, тяжёлым и не особо интересным. Можно конечно наточить, почистить, в конце концов - перековать. Но обсуждать, как именно им махать? Это уже за пределами её компетенции.

Она перевела взгляд с мужчин на повозку. И кажется пожалела об этом.

Колёса явно знавали лучшие времена, дерево кое где потемнело от влаги. Да и вся карета, **по мнению Элли**, держалась скорее на привычке, чем на надёжности.

Элла молча скрестила руки на груди. Ей очень хотелось сказать что-то, но она сдержалась. Она просто стояла чуть поодаль, очень косо глядя на повозку и молча ждала Альберта. Нет, вы не подумайте, она не привереда. Только чуть-чуть.

||<@478922861554302997>||","biok_ymer#0, samin__#0",biok_ymer#0
"2026-05-18,19:53:26",samin__,#0,"— Айден —

Услышав вопрос <@&1503425579687477329>, парень ухмыльнулся ложа руки на таз:

— Хм... значит я таки не ошибся. Ты из гвардейских, по тебе сразу видно, держишься ровнее ровного, даже... в твоём состоянии

/Окинув беглым взглядом протез и пораненный глаз, парень решил не заострять на этом внимание, оборачиваясь на свой меч/
— Как бы сказать... семейное мастерство. Я и сам в гвардию хотел податься, да вот только отворот поворот дали... эх... ну тем лучше. Не в обиду сказано Дарси, но вы там все

/Парень приподнял руку, слегка покрутив её в воздухе/
— Того в общем. Слишком помешанные на службе, а это было слегка не в моих планах, вот и странствую теперь

/Выгнув спину, парень потянулся, славно зевнув/
— Ладно! 20а на 15б? Это ещё что за квадраты такие? Ай ладно, разберёмся, делов то. Дорога похоже не близкая, так что залазьте, времени поболтать ещё будет немало

Договорив, парень направился к лошадям. Проходя мимо <@&1503427050214785066> , тот наклонился к ней и показал 👅 , быстро спрятав тот, начиная снаряжаться в путь. Повозка и вправду была откровенно не в лучшем состоянии и видела уже не одну сотню пассажиров, держась сносно, но на честном слове владельца, на сколько правда его слова были честны - вопрос",ktoia#0,ktoia#0
"2026-05-18,20:32:11",samin__,#0,"||Зря не сопровождаешь!||

Как только <@&1503425792791547984> вышел из своих покоев хлопнув дверью, того в ту-же секунду окатили хотя и не кипятком, но определённо горячим и весьма липким напитком. Кружка пролетела чуть мимо, разлетаясь на осколки, а поднос с дребезгом упал на пол. Естественно это была Мари, что по какой-то причине окатила знатного человека чаем

Распластавшись на полу, та пыталась понять что только что произошло. Прошла пара секунд, как та начиная привставать еле слышно, паникующее сказала:

-# П-п-п-п-п-п-п-ростите...

<@&1503426171604570333> же услышал лишь звон бьющегося фарфора, на пару с упавшим подносом",biok_ymer#0,biok_ymer#0
"2026-05-18,21:20:07",ktoia,#0,"— Данте —

Данте даже не успел сделать и двух шагов по коридору, как горячая, липкая волна окатила его с головы до груди. Кружка с глухим звоном разлетелась об пол, поднос загремел где-то у ног. Он замер. Чай, какой-то чертов чай стекал по лицу, затекал за воротник, капал с подбородка на идеально выглаженный наряд. Добрый господин поднял свою руку и протер лицо от тепло-горячей жижы.... посмотрев на руку и тряхнув её, он перевел свой подергивающий максимально ахуевший взгляд в бок, а потом ооочень медлнно вниз прямо на виновницу. 

— Ахххх... Ты.... 

Голос был тихим... Через чур тихим! Он смотрел на Мари, которая копошилась на полу, пытаясь извинится. Тон Данте начал подниматься прямо пропорционально с каждым словом:

— Ты... ты... сука...  Свинья. ТУПОРЫЛАЯ, неуклюжая свинья! Тебе мозги отшибло вместе с вестибулярным аппаратом? Или ты вообще ими не пользовалась?!! 

Парень не собирался дожидать ответа, начиная разворачиваться, добавляя:

— Ты хоть понимаешь, ЧТО ты сделала УРОДИНА???

Данте шагнул вперёд и его нога с размаху влетела в бок девушки в район где печень. Именно туда, где боль не уходит долго.

— Это был мой ЛЮБИМЫЙ костюм, СВИНОМРАЗЬ!

Он слегка наклонился и резко схватил её за волосы, дёрнув вверх, заставляя приподняться на коленях. 

— Смотреть на меня!

Однако не советуясь со своими словами, он опять ногой толкнул обратно на пол и нагнувшись, поднял поднос.

— Ты - НИЧТОЖЕСТВО. НЕКОМПЕТЕНТНОЕ, **безмозглое ничтожество**. Даже швабра и та полезнее тебя. Половая тряпка.....

Он замахнулся и со всей силы ударил её подносом по плечу, потом ещё раз по руке, которой она полюбому пыталась прикрыться.

— **Дрянь!**

Он бросил поднос, снова схватил её за волосы начиная резко ту дергать со всех сил,.

— Опять смотреть на меня! ГЛАЗА НА МЕНЯ. Я лично прослежу, чтобы ты до конца своих дней чистила чертовы конюшни языком. ОПРАВДАНИЯ БУДУТ? ТЫ СОБОЙ БУДЕШЬ МЫТЬ ТУТ ПОЛ!

Если Данте хоть как то не остановить он конечно же продолжит. Уф.. Господин не в духе...",samin__#0,samin__#0
"2026-05-18,21:21:02",ktoia,#0,||<@&1503426171604570333> ||,,
"2026-05-18,22:08:57",biok_ymer,#0,"—Альберт Дарси—
|-----------------------------------------------------------------------------|
Не сильно сомневаясь в словах парня, тот подойдя к заду кореты зашёл внутрь, а после протянув руку девушке, помогая ей залезть внутрь. Закончив с этим, тот спокойно уселся и стал говорить:
|-----------------------------------------------------------------------------|

—Не переживайте так, парень держался весьма уверенно, отчего могу заверить что он не врал, по крайней мере я не сомневаюсь в том, что он нас довезёт, а вот насколько приятно или нет, это уже другой вопрос.

-Распологайся, путь будет долгим, отчего можешь вздремнуть или же поговорить о чём, если есть интересующие тебя темы.

|-----------------------------------------------------------------------------|",samin__#0,samin__#0
"2026-05-18,22:27:35",biok_ymer,#0,"—Эдвард—
|-----------------------------------------------------------------------------|
Закончив раздавать последний вещь(мне просто впадлу потом это ещё делать), тот выдохнул собираясь потянуться и убрать чемоданы, однако услышав взвон и всрик тот быстро ретировался за дверь, где увидив весьма гнусную картину. Молодой господин издевался над девушкой, коей жизни была и то не лучше. Парень боязливо, но все же собравшись хотел было вмешаться, однако застыл на месте, вспоминая подобную же картину из своего детства...

Парень незнал как на это реагировать с ужасом смотря то налево где было прошлое, то направо, к настоящему, а после не выдержав взялся за голову и проговорил вслух:
<@478922861554302997> .
|-----------------------------------------------------------------------------|

—Х...ХВАТИТ! Что... Что вы делаете!?

/Как только он это сделал иллюзия развеялась и он осознал, что он повысил голос на господина, отчего чуть испугано посмотрел сначала на себя, а после на своего господина понимая, что внимания сейчас перейдет к тому <@&1503425792791547984> ./

|-----------------------------------------------------------------------------|","samin__#0, ktoia#0",ktoia#0
"2026-05-18,22:50:40",samin__,#0,"— Мари и Джошуа Сенбернар —

Девочка пытаясь привстать думала как бы лучше извиниться, понимая что простых слов недостаточно, однако той прилетело с ноги в бок. На слова та уже давно перестала обращать какое либо внимание, а вот ногоприкладство для той было в новинку. Бывало что еë пару раз ударят палкой или линейкой по запястьям, но такое было и вправду в новинку

Когда ту дëрнули за волосы, та даже чуть взвизгнула, чувствуя как скальп понемногу отходит. Разумеется девочка привстала, однако вновь оказалась на полу. Не понимая что будет дальше, та попыталась что-то сказать, однако по хрупкому плечику прилетело тяжëлым, цельно металлическим подносом. Схватившись за плечë, той прилетело и по руке, рассекая место около костяшек в кровь

Не успевая придти в себя, ту вновь дëрнули за волосы. Девочка понимала что провинилась, но не ожидала подобного обращения, однако быстро сообразила, что на этом избиение не закончится

Услышав вскрик <@&1503426171604570333> , та приоткрыла зажмуренные от боли глаза, смотря на так-же растерянного слугу

И вот, как гром среди чистейшего неба, за спиной <@&1503425792791547984> распахнулась дверь, из которой вышел Джошуа, привлечëнный шумом в **его** коридоре

Окинув без эмоциональным взглядом ситуацию, тот естественно сразу всë понял, однако всë же медленно ступая к своему брату стал артистично говорить:

— Ох... братец Данте, что же такое произошло. Смотрю Мари доставила тебе хлопот. Можешь сказать что произошло?

Тот даже не думал печься за свою слугу, явно придя сюда только чтобы побесить Данте",biok_ymer#0,biok_ymer#0
"2026-05-18,23:15:01",ktoia,#0,"— Данте —

Рука державшая Мари за волосы на мгновение замерла. Дрожащий голос Эдварда всё же заставил Данте на секунду замереть. Он медленно повернул голову в сторону слуги. Взгляд - холодный, тяжёлый.

— Ты.... че... тоже решил, что имеешь право голоса?

Он отпустил волосы Мари и та рухнула на пол, а он сделал шаг в сторону Эдварда.

— Я тебя спрашивал? Я давал тебе разрешение открывать рот, когда тебя не просят?

Он остановился в шаге от парня, сверля его взглядом.

— **Псина** должна сидеть в конуре и не высовываться. Ты понял меня? Или тебе тоже нужна демонстрация, чтобы запомнить? 

Он выпрямился, уже собираясь продолжить, но тут из-за спины раздался голос. Артистичный и до тошноты приторный. Данте повернулся с преувеличенной плавностью, будто услышал что то невыносимо мерзкое. 

— Джошуа! Какая неожиданная встреча!

Он кивнул в сторону Мари, которая всё ещё лежала на полу, разбитая и дрожащая.

— Что произошло? А ты не видишь? Твоя **недоношенная свинья** окатила меня чаем. С ног до головы. В мой любимый костюм. В первый же день... Понабирают... Мх...

Он сделал шаг к Джошуа, не обращая внимания на разводы чая, которые всё ещё капали с его одежды на пол.

— Я готов продолжить учить эту грязь манерам, если ты сам этого не сделаешь.",samin__#0,samin__#0
"2026-05-18,23:25:42",samin__,#0,"— Джошуа Сенбернар —

Парень слушал россказни <@&1503425792791547984> с неким упоением, а когда тот начал оскорблять его прислугу, попутно высказывая своё недовольство, Джошуа начал кивать в такт, с весьма задумчивым видом. Когда же братец пошёл к нему, тот не сбавляя шага прошёл мимо, столь же пафосно говоря:

— Это всё конечно хорошо... да вот только...

Тут он ни с того ни с сего взял и вмазал с размаху <@&1503426171604570333> пряпо по щеке, сжав кулак. От такого парень незамедлительно отлетел на пол, ведь удар оказался на удивление увесестым, как для 15-ти летнего паренька. Развернувшись к <@&1503425792791547984> , тот улыбнулся разглядывая свой кулак и сказал:

— Милый братец, кто тебе сказал что ты можешь трогать мою вещь? Ты мог обратиться ко мне, к Симогу в конце концов, однако ты решил действовать сам. Кажется мне что-то говорили... хм... дайка вспомнить... АХ ТОЧНО!

— ""Слуга - продолжение своего хозяина"" и ""вассал моего вассала, не мой вассал"". Так что унижать её, могу только **я**. Будь добр, впредь обращайся ко мне, если она что-то выкинет и мы разумеется вместе придумаем ей наказание. Уяснил?

После сказанного, тот миловидно улыбнулся, как будто только что не выбил пару зубов молокососу",ktoia#0,ktoia#0
"2026-05-19,00:17:40",ktoia,#0,"— Элла —

Элла увидела этот высунутый язык и на мгновение опешила. Потом её щёки чуть надулись, она поджала губы и отвернувшись, демонстративно уставилась куда-то в сторону. Буркнув что-то про себя решила не отвечать.

Когда Альберт протянул руку, она чуть помедлила, но конечно же приняла помощь и забралась внутрь.

— Спасибо, господин Дарси.

Отведя свою накидку в бок девушка присела на скамью, сняв с себя головной убор, положив руки на колени. Она сидела с слегка надутым видом, то и дело бросая недовольные взгляды в ту сторону Айдена. Однако совсем скоро все же пеервела дух и... ответила господину:

— Спать не хочется. Хм... Господин Дарси, а вы давно служили? В гвардии, ну... до того как... получить эти земли?",biok_ymer#0,biok_ymer#0
"2026-05-19,00:40:56",biok_ymer,#0,"—Эдвард—
|-----------------------------------------------------------------------------|
Парень долго осознавал, что происходит, но как только он осознал, что случилось тот скривил лицо в омерзении, даже не боясь получить за это от достопочтенного <@&1503425792791547984> . Как только тот подошёл, парень хотел было даже плюнуть тому в лицо, однако их перепалку прервали и тот с недовольством смотрел на аристократичный цирк. Значит для них это норма? Для них мы даже ниже вещей? Парень ничего не говорил, однако впервые за долгое время он начал думать. Как так вышло, что простой люд что так упорно служит аристократом, не замечает, что служит такому скоту!? Парень осознал, что сейчас нихрена не сделает, однако... БАМ... Его вывели из мыслей. Удар пришелся как раз в тот момент, когда должна была загореться лампочка, что же... Парень упал на пол, но не стал ничего предпринимать, он и не мог. На удивление самого себя, этот удар даже ему помог вправить мозги! Множество мыслей ушли и его голова стала пуста, отчего тот протирая рукой кровь с губ ухмыльнулся не поднимая взгляда, продолжая отслеживаться и слушать СВИНСКИЕ разбирательства.
|-----------------------------------------------------------------------------|",samin__#0,samin__#0
"2026-05-19,00:49:22",biok_ymer,#0,"—Альберт Дарси—
|-----------------------------------------------------------------------------|
Мужчина задумчиво посмотрел вверх, а после будто что-то вспомнил, перевел взгляд на девушку, говоря:
|-----------------------------------------------------------------------------|

—Хмм, это хороший вопрос. Если не брать службу во фланге, я служил порядком больше 15-ти лет. Это было ещё со времён когда я молодым пошел добровольцем в армию и пробиваясь по рангам армии я в итоге и стал Бер(забыл), но как вы могли заметить, простые люди долго не могут удержаться на верхах, отчего я и упал как по статусу, так и по владениям. Ну я об этом не переживаю, ведь такой старик и колека как я, скорее всего бы только мешался, отчего я даже благодарен за такое решение, ведь смогу пожить мирно, вдали от всей этой аристократичной жизни. Можно считать, я получил свой заслуженный отпуск хех. А вы мисс? Как вы оказались в столь отдаленным местом от юга?

|-----------------------------------------------------------------------------|",ktoia#0,ktoia#0
"2026-05-19,01:20:06",ktoia,#0,"— Данте —  

Данте проводил взглядом руку брата, которая только что с размаху приложила Эдварда и медленно перевёл взгляд на Джошуа. В его глазах не было ни удивления, ни жалости. Только раздражение. Затем он протянул с холодной усмешкой:  

— Как мило. Ты наказываешь мою собаку, в то время как твоя свинья зачинщица беспредела. Что ж... Хорошо, братец.

Он развернулся и указал пальцем на Мари, которая всё ещё лежала на полу:

— Услышал тебя. Раз так то: **прибери своё кривое, мерзкое, отсталое ""продолжение""** из-под моей двери. Пусть своё свинство демонстрирует перед твоими покоями, а не перед моими.

Он отвёл взгляд и попытался отряхнуть ткань, увы но бесполезное занятие чай уже впитался.

— И впредь, Джошуа, если ты не в состоянии научить свою прислугу нормальному служению, держи её на привязи. Подальше от меня. Уяснил? А теперь откланяюсь, дорогой братец. Мне стоит привести себя в порядок - хотелось бы выглядеть как прежде перед ужином.

Он фыркнул, бросил последний взгляд на Джошуа и развернулся, направляясь обратно к своим покоям. Однако перед этим остановился на мгновение перед распластанным Эдвардом и произнёс:

— Встать, позорище. Запомни хорошенько этот момент и впредь думай, а потом делай. И в конце концов - поднимись и вытри кровь. Нечего позорить меня своим видом. Приведи себя в порядок, сходи сейчас же к врачу и проверь зубы. Как закончишь - возвращайся, будет разговор. Может, до ужина успеем... Мх... надеюсь. ||Нет не надеюсь||

Он выдохнул, взглянул на дверь в покои и раздражённый, зашёл внутрь.

||Я до какого-либо взаимодействия в морозильник, не хочу расписывать как себя в порядок привожу. <@478922861554302997> ||","biok_ymer#0, samin__#0",biok_ymer#0
"2026-05-19,01:37:50",ktoia,#0,"— Элла —  

Элла слушала Альберта довольно серьёзно. Она не испытывала трепета - скорее какое-то глухое, тяжёлое уважение. Пятнадцать лет. С молодости. И всё это ради того, чтобы в итоге получить клочок земли, на котором даже не развернуться... Мдам... великий клан.  

Отведя взгляд, она задумалась:  

— Пятнадцать лет... Это много. Очень много.  

Она помолчала, потом добавила, чуть качнув головой:

— Я, конечно, не военный, но... вообще я понимаю каково это - работать, вкладывать в себя полностью, а потом... оказываться там, где тебя никто не ждёт. А кто-то сидит с твоим пожитками... м-ф... Но то, что вы столько отдали - это достойно уважения. Даже если вы сами считаете, что стали бы мешаться.

Она выдохнула и перевела взгляд на Альберта.

— Я?

Чуть замялась, но быстро нашлась:

— С юга. Да... издалека. Понимаете, у юга с западом ещё давно сложились хорошие отношения сотрудничества. Вот так и случилось, что меня отослали сюда и скажем так… не сложился переезд, а точнее не до ехала. По причинам, которые вы, наверное, уже слышали, когда я была у стражников.

Она отвела взгляд в сторону.

— Так что можно сказать, вы меня спасли, не дав судьбушке прерваться. За что я вам, кстати, до сих пор благодарна. Кхм... Не самая героическая история, конечно. **Но честная.**",biok_ymer#0,biok_ymer#0
"2026-05-19,03:54:00",biok_ymer,#0,"—Эдвард—
|-----------------------------------------------------------------------------|
Парнишка так бы и лежал, приходя в себя однако услышав очень ""важное"" мнение своего господина, тот все же решил что-то делать. С детства он думал, что аристократия это великие люди, что обязаны держать лицо, дабы простой люд поднялся на них, поминая честь славного героя! Однако на деле это была просто чернь, что пеклась лишь о своём великолепии и статусе, нежели о наследии героя... Матушка была неправа? Нет скорее... Она не хотела признавать тот ужас, что твориться на деле. Что же, если люди не знают....нужно сделать так, чтобы они узнали... Поняв истину, парень все также ухмыляясь стал вставать с пола и осознав, что сейчас только он понимает сути вещей, тот глянув на Марию и Кудрявого хмыкнул, а после смотря на другого господина поклонился, так идеально и без доли смущения, словно для него это простое дело. А сам он вспоминая лицо ""уебка"" решил его повторить, когда он лизал ноги у аристократии повыше, делая кривую но все же выдержанную усмешку, словно идеальная улыбка, но с ощущением жути и тут он проговорил:
<@478922861554302997> 
|-----------------------------------------------------------------------------|

—Прощу прощения господин за поведение моего господина. В данной ситуация наша сторона была более неправой, отчего я извиняюсь за излишнюю эмоциональность и не уважение к вашей собственности от лица своего господина. Если бы не я, скорее всего данного инцидента не произошло, отчего ваша слуга тут не причастна и вы вправе высказать ваше недовольство по поводу данной ситуации господину Симогу, благодарю за ваше терпеливое внимание, однако на этом я вынужден вас покинуть, чтобы привести себя в порядок, до встречи.

/Договорив мужчина перестал кланяться, а после встав на последок взглянул на девушку, а после развернувшись пошел по коридором, ищя вновь его любое действа ввиде попросить помощи у другого слуги./

|-----------------------------------------------------------------------------|","samin__#0, ktoia#0",ktoia#0
"2026-05-19,04:01:35",biok_ymer,#0,"—Альберт Дарси—
|-----------------------------------------------------------------------------|
Мужчина спокойно слушая историю девушки удовлетворённо кивнул, а после достав из кармана серебреннвк карманные часы, тот открыл крышку смотря на время и говоря:
|-----------------------------------------------------------------------------|

—Могу сказать, что мы со стороны можем показаться несчастной парой, что решили плыть по оставшемуся течению вместе кхм. Думаю всему свое время, вы ещё молодая мисс, отчего у вас ещё вся жизнь впереди хех(да ему всего 38 а ведёт себя как дед, который за 60 лет...). 

/Мужчина захлопнул крышку часов и убрав обратно в одежду, посмотрела в сторону переда повозки, интересуясь у извозчика <@478922861554302997> :/
-Господин Кучер, как там дела с лошадьми, скоро будем готовы отправяться?

/Непонятно отчего, но похоже парню нетерпелось уже отправиться, хоть тот и казался со стороны спокойно и сдержанно. Однако если <@&1503427050214785066> будет сильно всматриваться она может заметить что его рука немного подрагивает, что он благополучно прячет прятов ту за спину./

|-----------------------------------------------------------------------------|","samin__#0, ktoia#0",ktoia#0
"2026-05-19,11:20:20",ktoia,#0,"— Элла —

Элла задумчиво кивнула, соглашаясь.

— Знаете... вы правы. Со стороны мы и правда выглядим странно.

Она откинулась на спинку сиденья, устраиваясь поудобнее - насколько это вообще было возможно в этой повозке. Руки сложила на коленях, взгляд устремился в потолок.

— Девятнадцать лет от роду. Только почему то она всё время начинается с какого-то... м-г-м...

Она замолчала, но всё же опустила голову. Краем глаза заметила, как рука Альберта слегка подрагивает. Элла не стала ничего спрашивать, лишь перевела взгляд в сторону, сделав вид, что рассматривает что-то на стене....

— Пока что она выглядит как череда... ну, скажем так, неожиданных поворотов.

Она снова замолчала, но теперь её лицо выглядело не таким напряжённым. Может, потому что она наконец-то решила, что хуже, чем есть, уже не будет... Наверное. С рукой пока повременит.

||<@478922861554302997> ||","biok_ymer#0, samin__#0",biok_ymer#0
"2026-05-19,20:10:53",samin__,#0,"— Айден —

После вопроса послышался глухой стук где-то снизу повозки, который сопровождался каким-то странным словом ""шайла..."" ||(все совпадения случайны)||. Спустя пару секунд на место кучера запрыгнул Айден, что повернувшись к двоице сказал:

— Да какой ""господин кучер""? Айденом зови и всё. Я проверил карету перед отправкой и да, благодарю за ожидание и мы готовы отправляться. Ой, кажется мы уже это делаем

Ляцнув поводьями, карета дёрнулась с места. Пока что парень решил не отвлекаться от дороги, следя чтобы кого-то не задавить в его сожалению оживлённой округе

|| <@&1503425579687477329> <@&1503427050214785066>  Аналогично с веткой Кто Я, можете попиздеть и скипнуть||",biok_ymer#0,biok_ymer#0
"2026-05-19,20:26:04",samin__,#0,"— Ария Баскервиль —

Джошуа слегка скривился картине что пред ним предстала. Так льстить даже он не мог, однако это и понятно, его сковывал статус, но такой сироп был лестен его ушам, в отличии от вида паренька, что истекая кровью говорил всё это. Немо кивнув на слова паренька, тот посмотрел на Мари, что была в худшем состоянии чем сам Эдвард. Дрожа, та распласталась на полу, боясь сделать лишнее действие, всё ещё не понимая что это закончилось. Держась за бок и плечё, та пыталась даже не дышать, скрывая слёзы что выступили у неё на лице

Спустившись на этаж ниже, Эдвард встретился нос к носу с Арией Баскервиль, что спокойно шла по своим делам. Та сразу приметила состояние мальчика, однако разминувшись с ним прошла мимо, ничего не говоря. Сделав шаг на ступеньку, та тяжело выдохнула, а после спокойно и ровно сказала:

— Эдвард постой... что с тобой?

Сама недовольная что это спросила, та решила не смотреть прислуге в глаза, фокусируя взгляд на вазе около его головы, сохраняя отстранённое выражение лица. И спрашивается, зачем спросила если так себя ведёт?",biok_ymer#0,biok_ymer#0
"2026-05-19,20:31:41",samin__,#0,"||В мороз тебя вывозить не хочу, так что вкину чуть будущим||

Прошло всего немного времени, как парень привёл себя в порядок. Он был на столько зол, что сделал это даже без помощи прислуги. Так вот как ""Чёрная роза"" собралась его ломать? Испытание, которое не снилось никому... сменить одежду... так ещё и самому! ФУ!

Думая что же он будет делать ближайший год в этом гнилом местечке, тот услышал спокойный, но настойчивый стук в дверь, с последующим:

— Господин Данте! Вы в своих покоях? Господин Данте?

Это был голос Джоси, что спокойно произносил вопросы. И на кой ей этот ублюдок?",ktoia#0,ktoia#0
"2026-05-19,21:10:30",ktoia,#0,"— Данте —

Данте сидел на диване, закинув ногу на ногу и смотрел на дверь. Взгляд был тяжёлым, но уже не таким бешеным, как раньше - скорее устало-раздражённым. Он успел переодеться, привести волосы в порядок. Всё сам! Без помощи! И это бесило не меньше, чем испорченный костюм. Чтож, ну ничего-ничего, посидим! Год? Ну ГОД посидим.

Когда раздался голос Джози, великодушный паренек вздохнул и сказал:

— Заходи.

Он даже не повернул головы в сторону двери, продолжая смотреть куда-то вперёд.

— Чего тебе?",samin__#0,samin__#0
"2026-05-19,21:19:05",samin__,#0,"— Джоси? —

Дверь неспешно открылась, а после послышались еле заметные шажки горничной, что не закрывая за собой дверь хотела было что-то сказать, однако на удивление паренька, прозвучал грубый и басистый голос:

— Данте Сенбернар полагаю. Ты третий, на выход

Повернув голову в сторону, тот увидел мужчину, портреты которого видел каждый день в своём прошлом доме и не сомневался что тут где-то тоже висит его лицо, да вот только не думал он что эта фигура предстанет перед ним в живую",ktoia#0,ktoia#0
"2026-05-19,21:39:05",biok_ymer,#0,"—Эдвард—
|-----------------------------------------------------------------------------|
К сожалению парня тот никак не мог найти прислугу. Что же, видно слуги было более прозорливее и держались подальше от конфликтов, ему бы так уметь... Кровь продолжала немного капать, отчего тот уже стал придерживать нос рукой. Да, детское тело даже от простого удара в нос может сломаться, отчего тому было уже неприятно осознавать, но похоже данный инцидент сильнее задел его, хоть тот и не пытался обращать на это внимания. Тот даже не приметил как прошел мимо Арии, совершенно игнорируя её, словно она пустое место, однако та на его удивление окликнула его, отчего тому все же пришлось остановиться а после карикатурно развернувшись, тот глянул на ту, будто предсказывая что этот цирк вновь вызван лишь для того чтобы поглуситься над ним, отчего тот недовольно думал как так красноречиво её отщить, однако ничего не придумав на больную голову, тому пришлось отвечать на вопрос:
|-----------------------------------------------------------------------------|

—Прощу прощения госпожа Ария Баскервиль, однако со мной все в порядке, я просто немного поранился из-за своей неаккуратности и дабы не кривить ваш взор своим видом, господин Данте наказал мне привезти себч в порядок, чем я сейчас и хотел заняться.

/Парень уже начинал придумывать язык, все же такая речь хоть и звучала весьма хорошо, для него давалась с трудом, а учитывая, что он ещё не достаточно привык к данной личине и языку, ему уже было сложно держать данный образ./

|-----------------------------------------------------------------------------|",samin__#0,samin__#0
"2026-05-19,22:07:27",samin__,#0,"— Ария Баскервиль —

Девочка с некой отрешённостью слушала слугу, однако в моменте увидев краем глаза кровь вылупилась на неё. Постояв так пару секунд с распахнутыми глазами, та убрала ногу со ступеньки, разворачиваясь в сторону коридора, попутно чуть более эмоционально говоря:

— Иди за мной, сейчас Рон что-то придумает. Голова не кружится?

Договорив, та чуть спешно зашагала по коридору",biok_ymer#0,biok_ymer#0
"2026-05-19,22:21:39",ktoia,#0,"— Данте —

Данте не шелохнулся, когда в комнату вошла Джоси. **НО** когда раздался этот низкий, властный голос, его спина сама собой выпрямилась, а бровь медленно приподнялась. Он перевёл взгляд на мужчину, узнал его сразу. Лицо, которое он видел на портретах, предстало перед ним вживую. Павлов Баскервиль.

Данте не торопился. Он замер на пару секунд, осознавая, что это не ошибка. Потом поднялся с дивана, плавно оправил рукава и выдержав паузу, чуть склонил голову в почтительном, но сдержанном поклоне - ровно настолько, чтобы не перегнуть.

— Господин Баскервиль... Вынужден признать, не ожидал.

Выпрямился, взглянув на мужчину, он позволил себе на мгновение замешкаться, прокручивая в голове возможные причины такого визита.... мххх... ох... Ну.... Задать вопросы можно и потом.... Он направился на выход, стараясь не показать, насколько происходящее его смущает.  что значит третий?",samin__#0,samin__#0
"2026-05-19,22:51:28",biok_ymer,#0,"—Эдвард—
|-----------------------------------------------------------------------------|
Ну вот парень и влип. Отказаться от приказа тот не мог, но и идти с другой госпожой тем более не стоило. Что же делать... Парень и вправду стал ощущать лёгкое головокружение, отчего чуть шатнувшись, тому не осталось никакого выбора как следовать за девушкой, проговорив:
|-----------------------------------------------------------------------------|

—Кхм... Если на то ваша воля... Немного кружится.

|-----------------------------------------------------------------------------|",samin__#0,samin__#0
"2026-05-20,12:06:14",samin__,#0,"— Павлов Баскервиль и Джоси —

Мужчина не смотрел на мелкого аристократа без призрения или какого либо высокомерия, но само его присутствие обозначало что-то не то. Выйдя вслед за Данте, тот двинулся чуть дальше по коридору, вставая перед комнатой Джошуа. Вслед за ним вышла и Джоси, что прилежно постучала в дверь кучерявого говна, повторяя вопрос:

— Господин Джошуа! Вы в своих покоях? Господин Джошуа?

На что послышался вопль:

— Да ЗА ДЕНЬ ТО СЕГОДНЯ?! Слышь ты! Открой!

Данте увидел как дверь открылась, а лицо Павлова чуть заметно скривилось. Прошло немного времени, как сначала зашла Джоси, что похоже отвела Мари в сторону, а после внутрь шагнул и Павлов. Спустя ещё пару секунд, послышался непродолжительный вскрик, только вот он был отнюдь не женских, хотя и очень пытался на него походить. Следом прозвучал грубый голос, что уже с чуть большим хладнокровьем произнёс:

— Джошуа Сенбернар. Ты четвёртый, на выход. Сейчас же...

Не прошло и секунды, как лохматик пулей вылетел в коридор, прижавшись к стене с ахуевшими глазами в которых так и читалось ""какого чёрта"". Повернув голову на Данте так и сказал:

— Какого чёрта?",ktoia#0,ktoia#0
"2026-05-20,13:12:44",samin__,#0,"— Ария Баскервиль —

На эти слова девочка ничего не ответила, лишь ускорив шаг. Пройдя по коридорам и минув пару залов, та остановилась у непримечательной двери. Открыв её, та шагнула внутрь. Это оказалась кухня, которая по размерам была не сказать что большой для такого то имения. На ней ходило пару служанок, что занервничали увидев госпожу, однако та пройдя мимо них подошла к своему слуге, что занимался готовкой и сказала:

— Рон, отвлекись на минутку. Десерт откладывается на неопределённый срок, помоги Эдварду остановить кровь

Парнишка же сначала не понял про что говорит его новая госпожа, однако взглянув в дверной проём кивнул, тихо говоря:

— Конечно

Ария более ничего не сказала, покидая кухню, направляясь по своим делам. Рон же подойдя к служанкам что-то им сказал, от чего те забегали, что-то ища, а сам парень подойдя к Эдварду поставил около него табуретку, обращаясь к нему:

— Садись, сейчас что ни будь придумаем. Что по симптомам? Голову... головупруж... тс... голова кружиться в общем? Тошнит? Сколько уже идёт кровь?",biok_ymer#0,biok_ymer#0
"2026-05-20,16:22:42",ktoia,#0,"— Данте —

Данте стоял в коридоре, выпрямив спину, но внутри всё дрожало мелкой, противной дрожью, которую он старательно игнорировал. Он не смотрел на Павлова. Он старался вообще не смотреть в ту сторону, где маячила эта глыба спокойной, давящей силы. Вместо этого он уставился на стену напротив, делая вид, что рассматривает узор на этих ПРЕКРАСНЫХ, ВЕЛИКОЛЕПНЫХ, НУ ПРОСТО ЧУДНЫХ обоях поместья черная роза.

Когда Джошуа вылетел из комнаты с вытаращенными глазами и прошипел ""Какого чёрта?"", Данте позволил себе короткую усмешку в его сторону, кою тут же попытался скрыть отвечая:

— Не имею понятия! Видимо, сегодня **день сюрпризов**, братец.

Ответ то БРАТУ он дал, вот только..... А ДЕЙСТВИТЕЛЬНО! КАКОГО ЧЕРТА? Из за этого кудрявого Данте пришлось начать думать, ведь вопрос действительно проступил через навясщивый ужас только щас:

""Какого черта, какого черта.... Так..... Павлов Баскервиль глава отряда ночных гончий.... И что он делает в этой чертовой ЧЕРНОЙ РОЗЕ? И почему все происходит в первый день!?!?!?! ТАК тихо Данте. ААААА! Так. Что он там сказал? Я третий, этот дебил четвертый... Что это за цифры? Что они могут значить.... ммм.... Так! Всего прибыло 4 человека. Великолепный Данте Сербернар, Кучерявый, Красноколосая и.. одна из Баскервилей... Нас всего 4. А этот кучерявый четвертый... мх... А где тогда девочки? Что-то логика идет под откос... мх... хммм.... а.... ДА К ЧЕРТУ! ВОТ ВОЗЬМУ И СПРОШУ ЕГО ПРЯМО ЩАС!!!!""

Данте перестал наслаждаться обоями и перевел взгляд в дверной проём откуда должен был выйти господин Павлов, и когда тот показался на горизонте Данте.... Данте нихуя не спросил ожидая что будет дальше.",samin__#0,samin__#0
"2026-05-20,20:16:00",biok_ymer,#0,"—Эдвард—
|-----------------------------------------------------------------------------|
Ничего не говоря тот сел на стул, а после с непониманием осматриваясь по сторонам, ответил уже более спокойно. Все же в окружении слуг тому не нужно было играть роль, очтего он даже немного расслабился:
|-----------------------------------------------------------------------------|

—Я мм... Думаю минут 10 от силы идёт кровь, имеется слабое головокружение и всё.

|-----------------------------------------------------------------------------|",samin__#0,samin__#0
"2026-05-21,13:06:43",samin__,#0,"— Рон —

Парнишка посмотрел на потёки крови, а после цыкнув обернулся к служанкам, говоря тем:

— Ну? Хоть что-то нашли?

Тому тут же поднесли таз вместе с кувшином воды. Не долго думая, тот повернулся к Эдварду, понемногу промывая развязанную кровь с его лица, служанкам тот же сказал:

— Найдите что-то холодное. Вода из колодца на крайний случай сгодится

Те же на удивление вновь послушались, начиная исполнять его просьбу. Почему они вообще его слушают, учитывая что многие были явно старше его самого, но всё ещё выглядели молодо

Наконец через некоторое время, тот промыл лицо парня, увидев источники кровотечения, говоря тому:

— И часа не прошло... не повезло тебе конечно. Наклони ка голову

Пододвинув ногой таз, тот дал кусок ткани Эдварду, говоря:

— Зажми нос и дыши через рот, через минут 5 должно остановиться, с губой сложнее... сейчас принесут что-то холодное и с этим разберёмся. Если голова будет кружиться сильнее - скажи

И от чего такая забота о парне, которого встретили в первый раз?",biok_ymer#0,biok_ymer#0
"2026-05-21,13:14:18",samin__,#0,"— Павлов Баскервиль и Джоси и Джошуа Сенбернар и Мари  —

Выйдя из комнаты, Павлов зашагал по коридору, но ощущение было такое, как будто он заполнял его полностью. Недовольно зыркнув на Джошуа, тот махнул Джоси, обращаясь к той:

— Займись девочкой, этими двумя я сам займусь

Казалось бы обычная фраза, однако из его уст это звучало откровенно угрожающе. Дойдя до конца коридора, тот остановился, развернувшись по строевому на молокососов, сложив руки за спиной:

— Сейчас мы проведём вашу оценку. С ранних лет вас тренировали владению с мечём, так что надеюсь увидеть хоть что-то. Мечи и площадка ждут вас на заднем дворе, за мной

Договорив, тот вновь развернулся, уходя вниз по лестнице, а следом за ним вышла и Джоси с Мари, что похрамывая пошли куда-то в сторону бесчисленных коридоров

Джошуа же немного потупив молча побежал за Павловым, понимая что сейчас лучше не противиться, а просто делать что говорят, хотя с ним так ещё в жизни не относились, от чего его лицо всё выдавало, была бы его воля, тот бы послал Павлова куда подальше... но воли у него к его счастью не было",ktoia#0,ktoia#0
"2026-05-21,14:23:54",ktoia,#0,"— Данте —

Ни на кого сейчас внимание Данте не было направлено так сильно как на Павлова. Уж больно сильно приходилось за ним следить, чтобы не отхватить. Когда тот обратился к Джоси по поводу Мари, Данте лишь бросил косоватый взгляд на избитую девочку. Нет, он не ухмыльнулся да и злорадствия нету. Он просто глянул на эту хромающую картину как на пустое место.

И вот.... Им сказали для чего их собрали. Да... Владение мечом - с ранних лет в боках сидит. Для Данте это дело было скорее ненужной необходимостью. И что же получается сам господин Павлов Баскервиль прибыл сюда, чтобы увидеть их навыки фехтования? Это... Это... ЗАЛЕТ. Если здесь он, а не какой-то инструктор, значит дело пахнет горелым. Да навыки были, но Данте сейчас был уверен, что даже если победить оппонента, всё равно найдутся вопросы и звоночки. Только не говорите, что этот год ещё и тренировать их будут?! НУ НЕЕЕЕЕТ, ПОЖАЛУЙСТА! Ну отправили сюда - так дайте отдохнуть!

-# Паршиво....

Из-за своих мыслей бесёнок отстал от Джошуа и Павлова, которые уже направились к лестнице. Обречённо выдохнув, Данте направился на место проведения дуэли. Думая о Джошуа.... .. .. . А стоп. А чего о этом балбесе думать? Единственное, что знал Данте - ничего себе он сильный. Даже он не отделал бы так Эдварда.",samin__#0,samin__#0
"2026-05-21,17:12:45",biok_ymer,#0,"—Эдвард—
|-----------------------------------------------------------------------------|
Он и не думал о доброте парня, скорее о том, что он попросту исполнял приказ, нежели сам волновался за него. Выслушав парня тот не сопротивляясь делал, что он говорит, а после сказал:
|-----------------------------------------------------------------------------|

—Хорошо... А вот про удар я уже сказал мисс и тебе скажу, я попросту упал, ничего критичного.

|-----------------------------------------------------------------------------|",samin__#0,samin__#0
"2026-05-23,20:54:21",samin__,#0,"— Павлов Баскервиль и Симон —

Выйдя на улицу, показалась площадка, что больше была похожа на плац. Ровная, пыльная и явно повидавшая многое. И спрашивается зачем в знатном доме такое превратное место?

На самой площадке уже стоял Симон с парочкой тренировочных мечей сомнительного качества. Как только делегация из спиногрызов приблизилась к тому, он поклонился Павлову, на что тот сказал:

— Хорошая работа

Взяв мечи в руки, тот обернулся к двоице, обращаясь уже к ним:

— Я прибыл сюда чтобы увидеть ваши навыки. В случае если они меня впечатляет, я замолвлю за вас словечко, чтобы сделать блестящую карьеру мечника, так что надеюсь на хороший и справедливый бой

Хотя он так и говорил, его взгляд стал только презрительнее, от чего тот кинул мечи на землю и развернувшись отошëл на десяток метров, ожидая пока парни не начнут",ktoia#0,ktoia#0
"2026-05-23,20:55:23",samin__,#0,"— Рон —

Парень не стал допытывать собрата по несчастью, однако явно понимал на что можно ""упасть"" с размаху в первый день служения господам. Через некоторое время тому поднесли кувшин с холодной водой, который парнишка передал раненому со словами:

— Приложи к губе и скоро кровь остановится. Если станет хуже - скажи, а я пока что вернусь к своим обязаностям

Договорив, парень развернулся, возвращаясь к готовке, предварительно помыв руки. От чего-то служанки в том души не чаяли и выполняли все его прихоти, поднося тому то ингредиенты, то чистые тары",biok_ymer#0,biok_ymer#0
"2026-05-23,20:56:13",samin__,#0,"|-----------------------------------------------------------------------------|
Спустя половину суток, почти под самую ночь, повозка прибыла к небольшой деревеньке с парой улочек и явно выделяющимся зданием на небольшом отдалении от поселения. Вдали показались бескрайние поля и речушка, через который был прокинут ветхий мост, по которой уж точно бы не проехала даже одна повозка. На удивление команда молчала большую часть пути лишь иногда нарушая тишину. Как только те въехали в деревеньку, Айден сказал:

— Ну и? Куда вас подвести?

||<@&1503425579687477329> <@&1503427050214785066> ||
|-----------------------------------------------------------------------------|",biok_ymer#0,1507084059883601961
"2026-05-23,21:21:51",ktoia,#0,"— Данте —  

Данте опустил взгляд на мечи, валяющиеся в пыли, потом перевёл его на Павлова. Презрение в глазах мужчины он заметил сразу. Впечатлить Павлова... ЭТО ШУТКА?! Даже если бы Данте был гуру меча, то ФИГ БЫ ОН ЧТО-ТО ПОКАЗАЛ! Если этому мужику что-то дельное показать, то это будет РАБСТВО. От такого замолвленного словечка все бока, голова - да всё тело будет отбито. А он так НЕ ХОЧЕТ!  

Но Данте перевёл взгляд на Джошуа. Этот напыщенный, подлый, высокомерный... Это определенно что-то знакомое! И, зная этого идиота всего ничего, он точно так же, как и Данте, захочет проиграть. Мпф... Хм-м-м... Побить Джошуа или проиграть... хммммм... Он ударил МОЕГО слугу, он строит высокомерную морду.... Хорошо, понятно. ИЗБИТЬ ДЖОШУА. Решение принято.  

Ещё раз переглянувшись с братом, Данте шагнул вперёд, взял НИЩИЙ деревянный меч и чуть приподняв его в руке, сказал не оборачиваясь:  

— Что ж, братец... похоже, нам предоставили возможность показать, на что мы способны. Не посрамим же фамилию Сенбернар?  

Он развернулся к Джошуа и коротко приподнял край губ.  

— Верно говорю?  

После этого он отступил на несколько шагов назад.",samin__#0,samin__#0
"2026-05-24,01:08:16",biok_ymer,#0,"—Эдвард—
|-----------------------------------------------------------------------------|
Прислонив кувшин к губе, тот стал молча наблюдать за готовкой, не сильно влезая в данную картину. И как так все вышло? Он не сильно успел даже обдумать что натворил, а тут ещё эта странная ситуация... Спустя некоторое время кровь остановилась, отчего он убрал кувшин и чуть погодя встав с стула, говоря:
|-----------------------------------------------------------------------------|

—Думаю мне нужно идти, спасибо за заботу.

|-----------------------------------------------------------------------------|",samin__#0,samin__#0
"2026-05-24,01:13:04",biok_ymer,#0,"—Альберт Дарси—
|-----------------------------------------------------------------------------|
Мужчина осматривая окружения с края повозки, услышал вопрос парня, отвечая:
|-----------------------------------------------------------------------------|

—Где не сложно. Все равно нас следует тут осмотреться. Несмотря на долгий путь это была приятная поездка, сколько стоило ваше время?

|-----------------------------------------------------------------------------|",samin__#0,samin__#0
"2026-05-24,01:19:51",samin__,#0,"— Рон —

 Мальчишка не особо и обращая внимания на колеку ответил:

— Ага... только не падай больше, а то Симон может ""забить доски""

Довольный своей детской алигорией, марнишка чуть улыбнулся продолжая взбивать сливки. Не поднимая взгляда на того, кому его попросили помочь",biok_ymer#0,biok_ymer#0
"2026-05-24,01:23:12",ktoia,#0,"— Элла Риот —

Что ж, хоть мегамозг и говорила, что не хочет спать, спустя час поездки она всё таки задремала. Удивительно, учитывая, что знала своих попутчиков всего пару часов. Теперь понятно, почему её обокрали.

К концу поездки Элла дёрнулась от голосов и проснулась, пытаясь понять, где она и что здесь делает. Но спустя мгновение осмыслила положение, потёрла заспанное лицо и взглянула на Альберта. Прикрыв рот, она зевнула, выпрямилась и сказала:

— Да... не быстро... но на удивление доехали.

||<@478922861554302997> ||","biok_ymer#0, samin__#0",biok_ymer#0
"2026-05-24,01:25:57",biok_ymer,#0,"—Эдвард—
|-----------------------------------------------------------------------------|
Не долго думая парень направился по коридорам в сторону комнаты Данте, однако тому было неприятно осознавать, но он не особо и стремился к данной встречи, отчего если он найдет отвлекающий фактор, тут же пойдет к нему, недели в комнату.
|-----------------------------------------------------------------------------|",samin__#0,samin__#0
"2026-05-24,10:52:02",samin__,#0,"— Айден —

Ухмыльнувшись на комментарий сони о продолжительности пути, парень ухмыльнулся, отвечая на вопрос <@&1503425579687477329> :

— На удивление даже никакой животины не встретили. Вообще цену нужно обговаривать заранее, но думаю трёх вечно молодых будет достаточно

Под вечно молодыми, парень подумывал монеты, на которых был изображён позапрошлый патриарх запада, что погиб от ""несчастного случая"" ещё в свои 40 лет

Остановив повозку по середине одной из улиц, было видно что жизнь в деревеньке уже понемногу утихала. Половина домов уже были тёмными, а в некоторых всё ещё виднелся тусклый свет свечей и ламп",ktoia#0,ktoia#0
"2026-05-24,11:38:36",samin__,#0,"— Джошуа Сенбернар —

Парень кажется вообще не понимал где оказался, однако когда к тому обратились, он растерянно посмотрел сначала на брата, а после и на меч. Спустя непродолжительный затуп, тот улыбнувшись взял меч, который сразу вогнал тому занозу. Помахав рукой, мальчик натянуло ответил:

— Разумеется брат~. Надеюсь на хороший и честный бой, в котором мы сможем поучиться друг у друга~

Договорив, тот сделал пару шагов назад, занимая стойку. Расставив ноги чуть шире ширины плеч, тот взялся за рукоять двумя руками, держа меч чуть отслонив его от своего торса. Согнув колени, парень сказал:

— Я готов, начинай по готовности Данте

Он определённо не собирался биться, лишь сделать вид, от чего большую часть внимания перевёл на свою стойку, чем на атаку Данте",ktoia#0,ktoia#0
"2026-05-24,12:25:53",ktoia,#0,"— Данте —

Данте усмехнулся, услышав про ""честный бой"". Он перехватил меч поудобнее, чуть разминая запястье и оценивающе посмотрел на стойку брата. Широко расставленные ноги, меч у торса, колени согнуты... Защитная поза? Или просто неуклюжая попытка казаться готовым? В отличие от Джошуа, Данте держал меч в одной руке, поднимая тупое остриё вверх. Его стойка была не защитной - скорее наступательной, готовой к рывку.

Когда Джошуа дал отмашку, Данте не стал медлить. Он рванул вперёд, не тратя времени на лишние движения. Земля под ногами хрустнула, меч взметнулся вверх и с размаху обрушился вниз - прямо на плечо Джошуа. Не плашмя, а ребром.",samin__#0,samin__#0
"2026-05-24,19:37:29",biok_ymer,#0,"—Альберт Дарси—
|-----------------------------------------------------------------------------|
Мужчина кивнул услышав цену, а после доставая из внутреннего кармана одеяний кошель достал четыре монеты с позапрошлый патриархом и протянул парню, а после вставая с повозки помог <@&1503427050214785066> встать на ноги и подойдя к кучеру проговорил:
|-----------------------------------------------------------------------------|

—Была приятная поездка, надеюсь ещё как-нибудь свидимся, удачного вам пути обратно.

/Закончив свою фразу тот немного поклонился, а после развернувшись пошел по деревне, осматривая округу, дабы понять что из слухов была правдой, а что и вовсе не приговаривались ему./

|-----------------------------------------------------------------------------|",samin__#0,samin__#0
"2026-05-24,20:08:19",ktoia,#0,"— Элла Риот —

Элла приняла протянутую руку, осторожно спрыгнула с повозки и оказавшись на твёрдой земле, с облегчением выдохнула. Она провела ладонью по затёкшей шее, помялась с ноги на ногу, разминая затёкшие мышцы и только после этого направилась следом за Альбертом.

Подойдя к Айдену, она встала чуть позади, пока мужчина расплачивался и благодарил за поездку. Сама Элла молчала, только поглядывала на повозку. Когда Альберт начал отходить, она задержалась на десять секунд, глядя на парня и после начала говорить, попутно надевая головной убор, который до этого момента был снят.

— Конечно, поездка была бы поприятнее, если бы у вас была повозка получше.

Она отошла на шаг и уперев руки в бока, принялась перечислять:

— Во первых, люфт в левом переднем колесе - его нужно было заменить ещё месяц назад! Сам определенно замечаешь что плавности хода 0. Во вторых, рессоры черезвучайно сильно просели, поэтому нас так СИЛЬНО трясло на каждой кочке. В третьих, смазка на осях отсутствует как таковая - это вообще полный критинизм! Была бы она, то это корыто не скрипело бы... И да, у основная нижняя рама настолько убитая что любой большой камень на дороге её разломит... Чуть что разломаетесь в лесу и все... Эта поездка была исключительно на удаче, по всей видимости только она вам благоволит!
 
Она скрестила руки на груди и хмыкнула.

— Пф.... Следить за таким нужно! Даже Я могу привести всё это в порядок. Даже за полдня управлюсь, если будет инструмент. Ну чтож...

Элла выдержала паузу, давая Айдену возможность осознать, что перед ним не просто пассажирка, а человек который знает о чём говорит ||НЕТ||. Потом развернулась и мееедленно пошла, бросив на прощание:

— Подумайте над моими словами. А то скоро ваша повозка развалится прямо на ходу.

Шла медленно чтобы услышать ответ!

||<@478922861554302997> ||","biok_ymer#0, samin__#0",biok_ymer#0
"2026-05-25,00:02:45",samin__,#0,"— Джошуа Сенбернар —

Парень и вправду занял защитную стойку, однако тот не держал меч в руке достаточно сильно, думая что это всего лишь представление, от чего при соприкосновении с замахом Данте, тот отклонился вниз, а после и вовсе выпал из руки, давая тому ударить по плечу. Послышался звонкий звук соприкосновения дерева с костью, от чего парень сделав шаг назад схватился за плечо, с ненавистью смотря на Данте

Павлов же спокойно и уравновешено сказал:

— Подбери меч, продолжайте

Услышав эту ТУПОСТЬ, парень подобрал меч дрожащей рукой, а после сделав ещё шажок назад выдохнул и смотря с неким ""пониманием ситуации"" на Данте. Тот сказал лишь ""Начнём..."", перед тем как ринуться на него. Идя на того, он сделал откровенно большой размах, пытаясь заехать тому по бочине со всего размаха. Похоже на этот раз тот и вправду хотел что-то сломать Данте",ktoia#0,ktoia#0
"2026-05-25,00:14:05",ktoia,#0,"— Данте —

Данте увидел злой взгляд брата и... Оооооо, как же это ему понравилось. Он не сдержал усмешки - такоооой довольной и мерзкой. Ради такого взгляда можно было временно забыть о будущем. Хотя бы на это время!

Когда Джошуа ринулся вперёд с большим, неуклюжим замахом, Данте не стал встречать удар. Он бы отступил в сторону, уходя с линии атаки и тут же скользнул бы в противоположную от замаха сторону, рассчитывая закрутить брата и оказаться у него за спиной, чтобы всадить тому по хребту.

Чем сильнее злился Джошуа, тем шире и самодовольнее становилась ухмылка Данте.

||Хуй знает получится это или нет||",samin__#0,samin__#0
"2026-05-25,11:19:14",samin__,#0,"— Джошуа Сенбернар —

И у Данте получилось! Противник полностью позабыл о технике и беспечно представил что бъёт по неподвижной мишени, от чего проворство Данте помогло ему зарядить по хребту братана. От такого осанка парня пострадала, выгнувшись в обратную сторону, а сам он на инерции сделав пару шагов вперёд остановился и тут-же устремил клинок прямо в висок Данте с криком:

— АХ ТЫЖ!

Определённо и точно паренёк был в бешенстве

||Ласт пост и останавливаю бой||",ktoia#0,ktoia#0
"2026-05-25,11:32:35",samin__,#0,"— Айден —

Увидев на одну монету больше, парень широко улыбнулся и ответил:

— Ох, спасибки. А я думал что чаявые за работу предназначаются только путанам. В таком случае не откажу себе в желании покутить тут пару деньков

Однако радость длилась не долго, а именно до того момента пока <@&1503427050214785066> не открыла рот. Слушая кучу замечаний, половину из которых парень и так знал, тот сначала застыл в неком непонимании, однако когда его имущество перестали осуждать, важно завиляв задницей после стольких слов, парень улыбнулся и язвительно кинул в след:

— Ох, прошу прощения что тебе столь плохо спалось весь путь, в следующий раз обязательно персонально для тебя подготовлю перину~

Договорив, тот ляцнул поводьями уезжая из деревеньки

|-----------------------------------------------------------------------------|
<@&1503425579687477329> же ничего особого заметить так и не смог. Обычные бревенчатые домики, обычная ночь и не одного человека на улице в такое время, как и в любой деревне на западе. Тут люди любили вставать с петухами и ложиться с заходом солнца. По быту тоже всё было в порядке вещей, у каждого дома было своё небольшое хозяйство с животными, что так-же мирно спали и лишь большое поместье на пригорке выделялось из общей массы строений

||Продублировал изображение и обвёл что имею ввиду||
|-----------------------------------------------------------------------------|",ktoia#0,ktoia#0
"2026-05-25,12:09:14",ktoia,#0,"— Данте —

Ну, это уже опасно. Закружить братца на удачу получилось, вот только хребет паренька окончательно сдерживал того от полного бешенства... Уф. Тут уже Данте было не до красования. Учитывая, что после закрутки они оказались достаточно близко, а деревянная зубочистка летит прямо в висок, шанс того, что от этого удара Данте нахер упадёт, был очень велик. Бить в голову даже он не стал бы, а тут Джошуа... Братец, ты ебнулся?

Влево не уйти, вправо не уйти, назад, вперёд - тоже. А что тогда спрашивается делать? Как говорится... А как вообще говорится? Учителя по этому тупому фехтованию он честно сказать в рот ебал, но мудрую мысль от него можно было взять: ""Если попадание неизбежно - упали"". Возможно, он имел в виду не то, о чём подумал Данте, да и возможно, он такого вовсе не говорил, но Данте сделал то, что считал самым простым в этой ситуации.

Он быстро согнул ноги и ударил куда глядел - по сочленению колена. А именно по коленной чашечке.",samin__#0,samin__#0
"2026-05-25,17:34:35",biok_ymer,#0,"—Альберт Дарси—
|-----------------------------------------------------------------------------|
Оглядывая свои новые владения тот даже удивился, ожидая увидеть более запущенную картину, после чего приняв ко вниманию что выделяющее здание скорее всего принадлежало местному лорду, тот направился в его сторону, в надежде встретить там местного крепостного или хотя бы того, с кем он сможет обсудить свою новую должность. Не слушая перепалку, но увидив что <@&1503427050214785066> его догоняет, он у нкё спросил:
|-----------------------------------------------------------------------------|

—Хмм, а здесь не так уж не плохо, не находите? У каждого жителя есть своё хозяйство, а местный лорд похоже не такой уж ""жадина"" раз оставил земли в неплохом состоянии. Может нам и не потребуется сильно вмешиваться в жизнь этого места.

|-----------------------------------------------------------------------------|",samin__#0,samin__#0
"2026-05-25,23:18:16",ktoia,#0,"— Элла Риот —  

После обмена любезностями с Айденом Элла догнала Альберта, слегка запыхавшись и пошла с ним нога в ногу. Она оглядывалась по сторонам, но ничего особенного, что можно было бы сразу приметить, не увидела. Однако очевидно - дела всё же не так плохи. Она тоже думала, что будет дыра, а тут.. действительно просто деревенька.  

Кивнув на размышления мужчины, она поддержала:  

— Верно. Могло быть и похуже. Видно, что деревня находится на самообеспечении, что является значительным плюсом. Ну, а иначе и быть не могло - всё-таки от города мы далековато.  

Она замолчала на пару шагов, задумчиво глядя вперёд, на выделяющееся здание поместья.  

— Интересно, а тут есть другие поселения рядом?",biok_ymer#0,biok_ymer#0
"2026-05-26,13:26:02",samin__,#0,"— Джошуа и Павлов и Симон —

Если бы атака настигла веска, Данте скорее всего слëг бы на пару месяцев, учитывая что тому прилетело бы как дубинкой, однако на его благо атака прошла мимо, закручивая Джошуа, а тут ещë и удар по коленной чашечке. Закономерно парень крутонувшись упал на землю, собирая камни своей мордой

Безоговорочно по-бе-да. Парень было хотел встать, однако глубокий голос остановил его:

— Закончили. Победил Данте Сербернар. Да и ещë после атаки по хребту в бою, ты был бы уже мëртв

— Слишком много ошибок, неуклюжести и просто эмоций, которые ты вложил в меч. Вот и причины почему ты проиграл

/Тут голос стал даже грубее и угрожающе чем обычно/
— Ты рождëн аристократом, а значит у тебя есть обязанности защищать свою честь, а возможно и земли. Как ты можешь это делать, если в первый же час довëл свою служанку до такого состояния? Была бы моя воля, ты бы был разжалован до Чихуахуа, но твоë счастье это не в моих полномочиях

— На этом закончим, Данте, после ужина буду ожидать тебя в гостевых покоях. Нужно будет обсудить твоë будущее. У тебя есть задатки. Они разумеется не сравняться с мастерством Баскервиль, но всë-же развить их можно

На этих словах, мужчина было повернулся к Симону, что в смятении пытался понять что Джошуа уже успел натворить и что он такого не заметил, однако Джошуа прокашлявшись от пыли ответил:

— Да какая честь? Это не я довëл Мари, а Данте!

Павлов вновь обернулся к двоице, так и говоря своим взглядом ""молчать"". Как только те это поняли, он вновь обратился к Симону:

— Разберись в ситуации и проконтролируй чтобы виновный понëс наказание. Именем патриарха на время разбирательств даю тебе полномочия схожие с моими, но только в этом вопросе. По завершению, буду ожидать отчëта. Всë ясно?

Мужчина, что выглядел маленькой шавкой по сравнению с громилой лишь сухо ответил, приходя в себя:

— Да... разумеется, это ведь мой долг",ktoia#0,ktoia#0
"2026-05-26,13:26:04",samin__,#0,"Кивнув, Павлов зашагал в сторону поместья, оставляя площадку. Как только тот скрылся, Симон возвращаясь к норме сказал:

— Итак господа, не соизволите ли объясниться?",,
"2026-05-26,14:19:12",samin__,#0,"|-----------------------------------------------------------------------------|
||Думал я что вкинуть думал и ничего лучше не придумал||

Идя без особой мотивации по коридорам, парень остановился около лестницы, понимая что не желает идти к своему новому господину, который на проверку был ещё тем уродом, что смог открыть Эдварду глаза. Задержавшись у первой ступеньки дольше обычного, парня окликнул женский голос, что с некой насмешкой сказал:

— Эдвард~. Что случилось? Ты весь такой напряжённый~

Обернувшись, парень увидел ту самую последнюю госпожу, что осваивалась в ""Чёрной розе"". Джиллиана Сенбернар сидела за тем-же самом столом, скрестив голени под стулом, как леди, хищно смотря на паренька
|-----------------------------------------------------------------------------|",biok_ymer#0,biok_ymer#0
"2026-05-26,18:48:51",biok_ymer,#0,"—Альберт Дарси—
|-----------------------------------------------------------------------------|
Подходя к большому зданию, тот постучал в дверь, добовляя:
<@478922861554302997>  .
|-----------------------------------------------------------------------------|

—На карте я не видел других поселений рядом, отчего делаю вывод, что в округе эта деревня одна на продолжительную местность.

|-----------------------------------------------------------------------------|","samin__#0, ktoia#0",ktoia#0
"2026-05-26,18:51:51",biok_ymer,#0,"—Эдвард—
|-----------------------------------------------------------------------------|
Все также непривычно от того, что все тут знают парня по имени тот немного дернулся, а после оборачиваясь и наблюдая уже вторую госпожу за его одинокое путешествие тот нахмурился, а после сказал:
|-----------------------------------------------------------------------------|

—Прощу прощения, но мне кажется моя работа и рассчитана на излишнюю напреженность. Спасибо за беспокойство, но у меня все в порядке. Вы что-то ещё хотели спросить?

|-----------------------------------------------------------------------------|",samin__#0,samin__#0
"2026-05-26,19:05:01",ktoia,#0,"— Элла Риот —

Элла кивнула, принимая информацию и бросила короткий взгляд на тёмные окна поместья.

— Вот оно что...  Значит всё что нужно тут должно находится.

Она подошла ближе к двери и встала чуть сбоку Альберта.

— Думаете, нам откроют в такое время?",biok_ymer#0,biok_ymer#0
"2026-05-26,21:08:50",ktoia,#0,"— Данте —  

Данте опустил меч, выпрямился и не скрывая усмешки, посмотрел на Джошуа, который пытался подняться с земли. Его губы изогнулись в мерзкой, самодовольной улыбке. Он не сказал ни слова. Не нужно было. Взгляд говорил всё. Когда Павлов заговорил, Данте развернулся и слушал с каменным лицом, но внутри всё ликовало. Победа. Чистая, безоговорочная победа. Даже этот суровый мужчина признал, что у него есть задатки. стоп... признал... ...БЛЯТЬ, ОН ПРИЗНАЛ, ЧТО ЕСТЬ ЗАДАТКИ! НЕТ-НЕТ-НЕТ! СТОП, БРЕЙК, ВОЗЬМИ СЛОВА НАЗАД! НЕТУ ЗАДАТКОВ!! НЕТУ!!!! И тут же к этому добавилось то, что вкинули про свинью и Джошуа спалил его. Данте повёл бровью. Ой... братец... какой ты гондон... Бес хотел было что-то сказать, но не успел - Павлов ясно дал понять, что лучше сейчас помалкивать. Выслушав последние слова Баскервиля, тот благо ушёл, а Симону дали права на разбирательство. Только сейчас Данте начал думать о последствиях. Он вообще не видел в том, что сделал, плохого. Лишь небольшой перегиб и то не сказать, чтобы сильный. Однако, по всей видимости, так считал только он.  

Отнекиваться? ОШИБКА! Скрыть? ФАТАЛЬНАЯ ОШИБКА! А что делать? Каяться он не будет чисто психологически. Признать неправоту? Мх... ну... не-е-е-т... Нахмурившись от умозаключений, мальчишка положил зубочистку на пол, кинул последний гневный взгляд на Джошуа и развернулся полностью к Симону. Смотря на него слегка колеблющимся взглядом, он начал затирать:  

— Конечно... М-к-х... Когда я прибывал в своих покоях после собрания на первом этаже, то поговорил со своим слугой, обозначив, что и почему решил его покинуть, дабы осмотреть поместье. Вот только на выходе из комнаты на меня сразу опрокинули... м... горячий кипяток. Всему виной была слуга моего братца, которая, по всей видимости и моим умозаключениям, специально меня облила чаем, который несла для моего братца.  

Да, Данте начал врать.  

— Возможно, она и кажется слюнтяйкой, однако в тот момент так определённо не казалось. Случайности не случайны... Поэтому сложилось так, что мой день совсем не задался - реакция на кипяток, её лукавство... и я действительно применил рукоприкладство. Признаю, возможно, частично перегнул. Однако всё же слуга такого уровня, которым она является, должна быть безукоризненной, а совершила такое...  

На этом Данте остановился, пытаясь придумать, как бы ещё защитить себя.",samin__#0,samin__#0
"2026-05-27,11:17:10",samin__,#0,"|-----------------------------------------------------------------------------|
На удивление Альберта дверь качнувшись приоткрылась от постукиваний. Неужто поместье не закрывают?

Если парочка пройдёт внутрь, те заметят что внутреннее убранство хотя и было похоже на знатное, всё равно было бедноватым. То тут, то там были трещины в мебели, полы скрипели, а где-то уже давно выцвела краска. Свечи, что стояли везде и всюду уже давно не использовались, от чего внутри всё было темнее тёмного, однако если присмотреться, то всё было прибрано. Немного скопившейся пыли выдавали что ухаживали за этим местом не часто, однако отсутствие паутины указывало что здание отнюдь не было заброшенным
|-----------------------------------------------------------------------------|",biok_ymer#0,biok_ymer#0
"2026-05-27,11:26:20",samin__,#0,"— Джиллиана —

Кивнув на слова паренька, девочка покачиваясь из стороны в сторону приподняла взгляд чуть выше, как будто задумавшись о чём-то, а после выпалила:

— Что же я хотела... хм... а! Точно!

/Переведя взгляд обратно на паренька/
— Анна конечно великолепно обучена, однако она всё ещё хрупкая девушка, так что мы попали в затруднительную ситуацию. Понимаешь ли, я подготовила подарок для Арии, но поднять его мы не можем... если ты ничем не занят, можешь ли помочь и немного потаскать тяжести?

Договорив, девушка прикрыла глаза, спокойно улыбнувшись. И в чём подвох?",biok_ymer#0,biok_ymer#0
"2026-05-27,12:27:06",samin__,#0,"— Симон —

По мере рассказа, лицо Симона ни сколь не изменялось, лишь по завершению рассказа, тот прикрыл глаза глубоко вдыхая, немного запрокидывая голову к небу. С выходом голова опустилась  исходное положение и тот кивнув в сторону Джошуа, что уже поднялся и не скрывая злости смотрел на Данте, говоря тому:

— Джошуа, твоя версия

От этого вопроса злости на лице парня как и не бывало, от чего тот улыбнувшись сказал:

— По верному всё так и было. После ваших наставлений, я пошёл в свои покои, сказав Мари приготовить чая. Спустя время я уж было подумал что та и вовсе не умеет этого делать, ведь несла она его уж больно долго, а после я услышал странный шум в коридоре. Выйдя, чтобы разобраться предо мной предстала страшная картина. Братец Данте таскал мою слугу за волосы, а на её руке выступила кровь. Судя по звуку и её рассказу, она несла мне чай, как вдруг дверь и она и вправду облила братца, от чего тот вышел из себя и ударил ей в бок ног...

Тут Симон прервал его, поднимая руку вверх:

— Достаточно. Данте, я ожидаю увидеть ожог и объяснения, ведь **это** не похоже на простое ""частично перегнул"". Выдвигать требования в первый день работы, прислуге, которой едва ли исполнилось 13 - верх безрассудства, а учитывая что я являюсь смотрителем этого поместья, вы только что дали подсечену и мне, ну чтож... будьте добры

Ехидству Джошуа не было предела. Тут ещё вопрос кто выиграл в этой ситуации, однако треумф прервали:

— А нет, чуть не забыл момент. Джошуа, почему ты не сообщил мне о происшествии, а я узнал об этом от многоуважаемого Павлова? Нужно было оказать помощь и возможно остановить кровотечение, с чем бы служки и помогли. Подумайте над ответом хорошенько, в противном случае и вас ждёт ответственность за вашу нерасторопность",ktoia#0,ktoia#0
"2026-05-27,13:38:12",ktoia,#0,"— Данте —

Данте пытался слушать Симона серьезным лицом. Когда Симон упомянул ожог, он почти усмехнулся - вот за что можно зацепиться!

— Ожог.. конечно...

Он твердо опустил взгляд на руку, слегка задернул рукав - ничего. Вернул его в прежнее состояние, хмыкнул. Потом приоткрыл воротник и... там тоже ничего. Задернул обратно, повёл глазами по себе, но не придумав, где ещё могут быть следы, взглянул на Симона и ответил:

— К великому счастью, я обладаю хорошей генетикой. Те ожоги, что оставила мне слуга, быстро зажили... чудо. Поэтому я не смогу вам их показать. Но я вам не вру. Они действительно были.

Он сделал паузу.

— И да, я признаю, что перегнул. Возможно, даже сильнее, чем следовало. Но я не собираюсь оправдываться за свою реакцию на то, что меня облили кипятком, когда я вышел из собственных покоев.

Он выдержал паузу, давая своим словам осесть и добавил уже тише:

— Я готов понести наказание..... Но прошу учесть, что я не единственный, кто допустил ошибку. Все таки стоит упомянуть что братец Джошуа в той ситуации так же применил рукоприкладство по отношению к моему слуге. Добавлю что своего же отправил лечится сразу.

Если получать пизды, то Данте уж точно попытается утянуть с собой мерзавца Джошуа...",samin__#0,samin__#0
"2026-05-28,00:57:28",samin__,#0,"— Симон —

Принимая дерьмо, что тому лили в уши, мужчина достал платок из кармана, начиная протирать им лицо, а после начиная складывать его ответил:

— Значит Данте облили чаем приемлемой температуры из-за чего он применил излишнее рукоприкладство, что в принципе недостойно его статуса, а Джошуа видя это применил его уже к слуге Данте, забыв при этом позаботиться о благосостоянии своей служанки... ммм... этот год будет долгим...

— Чтож, пойду узнаю состояние слуг. Быть может стоит и прямо сейчас вас наказать, однако оставлю эту честь многоуважаемому Павлову, которому ч передам **все** ваши слова... **дословно**

Договорив, мужчина развернулся и пошëл в сторону поместья, не обращая внимания на то, что происходит за его спиной

Джошуа же хмыкнув на это ехидно ткнул локтëм в бок Данте, шепча тому:

— Выкуси, бездарь",ktoia#0,ktoia#0
"2026-05-28,03:52:48",biok_ymer,#0,"—Эдвард—
|-----------------------------------------------------------------------------|
А подвох был в том, что он не мог отказаться от данного занятия, отчего парень не долго думая подошёл поближе, говоря:
|-----------------------------------------------------------------------------|

—Я и вправду сейчас ничем важным не занят, отчего могу вам помочь.

|-----------------------------------------------------------------------------|",samin__#0,samin__#0
"2026-05-28,03:58:18",biok_ymer,#0,"—Альберт Дарси—
|-----------------------------------------------------------------------------|
Заходя внутрь тот все также недоверчиво осматривал окружение, а после в надежде найти кого-то зашёл внутрь, со спокойной походкой, осматриваясь, попутно отвечая:
<@&1503427050214785066> 
|-----------------------------------------------------------------------------|

—Выглядит не сильно населенно, однако не заброщенно. Осмотримся и если никого не найдем придется спрашивать местных жителей об этом месте.

|-----------------------------------------------------------------------------|",samin__#0,samin__#0
"2026-05-28,08:15:20",ktoia,#0,"— Данте —

Данте проводил взглядом удаляющегося Симона и только когда тот скрылся за дверью поместья, медленно перевёл взгляд на Джошуа... Вместо того чтобы сорваться, Данте криво усмехнулся и произнёс:

— Какой ты упырь, честное слово....

Он чуть отступил, стряхивая невидимую пыль с бока и не глядя на брата, добавил:

— Ну... ничего. Уже выяснил что на земле ты валятся любишь.

Развернулся к братцу.

— Верно?",samin__#0,samin__#0
"2026-05-28,10:12:02",ktoia,#0,"— Элла Риот —

Элла вошла следом за Альбертом, стараясь ступать тихо, ведь шум скрипучего покрытия отнюдь не нравился. Она оглядывалась по сторонам, отмечая жухлость окружения, но прям бордака не было.

— Похоже, кто-то действительно следит за порядком.

Подойдя к первому попавшейся поверхности провела пальцем по краю. На пальце осталась тонкая полоска пыли. 

— Хотя... Наверное тот кто следил недавно забил на это дело.

Призадумавшись девушка подошла к середине коридора. Добавляя тихо:

— Может, стоит покричать? 

Она не стала ждать ответа своего 
Господина начиная воплощать идею в жизнь:

**— ЭЙ!!! ТУТ КТО-ТО ЕСТЬ????!!!!!!! ||Я КИЛЬКА???||**

||<@478922861554302997> ||","biok_ymer#0, samin__#0",biok_ymer#0
"2026-05-28,13:40:50",samin__,#0,"|-----------------------------------------------------------------------------|
На крик, послышался какое-то копошение в комнате, что была дальше главного холла. Торопливые шаги смешались с разными звуками предметов из разных материалов, что кажется падали на пол один за другим. Призраки тут уж точно водились

Наконец успокоившись, из комнаты послышался старческий голос, что начал вопить:

— АСЬ?! Воришки ибо завалились? Да вы хоть знаете чьи эти хоромы?! А ну выметайтесь, а то мне придётся это сделать... эм... силой!

Старик был не на шутку взволнован, то и дело меняя тон общения
||<@&1503425579687477329> <@&1503427050214785066> ||
|-----------------------------------------------------------------------------|",biok_ymer#0,biok_ymer#0
"2026-05-28,14:18:41",samin__,#0,"— Джиллиана —

Девушка улыбнулась на такую покорность, а после спокойным голоском сказала:

— Умничка. На улочке, около заднего входика лежит коробочка. Положи её около порожка дверки Арии. И... на этом всё, ничего сложного правда же?",biok_ymer#0,biok_ymer#0
"2026-05-28,14:21:20",biok_ymer,#0,"—Эдвард—
|-----------------------------------------------------------------------------|
Кивнув на просьбу, парень направился к выходу, где принялся искать коробку. Могу предположить, что ему было легко её найти, очтего взяв ту направился на поиски комнаты а которой нужно занести её.
|-----------------------------------------------------------------------------|",samin__#0,samin__#0
"2026-05-28,14:23:11",samin__,#0,"— Джошуа —

На этот раз парень ни сколь не вспылил, наоборот, лишь сильнее смягчил голос:

— Ну не больше чем ты братец~

— Лучше уж разок упасть в грязь лицом, чем служить остаток жизни. Хах, так уж и быть, будем считать что на этот раз ты победил, так что вспоминая этот день через 10 лет я сяду вечерком на болконе своего поместья смотря на луну, запивая горе дорогим виски, в то время пока ты будешь лежать под кустом в одном из лесов, истекая кровью

Улыбнувшись, парень подмигнул Данте, развернувшись и идя в сторону поместья",ktoia#0,ktoia#0
"2026-05-28,14:24:48",biok_ymer,#0,"—Альберт Дарси—
|-----------------------------------------------------------------------------|
Немного удивившись тактическому Америку девушки, тот прислушался откуда был звук падения и направился туда, подходя к комнате услышал голос, на который тот стоя на пороге комнаты заявил:
<@&1503427050214785066> 
|-----------------------------------------------------------------------------|

—Прошу прощения, вы местный крепостной? Мы пришли поговорить с вами.

/После сказанного тот принялся ждать реакции или выхода мужчины из комнаты./

|-----------------------------------------------------------------------------|",samin__#0,samin__#0
"2026-05-28,14:28:01",samin__,#0,"— Джиллиана —

Взяв коробку, та и вправду оказалась весьма увесистой, однако не на столько, чтобы девушка не смогла поднять её на второй этаж. Это была обычная деревянная шкатулка, которая была увеличена в несколько раз, больше походя на небольшой сундук с чем-то, что каталось внутри то туда то сюда с характерным звуком, как что-то скользит по дереву

Взяв ту в руки, парень не успел сделать и шага, как вдруг в нос тому ударил еле заметный, но отчётливый запах железа. Будет ли он нести сундучок дальше или сделает что-то с ним?",biok_ymer#0,biok_ymer#0
"2026-05-28,14:29:29",biok_ymer,#0,"—Эдвард—
|-----------------------------------------------------------------------------|
В его планах было донести коробку и перед тем как оставить проверить ту, однако намек видимо имеется в том, что следует проверить его заранее. Попытавшись приоткрыть того, он глянул на содержимое.
|-----------------------------------------------------------------------------|",samin__#0,samin__#0
"2026-05-28,18:37:14",ktoia,#0,"— Элла Риот —

Элла вздрогнула, услышав старческий крик из комнаты. Она на мгновение замерла, широко раскрыв глаза. **ПРИЗРАКИ?** **Неужели они существуют?** Но тут же, осознав абсурдность своих догадок, она мотнула головой. НЕТ! Призраков не бывает!!! 

Элла сделала глубокий вдох, выпрямилась и когда Альберт направился к комнате, последовала за ним, стараясь держаться позади......

||<@478922861554302997>||","biok_ymer#0, samin__#0",biok_ymer#0
"2026-05-28,19:41:22",ktoia,#0,"— Данте —  

На этот раз парень ВСПЫЛИЛ. Ведь его ситуация была КОНКРЕТНО хуже, чем у Джошуа. Выслушав его предсказание, Данте внутренне послал его на хер. А нет, он может и вслух:  

**— Да пошёл ты, братец!**

На этом Данте решил закончить, потому что если он войдёт в кураж, то уже не остановится. Плевать ему на него. Что ж, дождавшись, пока тот скроется с глаз в поместье, Данте тоже отправился туда - направляясь в свои покои, чтобы ждать ПРИГОВОРА.",samin__#0,samin__#0
"2026-05-29,15:00:24",samin__,#0,"|-----------------------------------------------------------------------------|
Не успел Альберт договорить свою фразу, как на того выбежал дед, что с метлой в руках крикнул ""А НУ ВОН!"", занося ту над Альбертом, пытаясь того ударить со всего размаху
|-----------------------------------------------------------------------------|
||<@&1503427050214785066> ||",biok_ymer#0,biok_ymer#0
"2026-05-29,15:06:58",samin__,#0,"|-----------------------------------------------------------------------------|
Идя по коридорам, никто не обращал на парня никакого внимания, а на том самом мнесте, где парой минут ранее сидела Джиллиана уже было пусто. Донеся коробку до второго этажа, парень пошёл в крыло, где проживали госпожи, остановившись у ближней двери. Хм... а какая из дверей вообще Арии? Не придумав ничего лучше, чем просто оставить коробку у этой двери, парень всё-же заглянул внутрь, учитывая что запрета на это не было

Внутри как он и думал не могло находиться ничего хорошего, вель там была мёртвая плица, с воткнутым в неё кинжалом и некое письмо, весьма аккуратно запечатанное несколькими каплями воска без штампа. И на что подписали Эдварда?
|-----------------------------------------------------------------------------|",biok_ymer#0,biok_ymer#0
"2026-05-29,17:41:11",biok_ymer,#0,"—Альберт Дарси—
|-----------------------------------------------------------------------------|
Чуть помедлив мужчина увернулся от выпада, а после одной из рук взялся за швабру, останавливая выпады деда и спокойно проговорил:
|-----------------------------------------------------------------------------|

—И вот обязательно лезть сразу в бой? 

|-----------------------------------------------------------------------------|",samin__#0,samin__#0
"2026-05-29,17:44:50",biok_ymer,#0,"—Эдвард—
|-----------------------------------------------------------------------------|
Взяв птицу тот оторвал кинжал с письмом. Читать чужие переписки тот не желал, однако любопытство взяло верх и распечатав письмо тот положил птицу обратно в коробку, идя с ней к комнате кучерявому, у которой бы и оставил коробку, после чего дочитав письмо уже решил бы, что с ним делать 
|-----------------------------------------------------------------------------|",samin__#0,samin__#0
"2026-05-29,22:02:25",ktoia,#0,"— Элла Риот —

Элла вскрикнула и отскочила назад, когда из комнаты вылетел дед с метлой. Она едва не споткнулась о собственные ноги, но вовремя ухватилась за косяк, чтобы не упасть. Встав в адекватное вертикальное положение, она сделала шаг в сторону, чтобы дед мог её видеть, но всё равно держалась позади Альберта, а после покосившись на того сказала:

-# — С ума сошел?....

||<@478922861554302997> ||","biok_ymer#0, samin__#0",biok_ymer#0
"2026-06-01,16:27:55",samin__,#0,"|-----------------------------------------------------------------------------|
Сделав ещё пару неумелых взмахов, старик выдохся, уронив швабру на пол, а после и сам упал за ней, рассыпаясь в полное:

— Уж не губите старика бедного. Яж лишь за поместьем доглядаю, так что коль надо чего, берите что вам надобно, да ступайте себе с миром

На удивление старик говорил без паники и каких либо запинок. Голос был чуть повышенный, однако всё ещё весьма спокойный хоть и запыханный

||<@&1503425579687477329> <@&1503427050214785066> ||
|-----------------------------------------------------------------------------|",biok_ymer#0,biok_ymer#0
"2026-06-01,17:19:01",biok_ymer,#0,"—Альберт Дарси—
|-----------------------------------------------------------------------------|
Мужчина выслушав старика понял, что именно с этим стариком и нужно иметь дело, отчего протянув тому руку, помог ему подняться, говоря:
<@&1503427050214785066> 
|-----------------------------------------------------------------------------|

—Выходит вы и есть местный смотрящий. Прошу простить за беспокойство. Я Альберт Дарси Корги, прибыл в управство что мне назначили связи с понижением статуса. Можете считать меня новым местным лордом, отчего я хотел бы с вами начать сотрудничество.

/Отдав тому часть, парень после чуть отошёл в сторону, показывая на рукой <@&1503427050214785066> , говоря:/
-А эта мисс скажем... Моя помощница, Элла Риот, надеюсь мы с вами поладим.

|-----------------------------------------------------------------------------|",samin__#0,samin__#0
"2026-06-01,20:27:52",samin__,#0,"|-----------------------------------------------------------------------------|
Сломав восковую печать, мальчик стал читать послание, содержание которого не могло быть доброжелательным:

> Леди Ария, неужто вы считаете стены ""чёрной розы"" надёжной защитой. Спешим сообщить вам, что это наивное заблуждение с вашей стороны. Пока что мы просто наблюдаем и уведомляем вас, что вам не стоит предаваться праздности. Не пытайтесь искать нас. Не доверяйте тем, кто вас сейчас окружает. Среди слуг уже есть те, кто служит другим хозяевам и готовы начать действовать в любой момент. 
> 
> На балу через год, мы ожидаем что вы во всеуслышание откажетесь от притязаний на трон, как ранее это сделала ваша старшая сестра. Если этого не произойдёт, первый удар будет нанесён не вам, а тому, кого вы цените больше всего.
> 
> Считайте это последним проявлением нашей любезности. И не забывайте, мы видим больше, чем вы думаете, мы ближе, чем вам кажется

И разумеется никакой подписи. Кажется Эдвард только что встрял во что-то очень нехорошее, прочитав письмо. Что же он будет делать теперь?
|-----------------------------------------------------------------------------|",biok_ymer#0,biok_ymer#0
"2026-06-01,21:11:12",biok_ymer,#0,"—Эдвард—
|-----------------------------------------------------------------------------|
Прочитав письмо тот вновь убедился, что аристократия тот ещё змеиное логово. Он бы мог попытаться в это встрять однако молча взяв клинок и чуть взяв крови птицы, замазал часть про сестру и ""Ария"", а после закрывая письмо и перекрывая печать кровью, тот закрыл коробку и оставил у кучерявого, а после спрятав клинок в брюки заметив измазанные руки в крови и выдохнув опять направился куда-то в поисках прачечной, где убрал бы как свою кровь, так и птичью.
|-----------------------------------------------------------------------------|",samin__#0,samin__#0
"2026-06-01,21:51:17",samin__,#0,"|-------------------------------------------------------------------|
Парень спокойно себе дошëл до покоев, с силой захлопнув дверь. Развернувшись, тот увидел Джиллиану, что сидя за столом, на котором было перо с чернильницей изумлëнно смотрела на того. После недолгого неловкого молчания, та всë-же сказала:

— Эм... чем обязана?
|-------------------------------------------------------------------|",ktoia#0,ktoia#0
"2026-06-01,22:45:20",ktoia,#0,"— Элла Риот —  

Элла стояла позади <@&1503425579687477329> , в шаге от его спины. Их приняли за воришек? Ну, ладно господина Альберта, но она то за прохиндейку которая ворует в жизни не сойдёт! Хотя... её же стражники спутали с рабом... может, это в них проблема? Не придя к логическому выводу, девушка вернула внимание к ситуации когда Альберт начал представляться.  

Когда речь зашла о ней, она посмотрела на дедушку, слегка склонила голову, а затем выпрямившись добавила:  

— Извиняюсь за то, что могла напугать криком.",samin__#0,samin__#0
"2026-06-02,01:16:17",ktoia,#0,"— Данте —

Данте был зол на всю эту ситуацию, да и собственно на весь день, который сегодня случился. Где же он так согрешил, чтобы вляпаться в это дерьмо? И как он будет из него вылезать? Ужин... ужин... дерьмооо..... а потом Павлов. С недовольным лицом он твёрдо шагал по поместью и наконец добрался до покоев. Зайдя как к себе домой, парнишка с силой захлопнул дверь. И тут а.... **че?**

Он уставился на Джиллиану, похлопал глазами, оглядел комнату и понял: он ошибся дверью и крылом. Херово вышло. Постояв на месте, парень прикидывал, как начать диалог, но кажется, сестра заговорила первой.

— Оу... сестрица... невероятно…

Запнулся, осознавая, что этого ему ещё не хватало. 

— Перепутал дверь. Что ж... м-м-м.... я пойду.

Мальчишка развернулся в пол-оборота, собираясь побыстрее свалить. Ещё только слухов не хватало, что он заходит в комнаты к сёстрам.",samin__#0,samin__#0
"2026-06-02,15:32:47",samin__,#0,"|-----------------------------------------------------------------------------|
На удивление тот не попался на глаза вообще никому, спокойно дойдя до помещения, что по видимому и было прачечной. Если так подумать, то в этом поместье было крайне мало прислуги. 4 приставленные к господам, Симон и 3 служанки, за исключением них он вообще никого не видел. Возможно были ещё люди во дворе, но всё равно, не слишком ли мало людей для такого поместья?
|-----------------------------------------------------------------------------|",biok_ymer#0,biok_ymer#0
"2026-06-02,15:39:33",samin__,#0,"— Джиллиана —

Девочка вообще не понимала на кой к ней завалился Данте, однако вспомнив что прямо сейчас происходит в коридоре попыталась остановить того, завязав разговор:

— Постой братец. Я вижу ты выглядишь взволнованным. Быть может твоя ошибка была не случайна? Расскажи что случилось, а я возможно смогу чем-то помочь. Ну или как минимум выслушаю

Отодвинув стул, та привстала, сделав пару шажков в сторону паренька:

— Как ни как мы даже не виделись все эти годы, а это отличная возможность познакомиться, что думаешь?",ktoia#0,ktoia#0
"2026-06-02,17:24:20",biok_ymer,#0,"—Эдвард—
|-----------------------------------------------------------------------------|
Зайдя в прачечную, тот снял свою рубашку и взяв свободный деревянный таз, налил в того воды, а после по старинке стал замачивать и застировать рубашку, тратя на это неопределенное время.
|-----------------------------------------------------------------------------|",samin__#0,samin__#0
"2026-06-02,19:46:11",ktoia,#0,"— Данте —  

Увы, Данте не отпустили. Конечно же, из-за его обворожительности - ведь других идей, почему его остановили, у него не было. Уже потянувшись к дверной ручке, парнишка остановился, а затем развернулся к сестре. Придётся разговаривать..  

Выслушав девушку, он коротко кивнул, повел по ней взглядом и ответил:  

— Прямо так заметно? Что ж.  

Он прочистил горло и отошёл от двери.  

— Кхм. Звучит здраво. Тогда... как прошёл твой день?  

Данте не хотел начинать со своих проблем.",samin__#0,samin__#0
"2026-06-03,11:16:35",samin__,#0,"— Джиллиана —

Девушка чуть выдохнула, когда тот отошёл от двери. Как ни как не хотелось чтобы лишние глаза видели то, что там происходит. В этот раз повезло что Эдвард не попался на глаза

Отходя вглубь комнаты, та вновь села за стол, приглашая жестом Данте, сесть на против неё, попутно закрывая книгу, чтобы тот не увидел её содержимого. Слушая вопрос, та покивала головой, отвечая:

— Не каждый знатный человек будет входить в покои леди без стука. Разумеется если на то нет везкой причины, да и лицо у тебя доказывает, что ты чем-то раздосадован

— Что до меня. Хм... у меня всё прекрастно. Уже пришла в себя после долгой дороги, познакомилась со слугой, обошла поместье... ах и разумеется проиграла в показательной дуэли. Как-то так мой день и прошёл

Договорив, девушка повернулась, устремив взгляд в окно, слушая ответ горе-братца",ktoia#0,ktoia#0
"2026-06-03,11:23:39",samin__,#0,"— Баров —

Старик уж было начал подниматься, с помощью <@&1503425579687477329> , однако услышав что тот новый местный лорд, так ещё и пониженный, опять упал на колени, отвечая тому:

— Благодарю за честь, господин Корги! Меня это... Баровом звать извольте. Яж это, не знал что ваш светлось приедет. Да и никто не знал. У нас ж лорда отродясь не было, скок себя помню как-то сами жили

/Поднял взгляд на <@&1503427050214785066>/

— Ничаго-ничаго внучка, яж для этого тут и живу. КХЕМ! Прожив... КХЕМ-КХЕМ! Приглядываю я тут. Да...",ktoia#0,ktoia#0
"2026-06-03,13:04:55",ktoia,#0,"— Данте —

Данте не было особого дела до того, что она читает, поэтому он спокойно присел напротив девушки за стол. Что ж... Может выговорится не так уж и плохо? Всё-таки они в каком-то роде одинаковы по статусу, а значит, она сможет понять его негодование по поводу этого дня.

Парнишка пропустил первые слова ведь он уже сказал, что ошибся. Что до ответа, он недолго помолчал, а затем ответил:

— Хм... Что ж, видимо, я единственный, кого обделили спокойствием сегодня. Что начало дня, что сейчас...

— Получается, господин Павлов уже за вами заходил? /парнишка слегка отвёл взгляд./ Неожиданная встреча, не правда ли?",samin__#0,samin__#0
"2026-06-03,16:46:49",biok_ymer,#0,"—Альберт Дарси—
|-----------------------------------------------------------------------------|
Непонимая отчего мужик снова упал, поднял его сам ставя на ноги, а после выслушав того понимающе кивнул, говоря:
<@478922861554302997> 
|-----------------------------------------------------------------------------|

—Я предпологал, что это место на полном самообеспечении, однако не думал, что прошлый лорд даже не удосужился подглядывать за вами... Вообщем, теперь я ваш новый лорд и хотел бы помочь вам жить ещё лучше, чем прежде. Однако у сожалению я не разбираюсь в построении деревень, ведь я солдат, отчего ваша помощь мне была бы очень кстати господин Баров.

|-----------------------------------------------------------------------------|",samin__#0,samin__#0
"2026-06-04,14:12:48",samin__,#0,"— Джиллиана —

Девочка смекнув от чего братец столь хмурен, продолжая поддерживать разговор ответила:

— Да... признаться я ожидала что господин Павлов Баскервиль прибудет значительно позже. Однако это не столь большая проблема, учитывая что достаточно было просто показать ему, что в службе у нас интереса нет, да и в целом не запоминаться

Уводя разговор в сторону, девочка начала отбивать ритм, стуча по столу:

— Как жаль. Господин Павлов пытается найти приемника, но... никак не может этого сделать. Он самый сильный человек на западе, а быть может и в мире, однако лишён того, кто унаследует его идеалы... жаль-жаль-жаль. Ну, будем надеяться это вскоре решится",ktoia#0,ktoia#0
"2026-06-04,14:23:22",samin__,#0,"|-----------------------------------------------------------------------------|
Проведя в прачечной достаточно много времени, чтобы привести себя и мысли в порядок, парень наконец вышел от туда, попадая в один из многочисленных коридоров, выходя прямо перед Симоном, что с крайне недовольным видом шагал в сторону от него. Услышав звук открывающейся двери, тот обернулся с прищуром смотря на <@&1503426171604570333> , разворачиваясь и ступая к нему. Остановившись в паре шагов, тот заговорил:

— Эдвард, о делах что могут занять продолжительное время, принято уведомлять, чтобы в случае нужды тебя можно было найти. Собственно такой случай и произошёл. В данный момент я опрашиваю господ и прислугу о том, что произошло в северном крыле и искал тебя, чтобы выслушать твою историю

Тут лицо мужчины помрачнело и тот сказал более заносчиво и строго:

— Этикет гласит, что слуге не позволено свидетельствовать против своего господина, однако уведомляю, что если ты соврёшь, в этот раз это будет считаться ложью главной ветви, за что предусмотрено **самое** суровое наказания. Чтож... раз я уведомил тебя об этом... слушаю
|-----------------------------------------------------------------------------|",biok_ymer#0,biok_ymer#0
"2026-06-04,16:15:59",ktoia,#0,"— Данте —

Выслушав сестрицу парнишка напрягся... Неа, он и не думал о том что тот хоть в какой то мере связан с поиском приемника, он понял другое - Данте естественно запомнился господину Павлову.... А с какой стороны? ПЛОХОЙ!

Тяжело вздохнув и наведя взгляд обратно на  Джилли, парнишка продолжил:

— Вот оно как... Значит я один из немногих кто не знал об этом визите даже теоретически, наводит на дурные мысли.... Все таки я из-за этого допустил некоторое количество **малюсеньких** ошибок из-за которых господин Павлов меня точно запомнил, ибо тогда не звал бы меня после ужина.....

Напряжённо скрестил руки, добавил через зубы:

— и чтож делать....",samin__#0,samin__#0
"2026-06-04,18:44:47",biok_ymer,#0,"—Эдвард—
|-----------------------------------------------------------------------------|
Закончив приводить одежку в порядок, тот налепил её на себя, предпочитая той подсохнуть не ней. А после на удивление встретив взволновано Симона чуть поклонился, а после выслушав его думал без зазрения совести соврать, однако услышав о последствиях взглотнул, отведя взгляд в сторону и говоря:
|-----------------------------------------------------------------------------|

—О чём именно вы хотите узнать? Меня отправили привести себя в порядок по приказу господина Данте, отчего я весьма долгое время был раздельно от него.

|-----------------------------------------------------------------------------|",samin__#0,samin__#0
"2026-06-05,11:32:13",samin__,#0,"— Симон —

Сделав шаг назад, мужчина выдохнул, явно сам взволнованный ситуацией, а после почти спокойно сказал:

— Случай со служанкой господина Джошуа, а вернее что к этому привело и что случилось на самом деле

Мужчина чуть сбавил темп, занеся руки за спину, сомкнув их в замок на пояснице, явно и сам недовольный этим разговором",biok_ymer#0,biok_ymer#0
"2026-06-05,11:41:47",samin__,#0,"— Джиллиана —

Девушка еле как сдерживая смех лишь хитро прикрыла глаза, отвечая своему братцу:

— Запомнился? Ох, это может быть отличной возможностью, однако вижу что тебе это претит. Хм... ну не думаю что он будет заставлять делать что-то насильно. Просто откажись от его предложения и дело с концом

/Подняла руку, незатейливо коснувшись пальчиком подбородка/
— Вероятно это поставит крест на службе как таковой, однако вижу тебе это и не нужно, так в чём проблема?

Девочка не понимала серьёзности ситуации",ktoia#0,ktoia#0
"2026-06-05,13:34:37",ktoia,#0,"— Данте —

Она ОПРЕДЕЛЕННО не понимала как Данте запомнился Павлову... От усмешки Данте ещё больше выпал в осадок... Нет, она не выслушает... Его никто не поймет.

Разочарованно вздохнув парнишка положил руки на стол и уперевшись локтями ответил:

— Нет.... Нет-нет-нет Сестрица. Господин Павлов меня запомнил совершенно не из-за навыков меча, да правда, я победил эту.. Су... Кхм. Братца Джошуа. Но... Он запомнил меня за ситуацию перед дуэлью... Плохую ситуацию, которая определенно меня показала с плохой стороны.

Данте опустил голову.

— Ах. Ну надо было этой нести чай...",samin__#0,samin__#0
"2026-06-05,17:33:57",samin__,#0,"— Джиллиана —

Слушая паренька, девочка вообще запуталась. Что он такого натворил, что она об этом не знала? Что за чай и... почему он назвал своего брата сук... кхм... не важно

Слабо понимая что вообще происходит и достаточно потянув время, девушка ответила прислонившись к спинке стула, скрестив руки перед собой:

— Тогда просто признай неправоту. Господин Равлов аристократ в самом возвышенном смысле этого слова, так что уж хуже точно не будет. Если разумеется ты ошибся. Главное не наломай больше дров

— Хотя мы и дети, но Павлов ещë до нашего рождения казнил аристократов, так что едва ли твой проступок его удивит. Расслабься, что он сделать то может, не убил же ты кого",ktoia#0,ktoia#0
"2026-06-05,18:32:08",ktoia,#0,"— Данте — 
 
...Ладно. Хорошо. Слова Джиллианы успокоили Данте и он немного помолчав, сказал:  

— Что ж… Наверное, ты права. Всё таки я никого не убивал. ||ведь меня остановили||

Он опустил локти со стола и чуть расслабил плечи.

— Признание неправоты - отличный выход из этой ситуации. Не будет же господин Павлов кататся по мне... хе... кхм... да...  

Он убрал появившуюся было ухмылку и продолжил уже серьёзнее:

— Спасибо за разговор. Действительно помогло.",samin__#0,samin__#0
"2026-06-05,19:00:54",biok_ymer,#0,"—Эдвард—
|-----------------------------------------------------------------------------|
Понятно, значит дом уже все прознал. И тут стоял у парня вопрос, прекрывать ли подобие господина или нет. Парень задумчиво поводов взглядом по коридору, в итоге вернул взгляд на дворецкого, говоря:
|-----------------------------------------------------------------------------|

—Значит вас интересует как господин Данте избил Мари в приступе гнева? Я незнаю начала этой ситуации, но застал её развязку. Он тянул бедную девушку за волосы, называл грязью и всячески измывался над её положением. После же моего присутствия, тот хотел переключиться на меня, однако тогда вмешался господин Джощую, что уже врезал мне, после чего я долгое время проволялся непонимая, что происходит, однако мне дали приказ привести себя в порядок и этим я и занялся.

/Закончив спокойно сдавать всех с потоками, тот лишь лениво поправил воротник, будто в этом рассказе не было ничего удивительного./

|-----------------------------------------------------------------------------|",samin__#0,samin__#0
"2026-06-08,11:13:13",samin__,#0,"— Баров —

Дед не понял от чего тело стало таким же лёгким как в молодости, однако когда того вновь поставили на ноги, тяжесть лет вернулась. Слушая нового ""лорда"", тот ответил:

— Так а чагось. Мы тут живём себе спокойно, вдалеке от всякого нечистого. Знай себе только картоху рубай и вуз не дуй. Будуж вам быть полезным ваш благородие

Кивнув самому себе, дед поплёлся на кухню, отодвигая стул и... сам же на него сел:

— Выж это. С дороги небось устали. Вы садитесь-садитесь. Иль уже отходить жалаете?

||<@&1503427050214785066> ||",biok_ymer#0,biok_ymer#0
"2026-06-08,11:17:51",samin__,#0,"— Джиллиана —

Увидив плод своих стараний, девочка улыбнулась, кивая на слова братца та улыбнулась, отвечая тому:

— Не за что братец. Для этого и нужны кровные узы. Я тоже насладилась этим разговором

Встав со стула, та подошла к окну, уставившись в него, дополняя:

— В таком случае не задерживаю, если выживешь буду ждать следующей беседы~

Сказав это, та повернулась к Данте лицом, на котором сияла ухмылка, коей позавидовал бы сам парнишка в своём лучшем состоянии",ktoia#0,ktoia#0
"2026-06-08,11:26:33",samin__,#0,"— Симон —

Мужчина слушал ребёнка с невозмутимым видом, как будто в его рассказе не было ничего удивительного. По его завершению, дворецкий достал из кармана платок, взяв им монокль, что понемногу пытался вывалиться от услышанного и стал тот протирать, время от времени смотря на его прозрачность под лучами солнца:

— Чтож, ты развеял мои сомнения. Это так или иначе должно было произойти, однако я не думал что именно в первый день вашего пребывания в этих стенах. Чтож, это не столь плохо. Мари ожидаемо соврала, но об этом я пожалуй тоже умолчу в отчёте

Закончив говорить мысли в слух, мужчина вновь зажал монокль веком и чуть запрокинув голову, убрал платок обратно:

— Вернёшься к своему господину после ужина. Джоси оповестит Данте об этом решении, а пока что можешь освоиться

Договорив, мужчина развернулся и вновь пошёл по своим делам, видимо докладывать о ситуации кому постарше",biok_ymer#0,biok_ymer#0
"2026-06-08,12:33:02",ktoia,#0,"— Данте —  

Данте поднялся со стула, поправил воротник и коротко кивнул сестре.  

— Что ж... тогда я пойду сестрица.... Не пропаду.

Выйдя в коридор, Данте прикрыл за собой дверь и выдохнул. Разговор помог, но осадок всё равно остался. Сделав несколько шагов вперед проговорил:

— Ужин... Павлов... м.....

Время действительно наверное уже подходило. Пора было собираться с мыслями и готовиться ко второй встрече.  

Он зашагал по коридору, стараясь не думать о том, что будет, если он проебется.

||Мб если на ужине ничего не будет, то скип? и сразу к Паше?||",samin__#0,samin__#0
"2026-06-08,13:25:50",biok_ymer,#0,"—Эдвард—
|-----------------------------------------------------------------------------|
И снова отсрочка от прихода к Данте и что спрашивается теперь делать маньяку с клинком? Парень проводил взглядом по комнате, а после со скукой направился обратно к помещению с слугами, где раньше был рон. Видно тот решил при возможности обучиться готовки, однако свезет ли ему кого-то там встретить, вопрос оставался открытым...
|-----------------------------------------------------------------------------|",samin__#0,samin__#0
"2026-06-08,13:34:18",biok_ymer,#0,"—Альберт Дарси—
|-----------------------------------------------------------------------------|
Следуя за мужчиной, воевода с интересом продолжал разглядывать поместье, видно запоминая его строения, говоря:
<@&1503427050214785066> 
|-----------------------------------------------------------------------------|

—Спасибо за беспокойство сэр Баров, однако перед тем как отлучиться отдохнуть, я хотел бы узнать о нынешнем положении дел. Я уже видел, что земли выглядят аккурат под автономию, однако я также слышал слухи о проблемам с ближайшим лесом, быть может вы знаете поподробнее, в чем же с ним проблема? Все же если там завелась какая животина, я как бывший солдат быть может смогу с ней справиться, да и заодно смогу наладить связи с местными, отчего был бы рад услышать поподробнее. А после вы если вам не составит труда могли бы показать свободные комнаты, чтобы скоротать время до завтра.

/После сказанного мужчина также присел за свободный стул и чуть подумав все же встал с места, отодвигая стул для <@&1503427050214785066> , говоря:/
-Да и хотелось бы найти не только себе занятие, но и мисс Риот, отчего ваша мнение будет весьма актуально. Вряд-ли у вас есть проблемы ""механического"" масштаба, отчего девушка может помочь нам как ассистент и прислуга, убираться и готовки она не обучена, однако заверила меня в быстрой обучаемость, отчего может в будущем нам с этим помочь в этом месте, немного облегчая как ваш быт, так и мой, верно мисс Риот?

/После сказанного, тот посмотрел на девушку, видно интересуясь её мнением. Он точно был аристократом? Для такого статуса он был уж больно...сговорчивым?/

|-----------------------------------------------------------------------------|",samin__#0,samin__#0
"2026-06-08,14:31:58",ktoia,#0,"— Элла Риот —  

Не то чтобы сговорчивым - он был чрезвычайно и слишком интеллигентным. Честно сказать, таких аристократов девушка видела впервые. Ей определённо приходилось сталкиваться с ними за свою жизнь, но не так много, чтобы понять: аристократы - те ещё себе на уме. А этот... а все военные аристократы такие?  

Посмотрев, как ей уступает стул сам АРИСТОКРАТ, Элла покосилась на него, чувствуя какой-то подвох, но не вычислив его, решила кивнуть и присесть.  

Тут же заговорили о её работе. Да, деревенька дряхлая, старая, никому не нужная. Тут наверняка даже читать никто не умеет. Пф... и где бы ситуация была хуже? В прошлом месте она бы определённо сгнила, а тут есть хотя бы выход из положения.  

Перестав слушать и думать, девушка ответила:  

— Верно говорите, господин Дарси... Я не боюсь работы. И учусь быстро.  

Элла посмотрела на старика, потом снова на Альберта.  

— А убирать и готовить.. и так далее... ну, мемх.... научусь. В конце концов, не боги горшки обжигают.

||<@478922861554302997>||","biok_ymer#0, samin__#0",biok_ymer#0
"2026-06-10,21:39:55",samin__,#0,"|------------------------------------------------------------------|

Как только парнишка выщел из комнаты своей сесты, тот встретился с Джоси, что стояла прямо перед ней, неслабо его напугав. Не дожидаясь его воплей, та невозмутимо произнесла:

— Господин Симон просил увидомить вас, что ваш слуга будет отсутствовать до окончания ужина, работая на благо поместья

Так-же не дозидаясь ответа, та поклонилась и удалилась без каких либо лишних слов, оставляя Данте в полном непонимании

Остаток дня прошëл без проишествий. Скука в своей комнате, ужин на котором разве что то и дело мелькал недоброжелательный взгляд Джошуа и Арии и наконец парня привели прямо к двери в дальнем крыле первого этажа

Встав перед ней Симон сказал наевшемуся Данте:

— Многоуважаемый Баскервиль уже знает что произошло, от чего моë присутствие там не требуется, за сим, откланиюсь

Договорив, мужчина развернулся и ушëл оставляя парня наедине с обычной, но такой страшной дверью

|| Да, думаю лучше скип ||

|------------------------------------------------------------------|",ktoia#0,ktoia#0
"2026-06-10,21:52:46",samin__,#0,"|| Ебаный сука d20 ||

|-----------------------------------------------------------------|
Зайдя на кухню, парень не увидел не Рона, не служанок. Там было бы абсолютно пусто, если бы не шуршание за одной из стоек. Судя по всему там и вправду кто-то копошится не замечая прихода нового человека
|-----------------------------------------------------------------|",biok_ymer#0,biok_ymer#0
"2026-06-10,22:03:09",samin__,#0,"— Баров —

Слушая <@&1503425579687477329> и <@&1503427050214785066> , дед чутка призадумался, а не надувают ли его? Однако откинув эту мысль, ведь с ней могла отлететь и его голова, тот принялся отвечать:

— Нус, что до барышни, работка то всегда найдëтся. Ну думаю что девка в примудростях разбирается, но вот кашиварить, так это за милую душу

— Что до леса то? Ох... да нечистый он. Того и гляди дети пропадают, скот какой забредëт так и не возвращается. А хто туда ступит, тот и умирает  на кануне. Вот и не ходим мы туда, и хорошо всë. Яж сколько себя помню, столько его стороной о обходим. Не знаю, толи животина какая свирепая, толи духи какие. /Махнул рукой/ Да и знать не хочу",ktoia#0,ktoia#0
"2026-06-10,22:22:40",ktoia,#0,"— Данте —  

Данте вышел от сестры и тут же нос к носу столкнулся с Джоси. Вопль застрял в горле - он лишь дёрнулся, но девушка, не обратив на это внимания, сухо отрапортовала про слугу и так же внезапно исчезла.  

Остаток дня тянулся медленно. В своей комнате Данте метался от стены к стене, пытаясь унять дрожь в руках. На ужин он почти не смотрел - ковырял вилкой еду, не чувствуя вкуса. Перед смертью не наешься.....  

Взгляд Джошуа и Арии он игнорировал, хотя каждый раз, когда встречался с Джошуа, хотелось смачно кинуть в его тупую рожу тарелку. Ария же... а чего она на него смотрит? Ну да, Данте хорош собой и он её понимает - не мудрено втюриться. Вот только на трупе жениться сложновато, но зато труп красивый, МОЙ! Кхм... Видимо, слова сестрёнки не сильно помогли.  

И вот теперь он стоял перед дверью в дальнем крыле. Обычная дверь... Но для него она казалась неподъёмной - будто за ней была не комната, а пропасть. Очевидно, Симон всё рассказал, поэтому никакой толковой реакции на него не будет.  

Данте сглотнул, поправил концы белоснежной рубашки, собрал волю в кулак и к сожалению шагнул вперёд. Бросив шёпотом напоследок:  

-# — Чёрт с ним.  

Зайдя в комнату, парнишка слегка наклонил голову, но поняв что молчать здесь не надо, сказал:  

— Господин Павлов, я.. я прибыл.",samin__#0,samin__#0
"2026-06-10,23:38:25",biok_ymer,#0,"—Альберт Дарси—
|-----------------------------------------------------------------------------|
Мужчина же по генеральски убрав руки за спину слышал рассказ мужика, а после кивнул себе на идею, сказал:
|-----------------------------------------------------------------------------|

—Что же, понял, значит самому придется проведать этот ""проклятый"" лесок.  А что сейчас, мне кажется поздновато строить какие-то планы, есть ли у вас свободные комнаты для нас? Думаю стоит перенести нашу планы уже на завтрашний день и дабы вы не беспокоились...

/Мужчина достал из куртки своё письмо, а после протянув мужику, сказал:/
-Там есть подтверждения моей личности и приказ, по перенаправление сюда, отчего у вас будет подтверждение меня. Насчёт неё подтверждений личности никаких нет, очтего верьте на слова.

/Договорив, мужчина подождав пока мужик прочтет письмо забрал бы его обратно, а после стал осматриваться, Ищя взглядом видно свободный стул для сна.../ 

|-----------------------------------------------------------------------------|",samin__#0,samin__#0
"2026-06-11,01:50:32",ktoia,#0,"— Элла Риот —

Элла слушала старика и всё больше хмурилась. И не только из-за того, что её заставят готовить. Нет, конечно это наверное не сложно - она и не такое умеет, но... Ме... ладно, придётся. Помимо готовки и работы по дому, её встревожил какой то лес, где пропадают люди и скот, куда лучше не соваться. Значит через лес если что уйти не вариант... хотя тут такая даль что любой лес это смерть.

Она перевела взгляд на Альберта, когда он заговорил о том, что сам пойдёт туда.

— А может, вам не стоит все таки идти в этот лес?

Элла отвела взгляд в сторону, потом снова посмотрела на него.

— Я не говорю, что вы не справитесь. Вы военный, у вас опыт, все такое.... Но если там такая... дрянь, что даже местные боятся столько времени, может ну... не надо??? а?",biok_ymer#0,biok_ymer#0
"2026-06-11,02:31:44",biok_ymer,#0,"—Эдвард—
|-----------------------------------------------------------------------------|
Не долго думая тот подошёл к стеллажу, смотря, кто же там так копошился.
|-----------------------------------------------------------------------------|",samin__#0,samin__#0
"2026-06-11,11:28:30",samin__,#0,"— Павлов Баскервиль —

Зайдя в комнату, парня встретила весьма удручающая атмосфера. Простенькая по меркам его покоев гостевая комнатка, которая хоть и была достойна аристократа, но уж точно не такого ранга. Зашторенные окна не давали лунному свету пройти внутрь, а свет издавала лишь лампа, стоящая на столе. Павлов сидел за столом ожидая визита, его нахмуренность дала понять что разговор будет весьма тяжёлым, нет не для него, а для Данте

Лишь указав на стул на против себя, тот слегка откололся назад не произнося ни слова",ktoia#0,ktoia#0
"2026-06-11,11:50:15",samin__,#0,"— Баров —

Дед так и продолжал сидеть не вдупляя о чём бормочат ""гости"". Однако тому протянули бумагу, которую тот принялся читать. Ну удивление он даже был обучен грамоте, что высоко ценилось в деревнях подобных этой. Отклонившись так, чтобы свет падал на бумагу, старик стал с прищуром оглядывать содержимое, попутно в пол уха слушая разговор. Дочитав до определённого момента, тот вылупился на <@&1503425579687477329> на столько, что его глаза даже проступили через густые брови. Вскочив со стула, тот упал на пол, вцепившись в ноги <@&1503425579687477329> , начиная громко причитать:

— Ваш благородье, ваш благородье! Ненадобно вам туда. Служка дело говорит. Местаж те нечистые, давайтеж я вас в покои то и проведу. Выж верно устали, вон, уже пургу мелите с усталости

||<@&1503427050214785066> ||",ktoia#0,ktoia#0
"2026-06-11,11:53:44",ktoia,#0,"— Данте —

Данте вошёл и воздух в комнате будто стал тяжелее. Он сразу заметил эту давящую простоту. И Павлов.... Хмурый, неподвижный, как скала.

Парень молча опустил сначала взгляд на стул, а потом сам на него опустился, стараясь держать спину ровно. Он не оправдывался и не собирался начинать разговор - просто сидел и ждал, глядя на Павлова, положив  руки на колени, сцепив пальцы. Он понимал, что оправдываться без причины - только хуже. Лучше молчать и слушать. А там - будь что будет.... Может как нибудь удастся сбавить обороты проблемы....",samin__#0,samin__#0
"2026-06-11,11:54:28",samin__,#0,"|-----------------------------------------------------------------------------|
Копошение продолжалось ровно до того момента, пока <@&1503426171604570333> не приблизился достаточно близко и не увидел беловолосую фигуру, что копошилась в тумбе. Услышав шаги, причина шума дёрнулась, ударившись головой о тумбу, начиная привставать:

— Тс... ай-ай-ай, ну кто там ещё то?
|-----------------------------------------------------------------------------|",biok_ymer#0,biok_ymer#0
"2026-06-11,12:05:19",samin__,#0,"— Павлов Баскервиль —

Павлов сидел неподвижно, лишь изредка медленно моргая. Как только парень сел, тот немного наклонился, ставя локти на стол, что кажется хотел ломаться под его весом. Сцепив пальцы между собой, тот поднёс их к лицу, прикрывая тем самым рот, оставляя лишь алые глаза

И вот, **молчание** начало давить. Тот только смотрел, ничего не говоря, даже пытаясь не выдавать собственного дыхания, лишь сверля парня взглядом",ktoia#0,ktoia#0
"2026-06-11,12:28:21",ktoia,#0,"— Данте —

Данте выдержал взгляд Павлова, но с каждой секундой это становилось всё труднее. Тишина давила, как бетонная плита. Он чувствовал как спина чуть холодеет, но не шевелился, пальцы сцепленные на коленях чуть побелели от напряжения.

> Что он делает? ЧТО ТЕБЕ НАДО????

Данте сглотнул, но промолчал. Говорить первым было бы ошибкой. Он просто сидел и смотрел на алые глаза, стараясь не моргать и не показывать страх, который все таки просачивался... Уж больно грозный мужик когда молчит... УГРОЖАЮЩЕ.

> Если он хотел просто наказать, уже бы сказал. Значит, ждёт чего-то другого. Может, раскаяния? Та ну... Нет, не будет его, не в этой жизни.... Но я в следующую пока не собираюсь!!!

Данте чуть прикусил губу изнутри, но не опустил взгляд. Он решил: сколько бы ни длилось это молчание, он не начнет первый.",samin__#0,samin__#0
"2026-06-11,12:38:23",samin__,#0,"— Павлов Баскервиль —

Мужчина лишь продолжал молчать и моргать. Сколько же это может продлиться? А возможно ли что они так и просидят до утра. Учитывая упорство Данте - вполне возможно, но неужели тот думает что сможет заставить Павлова отступить?",ktoia#0,ktoia#0
"2026-06-11,13:18:21",ktoia,#0,"— Данте —

Данте сидел, не шевелясь, но внутри всё дрожало. ""Уверенность"" ||коей не было|| с которой он вошёл в комнату, таяла с каждой секундой. 

> Издевается? Ну сколько можно?..

Не начинать первым.... Не сейчас. Ещё немного. Посидим... Но спустя немного тишина вовсе стала невыносимой. Спина затекла, а в голове закончились мысли.

Данте почувствовал, как по виску скатилась капля пота. Он не вытер её. Только сжал зубы и продолжил смотреть в эти алые глаза, надеясь, что Павлов заговорит первым. Или что земля разверзнется. Или что его хватит удар. Что угодно, лишь бы не сидеть вот так, в этой давящей, жуткой тишине.

Он не сдавался. Но с каждой секундой это становилось всё труднее.

||Я в рот ебал генерировать на телефоне||",samin__#0,samin__#0
"2026-06-11,13:34:17",samin__,#0,"— Павлов Баскервиль —

Поняв что это может затянуться, мужчина кивнул, немного приподняв брови и отколонившись, прислонился спиной к стулу, что скрипнул от такой нагрузки. Не обращая внимания, тот лишь положил руки на подлокотники, а правой стал постукивать по столу, используя указательный палец, совершенно не меняясь в лице, однако всё-же нарушая тишину

||Дальше ничего меняться не будет||",ktoia#0,ktoia#0
"2026-06-11,14:26:34",ktoia,#0,"— Данте —

Стук пальца по столу прозвучал как выстрел в тишине. Данте чуть дёрнулся, но быстро постаравшись взял себя в руки. Тишина кончилась. Теперь можно было говорить... Верно же?

Он выдохнул, стараясь унять дрожь в голосе и начал:

— Господин Павлов... вы говорили, что хотите обсудить моё будущее.

Выдержал паузу, собираясь с мыслями. 

— Я слушаю.

Данте смотрел прямо, хотя внутри всё ещё колотилась тревога. Парнишка не собирался поднимать тему связанную с слугой, ибо его звали по другому поводу.",samin__#0,samin__#0
"2026-06-11,17:02:50",biok_ymer,#0,"—Эдвард—
|-----------------------------------------------------------------------------|
Парень не мог понять кто стоял перед ним, отчего чуть опустив голову, видно делая ленивый поклон сказал:
|-----------------------------------------------------------------------------|

—Я Эдворд, один из начинающих слуг этого дома, приставленный к молодому господину Данте, а вы...?

|-----------------------------------------------------------------------------|",samin__#0,samin__#0
"2026-06-11,17:16:52",biok_ymer,#0,"—Альберт Дарси—
|-----------------------------------------------------------------------------|
Воевода с непониманием глянул на дедушку, а после чуть опустившись на карту протянул тому руку, помогая встать, после чего сказал:
<@&1503427050214785066> .
|-----------------------------------------------------------------------------|

—Не переживайте вы так сэр, я не переживаю за своё здоровье, а вот за людей что боятся неизведанного немного все же переживаю. Не волнуйтесь, я попросту завтра схожу на разведку, не буду же я срубать весь лес чтобы опровергнуть слухи. Но все же отложить этот разговор я не зря предложил, ато усталость и вправду берет свое. Прошу, покажите где можно прилечь нам.

|-----------------------------------------------------------------------------|",samin__#0,samin__#0
"2026-06-11,18:30:33",samin__,#0,"— Баров —

Поднявшись, мужчина медленно поплëлся на выход из комнаты, говоря в ответ:

— Конечно-конечно, этож тс... ваши харомы, так что комнат тут не мало

 Пройдя через главный холл, тот направился вглубь, начиная рассказывать:

— Ещë на моей памяти тут жило семейство. Хорошее было, да вот только даже фамилии не вспомню. Правили не правя, во как. С людом за общий стол садились, да и работой не брезговали. Да... хорошие времена были. Хотя и сейчас неплохо. Годок уражайный будет, а тут большего и не надо. Только скот весь мается. Ибо вредители какие? Но это уже пару годков так, поэтому живëм жиднем

Дойдя до дверей, тот толкнул одну из них не смотря в нутрь, а после пройдя пару шагов толкнул следующую, давая тем выбор:

— Нус хозяева, разберайте",biok_ymer#0,biok_ymer#0
"2026-06-11,22:06:35",samin__,#0,"|-----------------------------------------------------------------------------|
Парень начал подниматься держась за затылок, потирая его. Сосредоточив взгляд на Эдварде, тот кивнул, поклонившись в ответ и ответил:

— Лукас, просто Лукас

Говоря это, парень став поправлять китель, что использовал ранее как фартук, осмотрев Эдварда, тот слегка улыбнулся поправляя сползающие очки и дополнил:

— Оу, то есть уже и слуги прибыли? Да... как же быстро летит время. Мимолётно... и я бы сказал даже излишне быстро для моих лет

Хотя парень так и говорил, выглядел тот крайне молодо, так ещё и держался куда грациознее чем Данте или любой из господ, что парень видел до этого
|-----------------------------------------------------------------------------|",biok_ymer#0,biok_ymer#0
"2026-06-12,02:01:12",biok_ymer,#0,"—Эдвард—
|-----------------------------------------------------------------------------|
Посмотря на парня и на манеру общения тот сделал некие выводы в голове, а после спросил:
|-----------------------------------------------------------------------------|

—Прошу прощения за вопрос, а что вы делали на кухне совсем одни. Неужто вы сами что-то готовили?

|-----------------------------------------------------------------------------|",samin__#0,samin__#0
"2026-06-12,02:40:12",biok_ymer,#0,"—Альберт Дарси—
|-----------------------------------------------------------------------------|
Мужчина слушая смотрителя попутно осматриваясь встал у комнат, не долга думая тот выбрал вторую комнату, что явно была поменьше и зайдя внутрь встал у двери, говоря:
<@&1503427050214785066> .
|-----------------------------------------------------------------------------|

—Что же, поработать я тоже не против на общий лад. Все же человек я не умный, однако силой своей подсадить смогу. А вот с заразой нужно будет что-то выдумать, чтобы скот был в порядке... Ну для первого дня неплохо, хотя бы планы на завтра нашлись. Прошу простить, однако я вынужден пойти отдохнуть, отчего не стану вам задерживать.

/Договорив Альберт чуть поклонился, а после аккуратно взялся за дверную ручку, закрывая дверь за собой, а после устала продержавшись взглядом по комнате тот подошёл к кровати и сев за ту посмотрел на дрожащую руку, чуть нервно вздыхая, после чего стал думать о том, что же с ним будет. Он старался не думать о его сложном положении, однако ситуация в котором жизнь что он положил на защиту родины в итоге была выкинула в мусор... Как солдат он не мог воспротивиться приказу, но как человек ему отчего-то стало обидно от этого и тот опустил голову, пытаясь осознать все свои скопленные мысли, по этому поводу./

|-----------------------------------------------------------------------------|",samin__#0,samin__#0
"2026-06-12,11:00:10",samin__,#0,"— Лукас —

Парень медленно кивнул на слова мальчика, отвечая тому:

— Сие действие едва ли можно назвать готовкой, я бы сказал тщетный поиск чая

Улыбнувшись своему же сравнению, тот немного приподнял руку, указывая ладонью на <@&1503426171604570333> , говоря тому:

— Полагаю ты тоже здесь по какому-то делу?",biok_ymer#0,biok_ymer#0
"2026-06-12,12:39:09",ktoia,#0,"— Элла Риот —  

Элла молча прошла следом за стариками, слушая обоих. Да уж, если задуматься, ничего в её жизни особо не поменялось. Она не вступала в диалог - только кивала, разглядывая стены и пыльные узоры на дверях. Когда дед показал на комнаты, она заглянула в обе и естественно думая, что Альберт возьмёт первую, уже открыла рот, чтобы сказать о второй, но... тот уже шагнул в одну из дверей и коротко попрощавшись, закрылся у себя.  

Чего?  

Нет, во многом приятно, но... ну... мм... ладно?  

Элла выдохнула, перевела взгляд на Барова, потом на оставшуюся комнату.  

— Что ж... значит, я здесь. Удивительно... Раз так, то доброй ночи дедуся.  

Девушка зашла в комнату, закрыла за собой дверь и начала осматриваться. Эта была определённо больше второй. Может, Альберт аскет? Это очень странно: бывший Ротвейлер выбрал то, что поменьше. Пу... хотя явно видно, что эта комната как раз и принадлежала бывшим владельцам поместья, либо это гостевая. Мда... В любом случае, ладно - выбор сделал он, значит, девушка не при делах.  

Пройдя к кровати, Элла развернулась к ней спиной и плюхнулась лицом вверх, глядя в потолок. Легкая пыль поднялась и она чуть не чихнула, но всё же сдержалась. Молча поглядев в потолок, начала говорить сама с собой:  

— Ну.... хорошая комната, правда, функциональности поменьше. Хотя я в первый раз в таких больших покоях, может и понравится. Да и всё же Альберт странный для дворянина, как впрочем и весь сегодняшний несчастный день. Чёрт бы этих воришек побрал, благо повезло... Пф... и что я тут делать буду? Ещё служанкой не хватало быть, а по всей видимости придётся. Ах... я же ещё должна была руку Альберта проверить, мх уже видимо завтра...  

Она встала с кровати, снимая верхнюю одежду.  

— Ничего-ничего, хуже может быть всегда. А сейчас... если так прикинуть, не всё так плохо. Главное, чтобы про меня забыли.  

Она улеглась на кровать.  

— Завтра что-нибудь придумается. Главное - не пустить его в лес, а то мало ли.  

||<@478922861554302997>||","biok_ymer#0, samin__#0",biok_ymer#0
"2026-06-12,13:04:36",biok_ymer,#0,"—Эдвард—
|-----------------------------------------------------------------------------|
Слушая мужчину, тот вновь осмотрел помещение, а после ответил:
|-----------------------------------------------------------------------------|

—Я прибыл попрактиковаться в обучении готовки, однако нашел тут вас. Я не уверен где тут лежит чат, могу вам помочь поискать.

|-----------------------------------------------------------------------------|",samin__#0,samin__#0
"2026-06-13,00:50:15",samin__,#0,"— Лукас —

Парень улыбнулся, отвечая мальчику:

— Был бы признателен, если желаешь могу обучить одной подаче, от которого дворяне без ума. И для неë как раз нужны чайные листья. Что скажешь.

Не дожидаясь ответа, парень оглянулся, рассудив что лучше шкафы оставить на мальца, а самому прочесать антресоли",biok_ymer#0,biok_ymer#0
"2026-06-13,10:53:25",samin__,#0,"— Павлов Баскервиль —

Спустя десяток минут молчания, наконец начался разговор! В кой-то веке! Услышав слова, мужчина перестал стучать по столу, ложа и вторую руку на подлокотник, занимая уже привычную позу. Выдержав небольшую паузу, тот стал размеренно отвечать:

— И как же думаешь, какое бедующее может быть у аристократа, что не понимает тяжести титула, с которым родился? Судя по твоему недавнему молчанию и выражению лица, ты и сам понимаешь что деяния твои были не подстать",ktoia#0,ktoia#0
"2026-06-13,11:06:22",samin__,#0,"|-----------------------------------------------------------------------------|
Так двоица и уснула, думая о своём. <@&1503425579687477329> , терзаемый своим нынешним положением и обесцениванием всей жизни и <@&1503427050214785066> терзаемая несостоявшимся бедующем и неясностью завтрашнего дня. Такие разные и такие похожие истории, которые только начинались

Так и наступило утро. С первыми лучами солнца проснулись и петухи, что ознаменовало новое начало дня для деревни. До поместья крик пернатых доносился тише, однако всё равно достаточно чтобы проснуться
|-----------------------------------------------------------------------------|",,
"2026-06-13,11:38:44",ktoia,#0,"— Данте —

Ого! Разговор ну поехали!

Выслушав Павлова Данте слегка попустил плечи, однакось когда речь зашла про молчание и лицу, он выпрямился и попытался скрыть напряжение как умел. После чего, подумав что ему отвечать, начал:

> Нет, не понимаю.

— Да, понимаю. Мои действия были не под стать тому кем я был рожден.  Я... Должен...

> Нет, не должен 

— отвечать за свои дурные поступки... И... Меняться в правильную сторону.

> Я уже тут самый правильный.

— Все же в какой то степени ради этого нас сюда и отправили?...

На этом Данте замолчал. Он говорил все что придумал, но не все о чем думал.",samin__#0,samin__#0
"2026-06-14,07:39:43",biok_ymer,#0,"—Эдвард—
|-----------------------------------------------------------------------------|
Начиная поиски снизу, ведь благодаря своему маленькому росту, он идеально подходил на это, тот выслушал предложения парня, говоря:
|-----------------------------------------------------------------------------|

—Почему бы и нет, лишнего знания не бывает в моем деле. И простите за прямой вопрос, однако вы не похожи на слугу этого места или господ для просмотра, кто же вы, если не секрет?

|-----------------------------------------------------------------------------|",samin__#0,samin__#0
"2026-06-14,07:43:42",biok_ymer,#0,"—Альбер Дарси—
|-----------------------------------------------------------------------------|
Мужчина лениво открыв глаза осознал что проспал больше положенного регламента и стал аккуратно вставать с кровати, попутно осматривая изрядно памяток и израненное тело, выдохнув тот лениво кинул взгляд на свою одежду, что уложил у кровати, а после осмотревшись нашел первую попавшуюся рубаху с кофтанам и напялил на себя, дабы не ходить в армейском. После чего тот доковылял до окна, где открыв занавесы, тот также открыл и окно, впуская свежий воздух дом, после чего принялся методично вдыхать и выдыхать воздух, что в итоге закончилось тем что он окончательно проснувшись принялся разминать тело, а затем стал исполнять лёгкие упражнения согревающие тела во всех местах и разгоняя кровь. Похоже для него начала простая утренняя рутина.(Дам возможность ктоя пока блеснуть)
<@&1503427050214785066> .
|-----------------------------------------------------------------------------|",samin__#0,samin__#0
"2026-06-15,09:09:05",ktoia,#0,"— Элла Риот —

Элла спала поперёк огромной двухспальной кровати. Перина была мягкой, одеяло - пушистым и даже пыль не испортила особо её впечатления. Может, здесь и правда неплохо жить?

Так она думала ровно до того момента, как за окном раздался ПЕТУХ.

— А?!

Элла дёрнулась, запуталась в одеяле и с глухим стуком рухнула на пол.

— Ай...

Она приподняла голову, огляделась, секунду хлопала глазами, вспоминая, где находится, а затем, выбравшись из плена одеяла, кое-как поднялась на ноги, бормоча и попутно поправляя растрепавшиеся волосы.

— Да уж... доброе утро. потравить бы всех.

Она потянулась, зевнула, подошла к окну, щурясь от света, затем вернулась к кровати, чтобы надеть верхнюю одежду. Присев на край, она ещё немного посидела, собираясь с мыслями, потом снова потянулась и наконец вышла в коридор.

Пыльноватый коридор встретил её не сказать чтобы приветливо. Пустовато, много вещей накрыто тканью - видимо, чтобы не скапливалась пыль. М-да... Так себе дедуся следил за порядком.

И что ей тут придется делать? Ужас...

Пошатавшись немного от двери, Элла вспомнила, что вчера так и не посмотрела протез Альберта. Мало ли - отторжение или ещё что. Лучше проверить сейчас, пока он не ушёл... Да и отговорить надо. Думая, что он не спит, девушка подошла к его двери и постучала.

— Мистер Дарси? Вы не спите?",biok_ymer#0,biok_ymer#0
"2026-06-15,20:39:42",samin__,#0,"— Павлов Баскервиль —

Даже слегка смягчившись от слов парня, Павлов выдохнул, отвечая тому:

— Верно, вы тут чтобы вас оценили и  хорошенько ""выдрессировали"" перед ежегодным съездом аристократии, на котором вас и представят. Думаю ты должен понимать что казусы на мероприятии такого уровня недопустимы, тем более со стороны высших слоёв

Приподняв взгляд чуть выше глаз Данте, как будто смотря на его лоб, тот продолжил:

— Сегодняшний инцидент будет замолчан, однако даже не смей забывать о нём. Это твоя ошибка и ты обязан пронести её через свою жизнь

Вернув взгляд на паренька, Павлов кивнул и сказал более давяще чем до этого:

— Это уяснил?",ktoia#0,ktoia#0
"2026-06-15,21:01:28",samin__,#0,"— Лукас —

Парень с некой расторопностью прочёсывал стеллажи один за другим с неведанной скоростью. Открыл > загнянул > посмотрел > закрыл. И так по кругу, попутно не забывая отвечать <@&1503426171604570333> :

— Верное замечание Эдвард, однако... хах, я и правда слуга. Только вот не молодых господ, а одного весьма статного аристократа. Сможешь ли по моей одежде понять кому именно?

В этот момент, парень поправил воротник кителя, явно не собираясь заставлять Эдварда спешить, хотя сам и носился по кухне как угорелый

/В этот момент Эдвард и нашёл коробочку со злополучным чаем/",biok_ymer#0,biok_ymer#0
"2026-06-15,22:09:28",ktoia,#0,"— Данте —

Слегка успокоившись, когда Павлов на удивление смягчился, парнишка продолжил глядеть на него и внимать словам.

> Я что, псина, чтобы меня дрессировать? Разумеется я не устрою там никакого шоу. Всё же выход в свет... Хм...

Он кивнул и его пальцы, сцепленные на коленях, чуть расслабились. При упоминании замалчивания брови Данте слегка приподнялись, ведь тот ожидал другого расклада.

> **НАКАЗАНИЯ НЕ БУДЕТ?!** Серьёзно?! Фууууххххх Да, конечно, я не забуду этот казус, господин Павлов! Ведь о нём больше не узнают. У подобного просто не будет свидетелей... Спасибо за наставление.

Он опустил брови обратно, кивнул и продолжил, поддерживая диалог:

— Полностью. Я понял и запомнил свою ошибку.",samin__#0,samin__#0
"2026-06-15,22:37:16",biok_ymer,#0,"—Альберт Дарси—
|-----------------------------------------------------------------------------|
Закончив первый ряд упражнений, мужчина думал приступить уже к более массивным тренировкам начиная уже разминать тело для нескольких подходов отжиманий с приседаниями, однако его остановил стук, отчего тот убрав несколько капель пота со лба подошёл к двери, открыв которую увидил <@&1503427050214785066> и спокойным тоном сказал:
|-----------------------------------------------------------------------------|

—Доброго утра мисс Риот, что вас привело ко мне в столь ранний час? Я сейчас исполнял гвардейскую разминку, отчего не в лучшем состоянии для бесед, но от неё не откажусь.

|-----------------------------------------------------------------------------|",ktoia#0,ktoia#0
"2026-06-15,22:39:32",biok_ymer,#0,"—Эдвард—
|-----------------------------------------------------------------------------|
Найдя нужный им обоим чай, тот взял его и аккуратно встав заявил:
|-----------------------------------------------------------------------------|

—Поиски окончены, я нашел его. А что до вас... Я боюсь лишний раз предположить, но смотря на то как вы быстро двигаетесь, успеваете везти аргументированный Диалог при этом не забывая про манеры, смею предположить, что вы прислуга главной ветки Баскервилей?

|-----------------------------------------------------------------------------|",samin__#0,samin__#0
"2026-06-15,23:16:42",ktoia,#0,"— Элла Риот —  

Элла отступила на полшага, когда дверь открылась и постаралась не пялиться на вспотевшего Альберта.

— Да. Доброе утро, господин Дарси. Я... вчера забыла посмотреть ваш протез. Думала, если вы не против, гляну сейчас.

Она отвела взгляд в сторону, добавив:

— И... я не хочу вам конечно мешать. Если вы заняты, могу позже зайти. Просто лучше проверить, чем потом чинить, сами понимаете.",biok_ymer#0,biok_ymer#0
"2026-06-16,01:01:45",biok_ymer,#0,"—Альберт Дарси—
|-----------------------------------------------------------------------------|
Выслушав предложение девушки тот не найдя причин отказывать отступил от двери проходя внутрь, а после расстегнула кофтан вместе с рубашкой оголил вверх, становясь по середине комнаты и вытягивая руку с протезом. Все его тело было весьма подкаченым и выглядело моложе чем на 60-т, сделав все действия, тот сказал:
|-----------------------------------------------------------------------------|

—Нус, не вижу проблем, можешь осмотреть. Я конечно стараюсь не показывать этого, однако он немного ноет, словно как супруг не по размеру. Было бы славно, если он бы стал легче.

|-----------------------------------------------------------------------------|",ktoia#0,ktoia#0
"2026-06-16,02:07:31",ktoia,#0,"— Элла Риот —

Элла кивнула, шагнула через порог и сразу же наткнулась взглядом на Альберта - точнее, на его торс. Она на секунду замерла, потом быстро перевела глаза на лицо. Потом снова на торс. Потом опять на лицо. Тело явно не соответствовало его усталому лицу. Подтянутый, с чёткими мышцами - военный, тот кто всю жизнь положил на это... И руку... руку тоже.

Закрыв за собой дверь, девушка подошла чутка ближе, но для начала просто постаралась окинуть визуально только протез, кое-что приметив для себя сказала:

— Ага... терпите значит. кхм. Для начала сядьте на кровать, а то я ростом слегка не вышла, будет не удобно.

Пока Альберт садится Элла окинет задумчивым взглядом комнатку, начиная по той медленно проходится, попутно говоря:

— Ваш выбор мистер Дарси был слегка странным... все таки это комната наверняка принадлежала прислуге или кому еще, но точно не аристократу.

Подойдя к какому-то комоду, девушка без зазрения совести открыла его начиная искать что-то хоть каплю похожее на то что облегчет ей настройку протеза, поперек продолжая говорить:

— Я.. ну... надеюсь вы не против? После прошлых владельца может что-то осталось что поможет. А пока....

Продолжит смотреть каждый ящик в надежде найти хоть что-то.

— Говорите ноет?... Это может быть из-за неправильной посадки. Либо трение, либо вес распределён неправильно... А где вам.. ну... ставили этот протез? Его точно настраивали?

||<@478922861554302997> Я найду хоть что-то или нет?||","biok_ymer#0, samin__#0",biok_ymer#0
"2026-06-16,04:13:03",biok_ymer,#0,"—Альберт Дарси—
|-----------------------------------------------------------------------------|
Слушая ""Дока"" мужчина присел на кровать и молча следил взглядом по поискам девушки, продолжая держать руку горизонтально. Однако накопив достаточно вопросов, тот все же решил на них попутно ответить:
|-----------------------------------------------------------------------------|

—Так я никогда и не был аристократом. Я всю свою жизнь был воином, а в последствии уже высшим сословием. Ито до своего статуса я шел порядком 15 лет, начиная с простого салаги. Я изначально был рождён простолюдином и сам добился статуса, однако многим это не нравилось, отчего меня и решили отстранить.

/Чуть задумавшись над своей же трактовкой, тот виновато улыбнулся, говоря:/
-Но это простое предположение, вряд-ли кто-то захотел бы попросту избавиться от меня спустя столько лет, думаю кандидат на мою роль был более...подходящим.

/Последний фразу парень сказал скрепя зубами, однако все же проговорив её, тот уставился на протез, чуть сжимая и говоря:/
-Её сделали мне в больнице святой Марии, а именно мастер коего наняли со стороны для установки. Вроде парень был толковый, как-то даже протез глаза высшим веткам делал. Я даже и незнаю за что мне его назначили, однако работу тот сделал быстро и умело, однако вряд-ли надёжно, ведь тот скорее всего торопился с этим и мог некие моменты упустить... Но это лишь мое предположение, сам я думаю он поработал на славу.

/Закончив свою речь тот принялся и дальше послушно ждать, да так, что по нему и не скажешь что рука вообще болит. Может он выдумывает?/

|-----------------------------------------------------------------------------|",ktoia#0,ktoia#0
"2026-06-16,11:48:49",samin__,#0,"— Лукас —

Услышав хорошие новости, парень улыбнулся, спокойно и размеренно говоря, попутно носясь по кухне, собирая остальные ингредиенты:

— Отлично! Можешь в таком случае заварить немного чая. Желательно чтобы он был как можно крепче

Взяв миску, тот проверил её чистоту, повернув ту на свет, а после начал затевать тесто:

— Чтож, ты прав. Я слуга господина Павлова Баскервиль, который в данный момент как раз таки беседует с твоим господином. Весьма интересное совпадение, не думаешь?

Договорив, парень уже начал взбивать крем, следя за консистенцией",biok_ymer#0,biok_ymer#0
"2026-06-16,14:03:56",samin__,#0,"— Павлов Баскервиль —

Кивнув на слова парня, тот продолжил:

— Отлично, а теперь поговорим на счёт твоего будущего. Для своего возраста у тебя неплохое владение мечём и хотя противник был не под стать, в пылу сражение соображаешь ты быстро, что важно на поле брани, так что после искупления я готов принять тебя в ученики, разумеется после твоего выхода в свет

Договорив, уголок рта Павлова даже слегка приподнялся, однако на улыбку это всё ещё не было похоже",ktoia#0,ktoia#0
"2026-06-16,14:22:23",samin__,#0,"|-----------------------------------------------------------------------------|
В комоде была только пыльная одежда, пристани и пара зеркал

В этот момент Баров что проходил мимо, по скрипучему коридору привычно проходился по поместью, уже забыв что было ночью, вдруг увидел открытую комнату. Заглянув в ту, он напрягся, однако память вернулась к старику и тот было хотел поклониться, однако увидев странную картину, которую ТОЧНО понял правильно, тот попятился назад, говоря:

— Ох... шота зрение подводит. Пойду чтоль воды хоть принесу
|-----------------------------------------------------------------------------|

||<@&1503427050214785066> <@&1503425579687477329> ||",ktoia#0,ktoia#0
"2026-06-16,14:41:55",ktoia,#0,"— Данте —

Фух... С этим мы действительно закончили. Ну и замечательно, так... А дальше... Дальше Данте внимал словам Павлова, ему была приятна похвала от такого человека, сам Данте ну очень не любил заниматься этой фигнёй с  мечом, но увы приходилось. То что его хвалят приятно, но мало. Чтож... Когда из уст аристократа произносились слова про ""ученика"" парнишка резко вылетел из своих облаков в настоящее, уставившись на Павлова и хлопая глазами. Да... Конечно Джулиана его предупреждала, но Данте до конца не верил что ему это предложат... Конечно НЕТ, НУ ПРОСТО НЕТ. Плюсы есть, но минусов в сотни раз больше, быть в учениках Павлова... Конечно это без спорно статусно, и наверное хорошее предложение но... О халтуре можно буквально забыть, и спокойствие тоже. Честный ответ Данте естественно был нет, вот только.... А... Ммм... Пу-пу-пу... уф.... А как сказать это в лицо Павлову. КАК ЕМУ ОТКАЗАТЬ? Это просто невозможно... 

Пронеслась мимолётная пауза в которой Данте боролся сам с собой пытаясь отказать, но у него явно это не выходило это из уст. В конечном счёте он выдал как отрезал:

— Согласен......

Поняв что он только что сказал мысленно ударил себя головой об стол, а внешне же слегка при улыбнулся, продолжая говорить.

— Вернее, почту за честь. Я не могу не принять это предложение. Но... Ам... Что вы имеете в виду под искуплением?...

Вот она, главная проблема в жизни и ошибка тоже... Но что за искупление?",samin__#0,samin__#0
"2026-06-16,15:26:40",ktoia,#0,"— Элла Риот —

Слушая ответы девушка все лазила и лазила, постепенно и очень явно разочаровываясь в прошлых владельцах этого поместья. Ну серьёзно!??! Даже банальной отверточки нету??!? Ну хоть маленькую бы оставили. Переставая копашится в ящике она услышала скрип у двери по сему развернулась и увидела деда... Который сразу же как и пришел - ушел... Ну и... Э... Ладно? 

Разочаровано фыркнув девушка обошла кровать и встала перед Дарси, смотря на протез, тихо пробубнев:

— Вам списали значит.

Поняв что сказала в слух подняла глаза на Альберта и заулыбавшись помахала ручками типо ""стоп-стоп"".

— Ой. Извините, не правильно выразилась. Я это... Кхм.. Ам.. протез, во... Да... Точно..

Вернулась к протезу начиная тот осматривать детальнее, помогая себе руками.

— То что это хорошая работа видно, но даже так спешка могла испортить её. Жаль тут ничего из инструментов нету, полностью не смогу настроить. 

Элла сосредоточенно осматривала протез, ощупывая стыки и швы пальцами, пытаясь найти хоть какой-то доступ к внутренностям. Когда она нащупала едва заметный зазор у плечевого крепления, её глаза чуть блеснули.

— Ага... Вот оно.

Она аккуратно поддела край ногтем, и металлическая пластина с лёгким щелчком приоткрылась, открывая вид на внутренние механизмы.

— Ну-ка, посмотрим, что у нас тут.

Всматриваясь в аккуратные ряды шестерёнок и тяг. Девушка нахмурились заметив небольшой люфт в одном из соединений. 

— Мм.. проблема не критичная, но со временем могло бы привести к большему.

Она осторожно подтянула ослабленное крепление, стараясь не повредить соседние детали и окинув последний раз взглядом внутренности высунула моську из руки, фиксируя внимание на <@&1503425579687477329> . 

— Других проблем пока не вижу... Возможно ниже, но без инструментов туда не добраться, да и настроить именно под вас без них не смогу.

Отступив на шажок назад добавила:

— Проверьте.",samin__#0,samin__#0
"2026-06-16,16:56:50",biok_ymer,#0,"—Альберт Дарси—
|-----------------------------------------------------------------------------|
С интересом наблюдая за работой девушки, тот прирчл молчаливое состояние, дабы не мешать работе механику. Как только она что-то сделала, тот немного помохал железной рукой чуть проверяя, а после сказал:
|-----------------------------------------------------------------------------|

—Ноющая боль осталась, однако он стал легче. Предположу что ты ослабила давку, однако проблема поглубже хм...

/Выдохнув тот все же подняв рубашку принялся её одевать, застенчивая, а после и кофтан, говоря:/
-Лучший способ убрать боль, это привыкнуть к ней, что же, думаю нужно позавтракать, а после и с делами определиться. Может у местных есть какой делец, что сможет тебе помочь с твоей работой. Условно кузнец какой, но маловероятно.

/Договорив мужчина закончив одеваться устал с кровати и направился к выходу, видно намериваясь пойти искать кухню. Даже хоть помощь девушки ему и не особо помогла, похоже он не винил ту за это, а даже был благодарен./

|-----------------------------------------------------------------------------|",ktoia#0,ktoia#0
"2026-06-16,17:02:00",biok_ymer,#0,"—Эдвард—
|-----------------------------------------------------------------------------|
Удивившись своей же провоте, тот решил пока отвлечься находя тару для нагрева воды, а после найдя печь поставил на неё ту, в кою  подлил воды из бочанки. Закончив с этим тот нашел кремень, при помощи которого распалил печь, позволяя воде начать крепиться(да я незнаю насколько сильный так прогресс технологии и решил сыграть на худшем варианте). Закончив, тот принялся ждать, попутно отвечая:
|-----------------------------------------------------------------------------|

—Я хотел выразить это больше как шутку, однако видно даже в этом вы меня подловили... Значит господин Павлов? Один из трёх наследников главной семьи... Боюсь представить, что его привело сюда в первый же день, однако могу уверить, что мой господин уж точно налипает дров в разговоре с ним.

|-----------------------------------------------------------------------------|",samin__#0,samin__#0
"2026-06-16,20:26:26",ktoia,#0,"— Элла Риот —

Элла услышала его слова и отвела взгляд, когда он начал одеваться.

— Привыкать к боли - не вариант. Боль - это сигнал, что что-то идёт не так. Я подумаю, что можно сделать в теории без инструментов.

Она подождала, пока он закончит одеваться и направилась к выходу следом, затворяя за собой дверь. 

— Мгм... ну-ну может что-то такое тут есть. 

На этом девушка потопала за ним на кухню.

||<@478922861554302997>||","biok_ymer#0, samin__#0",biok_ymer#0
"2026-06-17,14:04:09",samin__,#0,"||Да, такое развитие у них и есть||

— Лукас —

Парень немного улыбнулся, явно ожидая подобной реакции. Чуть замедлившись, тот сказал:

— А ты посмотрю высокого мнения о своём господине. Хах, но не переживай, у слуг как правило свои правила в отличии от господ, так что сделаю вид что этого не слышал. Признаться по началу я тоже недолюбливал свою судьбу, но сейчас чувствую что стою на своём месте

— И да, думаю господин даст ему наломать дров. Учитывая его характер так и будет...",biok_ymer#0,biok_ymer#0
"2026-06-17,14:45:12",samin__,#0,"— Павлов Баскервиль —

Мужчина спокойно и размеренно начал говорить, как будто зачитывал всё строго по инструкции, которую скорее всего сам и написал:

— Разумеется работа. То что этот случай не выйдет за эти стены не отстраняет тебя от ответственности. Перед аристократом ты должен был принести извинения и выплатить некую сумму, но служка - простолюдинка, от чего меру пресечения назначаю я

— Принимая то что ты признал ошибку, смягчает приговор, однако то что ты пытался соврать Симону, что действовал от моего лица, говорит о том, что ты пытался обмануть меня, а это уже большой минус для тебя, но перед оглашением я бы хотел услышать твоё предложение

Мужчина приподнял руку, передавая слово Данте, говоря тому:

— Как думаешь, какого наказания ты достоин?

Атмосферка сменилась, его обвиняли скорее не за избиение, а из-за того что тот пытался соврать аристократу, что был выше по статусу. А сами слова Павлова походили на... требунальный суд? Быстрый и без лишних слов",ktoia#0,ktoia#0
"2026-06-17,15:45:34",samin__,#0,"— Баров —

Так двоица и потопала на кухню, надеюсь догадавшись спросить про инструменты и ремесленника у ""местного старика"", что точно знает всё что тут творится. Зайдя на кухню, там уже стояли тарелки с явно фиговой кашей непонятно из чего, но пахло и выглядело оно не очень, однако всё ещё лучше армейской перловки

Тот ещё не заметил что находится в помещении не один раскладывая подстывшую кашицу по тарелкам, бормоча себе под нос:

— Ну шож творится... жили-жили и вот пожили. Не хватало ещё чтобы хто-то в лесу подох...

||<@&1503425579687477329> <@&1503427050214785066> ||",,
"2026-06-17,20:35:38",ktoia,#0,"— Данте —

А... работа. НУ НЕТ. Не стоило про это спрашивать. Где он тут был НЕ ПРАВ? В каком месте?! И... а... обманул. Пф... Ну не сказал бы, что обманул. Скорее приукрасил, недоговорил и объяснил слишком образно. Но это ни в коем случае не обман.

Данте вздохнул, помолчал несколько десятков секунд, прежде чем ответить настолько образно, насколько это вообще возможно:

— Я не знаю, что вы считаете правильным наказанием, господин Павлов. Но если я могу предложить, то... Я мог бы принять на себя какие-то обязанности?

Мда. Ну это пожалуй хоть что-то, ибо промолчать было бы так себе. Чтож, давай приговор.",samin__#0,samin__#0
"2026-06-18,07:00:39",biok_ymer,#0,"—Альберт Дарси—
|-----------------------------------------------------------------------------|
Мужчина и вправду долгодалсч осмотреть дом в поисках старика, отчего почуяв запах еды, тот прибыл на кухню, где осмотрев блюда решил лишний раз не пугать старика и спокойно сел за стол, предпочитая тому дать возможность самому заметить его.
<@&1503427050214785066> .
|-----------------------------------------------------------------------------|",samin__#0,samin__#0
"2026-06-18,07:41:41",biok_ymer,#0,"—Эдвард—
|-----------------------------------------------------------------------------|
Понемногу дождавшись разогретой воды, тот чуть отошёл от печи, позволяя мастеру заварки показать как лучше поступить, а сам же ответил:
|-----------------------------------------------------------------------------|

—Я не хотел так выражаться, однако одного взаимодействия хватило, чтобы понять, что с ним будут проблемы... Кхм, я и не говорю что я идеален или ненавижу свою судьбу, однако господин Данте будет идти долгий путь, чтобы его можно считать достойным званием аристократа...

|-----------------------------------------------------------------------------|",samin__#0,samin__#0
"2026-06-18,12:25:58",ktoia,#0,"— Элла Риот —

Элла вошла на кухню следом за Альбертом и сразу уловила запах каши. Она чуть поморщилась, но ничего не сказала, ибо по крайней мере, это было вроде как съедобно. Увидев старика, который раскладывал еду по тарелкам, она перевела взгляд на Альберта, уже усевшегося за стол. Подошла ближе и тоже присела на свободное место, сложив руки на столе.

Поглядев на сие яство девушка вспомнила что по утрам точно и никогда не ест. Однако сидеть в немом молчании было бы неловко, поэтому она повернула голову к деду и сказала:

— Доброе утро, сэр Баров.

||<@478922861554302997> ||","biok_ymer#0, samin__#0",biok_ymer#0
"2026-06-18,15:12:20",samin__,#0,"— Лукас —

Услышав кипящую воду, парень отставил миску в сторону, взяв коробку с спрессованными чайными листьями. Открыв ту, парень грубо, прямо руками оторвал кусок, проверяя тот, а после удовлетворённый его качеством подошёл к котелку, аккуратно погружая кусочек, не размешивая, позволяя тому развариться самому. Отложив коробку, тот засунул руку в печь, проверяя температуру, быстро доставая ту назад. Тесто к тому моменту уже взошло, от чего парень принялся придавать тому форму, попутно говоря:

— Достойными не рождаются, а становятся, только вот аристократ **обязан **стать достойным человеком в отличии от простолюдина

/Покивал, соглашаясь со словами/
— Это слова Павлова, что он любит говорить перед казнью очередного аристократа, а наша обязанность - быть подле великих людей, поддерживая их в обычных делах, чтобы облегчить их бремя. Так или иначе у любого аристократа путь куда сложнее чем у обычного человека

Сформировав что-то вроде прижухлых кексов, парень засунул те в печь, смотря на чай, что уже начал завариваться",biok_ymer#0,biok_ymer#0
"2026-06-18,15:19:21",samin__,#0,"— Баров —

Услышав голос за спиной, дед дёрнулся, махая руками в разные стороны. Увидев двоицу, тот вылупился на них, не понимая как они так быстро закончили, однако не решившись задать вопрос, лишь сказал:

— Ась? А... да. Вы...

/Глянул что они сидят за маленьким столиком с ПРИСЛУГОЙ, а не в своих комнатах ждут явства/
— Вы не у себя... л-ладно

Подав тарелки каждому, тот почесал репу виновато говоря:

— Выж не гневайтесь. Мы и не знали что вы сюдой прибудьте, так что явств каких не имеем. На ужин что нито уж и придумаем, а пока что иным и не распологаем",ktoia#0,ktoia#0
"2026-06-18,16:47:36",biok_ymer,#0,"—Эдвард—
|-----------------------------------------------------------------------------|
Смотря за действиями парня и попутно слушая, тот и вправду стал запоминать его слова. Непонятно было ему и вправду интересно прислуживать или скорее его привлекал больше собеседник... Выслушав и заметив момент для своих копеек, тот сказал:
|-----------------------------------------------------------------------------|

—Интерсная философия, я это учту... Кхм, не могли бы мы сменить тему? Мне больше интересна готовка чем столь сложные речи... Как вы поняли, что тесто готово?

|-----------------------------------------------------------------------------|",samin__#0,samin__#0
"2026-06-18,16:51:35",biok_ymer,#0,"—Альберт Дарси—
|-----------------------------------------------------------------------------|
Не особо придавая значение своему положению и словам парня, тот в спокойной манере принялся есть кашку, не корчась, а даже радуясь вкусу, отчего спустя пару минут закончил свою порцию, говоря:
<@&1503427050214785066> .
|-----------------------------------------------------------------------------|

—Весьмк вкусно, незнаю что вас так смущает в местной кухне. О и уточню, хоть я и стал местным лордом, вы не обязаны так уж сильно лыбизяться передо мной, я все же предпочитаю говорить со всеми на равных и также к ним относиться. Да и дел у нас не так уж и мало, чтобы ещё заставлять вас еду нам заносить.

/Договорив, тот посмотрел на <@&1503427050214785066> , что явно недовольно и медленно ела кашу, спрашивая:/
-Вам лучше поесть, чтобы не свалиться позднее без сил.

|-----------------------------------------------------------------------------|",samin__#0,samin__#0
"2026-06-18,17:10:20",ktoia,#0,"— Элла Риот —

Элла посмотрела на тарелку с кашей, потом на Альберта, потом снова на кашу.

— Спасибо, но я по утрам не ем. Как-то так сложилось, что с утра меня на еду не тянет. 

Она отодвинула тарелку чуть в сторону, давая понять что не собирается к ней притрагиваться.

— Да и энергии у меня хоть отбавляй. Так что не переживайте, я не свалюсь.

Элла перевела взгляд на Барова и добавила:

— Да ладно вам. Конечно было бы не плохо... Но... Дааааа..... Господин Дарси прав. Хм. Кстати, а у вас в ""поселении"" есть **ремесленники**?

||<@478922861554302997>||","biok_ymer#0, samin__#0",biok_ymer#0
"2026-06-18,21:51:05",samin__,#0,"— Баров —

Смотря на кашецу, дед пожал плечами и не долго думая свалил кашку к себе в тарелку, приговаривая:

— Нус, чего добру проподать

Затем переведя взгляд на <@&1503425579687477329> , тот покивал, говоря:

— Понимаю ваш милость, понимаю, значит не будем вам докучать

Разумеется он ничего не понял, однако услышав вопрос от девушки, тот почесал лысину:

— Ну а как им не быть то? Плотник езм... кузнец... два штуки и... этот... ну как его... ""великий изобретатель""... **сын мельника** нашего в общем. Выдумщик ещë тот, ну... чем бы дитя не тешалось. В мельнице целыми днями сидить, да мастерить чего-то

Договорив, дед поболтал двойную порцию каши в тарелке, смотря на ту, а после наклонив ту, поднëс ко рту **залпом** опрокинув в рот",ktoia#0,ktoia#0
"2026-06-18,22:14:27",samin__,#0,"— Лукас —

Чуть промедлив с ответом, парень быстро нашëл маленькую пиалочку, черпая в ту чай, дуя на него:

— По опыту. Это тесто похоже на то, что используют для приготовления аладий, так что времени ему нужно не так много. 5-7 минут и можно работать, только в нëм в 3 раза больше муки, так что вкус приходится отбивать, а чай с этим как раз поможет

Глотнув чаю, тот кивнул, беря раскалëнную кастрюлю голыми руками, ставя на стол:

— Вообще в идиале подождать пока чай остынет, но раз подача срочная, а я потерял время на поиск чая, придется импровищировать

Взяв тканевое полотенце, парень проверил его на свету, а после подставив другую писку стал цедить чай через ткань

— Нам нужны только нистья, что уже отдали свой вкус и раскрыли аромат, так что чай можно подать отдельно, а листья...

Процедив всë, тот открыл полотенце, показав <@&1503426171604570333> чайные отмëтки, что казались не очень опятитными, да и вообще слишком острыми, чтобы добавлять их в выпечку:

— Ступка-ступка, где то была ступка...

Наклонившись к стеллажам в которых тот рылся, когда его застукал Эдвард, тот достал ступку с пестиком  начиная размянать листья:

— Можно было добавить и выпаренный чай, но тогда будет слишком много жидкости, что не даст схватится крему, так что лучше размельчить чайные листья до состояния каши, а заваривали мы из, чтобы исключить всякие твëрдые части листа и размягчить оставшееся, да и уменьшить насыщенность вкуса, чтобы он был заметным, но не терпким

Прикинув количество на глаз, парень закинул половину чайной каши в крем из белков и продолжил взбивать до воздушности, от чего тот стал немного зеленоватым:

— Главное не переборщить, но тут я совета уже не дам. Практикуйся и оно придëт, а если ошибся, то всегда можно добавить

Доделав крем, парень отложил его в сторону, уткнувшись лицом в печь, смотря на ""кексики""

|| Скорее всего Ласт пост и пойдëм к этим двоим||",biok_ymer#0,biok_ymer#0
"2026-06-20,10:42:50",biok_ymer,#0,"—Альберт Дарси—
|-----------------------------------------------------------------------------|
Слушая разговор, тот также поинтересовался:
<@&1503427050214785066> .
|-----------------------------------------------------------------------------|

—Что же, дела не ждут. Я пожалуй пойду на разведку леса, а после уже буду думать, что с ним делать. А мисс Риот модель как раз познакомиться с местными и узнать с чем сейчас проблемы, как вам такое развитие?

|-----------------------------------------------------------------------------|",samin__#0,samin__#0
"2026-06-20,10:50:40",biok_ymer,#0,"—Эдвард—
|-----------------------------------------------------------------------------|
Я незнаю что на это писать, отчего Эдворд молча слушал рассказ, запоминая и наблюдая.
|-----------------------------------------------------------------------------|",samin__#0,samin__#0
"2026-06-20,14:44:07",ktoia,#0,"— Элла Риот —

Элла выслушала Барова, отметив про себя наличие кузнеца и ""изобретателя"" и кивнула:

— Отлично, значит, есть с кем поговорить.

Она перевела взгляд на Альберта, когда тот заговорил о лесе

— Я понимаю, что вас не отговорить, поэтому тогда предложу: может, найдёте кого-то из местных, кто согласится составить компанию?

||<@478922861554302997>||","biok_ymer#0, samin__#0",biok_ymer#0
"2026-06-20,21:54:27",samin__,#0,"— Баров —

Понимая что перечить этому мужчине тот не может, дед разочарованно выдохнул, говоря на последок:

— Эх... ну тогда не пуха вам. А я пойду пока что приберу чего

И вот вопрос, прибераться он пошëл или воровать вещи глупца, что идëт на смерть?

|| Да я его вывел ибо он буквально ничего не может путного сказать, для ускорения можете сразу прописать как спрашивайте дорогу и призодите куда хотите, я уже там подхвачу и НАКОНЕЦ НАЧНËМ ВЕТКУ!!!||",ktoia#0,ktoia#0
"2026-06-21,15:42:15",biok_ymer,#0,"—Альберт Дарси—
|-----------------------------------------------------------------------------|
Выслушав и кивнув на слова мужчины, тот поправляя костюм вышел из кухни, а после и из дома, направляясь до города в поиске случайного жителя, у которого бы спросил дорогу к лесу и после бы попрощавшись с <@&1503427050214785066> пошел бы туда, не думая искать себе сопровождения.
|-----------------------------------------------------------------------------|",samin__#0,samin__#0
"2026-06-21,15:48:39",ktoia,#0,"— Элла Риот —

Ну а хули тут писать. Покинув поместье и попрощавшись с Дарси, Элла побрела по окрестностям. Не став углубляться в местные плохие постройки и дома, она приняла самое логичное решение - не искать кузнецов по отдельности, а сразу направиться к мельнице, которая ну точно виднелась на горизонте. Ну и что там за изобретатель?

||<@478922861554302997> ||","biok_ymer#0, samin__#0",biok_ymer#0
"2026-06-22,12:18:55",samin__,#0,"|-----------------------------------------------------------------------------|
На удивление лес оказался чрезвычайно близко к деревне, по ощущениям и километра не было, от чего дойти до него не было проблем, однако как только тот приблизился к нему, странности не заставили себя ждать. Лес был слишком тихим. Не птиц, ни копошения зверьков, лишь шелест листвы на ветру перебивал тишину

Как только мужчина ступил за первое дерево, тот почувствовал странное предчувствие. Тот не мог понять наверняка что это было, однако стык железной руки и плоти стал неприятно, еле заметно ныть. Он просто испугался? Или в этом месте и правда есть что-то странное?
|-----------------------------------------------------------------------------|",biok_ymer#0,biok_ymer#0
"2026-06-22,12:24:11",samin__,#0,"|-----------------------------------------------------------------------------|
Мельница и правда была видна издалека, находясь на холме, чуть в стороне от поселения. Ещё издалека Элла не могла не заметить, что та была откровенно старой, да и лопасти крутились с каким-то усилием, как будто на те была нехилая нагрузка. Что они там такого мелят вообще?

Подойдя к той, девушка услышала странные звуки. Как будто что-то скрежетало и надрывалось. Внутри же слышались беглые шаги, что носились из стороны в сторону. Дверь была закрыта, так что обстановка внутри была не ясна
|-----------------------------------------------------------------------------|",ktoia#0,ktoia#0
"2026-06-22,14:13:02",ktoia,#0,"— Элла Риот —

Подходя к мельнице, гореум всё больше убеждалась, что эта деревня обделена светлыми умами. Или же те просто не могли себя показать. Тут нужно было задать другой вопрос: не ""что"", а ""кого"" они там мололи, чтобы запустить мельницу в таком ужасном состоянии?

Визуал внушал тревогу. Честно сказать, холодок пробегал по спине от мыслей о том что могло происходить внутри. И какой такой ""изобретатель"" будет жить в подобном месте? Если сравнивать с Эллой, которая считала себя умной и всегда приводила рабочее место в порядок, то это место выглядело полной противоположностью.

Подойдя ближе, девушка надела свою шапку и услышала, как звуки скрежета резанули по сердцу. Все механизмы, видимо, были настолько убиты, насколько это вообще возможно. И что там вообще происходит? Они коней запрегли молоть?

Не став долго гадать, несравненная Риот подошла и постучала достаточно настойчиво, ибо обычный стук здесь бы скорее всего не услышали.",samin__#0,samin__#0
"2026-06-22,18:17:36",biok_ymer,#0,"—Альберт Дарси—
|-----------------------------------------------------------------------------|
Резкая боль не была Нова для война, однако предчувствие вояки его не подводила, тут явно было что-то нечисто. Чуть подумав тот взял первую попавшуюся ветку и уже с ней стал бродить осматриваясь по местности. Да ветка скорее всего сломается от одного удара, но как минимум даст понять, с чем он имеет дело. Так он и стал ходить, в попытках найти место, где чувствов опасности нарастает все сильнее.
|-----------------------------------------------------------------------------|",samin__#0,samin__#0
"2026-06-22,21:21:15",samin__,#0,"— Лукас —

||Мне так и будет тяжко это прописать, так что чутка подскипну и разморожу ветку||

Доготовив ||да... именно этот скип|| парень взял поднос, ставя на него тарелочку с парой пирожных, покрытых яичным кремом с добавлением чайных листьев, а после взяв за руку <@&1503426171604570333> передал поднос ему, без тени сомнения. Занеся руки за спину, тот с улыбкой сказал:

— Чтож, я готовил, а ты понесёшь, всё честно?

Не дожидаясь ответа, тот по армейски развернулся в сторону двери:

— За мной, я проведу тебя до покоев моего господина~",biok_ymer#0,biok_ymer#0
"2026-06-22,22:53:57",biok_ymer,#0,"—Эдвард—
|-----------------------------------------------------------------------------|
Взяв поднос тот аккуратно двинул с ним за парнем, говоря:
|-----------------------------------------------------------------------------|

—Я надеюсь не опозорить ваши труды... Я пойду следом.

|-----------------------------------------------------------------------------|",samin__#0,samin__#0
"2026-06-23,21:36:31",samin__,#0,"||УРА! НАКОНЕЦ!||

|-----------------------------------------------------------------------------|
Ухмыльнувшись тому, что парень не стал причитать, Лукас повёл того по коридорам, говоря тому:

— Эдвард, а ты знаешь что отличает простого служку от слуги? Слуга знает своего господина до самой маленькой детали, возможно даже лучше чем себя самого, от чего появляется всегда в самый подходящий момент и мне кажется что мы как раз вовремя

Договорив, тот подошёл к двери стуча в ту каким-то особым образом, что стук складывался в определённую последовательность
|-----------------------------------------------------------------------------|
В этот самый момент Павлов уже готов был вынести приговор, однако осторожный стук в дверь заставил того отвлечься, говоря чуть громче разговорной речи:

— Входи Лукас

Сказав это, мужчина прислонил руку к подбородку, думая что бы такого сказать, такому куску говна как <@&1503425792791547984> 
|-----------------------------------------------------------------------------|
Открыв дверь, парень сделал шаг в сторону, уступая место <@&1503426171604570333> , подталкивая того в спину при надобности, а после вошёл и сам. На вопросительный взгляд Павлова, тот спокойно и добродушно сказал:

— Это слуга господина Данте, мы с ним приготовили небольшой комплимент, надеюсь не помешали?

Посмотрев на кексики, мужчина чуть закатил глаза, запуская руку во внутренний карман, доставая от туда часы с крышкой. С звоном открыв крышку, тот посмотрел на вермя, отвечая ему:

— Опоздал на 6 минут...

Парень же не растерявшись всё так-же спокойно ответил:

— Виноват, постараюсь более такого не допустить

Павлов лишь пошёл рукой на стол, намекая оставить содержимое подноса на нём, а после перевёл недовольный взгляд на <@&1503425792791547984> :

— Твоё наказание будет связано с твоим слугой, а точнее в разделении его роли. Посмотрим сколь достойно ты сможешь ""носить кипяток"". Возражения?
|-----------------------------------------------------------------------------|",biok_ymer#0,biok_ymer#0
"2026-06-24,09:14:26",ktoia,#0,"— Данте —

Данте уставился на дверь, когда в неё постучали и удивился, когда на пороге появился Эдвард с подносом. Он перевёл взгляд на Павлова, потом снова на слугу и приподнял бровь.

Став тише воды, ниже травы, Данте молча наблюдал за Эдвардом и взаимодействием Лукаса и Павлова - с немым и очень, очень почтительным молчанием. В присутствии нескольких людей в комнате находиться было легче, поэтому Данте незаметно выдохнул, постепенно возвращаясь в норму. Но это продолжалось ровно до того момента, как Павлов снова не взглянул на него.

Услышав приговор, Данте определённо был недоволен, но своё колоссальное недовольство решил не показывать. К тому же, что значит ""разделение роли""? Чтобы уж теперь ничего не напутать Данте спросил:

— Звучит справедливо, однако... я не полностью понимаю, что вы имеете в виду под ""разделением роли""?

> ""Носить кипяток""... Если я переживу тебя, то.. Я СТОЛЬКО КИПЯТКА ВЫЛЬЮ НА ТВОЮ МОГИЛУ! ЧТО ТЕБЯ СМОЕТ.

...

> Ой.. кхм. Извините, пожалуйста.",samin__#0,samin__#0
"2026-06-24,11:03:04",biok_ymer,#0,"—Эдвард—
|-----------------------------------------------------------------------------|
Парнишка и так ожидал увидеть дьявола, отчего не сильно удивился увидив Павлова, однако манера и сама атмосфера в комнате явно намекала на то, что Лукас с Эдвордом были тут не совсем к месту... Что же, услышав слова господина тот аккуратно подойдя к столу поставил поднос на столе, а после поклонившись отошёл в сторону, решаясь не мешать беседе. Пока он не открывал рта, да и дозволения тот не получал, отчего решил лишний раз не намекать на свое существование.
<@478922861554302997> , <@&1503425792791547984> .
|-----------------------------------------------------------------------------|","samin__#0, ktoia#0",ktoia#0
"2026-06-24,19:53:17",samin__,#0,"— Павлов Баскервиль & Лукас —

Павлов лишь кивнул, разьясняя детали:

— Ты станешь слугой для одного из своих сестëр или брата, сроком две недели, для кого именно - решит Симон. Что до твоего слуги /грозно зыркнул на <@&1503426171604570333> / на этот срок он тоже встанет под начало одного из господ, чтобы набираться опыта

Взглянув на довольное и простодушное лицо своего слуги, что стоял около Эдварда сложив руки за спиной, тот продолжил:

— А за неподобающее поведение по отношунию к чужому слуге в обязанности добавляю ежедневную чистку стойла поместья на пару с Джошуа Сербернаром на тот-же срок

Удивлëнный столь странному решению, Лукас раскрыл глаза чуть шире, однако довольно быстро вернул спокойное выражение лицу, однако <@&1503426171604570333> мог заметить, как руки за его спиной чуть сильнее сжались",ktoia#0,ktoia#0
"2026-06-24,20:01:51",samin__,#0,"|---------------------------------------------------------------------|
||Извините у меня закончились лимиты на телефоне на ЭТОТ ЕБАНЫЙ АРТ||

Как только в дверь постучали, внутри кто-то забегал с утроенной силой. Через пару секунд дверь отворилась, а девушку обдало нериальным жаром и духотой. Было ощущение что та открыла дверь бани, однако... не успела та разглядеть паренька что вышел от туда, как он потянувшись к ней, сорвал шестерëнку с еë плеча, что она по всей видимости использовала как украшение и побежал внутрь с криками:

— ВОТ ОНО! СПАСЕНИЕ!

И... что это было?
|---------------------------------------------------------------------|",ktoia#0,ktoia#0
"2026-06-24,20:05:20",samin__,#0,"|-----------------------------------------------------------------|
Отправившись в глубь леса, воевода ходил кругами, пока не нашëл направление, в которое тому было больнее всего идти. Спустя часть пути, тот увидел странное красное пятно, что оказалось Айденом! И что такое делает извозчик в глуби не самого приятного леса? И... а почему он роется в каком-то кусту?
|-----------------------------------------------------------------|",biok_ymer#0,biok_ymer#0
"2026-06-24,20:42:56",ktoia,#0,"— Данте —  

Что ж, Данте не изменился в лице при услышанном, ведь если он хоть как-то покажет своё недовольство, всё может стать куда хуже. Мысленно он уже несколько десятков раз проклял Павлова, параллельно надеясь, что тот не читает мысли. Стать слугой на две недели... Мх. Симон.... ПОЧЕМУ ОН ТУТ ВИНОВАТ?! Кхм. Хорошо, ладно. Терпеть, так терпеть. Всего то четырнадцать дней выполнять какую-то херню. Вот только главное - не попасть к кучерявому отбросу и в принципе можно не возникать. Надеюсь, Симон правильно выберет, к кому его отправят.  

Когда упомянули слугу, Данте глянул на него и... тоже не услышал куда именно его отправят. Если он попадёт к кучерявому, будет... ну... ТАК СЕБЕ. Здесь варианты только Ария или Джиллиана, а Джошуа - в топку. Данте не будет плевать, если его слуга попадёт к Джошуа, ибо Джошуа - уродище похлеще ег... ам... да. Похлеще. Тем более он будет отыгрываться. Ммм... Нет, Симон просто не сможет такого допустить.  

Придя к своему умозаключению, Данте вернул взгляд на Павлова и.... Он услышал про уборку... черт... КАКАЯ УБОРКА СТОЙЛА?! ИЗ-ЗА СЛУГИ?! А, ТОЧНО! Две недели быть слугой - за то, что пытался обмануть Павлова. А вот за то, что пизданул ту служанку - уборка в стойле. Ну, зашибись! ТАК ЕЩЁ И С ДЖОШУА!.. я его точно чем нибудь там огрею... Это будут худшие две недели. После них он ни ногой никуда.  

Достаточно тяжело вздохнув от напряжения, Данте кивнул и сказал:  

— Теперь всё предельно понятно, и… достаточно ||НЕТ|| справедливо. Что ж... Разрешите тогда откланяться?

||<@&1503426171604570333>||",samin__#0,samin__#0
"2026-06-24,20:51:48",ktoia,#0,"— Элла Риот —

Элла только успела постучать и послушать каких то лошадей за дверью, как дверь распахнулась и её обдало волной нереального жара и духоты. На лице тут же выступил пот и она машинально, недовольно подняла руку, чтобы вытереть его предплечьем.

-# — Ну баня у вас..

Не успела она договорить, как перед ней мелькнула чья то фигура и с её плеча с лёгким щелчком сорвали шестерёнку. Элла застыла на несколько секунд, хлопая глазами, смотря в спину нахалу, а затем, придя в себя, быстро шагнула следом за ним, уже на ходу повышая голос:

— Ты чё, ОХРЕНЕЛ?! ЭТО МОЕ ОТДАЙ!

Она вошла внутрь и жар наверняка ударил с новой силой, но ей было плевать она шла за этим пиздюком, который только что обчистил её прямо на пороге. 

ЕЁ ОПЯТЬ ОБОКРАЛИ!",samin__#0,samin__#0
"2026-06-24,21:52:19",biok_ymer,#0,"—Эдвард—
|-----------------------------------------------------------------------------|
Выслушав что ему поручат другого господина, хоть и на время тот довольно улыбнулся, предпочитая отмолчаться, но обрадовались такому решению.
<@478922861554302997> , <@&1503425792791547984> .
|-----------------------------------------------------------------------------|","samin__#0, ktoia#0",ktoia#0
"2026-06-24,21:54:03",biok_ymer,#0,"—Альберт Дарси—
|-----------------------------------------------------------------------------|
Спокойно подойдя к тому, мужчина чуть прокашлявшись сказал:
|-----------------------------------------------------------------------------|

—Не мешаю искать чего интересного? Может помочь?

|-----------------------------------------------------------------------------|",samin__#0,samin__#0
"2026-06-25,19:50:42",samin__,#0,"|------------------------------------------------------------------|
Зайдя в нутрь та увидела... мельницу? Ну... основной вал был вроде как похожим, но от него верëвками и ремнями с зазубринами вращение шло в разные стороны, передавая вращение в МАТЬ ЕГО ОГРОМНЫЕ ВРАЩАЮЩИЕСЯ КАМЕННЫЕ КОЛËСА!

Теперь то понятно почему лопомти так скрипели, нагрузка была несоизмеримой, а гулл стоял из-за напряжения на передатояный механизм

Парень же не обращая внимания на возгласы спасительници взял оторваный рычаг и не долго думая впендюрив тот между колëсами создал окно для почтинки, залезая чуть ли не полностью в колëса, чтобы поставить шестерню на место. Сделав дело, он вытащил голову, отдëрнув руку, а колëса тут-же перемололи древесину в пыль. Вытерев пот со лба, парень покосился на своë изобретение, а после улыбнувщись упал на спину, распластываясь на полу
|------------------------------------------------------------------|",ktoia#0,ktoia#0
"2026-06-25,19:54:27",samin__,#0,"— Айден —

Услышав голос, парень рефлекторно завëл руку за спину, хватаясь за рукоять, попутно разворачивая корпус, занимая устойчивою стойку, однако вовремя спохватившись тот заприметил что это всего лишь Альберт. Выдохнув, парень чуть приподнялся, с согнутых коленей, однако руку с рукояти не убрал, отвечая тому:

— Старик Альберт? И... что спрашивается ты забыл в таком месте?

В голосе было толи смятение, толи крайняя настороженность, а скорее всего и то и другое",biok_ymer#0,biok_ymer#0
"2026-06-25,21:48:13",biok_ymer,#0,"—Альберт Дарси—
|-----------------------------------------------------------------------------|
Мужчина ничуть не меняясь в лице и в стойке, явно зная, что тот бы не успел бы его атаковать говоря:
|-----------------------------------------------------------------------------|

—Пришел посмотреть на страх деревенских, а заодно в случае чего убрать этот слух. Меня больше волнует, чего такой юноша как вы тут забыли. Вашу карету я тут не вижу, как и того кто мог бы вас нанять, отчего предположу, что у вас тут некий личный интерес, не так ли?

|-----------------------------------------------------------------------------|",samin__#0,samin__#0
"2026-06-25,22:34:03",ktoia,#0,"— Элла Риот —

Элла вошла внутрь и всё, что она собиралась сказать, быстро растерялось.

— Это... это что за...

Она замерла, глядя на огромные каменные колёса, которые вращались с неестественной скоростью, передавая движение дальше. Всё это гудело, скрипело и казалось, работало на пределе своих возможностей. Вопрос был не в том, КАК это работало, а в том ЗАЧЕМ.

А потом она увидела, как этот безумец впендюрил рычаг между колёсами и нырнул в механизм, чтобы поставить на место её шестерёнку. Элла открыла рот, чтобы заорать, что он дурак и что его сейчас раздавит, но не успела - он уже вытащил голову, а рычаг превратился в труху.

Она недолго смотрела на него, распластавшегося на полу, потом подошла и не долго думая, пнула его ногой по бедру. 

— ЭЙ! ""ИЗОБРЕТАТЕЛЬ""! ТЫ НЕ ПРИФИГЕЛ?!",samin__#0,samin__#0
"2026-06-26,11:06:38",samin__,#0,"— Айден —

От чего-то слова Альберта успокоили парня, от чего от отпустил рукоять вставая уже в спокойную позу, качая головой из стороны в сторону:

— Хух... значит и правда на этот раз ты. Не сказал бы что личный, но интерес. Я же тут переночевать решился, а тут байки о странном лесочке. А у меня понимаешь ли шило в одном месте, вот и дёрнул демон пойти сюда. А лесочек то /закатил глаза/ негостеприимным оказался

Договорив, парень от чего-то сделал широкий шаг назад, отапливая ногу в куст. Что-то странновато он себя ведёт",biok_ymer#0,biok_ymer#0
"2026-06-26,11:14:23",samin__,#0,"|------------------------------------------------------------------|
Малец уже начал было приходить в себя, однако почувствовав как его пинают, тут же очнулся, смотря на <@&1503427050214785066> , как будто она воровка, что пробралась в мельницу, что в целом так и было... почти...

Вспомнив что это была её шестерня, парень похлопал глазами, понемногу приподнимаясь, смотря на колёса, что стали вращаться очень медленно, создавая не столь большой шум, а сам он почесав репу ответил:

— Ай... прости, я верну шестерню, дай немного времени, пока я не отключу соединение и заменю на свою, а то эта какая-то вычурная, может долго и не проработать...

Осознав что она и правда может долго не выстоять, парень резко подскочил, вцепляясь в плечи девушки:

— СТОЙ! А у той шестерни было правильное искривление?!

Кажется парень всё ещё был на своей волне...
|------------------------------------------------------------------|",ktoia#0,ktoia#0
"2026-06-26,11:27:41",ktoia,#0,"— Элла Риот —

Элла аж подпрыгнула на месте, когда парень вцепился ей в плечи. Она не ожидала такой резкой смены поведения... секунду назад он лежал на полу, а теперь уже тряс её...

Девушка не пыталась вырваться, только глянула на него с недоумением и выпалила:

— Ай! Ты чего?!

Она тут же перевела взгляд на конструкцию, потом снова на него и нахмурилась, разглядывая механизм.

— Если там внутри нет распределения нагрузки на шестерни - ну, хоть какого-нибудь, то любую шестерню раздавит. Та, что у меня, конечно хорошая, она многое выдержит... Сплав хороший, НО без распределения веса она очень скоро станет блином.

Она посмотрела на него с вызовом и добавила:

— Там же ЕСТЬ РАСПРЕДЕЛЕНИЕ ВЕСА? Или ты просто надеешься, что шестерня выдержит, потому что?

Пауза.

— А... Ты про искривление... А Я ЧЕ ЗНАЮ КУДА ТЫ ЕЕ ЗАПХАЛ!??!? ДАЙ ПСОМТРЕТЬ! Если в пазы вошло то правильно!",samin__#0,samin__#0
"2026-06-26,17:57:55",biok_ymer,#0,"—Альберт Дарси—
|-----------------------------------------------------------------------------|
На сей раз мужчина уже посерьёзнее сказал:
|-----------------------------------------------------------------------------|

—Значит и вас одолевает странное предчувствие по поводу этого места? Ощущение будто здесь что-то есть... Ну значит мы можем вместе развеять свой же страх.

/Договорив мужчина спокойным шагом направился дальше за спину парня, намериваясь дальше найти то, что гложит его чуйку./

|-----------------------------------------------------------------------------|",samin__#0,samin__#0
"2026-06-27,12:27:46",samin__,#0,"|-----------------------------------------------------------------------------|
Неделя прошла довольно сумбурно. Для кого-то она тянулась как вечность, а кто-то просто жил свою жизнь:

<@&1503426171604570333> был приставлен к Арии, от чего встал под начало Рона, что на удивление был подкован почти во всём, чем-то напоминая Лукаса с его многозадачностью. Оказалось что весь быт в поместье был всего на паре детей и трёх служанках. При всём при этом сами слуги по статусу были куда выше, от чего служанки их слушались, оказывая посильную поддержку, чем Рон пользовался, но всё-же не злоупотреблял. Разговорившись пару раз на темы, что волновали парня, тот узнал и в ответ, что мировоззрение Рона весьма схожа с его собственным. Оказалось что Рон с детства был служкой в ясельном доме Арии, взрослея вместе с ней, от чего видел ужасы рождения в главной ветви семьи. Тот опустил подробности, однако рассказал о том, что девочка пережила порядка 20-ти покушений до прибытия в это поместье, а Рон же услышав заговор прислуги, ещё будучи ребёнком сдал их с потрохами, от чего и заслужил доверие Арии. Дальше он рассказывать он ничего не стал, лишь поделившись мыслью, что аристократия - это змеиный клубок, а слуги в нём - могут быть как ядом, так и противоядием, а то и вообще разменной монетой. Ария же не особо и контактировала с Эдвардом, лишь пару раз невзначай поинтересовавшись как у него самочувствие",,
"2026-06-27,12:28:08",samin__,#0,"<@&1503425792791547984> жизнь парня особо и не изменилась. Он жил себе спокойно, ведь его приставили к Джиллиане, что просто нагрузила больше свою слугу, предпочитая налаживать связь со своим братцем, попутно обговаривая с ним, как бы уколоть Джошуа, с которым у них были тёрки. Отметились только дни проведённые в стойле, ведь тут улизнуть от работы парень уже не мог. В один из ""прекрасных"" жарких дней, когда навоз вонял сильнее всего, тот опрокинул тачку прямо на Джошуа, от чего смердящая кучедря гонялась за ним пол дня. В остальном всё было спокойно и размерено, только вот мысть о Павлове не давала тому покоя

Так и прошёл целый год, в который произошло много всего, но пожалуй распишу тезисно:

Рон - У парня всё шло спокойно, лишь Анна Чихуахуа не давала тому спокойной жизни, постоянно строя козни и подставляя того, однако из большей части козней тот выходил сухим, а из остальных с незначительным уроном

Мари - За год стала чувствовать себя куда увереннее, во всяком случае выглядела так, как будто знала что делает, однако всё равно когда пересекалась в коридорах с <@&1503425792791547984> шугалась или просто разворачивалась молча уходя

Анна Чихуахуа - Между делом не забывала задевать и <@&1503426171604570333> . Нет не по своей прихоти, а из-за приказов Джиллианы. То тут подножу подставит, то там вину на него спишет. В общем небольшие шалости, не более",,
"2026-06-27,12:28:34",samin__,#0,"Джошуа Сенбернар - Стал куда спокойнее и сдержаннее... разумеется пока рядом не оказывался <@&1503425792791547984> . Постоянные нравоучения от Симона и подставы от Джиллианы не прошли даром, от чего тот стал походить на аристократа... ну... если от него отвернуться

Джиллиана Сенбернар - Просто стала ""из тени"" кошмарить всё и вся кроме <@&1503425792791547984> , особый фокус держа на Арии, однако кажется о большей части проделок та и не догадывалась, ведь Рон брал большую часть ударов на себя, даже не допуская ничего до самой Арии, даже прося помощи у <@&1503426171604570333> пару раз, когда не справлялся сам, разумеется отплачивая позже чем-то в замен

Ария Баскервиль - Девочка изменилась до неузнаваемости. Отсутствие покушений, на пару с Роном, которого она уже давно не видела сыграли той на пользу, и хотя Джиллиана пыталась её достать, но это было сродни шалостям, для той, которую с самого детства приследовала смерть. Возможно на то повлияло и то, что все письма с угрозами перехватывались, однако мы этого не узнаем. Ария стала куда более решительной, но всё так-же необщительной. Когда та видела какое либо неподобающее поведение от слуг или своих братьев и сестёр, та не молчала, а вмешивалась, не стесняясь пользоваться именем, что до этого давало ей только и исключительно боль и неудобства. Так девочка и стала правдорубкой, помешанной на извращённом понятии ""справедливости"", что работали только если это касалось слабого, быть может она хотела как-то реализоваться, а возможно в ней говорили комплексы, но молча терпеть та перестала, что весьма сильно настораживало Рона...

Так и прошёл год и остались всего сутки до главного балла года. Казалось бы обычный день, для необычной ночи. ||Начинаете вы с обычного дня, чтобы влиться в ""новых"" персов и в принципе в то что происходит. Выезд на балл через 4-6 часов, так что пара встреча и поехали хайпить! Допустим что <@&1503426171604570333> входит к <@&1503425792791547984> чтобы что-то подготовить или проверить, думайте сами||",,
"2026-06-27,15:32:33",biok_ymer,#0,"—Эдвард—
|-----------------------------------------------------------------------------|
Зайдя внутрь комнаты <@&1503425792791547984> , парнишка чуть приклеился, говоря:
|-----------------------------------------------------------------------------|

—Пришло время проверить нашу подготовку, вы готовы показать чему мы научились для бала? Или вы хотите сегодня немного отдохнуть?

|-----------------------------------------------------------------------------|",samin__#0,samin__#0
"2026-06-27,17:41:20",samin__,#0,"— Айден —

Радостный что ему более не будут задавать лишних вопросов, парень немного промедлил, что-то забрав из руста, пряча это в кармане, а после нагнав Альберта сказал:

— Может ну его? Не тронь... кхм... и вонять не будет. Сейчас то люди спокойно живут, а если разбудем чего, это же решать придëтся. Ну да... животина хворает, но и демон бы их побрал. Что думаешь, а?

Парень НУ ОЧЕНЬ хотел чтобы мужчина не ходил дальше а лес",,
"2026-06-28,02:51:37",biok_ymer,#0,"—Альберт Дарси—
|-----------------------------------------------------------------------------|
Не сбавляя темпа тот спокойно шел и дальше по лесу, говоря:
|-----------------------------------------------------------------------------|

—Люби не могут жить спокойно пока у них под боком находится что-то, мешающее из мирной жизни. Я обязан дать им надежду опору и защиту, отчего я вынужден убедить, что рядом нет никакой угрозы. 

|-----------------------------------------------------------------------------|",samin__#0,samin__#0
"2026-06-28,12:30:10",ktoia,#0,"— Данте —

Данте сидел у окна, рассеянно постукивая пальцем по подлокотнику кресла. С каждым днем, приближавшим его к этому проклятому балу, его лицо заметно становилось все мрачнее, а взгляд все тяжелее. Он уже давно перестал считать дни до мероприятия, потому что каждый из них был как удар по голове.

Он не обернулся, когда в комнату вошел Эдвард. Только на мгновение замер услышав его голос, а затем ответил, все еще глядя в окно:

— Отдых... да... Боюсь, не сегодня.

Он повернул голову на Эдварда и коротко кивнул, давая понять, чтобы тот поднял голову.

— Стоило бы. Бал на носу... Что бы проверить первым?",biok_ymer#0,biok_ymer#0
"2026-06-28,12:36:38",biok_ymer,#0,"—Эдвард—
|-----------------------------------------------------------------------------|
Вставая ровно тот зайдя глубже в комнату ближе к Данте задумчиво посмотрел по сторонам, а после сказал:
|-----------------------------------------------------------------------------|

—Думаю держать лицо и повадки вы и так уже научились под суровым взглядом господина Симона, отчего предположу, что нужно все же прорепетировать речь, что вы будете говорить про вашем представлении, думаю это пока самая слабая сторона вашей подготовки.

|-----------------------------------------------------------------------------|",ktoia#0,ktoia#0
"2026-06-29,01:47:46",ktoia,#0,"— Данте —

Данте услышал предложение Эдварда и на мгновение задумался. Потом медленно скрестил руки на груди.

— Речь, значит.

Легко в привычной манере усмехнулся.

— Хах... Ты думаешь, что я не смогу сказать пару красивых слов перед толпой аристократов?

Он чуть приподнял бровь, но в глазах мелькнула неуверенность, которую он тут же попытался скрыть.

— Хотя... Раз так думается, что это слабое место, стоит проверить.

Он встал, поправил воротник, прочистил горло и заложив руки за спину, заговорил тем самым слегка напыщенным тономо:

— ""Дамы и господа, для меня большая честь быть представленным перед вами в этот знаменательный вечер... Мы...""

Он запнулся, нахмурился, потом сбился и уставился на Эдварда, слегка цыкнув.

— Ладно... Это звучит как начало скучной речи какого-нибудь старого графа, который просто любит слышать звук собственного голоса... бред.

Он вздохнул и убрав руки обратно сказал:

— Я бы хотел послушать твои мысли. Как ты думаешь, что именно должно быть в моей речи?

ОГО! Данте спрашивает мнение! Похоже он действительно волнуется что там будет... Гребаный Паша...",biok_ymer#0,biok_ymer#0
"2026-06-29,01:59:38",biok_ymer,#0,"—Эдвард—
|-----------------------------------------------------------------------------|
Слушая начала тот и вправду представил будто он цитирует старого аристократа, отчего чуть хихмкнул с его комментария, однако вовремя восстановив лицо, тот предложил:
|-----------------------------------------------------------------------------|

—Я бы добавил комментарии по поводу насколько вам лестно присутствовать и видить всех, ну а также бы постарался сделать речь поскромнее, а именно поменьше, чтобы вы показали сдержанность и утонченнсть... Но я точно не уверен, я бы посоветовал вам говорить как сами думаете, но не забывая приличий.

|-----------------------------------------------------------------------------|",ktoia#0,ktoia#0
"2026-06-29,02:18:44",ktoia,#0,"— Данте —

Данте выслушал Эдварда, слегка прищурившись. А после тсыкнув, стал ходить взад вперед выдумывая что-то...

> Черт, а что делать... Да, в правду нужна речь, но боги... Если я даже дам эту речь это не исправит моего положения, Павлов.... черт. Надо было не показывать себя тогда, сучий Джошуа... Убъю, черт возьми убъю... Так... Данте думай... Ай.. плевать. Нужна речь, а там... там авось что нибудь получится, для начала стоит подготовиться к тому что есть... а есть... да нихуя нет!

Перестав ходить в зад вперед, Данте со стуком туфель об пол остановился разворачиваясь к Эдварду, говоря:

— Скромнее? Пф... кхм...

В очередной раз прочистив горло стал постепенно выдавать:

— ""Благородные дамы и господа, я - Данте Сенбернар. Для многих из вас моё имя ещё не знакомо, но я надеюсь, что сегодняшний вечер станет началом долгого и приятного знакомства. Я не стану рассыпаться в пустых словах или хвастаться заслугами....""

Постукал носком туфель по полу, думая и продолжая:

— ""которых у меня ещё... нет.... Вместо этого я скажу вам то, что действительно важно: я здесь, чтобы приносить плоды, слушать и… когда придёт время - действовать.""

Перестав стучать положил руку на шею, отводя взгляд от Эдварда..

— ""Будьте уверены, я не подведу ни своего имени, ни тех, кто поверит в меня.""

На этом замолчав, парнишка взглянул на слугу, говоря без через чур наигранного надменного тона:

— И...? Как?",biok_ymer#0,biok_ymer#0
"2026-06-29,15:16:35",samin__,#0,"|------------------------------------------------------------------|
Сделав шаг назад, парень оскорбился:

— Ты за кого меня принимаешь? Естественно я рассчитал нагрузку, а как иначе? Если будет перегрузка - первую шестерёнку сожмёт и вся конструкция перейдёт на основной вал... кхм... что сейчас в целом и произошло. А что на счёт посмотреть...

Парень улыбнулся, указывая в пространство между колёсами, говоря той:

— Удачи в этом...

Усмехнувшись своему-же предложению, парень выдохнул, разворачиваясь к валу мельницы:

— Или просто подожди пока ветер стихнет. Тогда я смогу отсоединить механизм. Уж извини, сцепления я пока что реализовать не успел
|------------------------------------------------------------------|",ktoia#0,ktoia#0
"2026-06-29,16:37:18",ktoia,#0,"— Элла Риот —

Элла проследила взглядом за рукой парня, указывающей на пространство между колёсами и на мгновение задумалась. Однако тут же откинув идиотские мысли скрестила ручки, возвращая к Парню. Выслушав его она хмыкнула продолжая:

— А что это мы **обиделись**? Пф... посреди дня обворовал и убежал, ну на тебе! Ме.

Показательно вздохнув, она перестала скрещивать ручки и сняв свой головной убор, стала махать им себе в личико ибо тут жарковато, добавляя:

— Вообще... я тут по делу. Ты... ам... **сын мельника**? Имя есть?",samin__#0,samin__#0
"2026-07-01,01:03:58",samin__,#0,"— Айден —

Парень было вобрал воздух, чтобы возразить, однако поняв что дед непробиваемый, тот закатил глаза лишь занеся руку за спину, держа ту около рукояти меча на всякий случай

Путь в тишине продлился не столь долго, ведь спустя пару минут те вышли к странным руинам, которые уже давно поглотила природа. Именно от них и исходило чувство, что не давало мужчине покоя, а лишь усилилось

Тут уже Айден зашагал куда быстрее, опережая <@&1503425579687477329> на шаг, говоря тому:

— Вот тут уж я пойду вперёд, вдруг тут ловушки, если попадёшь дряхлых костей не соберёшь. Ты главное смотри под ног...

Не успел тот договорить, как того снесло в сторону, унося в ближайшее дерево, ударяя о него

Повернув голову, Альберт увидел фигуру, что по видимому не собиралась тратить время на разговоры",biok_ymer#0,biok_ymer#0
"2026-07-01,01:27:27",biok_ymer,#0,"—Альберт Дарси—
|-----------------------------------------------------------------------------|
Оценив со стороны скорость и силу апонента мужчина выдохнул а после встав в стойку для рукопашного боя тот предположил что его задача ввиде изучения местности закончена и ему сейчас нужно попросту отбить нападки парня, попутно вытащив отсюда Айдена. Рассчитав примерное время для атаки мужчины, тот парировал почти все атаки, предпочитая уклоняться в ожидании возможности нанести контр удар, однако если его против был нечелочен на реакцию, тот бы вряд-ли смог подловить нужный момент, думая как быть с Айденом.
|-----------------------------------------------------------------------------|",samin__#0,samin__#0
"2026-07-01,01:32:57",biok_ymer,#0,"—Эдвард—
|-----------------------------------------------------------------------------|
У меня нет идей, поэтому будет пофигистичныц маленький пост, ура!
Парень слушал расписания того, а после прикинув что-то в голове ответил:
|-----------------------------------------------------------------------------|

—Если не учитывать запинки и некие странные высказывания, вполне себе сносно на мое мнение.

|-----------------------------------------------------------------------------|",ktoia#0,ktoia#0
"2026-07-01,02:45:08",ktoia,#0,"— Данте —

Данте услышал оценку Эдварда и чуть приподнял бровь.

— ""Сносно"", значит? ме... Это минимум который я должен показать... Я должен быть лучш....

Вспомнил про Павлова, остановился, после чего перевел тему:

— Кхм. Допустим, отлично... Как обстоят дела с моим костюмом на бал?",biok_ymer#0,biok_ymer#0
"2026-07-01,03:40:16",biok_ymer,#0,"—Эдвард—
|-----------------------------------------------------------------------------|
Парень чуть озадаченг взглянул, непонимая отчего он так хочет проявить себя именно на представлении, однако ответил:
|-----------------------------------------------------------------------------|

—Готовится. Думаю через пару часов должен быть готов. Хотите увидеть его?

|-----------------------------------------------------------------------------|",ktoia#0,ktoia#0
"2026-07-01,05:01:12",ktoia,#0,"— Данте —

Данте услышал вопрос и приподнял бровь, затем прошёлся по комнате, прежде чем опуститься обратно на сидение.

— Хочу? 

— Я должен убедиться в качестве работы перед этим событием. П-ф... Несколько раз уже перешивали - руки бы им поотрывать. Надеюсь, хоть в этот раз всё сшито идеально.

Он откинулся на спинку кресла и на мгновение задумался, затем, спросил уже спокойнее:

— Слушай... А что ты знаешь о Господине Павлове?",biok_ymer#0,biok_ymer#0
"2026-07-01,06:55:17",biok_ymer,#0,"—Эдвард—
|-----------------------------------------------------------------------------|
Эдворд весьма много за последнее время высказывал своего мнения, что немного его озадачивало. Сначала его спрашивали один, два раза в день. Но чем ближе был день представления, тем больше Данте уточнял мнения у жалкого его, что его поистине удивляло, неужто он был готов лишиться чести лишь бы не опозориться на балу. Все же скомкопоновав мысли, тот стал думать о последнем вопросе, говоря:
|-----------------------------------------------------------------------------|

—От Лукаса я подчеркнул, что этот мужчина человек чести и многие надеются на него, отчего он привык носить стальную маску, никогда не выходя из образа карателя и палача для злодев королевства... Но это лишь мои догадки, ведь более детальной беседы я не провел, я делаю выводы исходя из слов Лукаса о своем господине.

|-----------------------------------------------------------------------------|",ktoia#0,ktoia#0
"2026-07-01,12:56:44",samin__,#0,"|-----------------------------------------------------------------------------|
К удивлению мужчины второй атаки не последовало. Фигура и изрядно потрёпанном костюме лишь повернула но того голову, делая шаг назад, а после наклонившись начертил неровную линию битой, продолжая молча смотреть на <@&1503425579687477329> . Айден же в этот момент потирая голову крикнул:

— Эй! А предупредить о атаке? Тс... эй, уродец, на меня смотри!

И как спрашивается он в состоянии такое говорить, когда его впечатали в ствол дерева, битой... с ГВОЗЬДЯМИ? Он вообще как выжил то? Однако на эти выкрики не было не единой реакции
|-----------------------------------------------------------------------------|",biok_ymer#0,biok_ymer#0
"2026-07-01,13:16:59",samin__,#0,"— Никола —

Парень никак не реагируя на провокацию, лишь поплёлся в сторону вала, попутно отвечая:

— Никола. И что же понадобилось торговке, что использует шестерёнки как украшения от меня?

Дойдя до вала, тот посмотрел на него, начиная обходить с разных сторон, проверяя цел ли он после ""казуса""",ktoia#0,ktoia#0
"2026-07-01,18:17:11",ktoia,#0,"— Элла Риот —

Медленно ступая за ним, девушка услышала про ""торговку"" и хмыкнула, начиная говорить:

— Никакая я не торговка. Я изобретатель на минуточку, сертифицированный..

Она запнулась, вспомнив о потере бумажек и добавила:

— Была... В общем, сейчас я служу новому местному дворянину, который прибыл буквально вчера.

Зыркнув на вал, на мгновение задумалась.

— Мне нужны некоторые инструменты. Услышав о тебе, я предположила, что здесь они будут но.../мысли о механизме перебили по сему она тут же сменила вектор/ А на кой тебе столько механической силы?",samin__#0,samin__#0
"2026-07-01,20:54:18",biok_ymer,#0,"—Альберт Дарси—
|-----------------------------------------------------------------------------|
Удивившись тому, что на него не последовала атаки, тот глянул на линию и отходя от той, тот не сводя взгляда с неизвестного направился к Айдену, говоря:
|-----------------------------------------------------------------------------|

—Значит защищаешь свою территорию, понятно... Я просто дедушка, что со своим внуком заблудились в лесу, не волнуйтесь, мы сейчас же уйдем...

|-----------------------------------------------------------------------------|",samin__#0,samin__#0
"2026-07-02,15:20:08",samin__,#0,"— Айден и незнакомец —

Незнакомец посмотрев на то как от него отходят пошёл в ту-же сторону, идя за Айденом. Тот же пытаясь подняться опёрся о дерево, говоря нему:

— Надеюсь ты оценило эффектность моего полёта

Повернувшись на приближающуюся глыбу, тот через силу улыбнулся, говоря уже в сторону <@&1503425579687477329> :

— Но, дедуль... ты мог выбрать менее травматичный способ познакомиться с местной фауной, честно слово, это худшая семейная прогулка, которую я переживал

Договорив, парень отслонился от дерева, хватаясь за рукоять меча, но пока что не вынимал его. Хотя он и острил, но по сбившемуся дыханию и подкосившимся ногам можно было понять что чуствует себя парень не лучшим образом",biok_ymer#0,biok_ymer#0
"2026-07-02,15:33:47",samin__,#0,"— Никола —

Ничуть не удивившись словам девушки, парнишка не поворачиваясь ответил:

— Ну и на что из этого потока мыслей отвечать? Ладно, по порядку:

— Сертифицированным изобретателем можно стать, но потерять сертификат - означает что ты ничего не умеешь, ведь его просто так не отбирают

— Про дворянина знаю, старик Баров ночью пол деревни поднял по этому поводу, как тут не знать. Значит это ты ""тощая девка, шо обвешана как птица какая"". Хи-хи, инструменты у меня есть, но большая часть - кустарные, которые мне кузнец наш выковал за работку, так что **не отдам**. А сила мне нужна для своих изысканий... ну как изысканий... просто изучения. Пока сбора зерна не будет, я тут присматриваю и могу делать что угодно, вот и подумал чего мельнице простаивать. Хм... вроде как на всё ответил",ktoia#0,ktoia#0
"2026-07-03,01:52:24",ktoia,#0,"— Данте —

Данте выслушал Эдварда, слегка прищурившись, а затем запрокинул голову и уставился в потолок. Несколько секунд он молчал, размышляя о чём-то своём, а потом снова опустил взгляд на слугу.

— Ясно.

Он откинулся на спинку кресла, постукивая пальцем по подлокотнику и задумчиво произнёс:

— Скажика, а от Симона не намечается каких-нибудь.. ну, скажем так, нравоучительных бесед перед балом?",biok_ymer#0,biok_ymer#0
"2026-07-03,02:06:03",ktoia,#0,"— Элла Риот —

С каждой фразой парня её бровь поднималась всё выше. Когда он закончил, она скрестила руки и покачала головой.

— ""Тощая девка, обвешанная как птица""? Ну, спасибо, я запомню..

Она сжала губы, МАКСИМАЛЬНО пытаясь стерпеть то что только что услышала. Особенно про то, что она ничего не умеет. Если бы он ей сейчас не был нужен, этому сопляку она бы нос уделала! Указала бы на все его ошибки, на его внешность и ещё что-нибудь придумала бы сверх нормы. Вытерпев поток собственных эмоций, она вздохнула и перевела взгляд на вал, потом снова на Николу:

— Слушай, я понимаю что инструменты ты ""добыл"" своим трудом и не хочешь их отдавать. Да, я и не рассчитывала на нормальные, но.. кхм.. Эти инструменты нужны не мне! А уважаемому господину Дарси - новому местному лорду.  

Она сделала паузу, давая ему секунду обдумать услышанное и продолжила, чуть подавшись вперед, слегка ухмыльнувшись:

— Представь: **ты помогаешь дворянину** - и он это запоминает. Когда-нибудь тебе понадобится помощь и кто знает - может, он окажется благодарным. Все таки самые интересные проекты без нотки ""финансов"" не делаются. А если я ещё и замолвлю за тебя словечко... у-у-у-у... вдруг у тебя появится не просто работа, а возможность заниматься своими ""изысканиями"" с куда большей поддержкой, чем сейчас?",samin__#0,samin__#0
"2026-07-03,10:28:11",biok_ymer,#0,"—Альберт Дарси—
|-----------------------------------------------------------------------------|
Заметив подкашивающие ноги, тот подставил плечо парню, двигаясь с ним обратно в другую сторону, попутно говоря:
|-----------------------------------------------------------------------------|

—Полет неплохой, но в следующий раз лучше увернись или не или наражон... А теперь нужно пойти тебя подлатать здоровяк.

/Как бы он не верит в актерскую игру, коей у него не было, тот не спускал взгляда с неизвестного, непонимая отчего тот не добивает их.../

|-----------------------------------------------------------------------------|",samin__#0,samin__#0
"2026-07-03,10:34:30",biok_ymer,#0,"—Эдвард—
|-----------------------------------------------------------------------------|
Подумав парень и вправду замечал сильную нервозность Симона, однако сплел это за совпадением, ведь кое-какая бестия продолжала делать свои правила на особняке, отчего тот чуть задумчиво положил одну руку на подбородок, говоря:
|-----------------------------------------------------------------------------|

—И вправду, в последнее время он был взвинчен её обычного. Я это не счёл как подготовку к нотациям, считавьл за проделки других господ, что его...вывели...

|-----------------------------------------------------------------------------|",ktoia#0,ktoia#0
"2026-07-04,21:14:56",ktoia,#0,"— Данте —  

Данте услышал ответ Эдварда и на мгновение задумался, перебирая в голове услышанное.

— Однако я уверен, что без нотаций перед отъездом он нас не оставит. Хм... ещё часов шесть.

Он в **очередной раз** встал с места и начал медленно расхаживать по комнате, пытаясь придумать, как выкрутиться из этой ситуации. Быть учеником Павлова - почётно, это он понимал. Но чтобы стать им, нужно было остаться в ЖИВЫХ. А Данте был уверен, что МОРАЛЬНО он не выдержит. Физически же... да что там думать! Физически он просто умрет.

Парнишка бросил взгляд на Эдварда и чуть помедлив, продолжил:

— Что ж, хорошо. Пока нет дел, стоит ещё поразмышлять над насущным. Ты пока можешь быть свободен. Однако... между делом, а именно сейчас, узнай как-нибудь подробнее, к чему стоит готовиться и может все таки что готовит Симон или другие.

Он кивнул и направился к выходу, давая Эдварду пространство для действий.

Выйдя из комнаты, Данте зашагал по коридору не смотря по сторонам. Ему нужно было придумать, как накосячить, но не слишком сильно. Чтобы остаться живым, но при этом сохранить лицо. Или хотя бы его подобие.

||Самин сказал разойтись, чтобы сделать обоим вкид, по этому я тебе дал размытую хуйню! Удачи!!! <@478922861554302997>  ||","biok_ymer#0, samin__#0",biok_ymer#0
"2026-07-06,13:49:56",samin__,#0,"— Никола —

Призадумавшись, парнишка развернулся, потирая подбородок, вновь оценивающе смотря на девушку. Обдумывая её слова тот явно сделал свои выводы, направился к столику, отвечая:

— Ммм... ладно, ты знаешь как заинтересовать человека

Дойдя до стола, тот взял свёрток ткани, катнув его на стол, открывая большую часть простых инструментов, которые только могли потребоваться, только вот они были... странными? Отвёртка, на которой были деления линейки и плоскогубцы, что имели изогнутую ручку с делением транспортира. Горделиво повернувшись, парень проговорил, поднимая подбородок выше обычного:

— Ну чтож, выбирай. Качество скверное, но то для чего созданы - сделают. Только смотри не сломай. Подсказать как пользоваться~?",ktoia#0,ktoia#0
"2026-07-07,15:04:18",ktoia,#0,"— Элла Риот —

Элла подошла к столу, разглядывая разложенные инструменты с выражением лица, которое сложно было назвать восторженным. Она взяла в руки одну из отвёрток, покрутила её, прищурилась, затем положила обратно и машинально вырвалось:

— Ну и хлам..

Она тут же прикусила язык и вздохнув, взяла себя в руки, стараясь не показывать, насколько её разочаровал этот набор.

— Ладно, как говорится, имеем то, что имеем. Хотя бы да... не сломанные.

Она обернулась к Николе, чуть приподняв бровь:

— Эй! Давай там не высказывайся. Я умею определенно больше чем ты.. Пх... и... с чего ты такой язвительный!? А?",samin__#0,samin__#0
"2026-07-12,00:17:34",samin__,#0,"— Джошуа —

И вот парень вышел в коридор где сразу же встретился нос к носу со своим злейшим врагом... ДЖОШУА. Увидев своего братца, парень скривил лицо, отвечая даже не пытаясь скрыть неприязни:

— Ну здраствуй. Держу пари, сегодня меня ждёт поистине знаменательное зрелище

Хмыкнув, тот покивал, продолжая свой путь",ktoia#0,ktoia#0
"2026-07-12,00:26:11",samin__,#0,"— Рон —

Стояло Джошуа выйти, тот вновь увидел перепалку Данте с Джошуа, ничего необычного. Решив не ввязываться в это, парень лишь незаметно прошмыгнул по стеночке, идя к лестнице. Спустившись на первый этаж, тот увидел, как по коридору весьма быстрой походкой идёт Рон с каким-то чёрным свёртком, что был весьма громоздким и объёмным. Увидев <@&1503426171604570333> , тот ускорился и подойдя, кинул свёрток в него, говоря:

— Это наш упреждающий удар чтобы всё прошло по плану. Работай!

Естественно не за какой план Эдвард не щарил... ЧЕГО?!",biok_ymer#0,biok_ymer#0
"2026-07-12,00:36:32",ktoia,#0,"— Данте —

День уже пошел под откос когда Данте коий думал как разнести бал, встретил ЧЕРНЬ. Подняв на него взгляд, Данте так же не скрывая отвращения хмыкнул на слова, а затем развернувшись в противоположную сторону призренно выкинул:

— Да, твоё падение будет сногсшибательным, все уверуют в твою бесполезность.

Начал уходить от этой ХУЙНИ.",samin__#0,samin__#0
"2026-07-12,00:41:12",samin__,#0,"— Айден и незнакомец —

Разумеется такая наглость не могла пройти безнаказанно. Когда Альберт пошёл дальше, незнакомец всё-же начал действовать, отталкивая того предплечьем, давая понять, что он не интересен. Как только мужчина начал долбать того палкой, в него разумеется полетела и булава, от которой тот без особых проблем уклонился. А вот после этой атаки начались странности незнакомец застыл, не двигаясь, лишь следив головой за действиями Альберта

Как УМНЫЙ ЧЕЛОВЕК тот лишь подошёл к Айдену, начиная с тем удаляться, поглядывая на странного мужика. Когда тот скрыла из виду, парень хмыкнул, говоря:

— Если бы я мог увернуться я бы это сделал, уж поверь. Откуда эта кулебяка вылезла вообще... кха...

Видимо дыхание парня немного спёрло, от чего он с силой ударил себя в грудь, продолжая дышать, слегка покашливая",biok_ymer#0,biok_ymer#0
"2026-07-12,00:47:43",biok_ymer,#0,"—Эдвард—
|-----------------------------------------------------------------------------|
Не понимая, что к чему,  но понимая, что рон торопился не просто так, взял свёрток и вместе с ним пошел в другую сторону, пытаясь слиться с коридора. После чего удалившись бы открыл сверсток, пытаясь понять, что там было.
|-----------------------------------------------------------------------------|",samin__#0,samin__#0
"2026-07-12,01:01:40",biok_ymer,#0,"—Альберт Дарси—
|-----------------------------------------------------------------------------|
Воевода ведя с собой Айдена все никак не мог отвязаться от ощущения наблюдения, говоря:
|-----------------------------------------------------------------------------|

—Нормально всё, пытался оправдать. Если тут такие опасные неизвестные обитают, нужно подготовиться к встречи к ним. Думал тут зверь какой, а не вот это... Что явно что-то охраняет. Ничего, сейчас доведу тебя до деревни, там подлатаем тебя.

|-----------------------------------------------------------------------------|",samin__#0,samin__#0
"2026-07-12,01:05:14",samin__,#0,"— Никола —

Закатив глаза, парень начал НУ ОЧЕНЬ не натянуто говорить:

— Да-да... я городская и самая умная. Да-да... у меня есть образование. Слушай, если ты сравниваешь себя с деревенским самоучкой - твои дела плохи. И... не оскорбляй мои инструменты, не нравится - не бери, мне то что

Договорив, парень поправил одежду, отвернувшись к валу, думая как бы его остановить и не расхерачить остальные механизмы",ktoia#0,ktoia#0
"2026-07-12,02:58:01",ktoia,#0,"— Элла Риот —

Элла НУ ОЧЕНЬ сильно сдержалась, чтобы не продолжить бесконечный обмен любезностями. Всё-таки стоит хоть кому-то его закончить, а то это будет вечно и она, как умненькая, сделает это первая - в отличие от этого... пф... Николы!

СТЕРПЕВ и поджав губки, она развернулась обратно к инструментам и начала снова пробегаться по ним глазами, выискивая те, что действительно могли бы пригодиться. Чтобы починить механическую руку Альберта, ей определённо требовались инструменты для мелкой работы - а таких здесь было... кот наплакал. Элла стала бубня что-то под нос, перебирать предметы, оценивая каждый: если он подходил - откладывала в сторону. Так она бы перебрала почти все, собрав небольшой базовый набор, который мог бы помочь хотя бы начать работу. Эх... ей бы её прошлую мастерскую. Она бы тут хоть пушку собрала за полдня.",samin__#0,samin__#0
"2026-07-13,11:59:46",samin__,#0,"— Джошуа —

Парень так-же двинулся дальше по коридору, явно не довольным что последнее слово осталось не за ним:

— Эх... возможно ты и прав. Опозорюсь, сошлют меня в деревню где я посижу пару месяцев и вернусь в столицу. Однако я не могу испытывать зависть к своему братцу, которого ждёт великое бедующее под началом господина Павлова. Вот она! Карьера к которой стоит стремиться

Сказав это, парень обогнал Данте на пару шагов, явно довольным собой",ktoia#0,ktoia#0
"2026-07-13,12:04:35",samin__,#0,"|-----------------------------------------------------------------------------|
Увидев реакцию друга, Рон кивнул, разворачиваясь в противоположенную сторону, как будто ничего и не было. Когда парень пытался пройти по коридорам [незамеченным](https://discord.com/channels/1495473722679754914/1495473983636897803/1526151741790486590), что на удивление вышло, от чего парень зашёл в подсобку, открывая свёрток. В нём было... ПЛАТЬЕ?! Красивое, роскошное красное платье. Вопрос чьё оно, был лишним, только вот что с ним теперь делать?
|-----------------------------------------------------------------------------|",biok_ymer#0,biok_ymer#0
"2026-07-13,14:15:37",samin__,#0,"— Айден —

Ничуть не изменяясь в лице или повадках, парень ответил:

— Да ладно уж. Как вернёмся, немного поваляюсь, попью и буду как новенький, не переживай так

Пройдя ещё немного, уже показался свет, что указывал что недалеко равнина, от чего парень с трудом, но всё-же убрал изогнутый меч, что всё это время держал в руках. Наконец сказав:

— Всё, отстали ироды...",biok_ymer#0,biok_ymer#0
"2026-07-13,14:29:29",biok_ymer,#0,"—Альберт Дарси—
|-----------------------------------------------------------------------------|
Выйдя вместе на поляну, тот чуть расслабился, идя уже более размерено, дабы не напрягать союзника на плече, после чего ищя глазами хоть кого-то, дабы уточнить где может быть лекарь, однако попутно знал, что нужно держать союзника в чувствах и разговаривать, отчего сказал:
|-----------------------------------------------------------------------------|

—Ладно я, бездумный старик решил погеройствовать, ты то чего делал в лесу и в итоге увязался за мной?

|-----------------------------------------------------------------------------|",samin__#0,samin__#0
"2026-07-13,14:32:54",biok_ymer,#0,"—Эдвард—
|-----------------------------------------------------------------------------|
Смотря на платье тот и незнал что думать, предлагая что ему нужно сохранить платье для Арии, однако прикинув логику, тот понял, что не её это стиль носить ярко красный наряд, очтего сделал вывод, что он принадлежал Джулиане, на что чуть ухмыльнулся и достав из-за пазухи уже приятный для него подаренный клинок, тот стал рвать платье, думая о явно нехороших мыслях.
|-----------------------------------------------------------------------------|",samin__#0,samin__#0
"2026-07-14,13:07:55",ktoia,#0,"— Данте —

Раздражение продолжало накапливаться, когда этот тупой индюк решил идти следом. И что этому КЛЕЩУ не сидится? Может, ещё раз погладить по голове?! А то че на нервы давит, паскуда..

Пройдя ещё несколько шагов и всё же не выдержав, что этот клещ плетётся за ним, Данте резко повернулся к нему, ухмыляясь и с явной насмешкой в голосе произнёс:

— Знаешь, Джошуа, я весь этот год восхищался твоей способностью говорить о ""высоком"", следуя за кем-то как клещ. Наверное, это что-то врождённое... и, ммм... пожалуй, да. Невероятно мерзкое.

Он снова развернулся и зашагал вперед, но добавил уже задевая тему Павлова:

— Во всяком случае братец.... Мне жаль тебя, ведь я уверен в твоём будущем. Хм.. Знаешь так-то я могу поделится ""предсказанием"" - ты найдешь место под чьей-то пятой. И это сделает тебя счастливой собачкой, коя гавкает только по указке. Хах. Что нельзя сказать обо мне... 

> Положение хуже чем у Джошуа... Да где такое видано! Сука, ебучий Павлов.",samin__#0,samin__#0
"2026-07-20,12:56:58",samin__,#0,"— Айден —

На удивление парень выглядел всё лучше и лучше. Дыхание восстанавливалось, а цвет лица становился более розовым. На замечание старца, тот хмыкнув ответил:

— Вот именно что безумный. И подмечу что я туда первый пошёл, так что это ты за мной увязался. И как ты только нашёл те руины... я по этому лесу часа 2 бродил и нашёл всё кроме этих руин... подозрительно

На ещё большее удивление парень начал подозревать мужчину в чём-то, однако его прервала женщина что приближаясь к парочке размахивала поварёшкой, ещё издалека крича:

— ЭЙ ВЫ! КУДА ПОЛЕЗЛИ! НЕЛЬЗЯ ХОДИТЬ В ЛЕС! КОМУ СКАЗАЛА!",biok_ymer#0,biok_ymer#0
"2026-07-20,13:30:08",samin__,#0,"|-----------------------------------------------------------------------------|
Уничтожать платье Джиллианы, кинжалом, который по сути получен от неё-же. Какой странный и приятный поворот. Не известно сколько именно времени потребовалось Эдварду на свою проказу, однако некогда прекрасное и роскошное платье определённо пришло в состояние ""проще уж сшить новое"". [Однако](https://discord.com/channels/1495473722679754914/1495473983636897803/1528710275392606311) примерно в этот момент за дверью послышались шаги, а после дверь стала медленно отворяться. Что же сделает <@&1503426171604570333> , ведь скрыть улики времени нет!
|-----------------------------------------------------------------------------|",biok_ymer#0,biok_ymer#0
"2026-07-20,13:57:28",samin__,#0,"— Джошуа —

Парень даже остановился, от услышанной тупости собеседника. Похлопав глазами, тот наклонил голову на бок, говоря слегка растерянно:

— Ты серьёзно думаешь что твоя морда имеет для меня какое-то значение? Сегодня последний день когда я вижу все рожи в этом чёртовом доме. Сучка Джил с её псиной более донимать меня не будут, Арию скоро кокнут, а ты просто сгинешь на тренировках. Ты хоть понимаешь что в отличии от вас у меня жизнь спокойная и приятная? Пф... знал бы кто мой отец... а про твоего я даже знать не хочу, хотя будет приятно увидеть твоё лицо, когда меня представят~

— И что значит клещ. Ты вообще тупой? Я к лестнице иду! А ты проход загораживаешь!

Договорив, парень пошёл к лестнице намеренно толкнув Данте в плечо, расталкивая место для прохода, уходя вниз и говоря на последок:

— Прощай братец и всего не самого хорошего!",ktoia#0,ktoia#0
"2026-07-20,14:24:21",ktoia,#0,"— Данте —

> Тупорылый мелкий урод. Да иди ты нахуй.

Данте определённо старался держать лицо в присутствии этого еблана, чтобы казаться ""выше"", однако каждое слово капало и собиралось в кучу. В общем то, Данте абсолютно насрать на Джошуа, нахуй его, нахуй Павлова, да нахуй всех в этом доме. Ей богу, Данте нужен только он сам. За год его мнение не особо о ком то изменилось здесь. Нет, возможно, о некоторых и слегка приподнялось, но это всё та же душная ловушка.

Обратной реакции на толчок не последовало - скорее Данте сделал шаг в бок и кинул в спину умалишенному:  

— Скатертью дорога, идиот. Смотри, чтобы у тебя ничего сегодня не испортилось~.  

Под конец Данте даже выдавил улыбку, чтобы эта хуйня начала думать о подставе на балу. И как только он скрылся, Данте вернул прежнее лицо и... А чё? Он и сам шёл к лестнице, поэтому стал спускаться вниз с дурными мыслями. И, если ничего особого не случится, свернёт к какому-нибудь ""саду"". Он же тут есть?",samin__#0,samin__#0
"2026-07-21,00:32:51",samin__,#0,"|-----------------------------------------------------------------------------|
Ответа на язвительность не последовало, однако Джошуа точно услышал эти слова. И вот <@&1503425792791547984> наконец соизволил насладиться собственным одиночеством, прогулкой в саду. Садик был скромненький, но ухожанный. Ровный газон, цветы что были высажены как по линейке и аллея из пары десятков деревьев. Было видно что за ней ухаживали, однако от нехватки рук, та всё равно выглядела весьма жалко

Так найдя укромное местечко, Данте погрузился в думы... или просто уснул с закрытыми глазами, это было известно только ему, однако его тревожить никто и не собирался. Так прошло некоторое время, пока... БАХ! Сзади на него что-то упало, а руки обхватили шею, свисая с плеч. Сразу после этого послышался ехидный вопрос:

— И чего грустим тут одни~?
|-----------------------------------------------------------------------------|",ktoia#0,ktoia#0
"2026-07-21,01:25:55",ktoia,#0,"— Данте —

От неожиданности Данте едва не подскочил на месте, всем телом дёрнувшись вперёд, будто его ошпарили. Руки инстинктивно вцепились в чужие запястья, свисавшие с шеи, а сердце пропустило удар.

Из рта хрипловато вырвалось, прежде чем он успел сообразить что происходит:

— Какого?!

Данте резко обернулся в пол-оборота, готовый встретить того кто ему помешал.  Взгляд наткнулся на наглую улыбку Джиллианы и он на мгновение завис, хлопая глазами, пытаясь сопоставить факты: он был уверен, что никто не видел как он сюда сворачивал и вообще - откуда?

Голос звучал сипловато из-за испуга, он выдал с легкой заминкой:

— ...Ты? как..

Данте слегка отодвинулся, высвобождаясь из хватки, проводя рукой по лицу и пытаясь унять сердцебиение, а затем криво усмехнулся, искоса глядя на неё:

— Кхм. Да... так... Вечер же будет ""жарким"", вот и размышлял о нем....

Продолжает приходить в себя.",samin__#0,samin__#0
"2026-07-21,01:41:07",biok_ymer,#0,"—Эдвард—
|-----------------------------------------------------------------------------|
Парень рефлекторно уселся на платья, и не успев ничего не придумать спрятал кинжал под одежду и стал надеяться на удачную встречу. Платье он своей тушей прекрыл, но не полностью( https://discord.com/channels/1495473722679754914/1495473983636897803/1528894274723119126).
|-----------------------------------------------------------------------------|",samin__#0,samin__#0
"2026-07-21,01:44:02",biok_ymer,#0,"—Альберт Дарси—
|-----------------------------------------------------------------------------|
Не услышав нужный ответ тот недовольно выдохнул, хотя уже читать нотации, однако на удивление получил нотации сам, из-за чего чуть обронил слова, переведя взгляд на женщину, а после дождавшись возможность вставить слово, сказал:
|-----------------------------------------------------------------------------|

—Прошу прощения, не хотели как-то вас побеспокоить. Мой друг хотел погеройствовать и не заметил как споткнулся о кочку, немного подвернув ногу. Вы не знаете, есть ли тут какой лекарь, чтобы обработать парня?

|-----------------------------------------------------------------------------|",samin__#0,samin__#0
"2026-07-21,10:46:28",samin__,#0,"— Джиллиана —

Девушка еле как сдерживала смех на протяжении всего ""представления"". Когда <@&1503425792791547984> отстранился от неё она упала на траву, не удержав равновесия, продолжая хихикать. Развернувшись лицом вверх, она вытерла слёзку, что выступила от смеха, отвечая братцу:

— Хах~, то есть тоже пришёл разгрузиться. Пф... хи-хи. Вечерок и правда обещает быть ""жарким"". Хи-хи-хи

Наконец просмеявшись, девушка смогла привстать, принимая сидячее положение, поджав ноги в бок около себя, дополняя:

— И что же беспокоит моего милого братца?~",ktoia#0,ktoia#0
"2026-07-21,10:59:15",samin__,#0,"|-----------------------------------------------------------------------------|
Женщина пёрла как танк, переминаясь с ноги на ногу. Настигнув двоицу, та сердито посмотрела на Айдена, а после и на <@&1503425579687477329> . Услышав его слова, та взяла и долбанула поварёшкой того по лбу. Не сильно, но так чтобы было чутко. Совершив ""посягательство на жизнь дворянина"", та сказала:

— Оболтусы. Яж говорила даже не приближаться к нему /перевела взгляд на Айдена/ ладно этот, но яж тебе говорила чтоб не вздумал!

Айден виновато отвёл взгляд, радуясь своему состоянию, а иначе бы поварёшкой прилетело уже по нему, отвечая:

— Ну матушка Маргарет... я одним глазком

Женщина не довольная таком ответом хмыкнула, вновь посмотрев на Альберта, говоря уже тому:

— Горбатый с вами. Пока что парнишку нужно подлатать. Вот новый господин о вас узнает! Такого нагоняя получите!

С этими словами она взяла парня под второе плечо, на что тот сказал:

— Да чего вы, я и сам идти могу!

Тут же последовал жёсткий ответ:

— А ну молчи! Сейчас тебя в харчевню отведём, я ещё и знахарку приволоку. Ибо сглаз на тебе какой что ум отбил. Чертяка этакий
|-----------------------------------------------------------------------------|",biok_ymer#0,biok_ymer#0
"2026-07-21,11:28:28",samin__,#0,"|-----------------------------------------------------------------------------|
И вот дверь отварилась. Пред Эдвардом предстала странная картина, а именно Мари, что шла спиной, еле как удерживала равновесие, ведь держала в руках ОГРОМНУЮ БАШНЮ полотенец, фартуков, простыней и ещё не весть чего, явно пока что не замечая что тут кто-то находится
|-----------------------------------------------------------------------------|",biok_ymer#0,biok_ymer#0
"2026-07-22,14:08:10",ktoia,#0,"— Данте —

Данте смотрел на Джил, коя смеясь плюхнулась на траву. Поначалу он хотел огрызнуться, ибо ""ну кто так пугает людей?!"" но абсурдность ситуации постепенно начали сбивать его раздражение. Он шумно выдохнул, качая головой. Через пару секунд уголки его губ всё же дрогнули в усталой усмешке, а сам он пробормотал:

— Умеешь ты появляться.

Данте провёл ладонью по лицу в последний раз, окончательно прогоняя остатки испуга и напряжения. Он чуть наклонился вперёд, глядя на аллею, затем выпрямился и перевёл взгляд на Джил. Голос стал чутка серьезнее, ведь для него это была действительно важная тема.

— Беспокоит? Да всё, наверное. Бал... Скажем так: от того, как я там себя покажу, зависит будущее. А оно...

Усмехнулся, в усмешке не было веселья. 

— не слишком радужное, если вдуматься.

Данте сделал паузу, собираясь с мыслями.

— Проблема не в самом ""выступлении"" и вытекающих - это мелочь. Главная проблема придет после... сама...",samin__#0,samin__#0
"2026-07-22,17:45:10",biok_ymer,#0,"—Эдвард—
|-----------------------------------------------------------------------------|
Увидив не столь неприятную личность, парень решил пока помолчать, поправляя под собой ""платье"", дабы его не нашли, а после дождавшись закрытия двери, проговорил:
|-----------------------------------------------------------------------------|

—Ох Мари, ты как? Может нужна помощь?

|-----------------------------------------------------------------------------|",samin__#0,samin__#0
"2026-07-22,17:46:52",biok_ymer,#0,"—Альберт Дарси—
|-----------------------------------------------------------------------------|
Нежная радоваться или грустить от того что его приняли за проходягу, тот стал молча волочить того туда, куда вела женщина, предпочитая пока не отсвечивать.
|-----------------------------------------------------------------------------|",samin__#0,samin__#0
"2026-07-23,13:41:56",samin__,#0,"— Мари —

Не особо ожидая что в коморке кто-то будет, девочка дёрнулась, переворачивая большую часть кучи на парня, что притаился в её обители. Встав как вкопанная с остатками настированного белья в руках, девочка смотрела на человеческий силуэт, что был весь завален простынями, походя на призрака",biok_ymer#0,biok_ymer#0
"2026-07-23,13:49:25",biok_ymer,#0,"—Эдвард—
|-----------------------------------------------------------------------------|
Не двинувшись с места тот принял удар на себя, что позволило ему, а нихуя не позволило( https://discord.com/channels/1495473722679754914/1495473983636897803/1529802242075398185), ведь он был слишком медленным, чтобы спрятаться платье, льчегьу сред только принять удар лицом. Чуть освободя голову дабы видеть собеседника тот чуть ухмыльнулся, говоря:
|-----------------------------------------------------------------------------|

—Прости, напугал? Не хотел. Помощь нужна?

|-----------------------------------------------------------------------------|",samin__#0,samin__#0
"2026-07-23,13:57:51",samin__,#0,"— Мари —

Девочка не ожидая увидеть Эдварда, от чего чуть растерянно сказала:

— А... э... двар... ну да... можешь поднять то что сейчас на полу... да и... на тебе...

Видимо девочка всё ещё не особо пришла в себя, пытаясь осознать происходящее, ведь не каждый день такое головокружение со всякому приготовлениями, а тут её ещё и ВЫБИЛИ из колеи",biok_ymer#0,biok_ymer#0
"2026-07-25,03:45:28",biok_ymer,#0,"—Эдвард—
|-----------------------------------------------------------------------------|
С трудом двигаясь из-за веса на нём, тот чуть отряхнул его выбираясь, а после стал поднимать палатенца, попутно глядя по сторонам, думая куда бы закинуть остатки платья, однако заметив и рассеянный вид девушки, тот добавил:
|-----------------------------------------------------------------------------|

—А я смотрю тебе сейчас не просто. Ну это и понятно, с таким то волнением всего дома. Ты как, справляешься?

|-----------------------------------------------------------------------------|",samin__#0,samin__#0
"2026-07-26,10:17:03",samin__,#0,"— Маргарет и Айден —

Идя дальше, понемногу приближаясь к деревеньке, Альберт стал суидетелем поистине странного разговора:

[Айден] — Я вообще-то и сам могу идти...

[Маргарет] — Это пока, как ноги тебе переломаю у хате, так и не сможешь, так что привыкай ковылять

/Пытаясь оправдаться парень затянул/
[Айден] — Ну матушка Маргарет... я же...

/Услышав слова парня, в женщине проснулся режим ЯЖМАТЬ/
[Маргарет] — И не мамкай мне тут. Этож надо. Пол вечера я тебе подливала... и на кой? Чтоб расшибся в этом лесу проклятущем?

[Айден] — Да не так усë плохо, я вот и сплесать могу. На мнеж как на собаке всë заживает

[Маргарет] — Та вот почему как... ты и есть! Глянь на него. Заживает всë /Наступила тому на ногу, от чего Айден прищурился/ БОЛЬНО?!

/Парень пытаясь скрыть боль через зубы процедил/
[Айден] — Да что вы матушка Маргарет, вы же как пëрышко, я не почуствовал даже

[Маргарет] — Ах не почуствовал! Может мне всей охряпкой наволиться?

[Айден] — НЕНАДО!!!

[Маргарет] — Тотоже. Ладно, нравоучений тебе ещë травница вобъëт вместе с кропивой. Ты мне главное пообещай что больше носа твоего в нашем лесу не будет и я забуду про сегодняшний день

На это парень уже ничего не ответил, лишь уставившись себе под ноги, неспешно волоча ногами, на что женщина откровенно растроилась, недовольно охая и вздыхая. Наконец придя в себя, та обратилась к Альберту:

— Ну тыж ему хоть скажи, папаша недоделаный",biok_ymer#0,biok_ymer#0
"2026-07-26,15:23:06",samin__,#0,"— Мари —

Девочка всё ещё особо не понимала как на это всё реагировать, однако несознательно всё-же ответила:

— Я? Эм... да. Со всех сторон так и чувствуется напряжённость перед этой ночью. Понятное дело все на взводе, ещё и придётся как-то лавировать между высокопоставленными господами. Мх... хоть бы не казнили...

Немного придя в себя, та огляделась, обернулась на дверь, удостоверившись что зашла туда, а после непонимающе посмотрела на <@&1503426171604570333> , говоря тому:

— А ты... что тут делаешь?",biok_ymer#0,biok_ymer#0
"2026-07-26,22:18:31",biok_ymer,#0,"—Эдвард—
|-----------------------------------------------------------------------------|
Во время воспользовавшись замешательством девушки тот все же смог ловко выкинуть остатки платья за шкаф( https://discord.com/channels/1495473722679754914/1495473983636897803/1531017495098556487), после чего подняв все полотенца спросил:
|-----------------------------------------------------------------------------|

—И куда их?

/Услышав ответ тот их туда бы и положил, после чего услышав вопрос уже к себе ответил:/
-Убегаю от дел, здесь весьма тихо и никто не станет искать.

|-----------------------------------------------------------------------------|",samin__#0,samin__#0
"2026-07-26,22:21:43",biok_ymer,#0,"—Альберт Дарси—
|-----------------------------------------------------------------------------|
Глядя на распри тот лишь и смел что молча улыбаться смотря на такую картинку, однако услышав некий упрек в свою сторону прервал свое затишье:
|-----------------------------------------------------------------------------|

—Будто мы в силах остановить кровь молодых. Да и порицания только разжигают интерес у молодежи. А что за господин такой проскальзывал в вашем рассказе? Неужто лорд этих земель изменился?

/Решив прикинуться дурачком, тот решил больше узнать мнения народца о себе./

|-----------------------------------------------------------------------------|",samin__#0,samin__#0
"2026-07-27,11:34:04",samin__,#0,"— Джиллиана —

Девочка выслушала терзания брата, сразу понимая о чём он говорит. Наконец встав с травы, та недовольно посмотрела на того, говоря чуть серьёзнее надув щёки:

— Ну вот и зачем раскисать то сразу? У тебя был ГОД, чтобы придумать что с этим делать. /Прикрыла лицо рукой/ вот только не говори что ты стал думать об этом только сейчас

Выглянув одним глазом из-за пальцев, что прикрывали лицо, та стала ждать ответа",ktoia#0,ktoia#0
"2026-07-27,12:49:01",samin__,#0,"— Мари —

Указав на верхнюю полку шкафа, за который и было запихано злополучное платье, девочка так-же передала и те остатки, которые всё это время держала в руках. И вот спрашивается как она собиралась дотянуться до верхней полки? Наконец когда с делом было покончено, та выслушала его, отводя взгляд в сторону:

— Это правда... сюда редко заглядывают гости. Но... /вернула взгляд на Эдварда/ разве тебе не нужно готовиться? Как-же костюм? А запонки? А что с речью? А как-же экипаж? С ним что?

Похоже она разогналась",biok_ymer#0,biok_ymer#0
"2026-07-27,12:54:18",samin__,#0,"— Маргарет и Айден —

Маргарет всё так-же недовольно смотрела на Альберта, говоря тому:

— Ну уж будь добр, проследи пока тут остановились. Кровь свою отпускать - негоже. Етить вас...

Заметно погрустнев и напрягшись, та чуть ускорила шаг:

— Да вот какой-то приехал. Баров ещё ночью прибег и начал заливать какой странный аристократ сюда пожаловал. Вот и не пойми. То ли умом тронулся, то ли правда кому-то так не повезло, что сюда закинуло. Ну... не особо и важно. Поулыбаемся денёк другой ему, поживём по новым порядкам, а как уедет так и всё по старому будет. Ничего, проходили такое. Эти неженки рядом со скотом жить не будет, так что даю неделю что он от сюды свентит",biok_ymer#0,biok_ymer#0
"2026-07-27,20:45:59",ktoia,#0,"— Данте —

Данте услышал её слова и на мгновение в его глазах мелькнула тень раздражения, но не на неё, а скорее на самого себя. Он провёл рукой по волосам, отводя взгляд в сторону и выдохнул с лёгкой горечью.

— Я не такой идиот, Джил... Я думал. Уж признаюсь, много думал. Но ничего по настоящему адекватного, что не померкнет меня в глазах ""общества"", я так и не нашел. Все, что приходило в голову - либо слишком рискованно, либо слишком глупо, либо просто... м... не сработает.

Замолчав на пару мгновений, парень задумался, а потом с смешком добавил:

— Пару раз даже был готов смириться. Просто принять, что как ни крути, а все уже предопределено. Но потом... злость берет. Не хочу я смиряться.

Усмешка сползла.",samin__#0,samin__#0
"2026-07-27,21:47:42",biok_ymer,#0,"—Альберт Дарси—
|-----------------------------------------------------------------------------|
Услышав интересную ставку, парень стал более довольным, ведь она и не предполагала что этот аристократ прямо перед ней, так ещё и простой люд к тому же. Чуть подумав, тот также добавил:
|-----------------------------------------------------------------------------|

—А мне вот кажется что быть может странность этого аристократа и заставит его тут под задержаться? А вот будет ли он улучшать жизнь или нет, тут уже сказать наверняка не могу.

/Закончив тему тот бы выслушал ответ, пока продолжал осматривать деревеньку./

|-----------------------------------------------------------------------------|",samin__#0,samin__#0
"2026-07-27,21:50:26",biok_ymer,#0,"—Эдвард—
|-----------------------------------------------------------------------------|
Услышав несвойственное волнение за свою шкуру, тот ухмыляясь дополнил:
|-----------------------------------------------------------------------------|

—Костюм доделывается, в связи с правками Господина Данте, речь он также уже заучил и даже дополняет, Экипажем мне не дозволили заниматься, отчего могу сказать, что у меня как таковых дел и нет. А вот тебя сюда по тому, что я вижу уж сильно загрузили, вот и предлагаю руку помощи.

|-----------------------------------------------------------------------------|",samin__#0,samin__#0
"2026-08-03,13:41:35",samin__,#0,"— Маргарет —

Деревенька была весьма обычной, примерно как одна из многих, где останавливался сам Альберт на своëм пути вместе с войском, устраивая привал, однако всë было как-то более цивильно. Ухожено что ли? Похоже дальшее расположение от всех центров влияния и вправду хорошо сказалось на самобытность поселения

Женщина же услышав слова Альберта хмыкнула, недовольно говоря:

— Тепунь тебе на язык. С вами двумя баранами проблем не оберëшьси, а тут ещë Граф какой. Пусть съедет отсюды и бог с ним

На этих словах, троица дошла до убитой временем таверны, с довольно масивной дверью, что не стала помехой на пути МАРГАРЕТ. Пнув ту с ноги, та завалилась в нутрь, говоря Альберту:

— Так, ты пока мальчугана усади куда, а я за своей дурной...

Сказав это, гранд баба отпустила Айдена, а после сделав 2 шага вперëд заорала:

— СИЛЬВИЯ!!! СПУСКАЙСЯ!!! И ОТРАВУ СВОЮ ПРИХВОТИ!!!",biok_ymer#0,biok_ymer#0
"2026-08-03,13:42:18",samin__,#0,"— Джиллиана —

Поправив платьеце, девочка уставилась прямо в глаза дегенерата. Убрав свою привычную ухмылку, та приподняла глаза чуть выше макушки Данте, отвечая тому:

— Ну, тут только 2 варианта. Смириться или воспротивиться. А раз смиряться ты не хочешь...

/На лице девушки вновь появилась ухмылка, а глаза опустились на Данте/
— Значит с тобой ещë можно поработать. Как же я не могу помочь своему любимому братику~

Подмигнув, девушка расправила плечи, говоря уже более сухо:

— Так значит ты понимаешь что нужно сделать что-то, что не даст Павлову до тебя дотянуться. Это уже хорошо, однако ты думаешь слишком... поверхностно. Зачем дескридитировать себя в глазах светского общества, если можно просто опередить его заявление?

Улыбнувшись, но вот только в этот раз как-то по дьявольски, девочка спросила:

— Понимаешь к чему я клоню?",ktoia#0,ktoia#0
"2026-08-03,13:51:55",samin__,#0,"— Мари —

Естественно девочка не беспокоилась за Эдварда, а просто перечисляла что должна делать сама, однако если ему нравилось думать что о нëм беспокоятся, пусть так и будет

Услышав о ПОМОЩИ девочка резко закивала головой ответила:

— Да! Если можешь, то...

Тут она резко оборвалась, растерянно посмотрев по сторонам, а после выдохнув для успокоения прикрыла глаза. Спустя секунда, те открылись, однако взгляд был куда менее добрым и простодушным, а самк она начала говорить более яленораздельно:

— Благорврю за предложение. Если тебя не затруднит, я бы с радостью приняла предложенную помощь, ведь последнии дни даются мне с великим трудом, а обязанности ложатся на мои плечи одно за другим

Бедную девочку выдресировали... в словах были звуки, но вот душа покинула разговор:

— Если бы ты смог помочь мне с экипажами для молодых господ, я бы была признательна",biok_ymer#0,biok_ymer#0
"2026-08-03,16:45:27",biok_ymer,#0,"—Эдвард—
|-----------------------------------------------------------------------------|
Было удручающе слышать такой сухой и не скренрй разговор, однако обязательства слуг заставляют их пресмыкаться перед правилами аристократии, отчего он и сам был вынужден выражаться красивее, чем сам думает. Выслушав просьбу тот кивнул, направляясь к выходу и добовляя:
|-----------------------------------------------------------------------------|

—Нет проблем, я займусь этим, заодно проверю как там подготовка у экипажа Данте. Считай 2 дела в одном. А ты пожалуйста не перенапрегайся сильно, не хотелось бы видеть теьч на празднике измученнее твоего ""благородного"" господина. И да, в случае чего ты все ещё можешь мне доверить и не простое дело и простое откровение. Но думаю, это ты и так знаешь. Встретимся чуть позже.

/Договорив парень все же вышел из подсобного помещения, направляясь к переднему двору, где он предполагал и будет подготовка Корет. Ему было тошно от этого разговора, однако сейчас его мнение не имело веса, отчего ему пришлось заглушить жгучее чувство несправедливости и стерпеть. Собственно, как и всегда./

|-----------------------------------------------------------------------------|",samin__#0,samin__#0
"2026-08-03,16:52:08",biok_ymer,#0,"—Альберт Дарси—
|-----------------------------------------------------------------------------|
Мужчина убедившись, что местные вполне себе неплохо живут и ни в чем критично не нуждаются, довольно племя в дом, где уже аккурат усадил друга за ближайший стул. Слушая девушку, тот тихонько поинтересовался у Айдена:
|-----------------------------------------------------------------------------|

—Ты прости за подыгрывания, но думаю про инцидент внутри пока лучше молчать, пусть неведают, с чем мы там столкнулись.

|-----------------------------------------------------------------------------|",samin__#0,samin__#0
"2026-08-03,20:58:02",ktoia,#0,"— Данте —

Услышав очевидное, что Данте и сам знал, но не услышав никакой конкретной помощи, которую она якобы собиралась предоставить, парень нахмурил брови. Он на мгновение задержал взгляд на Джиллиане, затем медленно провел рукой по подбородку, думая:

— Опередить его заявление. То есть... ударить первым. Сделать что-то, что перевернет все с ног на голову, пока он ещё не успел ничего заявить. Это... это звучит безумно. Но в этом есть смысл.

Он откинулся на спинку скамьи, задумчиво глядя в небо, затем снова посмотрел на Джиллиану:

— Только вот что именно я должен сделать? Заявление Павлова будет официальным, серьезным, подкрепленным его влиянием. Если я просто выскочу с какой то громкой выходкой меня сочтут истериком. Нужно что то, что будет весомее его слов. Что-то, что нельзя будет замять.",samin__#0,samin__#0
"2026-08-04,13:26:31",samin__,#0,"— Мари —

Девочка только и успела кинуть в след:

— Спасибо конечно, но я должна быть сильнее, чтобы меня не сожрали на этом балу, так что не беспокойся, ты и так вызвался помочь, с остальным я справлюсь сама

Однако она даже не успела договорить, как парень выскочил из комнаты. Было грустно смотреть как высшее общество уже испортило обычную девочку, но таков был этот гнилой мир лжи и лицемерия

|-----------------------------------------------------------------------------|
Наконец выйдя на улицу, тот направился к лицевой части особняка, где и правда собирались 4 элитных экипажа, по одному на каждую знатную задницу, вместе с восемью извозчиками, что ходили туда-сюда, собираясь и что-то обсуждая. Рядом с ними крутился и Рон, что ходил и что-то записывал, общаясь с извозчиками. Заприметив Эдварда, тот нахмурился, заканчивая разговор, направляясь в его сторону. Достаточно сблизившись, тот шепнул:

— Что-то пошло не по плану? Чего вышел?
|-----------------------------------------------------------------------------|",biok_ymer#0,biok_ymer#0
"2026-08-04,13:34:31",samin__,#0,"— Джиллиана —

Девушка улыбнулась ещё шире, говоря куда более приторно и жутко:

— Кажется ты меня не понял. Нужно сделать так, чтобы он в принципе не успел ничего заявить. Скорее всего он планирует озвучить это после нашего представления, привлекая ещё не рассеянное внимание. Значит ты должен высказаться в своей речи

— Если ты пойдёшь впрямую конфрантацию, это повлияет на твою семью, да и противоречить Павлову, означает поставить крест на своём имени, однако если никто не узнает о его изначальных намерениях - это другое дело

— И вот мы подходим к моей задумке. Тебе нужно выступить в сторону одного из наследников, принимая его сторону. Если ты это сделаешь, то сразу заполучишь поддержку его соратников, а Павлов, что официально отказался поддерживать любую из сторон не сможет тебя завербовать, ведь это будет означать, что он склонился к какой-то стороне, понимаешь о чём я?

Закончив свой злодейский план, та поправила причёску, что уже по видимому была готова для бала, смотря на Данте с прищуром, ожидая его мыслей",ktoia#0,ktoia#0
"2026-08-04,13:53:08",samin__,#0,"— Айден и Маргарет и Сильвия —

Парень спокойно сел на стул, слушая мужика, однако услышав его слова чуть удивился, шепча тому в ответ:

— Ты меня вообще за дебила считаешь? Я и не собирался местным о той фиговине говорить. Меньше знают - лучше спят. Ты только помоги мне. Я и правда себя уже хорошо чувствую, отвадь их от меня, а я улезну. Будет не хорошо, если они увидят ушиб на груди, так что...

Но не успел договорить, как со второго этажа, по лестнице начала спускаться девушка с огромной сумкой, что крикнула в ответ Маргарет::

— Ну сколько можно повторять что это не отрава, а лекарства?

Глянув на Айдена, тот сел на стуле, запрокинув ногу на ногу, отклонившись на стуле, вообще не подавая вида что у него что-то болит. Спустившись, девушка покосилась на присутствующих, а после хмыкнув показала на Альберта, попутно смотря на Маргарет:

— Ма... мне конечно приятно что ты в меня веришь, но это я вылечить не в силах... /перевела взгляд на Альберта/ извините",biok_ymer#0,biok_ymer#0
"2026-08-04,16:15:10",ktoia,#0,"— Данте —

Когда она закончила, он провел рукой по лицу, издал короткий выдох, больше похожий на смешок и наконец заговорил:

— Это... это одновременно хорошо и плохо, Джил. Твоё предложение - ударить на опережение звучит отчасти отлично. Павлов действительно не сможет ничего сказать, если я уже столь рано выскажу склонность к одной из сторон наследников. В теории это звучит как идеальный план: он не сможет меня просто так забрать, не потеряв политическое лицо. Ловко-ловко... но...

Но Данте резко выдохнул, встряхнул головой сбрасывая оцепенение.

— Вот только... это тоже ставит палки. Если я выберу одного наследника сейчас, я практически полностью отрежу себе пути к другому в будущем, а это может обернуться бедой похлеще, чем Павлов. Все таки мы не знаем, кто в итоге возьмет корону рода. Павлов конечно не рассчитывает, что я выкину такое, но черт... каждый вариант паршивый. Две ямы, наполненные до верху и в любом случае в какую-то нужно прыгать.

Он замолчал, затем добавил тише, но все ещё твердо:

— Мне нужно подумать. Это хороший план. Действительно хороший.

Ещё недолго помолчав, парень поднял глаза на Джиллиану и добавил:

— Слушай... Наверное, мне нужен твой совет. Кто по твоему, тот на кого стоит делать ставку?

||Нужно будет прописывать много мыслей... Тут 3 развития событий!||",samin__#0,samin__#0
"2026-08-04,17:51:16",samin__,#0,"— Джиллиана —

|| Ты можешь эту идею нахуй послать и тогда у тебя я вижу 7 исходов 5 из которых реальные ||

Ожидая подобной реакции, девочка кивнула, отвечая:

— Моя семья прямо поддерживает третьего ребëнка нынешнего партиарха, Паула Баскервиля. Он дебютировал только год назад, однако уже обзавëлся всяческой подержкой

— Нам конечно запрещено говорить кто наши родственики, однако скажу что мой отец весьма важная персона во всëм переполохе. Хих... на дебюте всë изнаешь

— Так что... не могу рекомендовать тебе никого кроме него, однако добавлю что самым глупым вариантом будет принимать сторону Арии. Думаю не стоит объяснять что большая часть знатных домов уже зашли в ""грызню за трон"", от чего она станет мишенью #1

Договорив, девушка призадумалась, а после невзначай добавила:

— В общем то первая дочь Фрейя ещë неплоха, но я тебе этого не говорила. Из притендентов страшнее всего Чарльз, думаю ты наслышан о его методах и о том, что он пытался покончить со своей сестрой, от чего и растерял большую часть признания, однако всë ещë почему-то имеет огромное влияние. Не чисто это всë

Естественно не про какого Чарльза парень и де знал. Это точно общедоступная информация?",ktoia#0,ktoia#0
"2026-08-04,22:51:10",biok_ymer,#0,"—Эдвард—
|-----------------------------------------------------------------------------|
Парнишка думал уже уточнить детали о корете своей и Мари, однако увидив знакомое лицо направился в его сторону, после же ответил:
|-----------------------------------------------------------------------------|

—Дело сделано, нечего скрывать, если вещи нет. Я сюда пришел уточнить моменты с коретами для Джошио и Данте. Считай сейчас просто проверку провожу. Но не волнуйся, я постарался выполнить просьбу, отчего с ней проблем не будет.

|-----------------------------------------------------------------------------|",samin__#0,samin__#0
"2026-08-05,01:34:59",biok_ymer,#0,"—Альберт Дарси—
|-----------------------------------------------------------------------------|
Мужчина выслушав просьбу парня кивнул, а после заприметив ещё одну леди положил руку на грудь ладонью к телу, чуть поклонившись, говоря:
|-----------------------------------------------------------------------------|

—Прршу прощения за беспокойство. Но помощь нужна не мне, а этому парню. Он неудачно ударился ногой и нам нужно всеволишь осмотреть, в порядке ли она, ничего критичного мисс. Однако благодарю за беспокойство, но я чувствую себя в порядке.

|-----------------------------------------------------------------------------|",samin__#0,samin__#0
"2026-08-06,05:05:41",ktoia,#0,"— Данте —

Он несколько раз открывал рот, собираясь что то сказать, но в итоге просто провел рукой по волосам и наконец ответил:

— Пауль Баскервиль... Знаешь, звучит даже как хороший расклад. Если он уже успел собрать союзников, значит у него есть или харизма, или очень хорошие люди за спиной...

Данте выпрямился и задумчиво посмотрел в сторону аллеи, затем добавил:

— Ария - мишень, это понятно... Чарльз - опасен и если он уже пытался убить сестру, то у него вообще нет границ, при этом имеет тоже поддержку... Хорошо и плохо... Фрейя... Наслышан о ней мало... ||Я НИЧЕГО НЕ ЗНАЮ, НО ГОВОРЮ КАК УМНЫЙ|| по этому для меня темная лошадка. А на удачу тут идти нельзя.

Снова вернул взгляд на Джил, попутно этому потер затылок:

— Правда ради... Я ещё не решил. Но теперь у меня есть, о чём думать. Спасибо, Джил. Правда.

Он замолчал, затем встав со скамьи добавил:

— Вечер сногшибательный... Ладно, все обо мне да обо мне.... Ты кстати как, уже подготовилась? /глянул на прическу/ Хотя уже вижу ответ.",samin__#0,samin__#0
"2026-08-06,20:58:22",samin__,#0,"— Рон —

Паренёк был на нервах, ведь любая ошибка может и не стояла головы, но определённо положения и статуса, однако услышав ответ, тот обомлел от слов друга:

— В смысле ""вещи нет""?!

Поняв что повысил голос, тот огляделся, продолжая гораздо тише:

— Ты что с ним сделал вообще? Я думал ты просто спрячешь его куда-то, а ты... что?

Кучеры в этот момент как-то подозрительно посмотрели на двоицу, от чего Рон махнул тому, идя в экипажам, делая вид что, что-то там рассказывает о экипажах",biok_ymer#0,biok_ymer#0
"2026-08-06,21:06:22",samin__,#0,"— Айден и Маргарет и Сильвия —

Увидев странные манеры, девушка поклонилась в ответ, отвечая:

— Да ничего, если это просто ушиб, то я не многое сделаю, но болеть будет меньше, а...

Подняв взгляд на ""больного"" та застыла в изумлении, ведь тот уже вылазил из окна, в попытке сбежать. Маргарет на такую наглость ринулась за ним, попутно крича:

— КУДА СОБРАЛСЯ?! ТЫЖ НА НОГАХ ЕЛЕ СТОЯЛ!

Айден же не обращая внимания перекинул вторую ногу через не самое большое окно, отвечая:

— Запомните этот день, как день когда вы почти поймали великого авантюриста! Ай...

Возможно он хотел произнести своё имя, однако вывалившись из окна, тот упал, испортив момент, а после быстро поднялся и начал уходить по дворам

Девушка смотря на это всё не скрывала замешательства, метаясь взглядом наконец остановившись с немым вопросом на Альфреде",biok_ymer#0,biok_ymer#0
"2026-08-06,21:12:37",samin__,#0,"— Джиллиана —

Услышав ответ, девочка ухмыльнулась, подмигнув и щёлкнув пальцами:

— Главное не забывай что я тебе помогла. Когда будем заниматься своими владениями надеюсь на ответную услугу

Показав язык, та кивнула, а после налепила более нормальное выражение лица:

— Я? В целом готова. Платье уже готово, причёска как видишь тоже, бижутерия выбрана, платок готов а маникюр будут наносить перед выездом, чтобы выглядел свежим. Хух... как просто вам с Джошуа. Костюм, да подвеска и готовы. Да уж... в светских кругах к дамам слишком много требований, честно слово...

Договорив девушка закатила глаза. В целом по перечислению было понятно что ей тоже есть о чём думать",ktoia#0,ktoia#0
"2026-08-06,22:20:18",biok_ymer,#0,"—Эдвард—
|-----------------------------------------------------------------------------|
Совершенно не смущаясь такой реакции, тот ответил:
|-----------------------------------------------------------------------------|

—Нет значит нет, я её уничтожил. Не зачем думать о содеянном, да и улики я уже убрал.

|-----------------------------------------------------------------------------|",samin__#0,samin__#0
"2026-08-06,22:30:39",biok_ymer,#0,"—Альберт Дарси—
|-----------------------------------------------------------------------------|
Мужчина конечно хотел помочь парню сказавшись на целую ногу, а не его травму на корпусе, однако действия парня заставила и того смутиться, отчего тот проводив взглядом парня на минутку замолка, а после устало наклонил голову вниз, говоря:
|-----------------------------------------------------------------------------|

—Прощу прощения, но похоже пациент решил уйти от оказания помощи... Кхм, тогда я буду вашим клиентом.

/После мужчина поднял голову, интересуясь:/
-Какие у вас имеются лекарства? Имеется ли лечебные травы, а лицензия? Быть может у вас есть с чем-то недостаток или проблема?

/Похоже дед решил докупать бедолагу.../

|-----------------------------------------------------------------------------|",samin__#0,samin__#0
"2026-08-07,01:32:42",ktoia,#0,"— Данте —

Скрестив руки перед собой, парнишка кивнул, когда девочка упомянула об ""услуге за услугу"". Дела будущих дней... но до будущего ещё дожить нужно. А вот когда та показала язычок, Данте кротко приподнял уголки губ и отвел взгляд от неё. Дослушав, он ответил:

— Дама при параде. Видно-видно. Соглашусь, я этого никогда полностью не пойму и... славно. /вернул взгляд на Джил/ Хотя, признаться, эти ""требования"" действительно делают вас на каждом мероприятии неповторимыми и привлекательными.

Закончив нотку мимолетной лести, парень вернул обычное лицо и добавил:

— Хм... Вроде как мой костюм с минуты на минуту должны доставить. Надеюсь, все наконец сделали как надо. М...",samin__#0,samin__#0
"2026-08-09,23:44:56",samin__,#0,"— Джиллиана —

Услышав откровенную лесть, девушка ухмыльнулась, говоря крайне напыщенно и по официальному:

— Хо-хо. Недурно-недурно. Готова поспорить ты говоришь так всем девушкам~

Проронив пару смешков, девушка успокоилась, а после повернув голову в сторону поместья, сказала:

— Такое себе местечко, но я буду по нему скучать. Тут было всё как-то... просто? Больше такого не будет. Хах... чувствую что становлюсь взрослой, когда так говорю

Кивнув сама себе, девушка повернулась в сторону поместья всем телом, а после сказала:

— Ладно, нужно проверить как там моя милая Анечка~. Увидимся, братец~

Договорив, та направилась в поместье",ktoia#0,ktoia#0
"2026-08-09,23:50:12",samin__,#0,"— Рон —

Удивившись решительности парня, Рон подумал про себя:

> Всегда он был на столько отчаянным?

Однако прикинув варианты тот довольно ухмыльнулся, похлопав того по плечу, отвечая:

— Хорошая работа. Чтож, ты пришёл за каретами господина Данте и господина Джошуа? Они как раз последняя и пред последняя. Вообще я думаю что кареты выставленны в порядке значимости дома, ведь моя первая. Мэх... страшно подумать что за семейка у той стервы

Представив личико Джиллианы, парня слегка передёрнуло, а после тот продолжил:

— Ну ладно, это я уже о своём. Помощь с чем-то нужна?",biok_ymer#0,biok_ymer#0
"2026-08-10,00:14:58",samin__,#0,"— Сильвия —

Девушка смотрела на эту картину с явным шоком, однако когда к той обратились, она перевела ошарашенный взгляд на мужчину, что завалил её вопросами. Не успев отойти от первого потрясения, вот и второе. Непонимающе покосившись на того, постепенно отвечая на град вопросов:

— Лекарственные травы и настойки, что делала сама. И... яд пчёл, немного

— Л-лицензия? Не-е-ет... откуда? Да и зачем?

— Недостатки? Ну... многих трав из книги тут не водится, так что недостаёт почти что всего? А проблема? Ну... второй год уже скатина хворает, а... вы не про это?

Похоже она вообще растерялась...",biok_ymer#0,biok_ymer#0
"2026-08-10,00:16:27",biok_ymer,#0,"—Эдвард—
|-----------------------------------------------------------------------------|
Услышав вполне очевидное, тот посмотрел мельком на кореты, а после стал отвечать:
|-----------------------------------------------------------------------------|

—Я хотел убедиться что экипажи в порядке, однако раз ты тут, об этом не стоит беспокоиться. Скорее уж я спрошу, не нужна ли помощь? Ведь я по сути без дела тут шастаю.

|-----------------------------------------------------------------------------|",samin__#0,samin__#0
"2026-08-10,00:19:54",biok_ymer,#0,"—Альберт Дарси—
|-----------------------------------------------------------------------------|
Слушая ответы, парень убедился что парнишка все же свалил за это время и уже сбавив обороты сказал:
|-----------------------------------------------------------------------------|

—Хорошо, простите за стол сильный интерес, просто не так часто вижу лекарей самоучек. Лично меня интересует только обезболивающее, однако не думаю, что у вас оно есть, отчего и уточняю есть ли недостаток. Было ожидаемо услышать, что проблемы есть во всём... Хм, тогда быть может вы скажите какие травы тут растут и я быть может помогу из собрать? Все равно такому старику и делать то тут нечего.

|-----------------------------------------------------------------------------|",samin__#0,samin__#0
"2026-08-11,15:12:45",ktoia,#0,"— Данте —

Данте проводил Джиллиану взглядом, слегка усмехнувшись её уходу. Скрестив руки на груди, он пробормотал:

— Говорю всем девушкам? Может и так...

Он постоял ещё пару мгновений, глядя в сторону поместья, не совсем соглашаясь с её словами, затем развернулся и сделал несколько шагов в сторону сада, но остановился, нахмурившись.

> Пауль, Ария, Чарльз, Фрейя... Чёрт я знаю о них только то, что сказала Джил. А она явно не всё рассказала, иначе зачем бы упоминала Фрейю как ""не говорила""? Ошибиться нельзя... Пф... А если Павлов - не так уж и плох? Влияние точно получу как ""приемник того самого""! **Ай, о чём думаю вообще**, ""армия"" и подобие... ме... не для меня, нет-нет! Конечно я силен! Хитер и... эм... да. Но класть на это жизнь - так себе. Может, травму какую сразу получить и ""увы и ах... Извините, мистер Павлов! С таким я не могу махать мечом на должном уровне""... Бредятина и сам понимаю, но тут только это и вижу. И все же... Тут только пять вариантов, и пока что все ещё ни одного ""безопасного"". Речь подготовить не так сложно - на ходу можно выдумать. Однако кого в неё вставлять, а кого не вставлять?! Без железных аргументов жить так себе...

Он провёл рукой по лицу, затем медленно развернулся и направился в сторону поместья, погруженный в раздумья.

||Если никаких встреч не будет, то я иду опять к себе.||",samin__#0,samin__#0
"2026-08-13,19:08:07",samin__,#0,"— Сильвия —

Слушая мужчину, лекарь несознательно перевела взгляд на его железную руку, прикидывая что именно там может болеть. Слушая его слова, та покивала, не отводя взгляда и сказала:

— Ну... я бы не сказала что что-то может потребоваться в ближайшее время из того что я не могла бы найти сама, а вы торговец? Полагаю приехали вместе с Айденом?

К этому моменту Маргерет наконец очухалась от странностей, что произошли, выглянула в окно в которое вывалился Айден, стукнув по дереве кулаком, говоря себе под нос:

— Тс... смылся зараза. Чтож ты с ними будешь делать",biok_ymer#0,biok_ymer#0
"2026-08-18,23:32:30",samin__,#0,"|---------------------------------------------------------------------------|
Для <@&1503426171604570333> 

Помощи Рону не потребовалось, от чего парень принялся осматривать повозки. Не удивительно что всё было на высшем уровне. Деталей к которым можно было докопаться было и так не столь много, хотя и те были выполнены на высшем уровне. Сразу видно, высшая аристократия!

Ничего интересного более не произошло за весь остаток дня. Разве что сложно было скрыть смех, когда служанки начали бегать по всему дому от крика Джиллианы, что не могла найти своё платье. Хотя больше на счёт этого беспокоилась её служанка, было видно что сучка явно была на иголках
|---------------------------------------------------------------------------|
Для <@&1503425792791547984> 

Остаток дня тот провёл в своих покоях, в раздумьях как бы выйти из этой ситуации. Каждый вариант был хуже другого, а выхода без каких либо минусов как будто и вовсе не было. Всё усугубляло то, что он вообще не знал куда податься, ведь никогда и не интересовался грызнёй за трон, что устраивают прямые наследники. Знал лишь то, что в этом поколении уж больно мало претендентов. Сейчас будет четвёртая претендентка, а что будет на следующие года... никто не знает, ведь до самого представления в высшем обществе никто не может знать у кого сколько детей. Забавно, наследники домов появляются из неоткуда, готовые брать бразды правления в свои руки считай с пелёнок

Разве что он что-то слышал о старшей Фрее, портреты которой давно висели в его прошлом особняке. На удивление в ""чёрной розе"" их не было, но вроде как ему что-то о ней рассказывали. Вроде как её прозвали ""Благая Фрея"" ||Читать в анкетке персонажа||
|---------------------------------------------------------------------------|
## **Для обоих**

Так и прошёл остаток дня, перед долгой ночью. Ближе к выезду, <@&1503426171604570333> помог <@&1503425792791547984> втиснуться в его парадный костюм, который перешивали дюжину раз, ведь ублюдку всегда всё не нравилось. То рукав велик, то деталей мало, то золота не достаёт, то вообще выглядит вычурно как у торговца какого. Так он и вносил правки, пока финальный результат не стал выглядеть как **первый вариант, который ему принесли**. От такого поворота, портной слёг с болезнью, однако работу завершил

Кое-как завалив свой знатный зад в знатную одёжку, парочка уже хотела было покинуть дом, однако тех добровольно принудительно выставили перед особняком и Симон завёл шарманку об этом годе:

— Этот год дался мне... /посмотрел на Данте с Джиллианой/ нелегко. За вот уже шестилетнюю практику это был самый сложный год, который надеюсь таковым и останется. Надеюсь мои глаза более не увидят столь знатных особ как вы, ведь каждый из вас был тем ещё испытанием, которое благо подалось этому дому

— С гордостью готов сказать что из драгоценных камней, которые мне вручили 11 месяцев назад сейчас предо мной 8 зеркальных шаров, огранкой которых займётся уже ваше будущее окружение. Раз вы благополучно выдержали этот год, сегодняшний вечер будет для вас не более чем небольшой вызов, с которым я желаю вам справиться, как полагается

— Господа и госпожи, будьте достойными своих статусов и живите согласно своему положению, положив жизнь на благо своих владений и не забывая время что провели вместе в этих стенах. У вас есть всё чтобы выполнить свой долг, помните это когда столкнётесь с трудностями

— Слуги и служанки. Вы - опора своих господ, что должны поддерживать их, как помогали им весь этот год. Отныне работы станет куда больше, а ответственность будет давить как никогда, а сегодняшний день - выпускной экзамен. Если уж вы его выдержите - считайте что можете называться главной опорой своих господ

Кивнув каждому их 8 человек, мужчина снял монокль и довольно проговорил:

— Хорошего пути!

Как же он был доволен что наконец отвязался от мелких и может отдохнуть. Дослушав же всё сказанное, все сели по каретам и отправились в путь.
|---------------------------------------------------------------------------|",,
"2026-08-19,04:52:33",biok_ymer,#0,"—Альберт Дарси—
|-----------------------------------------------------------------------------|
Мужчина услышав только что придуманную легенду от девушки кивнул, элегенатно положив руку на грудь и кланяясь, говоря:
|-----------------------------------------------------------------------------|

—Вы верно все поняли мисс, позвольте представиться. Я Альберт Дарси, бродящий торговец. Прибыл с тем извозчиком, что и пострадал пока вёл меня в деревню, однако не думал, что он так быстро убежит от помощи.

/Вставая ровно, тот глянув на девушку заметил её взгляд на руку, показывая ту детальнее и говоря:/
-Интересуетесь протезами? Этот новый, сделан в столице. Однако соединение хромает, вот и нужно обезболивающее.

|-----------------------------------------------------------------------------|",samin__#0,samin__#0
"2026-08-19,07:31:35",biok_ymer,#0,"—Эдвард—
|-----------------------------------------------------------------------------|
Радостный свой выходкой с платьем парень почти не прирепался к своему господину, не жалуясь и не думая о гадастях в его сторону, хоть он хотел получить ножом в ребро своим поведением! В свободное время он также помогал то Рону, то Мари, а на остаток дня помог и Данте, за что под конец немного уморился, однако долгий разговор наставника и поездка в корете дала тому возможность выдохнув, расслабляясь на какой-то момент. Единственное что его беспокоила это предстоящий вечер, однако вздутые вены Джиллианы и недовольный вид её Чихуахуа радовал её даже в столь непростое время. Однако сев в корету тот заметив обеспокоен вид Данте, все же решил завязать с ним разговор:
<@&1503425792791547984> 
|-----------------------------------------------------------------------------|

—Господин Данте, разве вы не рады, покинуть столь ненавистное для вас место, так к чему волнения столь ""неприклонного"" аристократа как вы?

|-----------------------------------------------------------------------------|",samin__#0,samin__#0