Date,Username,User tag,Content,Mentions,Reply to
"01.07.2026 01:49:37","biok_ymer","#9440","Так как мне впадлу ввести ещё одну ветку, ад на <@815329322881646622> .
Первый зашёл Джон, потом Айрис, потом Виктор(такая пока очередь, после поста ктоя).","ktoia",""
"01.07.2026 03:57:31","ktoia","#6622","|-----------------------------------------------------------------------------|

И вот люди, у каждого из которых было своё представление об Аде, шагнули в портал. Кто-то воображал его бескрайними серными реками и нескончаемыми криками, кто-то ледяной пустотой, где даже отчаяние замерзает. Почти каждый человек при жизни ожидал увидеть место страданий, где души грешников обречены на вечные муки. Сера, огонь, черви, которые никогда не умирают, запах разложения, пропитавший воздух. Так говорили в книгах. Так учили в церквях. Ад - это место, где нет надежды.  

|-----------------------------------------------------------------------------|

Стоило сделать лишь один шаг за пределы портала, как перед глазами раскрылись серые стены. Огромный зал уходил ввысь на несколько этажей, теряясь среди массивных металлических балок, мостиков и технических конструкций. Бегло окинув взглядом окрестности, можно было заметить множество коридоров, уходящих вперёд и скрывающихся за поворотами. Ни одного живого существа не было видно... А в воздухе витал обычный стерильный запах.  

Это и есть Ад?

|-----------------------------------------------------------------------------|

||<@&1496354329676742667> <@&1496354710934917322> <@&1496354420114456710>||","",""
"01.07.2026 11:39:51","samin__","#2997","— Джон —

Парень не ожидал увидеть многого от этого мира, однако то что предстало перед ним заставило его испытать некое удивление. В целом это было ожидаемо, у такого ангела не может не быть странного мира, но... а где это он вообще? Сделав пару шажков в сторону, тот подошёл к стене стуча по той пальцем. Металлический звук не заставил себя долго ждать, от чего парень кивнул сам себе, наблюдая как остальные выходят через портал","ktoia","1521681122545631383"
"01.07.2026 21:13:21","biok_ymer","#9440","—Айрис Янг—
|-----------------------------------------------------------------------------|
Зайдя внутрь девушка была приятно удивлена увидив не маленькую лабораторию посредине адского камня, а большую и просторную исследовательскую, отчего её вновь любопытный взгляд загорелся и та с любопытством стала ходить по комнате осматривая различные изобретения, явно больше интересуясь ими, чем тому, что она попала в ад...
|-----------------------------------------------------------------------------|","samin__","1521797475453767770"
"01.07.2026 21:15:46","biok_ymer","#9440","—Виктор Кольд—
|-----------------------------------------------------------------------------|
Мужик влетев с ноги в портал упал на металлический пол. Отчего пару секунд корчась от боли тот встал и с непониманием оглядываясь проговорил:
|-----------------------------------------------------------------------------|

—Это чё и есть ад? А где пекло? А где демоны? Где сука страдания?

/Парень недовольно забурчел, а после поправив противогаз достал из сумки некий непонятный прибор, включив который стал осматриваться словно попал в аномальную зону из сталкера, то и время останавливаясь и сверяя данные./

|-----------------------------------------------------------------------------|","","1521941800472809482"
"02.07.2026 06:44:13","pizza9832","#9089","__""Кертис""__

*Как только женщина вышла по ту сторону та врезалась в спину <@&1496354420114456710> из-за чего слегка отшатнулась назад, но потом вернула равновесие та заметив чуть впереди <@&1496354710934917322> и <@&1496354329676742667> помахала им рукой с лёгкой улыбкой*

-Прошу прощения здоровяк... а вам привет ребят!

*Затем радость на лице Кертис исчезло, когда та начала осматривать высокотехнологичную местность вокруг себя. Не потому что это бы разочаровывающе, а потому что возвращало ментальное женщину в самых худший момент её жизни... крики...кровь...горы трупов...ржавая планета*

-Ай от этого места у меня слегка что-то не хорошо....нужно отделаться от этих странных ассоциаций из прошлого....аж голова заболела и это не от давления.","",""
"03.07.2026 04:13:47","ktoia","#6622","— Азазель —

Ангел решила не тянуть. Ей, конечно, было бы приятно и весело пококетничать с любимицей Люци после столь долгой разлуки, но всё это можно делать и между делом! Поэтому, после того как <@&1496354817927286844> зашла в портал, Азазель взглянула на Люци, широко улыбнулась, подмигнула и хихикнув, шагнула внутрь...

|-----------------------------------------------------------------------------|

Как только девушка оказалась на той стороне, она глубоко вздохнула, понимая что ""дома"" и спустившись по ступенькам от портала, оглядела всех присутствующих. Итак... Айрис понятно - она сразу принялась осматривать приборы, кои предназначенные именно для этого портала. Все таки эта часть лаборатории была создана для изучения иных миров. <@&1496354710934917322>... Хах... Задумался, пф.. Его взгляд был не таким, как раньше. Отчего? Ангелу было непонятно, обиделся что-ли? На что? <@&1496354420114456710>... что у него в руках? Да и он явно недовольный - это ему лаборатория не понравилась? Ме.. Негодяй, это лучшее, что у неё есть! Кхм, конечно, на втором месте, ведь на первом - Люци. И Кертис.. Её лицо было таким себе, хмм.... О чём-то думает. Ну и пускай!

Закончив осматривать прибывших в Ад, ангел вышла чуть вперед и развернувшись к команде, достаточно громко, чтобы все слышали, начала говорить:

— Итак, вот мы и в **Аду**. Думаю, в первую очередь следует предупредить /она взглянула на <@&1496354420114456710>/ что никаких ""непонятностей"", излучения и прочего, что могло бы вам навредить, в простых коридорах нет. Всё это, если и есть, достаточно хорошо защищено, так что не нужно беспокоиться о своей безопасности~

Снова перевела взгляд на каждого из группы:

— Я вам не запрещаю брать то, что найдёте, если это будет для вас полезно и необходимо. Но... имейте совесть и **ничего не ломайте**, иначе буду бить по ручкам~. Все же это может быть опасно и для вас! Если будут вопросы - подходите с радостью отвечу~.

Решив, что ""команду"" пока можно отпустить в свободное плавание, ангелок скрестила руки за спиной и направилась к той, кто ей сейчас был нужен - к <@&1496354329676742667>.

||<@&1496354817927286844> <@&1496354420114456710> <@&1496354710934917322> - сейчас можете делать абсолютно что хотите. Исследовать лабу, смотреть приборы, искать что-то и т.д. Ответку вам оформлю. Если хотите можете ходить как по одному, так и группками дабы всякое обсуждать.||","",""
"03.07.2026 06:04:26","biok_ymer","#9440","—Люцифер—
|-----------------------------------------------------------------------------|
Дьяволица не долго думая и сама зашла следом за ангелом, предпочитая не вмешиваться в речь и молча смотреть за этим со стороны. Как только она это сделала, та гляну на людей в комнате остановила недовольный взгляд на Викторе, после чего стала следовать за Азазель, что похоже сейчас интересовалось ребенком? И что интересного в коротышке в оборванном платье?
|-----------------------------------------------------------------------------|","ktoia","1522409993196929024"
"03.07.2026 18:38:21","ktoia","#6622","— Азазель —

Азазель подошла к Айрис, остановилась рядом, чуть склонив голову набок и с лёгкой улыбкой наблюдала за её действиями несколько секунд, прежде чем заговорить с мягкой иронией:

— Ну что, чувствуешь себя как дома?","biok_ymer","1522437839688699964"
"04.07.2026 16:16:29","biok_ymer","#9440","—Виктор Кольд—
|-----------------------------------------------------------------------------|
Мужик не особо верил какому-то там демону, что тут безопасно, однако убедившись в этом своим устройством, тот убрал его обратно в сумку, а после услышав о ""свободе"", тот не долго думая направился вглубь, Ищя что-то опасное. Девушка изьяснидось что ТУТ нет, в значит где-то все же опасно.
|-----------------------------------------------------------------------------|","ktoia","1522409993196929024"
"04.07.2026 16:22:01","biok_ymer","#9440","—Айрис Янг—
|-----------------------------------------------------------------------------|
С интересом разглядывая различные приборы, та в итоге остановилась на самой портальной рамке, осматривая со стороны и что-то подмечая для себя, а после почувствовав что рядом с ней кто-то есть перевела взгляд на <@&1496356448169361539> , подошедшую вместе с Люцифер. А после и вопрос, на который ответила:
|-----------------------------------------------------------------------------|

—А МММ, технологии немного отличаются, как минимум вектор развития у вас 21 века, однако из-за смеси с волшебством, коим я была обделена тут многое выглядит непонятно и интересно. Та же рамка портала по формуле я вроде понимаю её принцип, ведь это базовая расщепления квантов, однако на деле тут замешено дополнительные задачи и действия, кои я пока не могу прочитать. И как давно у вас появились портальные технология?

|-----------------------------------------------------------------------------|","ktoia","1522409993196929024"
"04.07.2026 17:33:50","pizza9832","#9089","__""Кертис""__

*Женщина лишь ходила и рассматривала всо оборудывание вокруг, а перед ее глазами мелькали подобные помещения, но ржавые, безжизненные уже как много лет. Затем подойдя к столу  Кертис рефлекторно стерла со стола остатки пыли, будто ржавчину с старых столов*

-Боюсь это место вызывает у меня лишь уныние. Видимо прошлое и правду нельзя отпустить.

*Затем Кертис подошла к какой-то гигантской колбе в которой что-то было и лишь слегка постучала по нему, чтобы услышать холодный звук стука стекла*

-Видимо это просто моя паранойя.... ха-ха верно, верно.","",""
"06.07.2026 03:22:26","ktoia","#6622","|-----------------------------------------------------------------------------|

Лаборатория встретила Кертис холодным, стерильным светом, лившимся с потолка. Здесь были только гладкие металлические поверхности, стекло и тишина, которая казалась почти осязаемой. Ряды стеллажей с инструментами, экранами, провода, аккуратно уложенные в каналы вдоль стен. Всё выглядело так, будто это место, где работает множество людей, но никого не было.

Она подошла к гигантской колбе. Стекло было безупречно прозрачным, но внутри, в густой, почти черной жиже угадывался силуэт чего-то. То ли шар, то ли овал, который медленно ""плавился"", а затем снова собирался в единую форму. Когда Кертис постучала по стеклу, эта штука резко собралась и жидкость заходила волнами, ударившись о стенку в сторону Кертис.

Кажется, что-то разбудили....

|-----------------------------------------------------------------------------|","pizza9832","1522973721667829870"
"06.07.2026 14:53:12","ktoia","#6622","— Азазель —

— Хмм... Наверное, так и есть! 21 век в мире людей. Так что да, мои технологии скорее очень и очень похожи по строению и схожести с ними. Я к сожалению, никогда не попадала в мир, который перешагнул порог 21 века, поэтому мне был так интересен наш мёртвый друг Адам. /Нахмурилась, задумавшись/ Только сейчас приняла во внимание, насколько у него знакомое имя. Кхм. Ну, не важно. Технологии, которые опередили 21 век, очень интересны... как и сами миры.

Она перевела взгляд на портальную рамку, чуть прищурившись, а после улыбнувшись продолжила:

— Что до портала... он появился не так давно. Хм-м.... пару лет? Или чуть больше. Впрочем, не так важно. За это время я, к своему сожалению, посетила не так много миров. Всё-таки нагрузки на систему и затраты ресурсов колоссальные - даже для меня. Поэтому приходилось полностью и всецело обшаривать каждый мир, в который я попадала.

— В целом, это было неплохо, но, к сожалению, те мирки были... м-м... интересными, но не сильно. Как хорошо, что произошёл этот феномен с мироустройством~. Сейчас блуждать намного легче.","biok_ymer","1522955648676139039"
"06.07.2026 14:54:11","ktoia","#6622","|-----------------------------------------------------------------------------|

Виктор двинулся вглубь лаборатории, оставляя за спиной голоса остальных. Коридор, в который он свернул, был длинным и прямым, с гладкими металлическими стенами. Свет лился из панелей в потолке. Пол был покрыт матовым покрытием, которое гасило шаги, создавая ощущение, что ты идёшь по беззвучно.

Он прошёл мимо нескольких дверей - все они были герметичными, с сенсорными панелями рядом. Возле них висели ""таблицы"" с непонятными символами и цифрами, которые не походили ни на один известный ему язык. И вот... Продолжая блуждать и блуждать Виктор наткнулся на.... Тупик... Ну как тупик! Это была дверь с сенсорным экраном сбоку. 

Что будет делать Виктор? Его остановит эта дверь?

|-----------------------------------------------------------------------------|","biok_ymer","1522954254262730788"
"06.07.2026 14:56:13","samin__","#2997","— Джон —

Наблюдая за всем происходящим, на парня напали лишь скука. Да... определённо это ад. Зевнув, не прикрывая рот рукой, тот осмотрел чем занимаются остальные. Заприметив странное поведение <@&1496354817927286844> , тот наклонил голову на бок, смотря за её действиями и словами. Поняв что та явно что-то вспомнила, парень хмыкнул направляясь к ней, думая про себя:

> Ну вот и почему тут все психи и один психованный, блестящий и неповторимый психолог?

Подойдя к той, парень отвёл ногу в сторону, сгибая вторую в колене, а одну из рук занося за спину, обращаясь к <@&1496354817927286844> :

— Не соблаговолите прогуляться по аду, в компании прекрасного... меня~?

> Метод 1: отвлечение

||<@815329322881646622> ||","ktoia",""
"06.07.2026 19:39:44","biok_ymer","#9440","—Виктор Кольд—
|-----------------------------------------------------------------------------|
Мужик не долго думая подойдя к двери попытался открыть, но не найдя ручки, стал бить по той ногой, в попытках её выбить.
|-----------------------------------------------------------------------------|","ktoia","1523658320546889861"
"06.07.2026 20:50:40","pizza9832","#9089","__""Кертис""__

*Женщина сразу же развернулась с Джону чувствуя как тот подошёл и задал свой вопрос на ее лице снова вернулась улыбка. Смотря на его язвительный характер своего собеседника*

-Для ада тут больно все стерильно. Как будто на космический корабль снова вернулась, что заметил как я снова начала уходить в себя маленький хитрец? А ты же не знаешь. Космический корабль это как морской парусник, только плывущий не по морю, а по звёздам по безграничному космосу, находясь в полной невесомости.

*Погладив рукой капсулу Кертис подошла ближе к Джону разминая свои руки*

-Если ваше благородство так желает, я пойду с вами по сие чертогам неописуемого зла! Достаточно драматично получилось, м?","samin__","1523658830226129017"
"07.07.2026 07:27:26","biok_ymer","#9440","—Айрис Янг—
|-----------------------------------------------------------------------------|
С задумчивым видом слушая ангела та кивала на её речь, говоря:
|-----------------------------------------------------------------------------|

—Значит из минуса в плюс... Ну я тоже рада что меня переместили с казни сюда, дали так сказать второй шанс.

/Переведя взгляд на ангела и демона, та в итоге ухмыльнулась, говоря:/
-Адам - первый созданный человек по библиским историям, неужто была знакома? Хех, хотя не думаю что это был схож с вашим.

/Услышав знакомое имя Люцифер чуть приподняла бровь, однако не встречая в беседу решила проигнорировать данный факт. После Айрис уже более спокойно спросила:/
-Что до дела, какая наша следующая цель. Не думаю что прийдя сюда ты решила расслабиться и остепениться. 

|-----------------------------------------------------------------------------|","ktoia","1523658070960504914"
"07.07.2026 17:50:16","ktoia","#6622","|-----------------------------------------------------------------------------|

Дверь глухо отозвалась на удар - металл даже не дрогнул. Нога естественно отозвалась куда более выразительно, понятное дело больно было настолько, насколько сильно он бил. А на что он надеялся?

Дверь 1 - Виктор 0.

|-----------------------------------------------------------------------------|","biok_ymer","1523730179615359026"
"07.07.2026 18:36:39","biok_ymer","#9440","—Виктор Кольд—
|-----------------------------------------------------------------------------|
Недовольно прыгая на одной ноге и смотря на дверь, тот встал на ноги и показав на глаза, а после на дверь словно бросая вызов он достал из рюкзака динамит, что тут же прикрепив к двери поджог и отбежав стал смотреть за тем как дверь выдержит бум
|-----------------------------------------------------------------------------|","ktoia","1524065017803046942"
"07.07.2026 20:36:53","ktoia","#6622","|-----------------------------------------------------------------------------|

Взрыв грохнул, окутав коридор облаком дыма и пыли. Металлический гул прокатился по стенам, на мгновение заглушив все остальные звуки. Виктор, стоя на безопасном расстоянии смотрел как дым медленно рассеивается, открывая результат его работы... И....

**Дверь устояла.**

На ней осталась лишь небольшая вмятина и оболочка слегка почернела от копоти. Увы, но она даже не погнулась по-настоящему.

**Но **не успел Виктор обдумать следующий шаг, как из дыма, всё ещё висящего за его спиной, с легким свистом вылетела светящаяся белая цепь. Она с глухим стуком врезалась в дверь, оставляя на ней след и упала на пол, звякнув металлом. Следом - ещё одна, потом третья. Они били точно и тяжело, кто-то прицельно пытался пробить нарушителя порядка Виктора.

Фигура в дыму оставалась неясной - силуэт, почти неразличимый в белом мареве, двигался медленно, явно не торопясь подходить ближе. Кто бы это ни был, он явно пока не собирался беседовать!

А, чуть не забыл! **Дверь 2 - Виктор 0**

|-----------------------------------------------------------------------------|","biok_ymer","1524076692732252160"
"07.07.2026 21:01:58","ktoia","#6622","— Азазель —  

Азазель услышала слова Айрис, ухмыльнулась и подойдя ближе к Люци, положила руку ей на талию, чуть наклонив головку:

— Хах. Знаешь, я не такая уж и старая, чтобы застать Адама. Наверное, из здесь присутствующих только Люсенька и видела его. Она у нас тут самая стаааааренькая~~~

Она мягко сжала талию Люци и не став задерживаться на этой теме, продолжила уже деловито:

— Что касается дела... Я хотела бы заняться ""переключателем"", о котором говорил Виз. Мальчишка прав: это стоит сделать в первую очередь.

Чуть задумавшись, вдруг с прищуром взглянув на Айрис, добавила с лёгкой насмешкой:  

— Хотя... может, сначала тебе что-то понормальнее надеть? Я могу помочь с этим, если хочешь~","biok_ymer","1523908279288205432"
"07.07.2026 21:21:57","samin__","#2997","— Джон —

Парень и правда не знал что такое эти ваши ""космические корабли"", от чего хотел было просто проигнорировать это высказывание, однако услышав объяснение чуть призадумался, укладывая информацию в чертоги своего блестящего разума, делая свои выводы, относительно ""плывущего по звёздам корабля"". Когда тому подыграли, парень еле заметно ухмыльнулся, отвечая:

— Почту за честь... пф... хахах

Выпрямившись, парень принял привычную позу, начиная оглядываться, а после указав на ближайший к ним проход сказал:

— Хух... обожаю высмеивать этих жирдяев, значит они во всех мирах есть? Тогда предлогаю иследовать ту часть ""ада"". Нам сказали что можем брать что угодно? Не сказать что разрешение нам было так нужно, но так даже проще. Раз карт-бланш на свинство получен - идём свинячить

Договорив, парень вновь проверил часы, уже скорее из привычки, чем из какого-то практичного смысла и направился в сторону неизвестного прохода","pizza9832","1523748029671411872"
"08.07.2026 12:29:17","biok_ymer","#9440","—Айрис Янг—
|-----------------------------------------------------------------------------|
Девушка чуть обрадовалась идеи смены наряда, однако вспоминая, что этот наряд был куплен вместе с Сорой, та отрицательно покачала головой, говоря:
|-----------------------------------------------------------------------------|

—Нет не нужно, меня все устраивает. Меня конечно бесит юбка, но это подарок и я не могу от не отказаться.

/После сказанного она вновь глянула на раму, после чего изучая ту, сказала:/
-Значит переключатель... Ты ведь уже создала портал зная координаты своего мира, а значит способна понять координаты междумирье и других миров, что мы используем, чтобы мы могли их привязать к определенной комбинации, для переключения.

/Одновременно с тем рассказом Айрис, Люцифер стала все сильнее недовольно смотреть на Азазель от её касаний и в совершенно спокойной манере, словно в назначай девушка достала из-за спины кинжал в попытках ранить Азазель, однако очевидно та успела его остановить, отчего та продолжила несколько раз тыкать им в девушку./

|-----------------------------------------------------------------------------|","ktoia","1524113260834586665"
"08.07.2026 12:30:37","biok_ymer","#9440","—Виктор Кольд—
|-----------------------------------------------------------------------------|
И снова поражение. Из чего сделана дверь, из титана что-ли? Только парень показал палец фак двери, как увидил как в неё слабо ударились цепи, а после озутилих их же на своих руках, отчего недовольно схватился за них и стал тянуть к себе то, что их испускает.
|-----------------------------------------------------------------------------|","ktoia","1524106949443190944"
"08.07.2026 14:48:57","ktoia","#6622","|-----------------------------------------------------------------------------|

Не знаю, насколько сильно герои хотели поговорить, однако они двинулись дальше, проходя вглубь коридоров и вышли на перекрёсток, где... почувствовали резкое странное присутствие. Словно кто-то за ними следит.  

Если они оглянутся, то заметят в правом коридоре, вдалеке, красный глаз, который с прищуром выглядывает из-за угла и наблюдает за ними. Если они встретятся с ним взглядом, неизвестный наблюдатель тут же скроется за поворотом…  

Ну вызов! Не иначе!

||<@&1496354817927286844> ||

|-----------------------------------------------------------------------------|","samin__","1524118292778844200"
"08.07.2026 14:59:22","ktoia","#6622","|-----------------------------------------------------------------------------|

Решив поиграть в перетягивание каната с нападающим, Виктору понадобилось приложить немало потугов чтобы понять, что фигура бросавшая в него цепи сама начала приближаться к нему. Когда дым начал рассеиваться, неизвестная довольно быстро притянулась к мужику или наоборот притянула его к себе. Неважно. Важно то, что сейчас перед Виктором открылась следующая картина: 

Перед ним стояла хмурая девушка с серой кожей и яркими белыми глазами. Волосы такие же белые, а над ними возвышались большие черные изогнутые рога. Долго думать не надо - это демон, и он явно смотрел на Виктора с недобрым прищуром.  

Они стояли примерно в полушаге друг от друга. Она держала цепь. Он тоже держал цепь.  

Итак... пока она ничего не успела сказать, какими будут действия Виктора?

|-----------------------------------------------------------------------------|","biok_ymer","1524346963372408832"
"08.07.2026 17:12:56","pizza9832","#9089","__""Кертис""__

*Услышав от <@&1496354710934917322> его вдохновляющие слова, которые также же давали полный доступ к свинству. Это немного успокоило женщину, что та может немного расслабиться и просто насладиться жизнью хотя бы не на долго*

-Свинство говорить мы же не детском саду, но по крайней мере с моим представлениями об аде это выглядит как....садик для маленьких детишек. Так давай пове....м?

*Не договорив фразу Кертис резко остановилась при этом смотря хищным взглядом прям в темный коридор откуда почувствовала взгляд, а после женщина остановила жестом Джона*

-За нами следят...","ktoia","1524381776447930428"
"08.07.2026 17:48:26","biok_ymer","#9440","—Виктор Кольд—
|-----------------------------------------------------------------------------|
Мужик смотря то на цепь, то на демона, расставил руки в стороны, растягивая цепи и приближаясь тем самым к оппоненту ближе, говоря:
|-----------------------------------------------------------------------------|

—Ну и чё это за копирка меня? Чё тебе надо, я тут дверь ломаю.

|-----------------------------------------------------------------------------|","ktoia","1524384397808369664"
"08.07.2026 19:12:14","ktoia","#6622","— Азазель —

Азазель внимательно слушала Айрис, кивая в такт её словам, и уже открыла рот, чтобы ответить, как почувствовала знакомое движение за спиной. Не оборачиваясь, она ловко перехватила запястье Люцифер, уверенно отведя её руку в сторону.

Она сделала шаг назад, обошла Люцифер и не разрывая контакта, обхватила её сзади, положив свою руку ей на подбородок, а ручки той увела выше. Голос ангела стал ""мурлыкающим"", и она продолжила глядя на Айрис:

— Ты права, Айрис. Исходя из новых знаний полученных в результате ""несчастного случая"" и некоторых разговоров в междумирье я могу с точность сказать - я поняла теоретические и практические знания по открытию порталов куда надо. Во многом.... Хм... Раньше я открывала их на волю случая, а сейчас же... С этим можно, и нужно экспериментировать!

Она на мгновение прикрыла глаза, прислушиваясь к чему-то внутри, затем, приблизившись к уху Люцифер, прошептала мурча:

— Я скучала~~~

Отпустив Люцифер, Азазель, обошла ту обратно и кивнув в сторону сказала:

— Лучше добавим ""визуализации"". За мной~

Азазель развернулась и направилась в соседнюю комнату, где стоял большой белый гладкий стол. Она прошлась по его поверхности пальцами, проверяя чистоту, затем дважды стукнула по нему костяшками. Стол засветился и над ним медленно развернулась голограмма - проекция портала, с переливающимися линиями и пульсирующими узлами.

— Вот. Именно так я вижу его структуру. Идеальную структуру. Хотя... Вернее видела, это нынешний портал, а нам нужно его менять и как то уменьшить до рамок междумирь. Хм. Как раз с этим мне и нужна помощь. Кстати.

Отвела взгляд с голограммы на Айрис:

— Ты понимаешь концепцию ""Дыхания вселенной""? Или объяснить?","biok_ymer","1524346628750704772"
"08.07.2026 19:22:55","ktoia","#6622","|-----------------------------------------------------------------------------|

Демон и бровью не повела, когда Виктор приблизился к ней впритык. Однако когда она услышала слова, которыми он стал разбрасываться, её брови из злого прищура стали непонимающе подниматься. Вслед за этим девушка будто впала в отчётливое непонимание.

Она сжала цепи и те стали очень резко уходить обратно к ней, полностью закрепляясь на руке. Демон не стал ждать и положив руки ему на плечи, стала разглядывать Виктора со всех ракурсов, говоря вслух:

— Какого хера.. ЧЕЛОВЕК?!...

Она перестала вертеть его и сделала шаг назад.

— Ты кто, блять?

|-----------------------------------------------------------------------------|","biok_ymer","1524426945406828706"
"08.07.2026 20:24:04","samin__","#2997","— Джон —

Парень слушал рассуждения <@&1496354817927286844> , удовлетворённый тем, что смог её растормошить. Идя дальше, тот уже начал набирать воздух, чтобы ответить, как вдруг увидел как за ним кто-то следит. Уставший от внимания в своём мире, тут он такого не ожидал, от чего немного подзависнув, увидел жест подружки

Услышав и так понятное замечание, тот кивнул, прижавшись к противоположенной стене, от той за которой скрылась фигура, а после... БЫСТРО ПОБЕЖАЛ В СТОРОНУ НЕИЗВЕСТНОГО с криком:

— Время познания!

Нет, а чего вы ещё ожидали от психа, что оказался в странном месте, вместе с другими психами?

||<@815329322881646622> ||","pizza9832; ktoia","1524418013112303826"
"09.07.2026 00:26:26","ktoia","#6622","|-----------------------------------------------------------------------------|

Кхм... Что ж, как только началась погоня в стиле Скубиду, героям пришлось постараться, чтобы не отстать от фигуры, которая с каждой секундой двигалась всё быстрее. Они только и успевали, что замечать периферией глаза, куда та сворачивала. Один поворот, второй, третий - и вот прямой коридор вывел их в просторную комнату.

Здесь находилось множество контейнеров и стеллажей с ними же - по всей видимости, это был склад. С чем пока оставалось загадкой. На стенах виднелись подписанные секции и цифры, явно указывающие на какую-то систему хранения. И конечно самое выделяющееся здесь - огромная рамка ворот с закрытыми ставнями, которая ну ОЧЕНЬ СИЛЬНО не вписывалась в общую концепцию этого помещения. Что это и зачем ещё предстояло узнать. Тот кто следил за ними пока не показывался, но было ясно: он где-то здесь.

||<@&1496354817927286844> ||

|-----------------------------------------------------------------------------|","samin__","1524466111532498976"
"09.07.2026 08:32:08","biok_ymer","#9440","—Виктор Кольд—
|-----------------------------------------------------------------------------|
Мужик обрадовался когда его назвали человеком, вставая в горделивый позу, говоря:
|-----------------------------------------------------------------------------|

—Я тут осматриваюсь в поисках чего-то интересного. Ищу если быть точным опасность.

/Чуть подумав, тот вспомнил слова Азазель про безопасность и притянув одну руке у противогаза снял его, надевая белые очки. Отчего фраза про копирование обзавелась новым смыслом, ведь кожа парня была идентична демоническому, как и белые яркие глаза, что делала на вид из словно братья. После чего он сказал:/
-Я Виктор Кольд, выживальщик и исследователь из группы дебилов что грезят мечтой уничтожить дурака, что решил все миры захлопнуть.

|-----------------------------------------------------------------------------|","ktoia","1524450725315215591"
"09.07.2026 08:41:53","biok_ymer","#9440","—Люцифер/Айрис Янг—
|-----------------------------------------------------------------------------|
Демоница недовольно извивалась, однако ничего снова не предпринимала. Айрис же немного смутилась подобным отношениям, но не встала встревать в это. Чуть погодя девушка стала с интересом рассматривать Схему, отвечая на вопрос:
|-----------------------------------------------------------------------------|

—Ты о понятии описывающее цикличное расширение ниже и сжатие Вселенной? Слышала, однако незнаю как именно ты использовала данный термин в своем изучении.

|-----------------------------------------------------------------------------|","ktoia","1524448036669882389"
"09.07.2026 09:47:14","ktoia","#6622","|-----------------------------------------------------------------------------|

У демона все ещё очень многое не укладывалось в голове, но та отпустила плечи мужика делая шаг назад.

Продолжая глядеть на свою мужскую копию, девушка почесал подбородок, а после дослушав ответила:

— Чё за бред... Ты как здесь оказа.... Ааааа.... Понятно. Эта дура опять что-то удумала?

Махнула рукой, опуская их, отвела взгляд в бок.

— Ай, лучше бы не возвращалась. Ещё и **Человека** с собой прихватила, ну нифига себе.

Выговарившись в слух девушка вернула белые фары на Виктора:

— А люди все такие серые? И... Ты ВЗРЫВАЛ дверь? А открыть не пробовал?

Пока что Джаджмент не вдупляла полностью что здесь происходит.

|-----------------------------------------------------------------------------|","biok_ymer","1524649335290200124"
"09.07.2026 10:06:14","biok_ymer","#9440","—Виктор Кольд—
|-----------------------------------------------------------------------------|
Мужик потупил на девушку, а после посмотрел на дверь без ручек и пнув ту ногой сказал:
|-----------------------------------------------------------------------------|

—И как эту херовину открыть? Я таких дверей в жизни не видел. А?

/Услышав про кожу тот глянул на неё, говоря:/
-Я исключение из правил. Обычно люди коричневые, но это не значит, что я не человек, во! Так это, а ты выходит демон? И чего цепями кидаешься? Я думал уже драка назревает, обрадовался даже, а тут это, Мэ.

|-----------------------------------------------------------------------------|","ktoia","1524668237571424397"
"09.07.2026 10:22:15","ktoia","#6622","— Азазель —

Азазель отрицательно покачала головой, услышав ответ Айрис и поправив очки, начала объяснять:

— Нет, не совсем. То, о чём ты говоришь -  не совсем то. ""Дыхание вселенной"" - это не просто расширение и сжатие. Это пульсация, которая пронизывает всё: каждый мир, каждую частицу, каждую грань реальности. Представь, что вселенная - это живой организм. Она дышит. И у каждого мира своя частота этого дыхания.

Проведя рукой возле стола возникла другая галограма что начала ""визуализировать"" ее слова.

— Когда две вселенные соприкасаются, их частоты начинают взаимодействовать. Предполагаю если они хотя бы частично как то совпадают - миры могут сливаться. Если нет - они отталкиваются, создавая разломы и порталы. Раньше как я говорила - открывала порталы наугад, полагаясь на случай. Но теперь я понимаю, что если настроиться на нужную частоту, можно открыть проход именно туда, куда нужно. Однако на данный момент нужно иметь хотя бы какую-то вещицу из мира в который точно хочешь попасть - чтобы узнать его частоту и в последствии настроить портал.","biok_ymer","1524651791264907315"
"09.07.2026 10:31:51","biok_ymer","#9440","—Айрис Янг—
|-----------------------------------------------------------------------------|
Слушая ту, та подметила некие моменты, добовляя:
|-----------------------------------------------------------------------------|

—Значит нужно знать точную точку соприкосновения и для этого предмет или объект другого мира идеально подойдёт как катализатор, весьма интересный способ привязки. Я была весьма часто в Мире Соры, отчего многие предметы у меня принадлежат именно её миру. Но вот что делать со вторым порталом я не имею понятия. В теории мы можем также открыть возможность отправки в миры других присутствующих взяв их вещи, однако, как нам закрепить данный результат?

|-----------------------------------------------------------------------------|","ktoia","1524677049308938251"
"09.07.2026 15:33:32","pizza9832","#9089","__""Кертис""__

*Женщина резко останавливается в монструозных размеров складе слегка скользя подошвой по ровному полу, блестящему полу. Затем Кертис осматривается пытаясь понять, где тот неизвестный наблюдатель пытаясь взглядом его найти среди коробок и когда Джон ее догнал та поворачивает голову и говорит ей следующее*

-Так я кажется потеряла, того кто на нас смотрел, но мы видимо судя по всему нашли некий склад. А это что такое?

*Кертис затем зацепилась за гигантскую дверь как и было подмечено ранее сильно не вписывалась в данное высокотехнологичное пространство. С любопытством, но в тоже время с осторожностью  женщина начала подходить к этой огромной двери*

<@&1496354710934917322>","ktoia","1524527105826885662"
"09.07.2026 15:38:11","samin__","#2997","— Джон —

Еле как нагнав нелюдей, парень восстановил дыхание и стал осматриваться. Дверь тут была явно лишней, однако его глаз она не зацепила, вместо этого он осмотрелся, отвечая <@&1496354817927286844> :

— Полагаю это тупик. Кем бы он ни был, наблюдатель здесь. Хм... а склад весьма кстати

Напялив очки, парень стал осматривать помещение, двигаясь туда, где больше всего маны (не считая двери)

|| <@815329322881646622> ||","pizza9832; ktoia","1524755387503345684"
"09.07.2026 18:00:07","ktoia","#6622","|-----------------------------------------------------------------------------|

— Я Верховным Прокур... пф... бывший... Зови Джаджмент. А ты..... ....Получается человеческий мутант что-ли? Тогда понятно почему ты тут вылупился... А... чего я цепями кидаюсь? Так все просто.

Расставила руки и заговорила намного громче, указательным пальцем тыкая в дверь и на Виктора:

— ПОТОМУ ЧТО ТЫ ВЗРЫВАЛ ГРЕБАНУЮ ДВЕРЬ ЧЕРТ ТЕБЯ ДЕРИ! МОЖНО ЖЕ ПРОСТО ОТКРЫТЬ ЕЁ ДЕБИЛ, ТУТ РУЧКА НЕ-НУ-Ж-НА. СМОТРИ! ТУПОЙ СПРАВИТСЯ!

Девушка по новой взбешенная этой ситуацией грозно подошла к двери. Подождала секунду, грозно фыркнула, развернулась к панеле коя была возле двери и приложила руку.... Панель загорелась красным. Девушка по ней ударила несколько раз, но ничего не произошло. Она очень сильно выдохнула и развернувшись нахмурено и злостно глянула на Виктора, говоря:

— Есть ещё динамит?

|-----------------------------------------------------------------------------|","biok_ymer","1524673018385666068"
"09.07.2026 19:22:38","ktoia","#6622","|-----------------------------------------------------------------------------|

Для <@&1496354817927286844> :

Кертис подошла к интересующей её гигантской двери и чем ближе она оказывалась, тем сильнее от неё веяло чем-то тягучим и холодным. Это была явно не просто конструкция. Створки были плотно сомкнуты, без видимых швов или замков.

В последствии изучения она обошла её и заглянув за массивную рамку увидела следующее: Там, у задней стенки, прижималась фигура. Существо сидело неподвижно, почти сливаясь с тенями и казалось, не замечало её приближения. Или просто делало вид, что не замечает. Однако в какой-то момент она очень резко развернулась и подняв брови, и приоткрыв рот стала смотреть на <@&1496354817927286844>, кажется сейчас последует какой-то крик.

**Арт 1**

|-----------------------------------------------------------------------------|

Для <@&1496354710934917322> :

Джон же двинулся вдоль стены, сверяясь с показаниями очков. Они подсказывали ему, где маны больше, где меньше, но почти все ящики вокруг излучали ровный, спокойный свет. Однако чуть левее его внимание привлёк один контейнер. Он был приоткрыт и из него тянулся не просто свет, а плотный, насыщенный поток энергии, которого вокруг не было. Джон определенно подошёл ближе и заглянул внутрь.  

В ящике лежали красные кристаллы. Аккуратные, обработанные, они слегка пульсировали красным светом. Но... наверное не это привлекло его внимание сильнее всего. Рядом с ними, свернувшись калачиком, лежала фигура. Она уткнулась лицом в руки пытаясь слиться с содержимым ящика что выходило не очень. Она не двигалась и казалось затаила дыхание, да и похоже она не понимает, что её уже заметили. Или просто делает вид, что ничего не происходит.

**Арт 2**

|-----------------------------------------------------------------------------|","samin__","1524756553968783401"
"09.07.2026 20:22:06","biok_ymer","#9440","—Виктор Кольд—
|-----------------------------------------------------------------------------|
Недовольно слушая девушку, что назвала её МУТАНТОМ, тот думал ей что-то возразить, однако увидив как та и сама не может открыть дверь за ухмылялся говоря:
|-----------------------------------------------------------------------------|

—Ха! А а я знал, что эта недодверь просто так не откроется. Есть конечно.

/Мужик довольный достал ещё пачку динамита протягивая девушки и говоря:/
-И не Мутант, а человек и сука самый человечный из всех людей человек. Есть чем усилить взрыв?

|-----------------------------------------------------------------------------|","ktoia","1524792274205282335"
"09.07.2026 20:23:59","pizza9832","#9089","__""Кертис""__

*Женщина осторожно обходила массивную дверь и по началу не обратила внимание на существо в углу, но это лишь на мгновение. Затем та начала следить за ее реакцией и осознавая, что вот вот и она начнёт орать как резаная свинья. Кертис начала разводить руками в стороны в лёгкой панике*

-Тише, тише, тише! Я тебя не съем, клянусь! Прошу не кричи, не начинай плакать и все такое! Мы тут гости!... прости зря наверное стоило за тобой бежать, верно это наверное тебя напугало, наверное.


*Кертис с трудом натянула улыбку пытаясь ее не пугать или хотя бы себя приготовить к тому что будет дальше*","ktoia","1524813042406133911"
"10.07.2026 11:16:58","samin__","#2997","— Джон —

Мана, мана, много маны, и куча маны. Как же всё это было не интересно. Однако из одного из ящиков потягивало сильнее всего. Это из-за того что он был открытым? В таком случае внутренности были не интересны, а вот сам контейнер... с ним можно было что-то придумать

Натянув очки обратно на лоб, парень заглянул внутрь и увидел... ... ... Мониса, ли ли это? Наклонив голову на бок, тот ухмыльнулся, понимая что ему как всегда повезло. Быстренько положив крышку на контейнер, тот сел на него, крича <@&1496354817927286844> :

## — Подруга! Я выбил джекпот!

Кристаллы были не столь интересными, а вот бесхвостое существо - вполне","ktoia","1524813042406133911"
"10.07.2026 13:33:52","ktoia","#6622","— Азазель —  

Сомкнув руки за спиной, ангел выслушала Айрис и продолжила:  

— Верно, вещи других миров можно использовать как якоря для открытия порталов. Однако ничто не мешает нам использовать само существо как катализатор. Ты, я, любой другой - каждый излучает частоту своего мира. И, следуя той же логике, мы можем просто считать эту частоту с носителя. Проблем с этим быть не должно. После первой же успешной отправки частота сохраняется в базу и в дальнейшем для перемещения достаточно лишь ресурсов - без необходимости повторного считывания и какого либо предмета.

— Что касается второго портала... я не вижу здесь особых проблем. Если этот мир всё ещё нужен, можно просто считать его частоту, которую он излучает в Междумирье, а затем закрыть проход и открыть его уже там, где это будет практичнее и где его можно будет контролировать. На той стороне он вряд ли сильно пострадает и его положение в пространстве вряд ли изменится.  

Она перевела взгляд на Айрис, чуть склонив голову:  

— Ты это имела в виду под ""закреплением результата"" или я тебя не так поняла?","biok_ymer","1524679465567785160"
"10.07.2026 13:41:48","ktoia","#6622","|-----------------------------------------------------------------------------|
— Джаджмент —

Джаджмент сверлила Виктора тяжёлым взглядом, но взяла динамит с явным одобрением.

— Усилить? 

На её губах мелькнула кривая усмешка.

— Можно и усилить.

Она взяла связку обеими руками, сосредоточилась и по её пальцам пробежали тонкие разряды сероватой энергии. Динамит на секунду засветился, а затем она, не говоря ни слова, кинула его к двери, отступила на пару шагов, а затем вовсе щелкнув пальцами подожгла запал.

Не дожидаясь взрыва, она уже начала разворачиваться и неспешно ретироваться назад, взмахом руки показывая Виктору, чтобы тот тоже отходил.

— Только не стой столбом человечный человек!

Отойдя на +- расстояние девушка развернулась, вновь взглянув на Виктора:

— Демонтаж это конечно хорошо, но... Что ты за человек если та заучка тебя сюда притащила?!

Дверь скоро бабахнет........

|-----------------------------------------------------------------------------|","biok_ymer","1524828004667097281"
"10.07.2026 13:54:34","ktoia","#6622","|-----------------------------------------------------------------------------|

Существо замерло на мгновение, когда <@&1496354817927286844> заговорила и в её больших глазах мелькнуло что-то похожее на замешательство. А потом она медленно, очень медленно, приоткрыла рот и из него вырвался высокий, пронзительный, радостный визг.

— ТЫ СО МНОЙ ЗАГОВОРИЛА!!!!

Воскликнув, подрыгнулв, вставая на свои двои и хлопая в ладоши продолжила:

— Ты первая заговорила!!! А я думала вы все тут хмурые!!! Будто вас кто-то заставил! А вы тут сами! К выходу пришли!!!

Она подскочила ближе, чуть не налетев на Кертис и не обращая внимания на её попытку успокоить, уже вовсю тараторила, оглядывая ту:

— ААА так Я тут пряталась потому что нельзя....! 

На этом девушка резко прервалась и замолкла оборачиваясь на звук кричащего <@&1496354710934917322>. Она сделала пару шажков, а потом выглянула из-за портала, потом опять глянула на <@&1496354817927286844>.... От чего-то только что восторженное существо резко растерялось....

|-----------------------------------------------------------------------------|

Чтож.... Найдя существо в коробке <@&1496354710934917322> решил её закрыть что было, возможно хорошим решением!  Во всяком случае все что услышал Дейв, был вскрик, а после тупой стук о крышку ящика, по всей видимости кто-то ударился головой. Однако после из того ничего не доносилось!... Если так подумать, Джон определенно слышал обрывки диалога что доносился за ""огромной дверью"".

|-----------------------------------------------------------------------------|","samin__","1525053208349769749"
"10.07.2026 21:38:10","pizza9832","#9089","__""Кертис""__

*Женщина очень сильно удивилась такой крайне радостной реакции со стороны неизвестной собеседницы, что даже пошатнулась. А после голова начала наполняться кучей криков и информации. Ей и раньше голосов в голове хватало, а тут ещё и кричащий, выход? Что именно нельзя? Все это будто каша в голове и только голос <@&1496354710934917322> пронзил ее разум*

-Так, стоп, минутку девочка не нужно так много говорить, я старая, но не глухая незачем кричать. Не бойся это мой друг он максимум заболтать может, но никому не навредит, обещаю. А если что-то плохое сделает я ему дам по голове.

*Кертис снова начала улыбаться, а после устремила взгляд в сторону Джона и крикнула*

-Я сейчас подойду! Через пару секунд!

*Затем же женщина направилась в сторону Джона и видит как тот сидит на коробке*

-Ты нашёл для себя стул как мило, а почему он трясётся или эта как массажный стул, которые ещё так приятно вибрируют?","ktoia","1525092869164240937"
"11.07.2026 09:47:08","biok_ymer","#9440","—Виктор Кольд—
|-----------------------------------------------------------------------------|
Смотря за классным усилением тот все же стал отбегать, говоря:
|-----------------------------------------------------------------------------|

—Я же говорю, нас сюда забрали чтобы какие-то херь с мирами делать. Меня умные херни не касаются, отчего мне сказали делать что хочу. И вот я решил найти что-то интересное, я же сука исследователь. И нашел, тебя!

|-----------------------------------------------------------------------------|","ktoia","1525089653621788783"
"11.07.2026 09:49:42","biok_ymer","#9440","—Айрис Янг—
|-----------------------------------------------------------------------------|
Дааа, мне жаль писать маленькие посты, но мне сука нечего писать... Девушка кивнула, говоря:
|-----------------------------------------------------------------------------|

—Тогда проблем с базой нету, нам лишь нужно придумать удобный переключать и мир, в который следующий стоит отправиться. Спасения мира это конечно славно, однако я незнаю какой мир нам в этом может помочь.

|-----------------------------------------------------------------------------|","ktoia","1525087659104407592"
"11.07.2026 10:54:34","samin__","#2997","— Джон —

Парень почувствовал как кто-то ударился головой, от чего ухмыльнулся ещё шире, понимая что ОН УМНЫЙ И ВСЁ ДЕЛАЕТ ПРАВИЛЬНО. Увидев <@&1496354817927286844> , тот уже было хотел ответить на колкость, однако когда за ней показалось существо, тот состроил недовольную мордашку, тыкая указательным пальцем в её сторону говоря той:

— ЭЙ! Пользоваться подземными проходами не честно!

Сказав это, парень слез с ящика, открывая тот со словами:

— Я то думал что нашёл того кто за нами следил, а ока...

||<@815329322881646622> прерываю пост для ахуя, сияй||","pizza9832; ktoia","1525209537316126792"
"11.07.2026 19:23:49","ktoia","#6622","— Азазель —

Азазель услышала слова Айрис и задумалась, прикрыв глаза. Она слегка покачивалась с пятки на носок, взвешивая что-то, а затем приподняв взгляд чуть выше, начала размышлять вслух:

— Хм. Верно, нам нужен переключатель на основе того, что мы имеем. Все ресурсы теперь более чем в достатке - тем более для какого-то несчастного портальчика. Создание его это вопрос времени, при чем не долго. А вот мир... хм... какой мир....

— Нам нужен такой мир, который имеет практический смысл. Не слишком опасный, но с чем-то интересным внутри. Мир, о котором у нас есть хотя бы какое-то представление, чтобы мы могли ориентироваться в нём с первого шага.

Она опустила взгляд на Айрис и её лицо озарилось широкой, ""озорной"" улыбкой:

— **Готова вернуться домой?** Как насчёт твоего мира?","biok_ymer","1525393632021053460"
"11.07.2026 19:40:51","ktoia","#6622","|-----------------------------------------------------------------------------|

Понятное дело, существо не послушалось <@&1496354817927286844> - оно, словно завороженное, двинулось следом за ней, выглядывая из-за её плеча с любопытством, которое не могло удержать его на месте. Именно тогда его и заприметил <@&1496354710934917322>.

Когда <@&1496354710934917322>  ткнул пальцем в сторону ушастой, та сначала глянула на себя, потом на него, потом перевела взгляд на ящик под ним и нахмурила брови, явно что-то обдумывая. Но она не успела ничего сделать, потому что парень сам начал открывать ящик.

Как только крышка приподнялась, из него, словно ракета, вылетела первая ушастая. Она врезалась головой прямо в челюсть Джона и когда соприкосновение произошло, та отстранилась, с удивлением глядя на того, в кого врезалась. Её уши поднялись, а взгляд стал чрезмерно растерянным. Она оглядела остальных, а затем, заметив вторую ушастую, подскочила и врезалась уже в неё. Две одинаковые фигуры теперь лежали друг на друге, а в воздухе повисло замешательство. Какая-то неразбериха.... и почему они выглядели так, будто были копиями друг друга?

|-----------------------------------------------------------------------------|","samin__","1525409956151427102"
"11.07.2026 20:59:39","pizza9832","#9089","__""Кертис""__

*Женщина слушала <@&1496354710934917322> и его странное замечание из-за которого та посмотрела на своего нового ушастого друга, а потом взгляд снова переместился на сидящего на коробке парня*

-Я немного не понимаю о чём ты? Погоди, а что это....


*Хоть Кертис не успела задать свой вопрос та с удивлением наблюдает за еще одним существом, который внешне был как две капли воды похож на ту что стояла рядом с ней. В суматохе две девчонки чуть не сбили женщину, но та смогла удержать равновесие поправляя свою одежду*

-Ух! Какие энергичные, даже дети не на столько резвые как вы... хм клонирование, либо они являются близнецами, что то из двух. Кстати а как вас зовут детишки?","ktoia","1525542400955515030"
"11.07.2026 21:12:13","samin__","#2997","— Джон —

Парень НУ ВОТ ВООБЩЕ не ожидал что ему в челюху прилетит лбом. Он вообще ничего не ожидал кроме прохода. Когда ему влетели в челюсть, тот отклонился назад, державшись за неё, оперившись на один из стеллажей. ЛАДНО! В этот раз **не повезло**. БЫВАЕТ!

Придя в себя, тот потёр подбородок, говоря <@&1496354817927286844> :

— Ага... я в порядке, спасибо за беспокойство

Так он и продолжил недовольно тереть подбородок, смотря на девичий бутерброд

||<@815329322881646622> ||","pizza9832; ktoia","1525562232816271370"
"12.07.2026 00:23:12","biok_ymer","#9440","—Айрис Янг—
|-----------------------------------------------------------------------------|
Те в вахуе посмотрела на ту, после чего недовольно скривила морду, говоря:
|-----------------------------------------------------------------------------|

—Я не хочу идти в мир, где меня буквально КАЗНИЛИ. Там не безопасно, особо МНЕ.

|-----------------------------------------------------------------------------|","ktoia","1525538114351927407"
"12.07.2026 01:22:54","ktoia","#6622","|-----------------------------------------------------------------------------|

Из темноты коридора, откуда они прибежали, раздался быстрый топот. А затем оттуда вылетела третья ушастая. Она не врезалась ни в кого, просто выбежала в центр помещения, резко остановилась, огляделась и увидев ушастый бутерброд на полу, издала короткий, возмущённый писк. Она подбежала к ним и начала тормошить ту, что была сверху, явно пытаясь поднять. А та, на мгновение приподняв голову, глянула на неё, потом на сидящую с ней рядом вторую ушастую, когда они наконец поднялись перед дуо стояли три одинаковые девочки....

Переглянувшись и глянув на Кёртис третья подозрительно прищурилась, двое других же улыбнулись и та что по середине положила руку на грудь отвечая:

— Я....

Её перебила третья что щурилась:

— Я Цербер.

Ту что перебили разочарованно убрала руку вниз, отвечая:

— Это Я!

Третья ответила той:

— Понятное дело что это ты!

Наконец самая первая которую закрывали в ящике тыкнула в сторону Джона, говоря:

— ТЫ ЧЕ СВЕТ ВЫРУБИЛ?!

||Дай бог вам все понять.... а мне не запутаться <@&1496354710934917322> <@&1496354817927286844> ||

|-----------------------------------------------------------------------------|","pizza9832","1525562232816271370"
"12.07.2026 02:38:11","ktoia","#6622","— Азазель —

Азазель услышала ответ Айрис и её лицо расплылось еще пуще. Она медленно обошла стол, приближаясь к девушке и заговорила непринуждённо, будто вовсе обсуждала погоду:

— Да ладно тебе! Меня вот пытаются убить два раза в неделю /Бросила короткий взгляд в сторону Люцифер/ И ничего, живая! Даже цветущая~

Она остановилась в нескольких шагах от Айрис, завела руки за спину и чуть поддавшись вперёд, продолжила:

— К тому же... у тебя теперь есть ""друзья"" и ""аргументы"", которые вряд ли дадут тебя в обиду. **Или я не права?**","biok_ymer","1525613456701653052"
"12.07.2026 22:13:06","pizza9832","#9089","__""Кертис""__

*Кертис взглянула на <@&1496354710934917322> стряхнув с его плеча пыльники, а затем взгляд перешёл на одна вольница, стоп две, три!? Женщина была в лёгком сумбуре смотря, когда каждая что-то воодушевлённо говорила*

-Так Джон твоя челюсть подождёт мне кажется, я уже потеряла нить происходящего. Стоп вы получается цербер. Как это работает у вас. Одна душа на три тела? Или вы каждая полностью индивидуальная. Просто я лично представляла Цербера как огромную страшную трехголовую собаку, которая не впускает смертных куда не надо. Получается вы следили за нами?","ktoia","1525628482128842872"
"13.07.2026 11:00:02","samin__","#2997","— Джон —

Недовольно посмотрев на орущую бестию, парень ещё немного потёр подбородок. Удар пришёлся по касательной... спасибо хотя бы язык не прикусил... повезло получается?

Наклонив голову на бок, парень сделал пару шагов в сторону, пока его не остановил стеллаж и посмотрел на хвосты, попутно отвечая:

— Тс... сама виновата что решила так глупо спрятаться. Так ещё и глаза руками прикрыла!

Сделав паузу, парень немного скривился, тыкая пальцем в сторону троицы, говоря тем:

— Ангелы полагаю?

||<@815329322881646622> ||","pizza9832; ktoia","1525943103066996736"
"14.07.2026 02:39:03","ktoia","#6622","|-----------------------------------------------------------------------------| 
— Цербер —

Три ушастые фигуры синхронно повернулись к Джону, когда он только заговорил об Ангелах. Та, что стояла слева, скрестила руки на груди и начала сверлить его взглядом, полным возмущения, а после вовсе заговорила с голосом в коем чувствовалась нотка оскорбления:

— Ангелы?! Я не какая-то там служка!

Третья чуть приподняв подбородок, добавила с явной гордостью:

— Я - ЦЕРБЕР! Страж Адских врат. /тыкнула пальцем в врата кои были в комнате, а после в себя/ Те самые, кого глупые смертные боятся! 

Первая, сделала шаг вперёд, говоря низким ""зловещим"" голосом, глядя на <@&1496354817927286844> :

— Да! Я - та, кто следит за тем, чтобы ни одна душа не прошла туда, где ей не место! Страшная, жуткая и в правду большая! И.... /Глядть на <@&1496354710934917322>/ если ты ещё раз назовёшь меня ангелом, я на тебя накинусь!!!! ррр...

Когда первая закончила, средняя быстро взяла ту за плечи и притянула к себе, говоря:

— Врешь! Вообще-то я не пряталась! А была в засаде!!! Да и вообще вы двое! или нет... стоп...  чего?

Видимо только сейчас беззаботная Цербер поняла что тут что-то не чистое, и тут явно не то о чем она думала! Её внимание резко перешло на иное. Третья что была сейчас свободной быстро подскачила к <@&1496354817927286844> начиная обнюхивать ту, однако это было соврешенно не долго, ведь как только та сделала пару нюх-нюх она распахнула глаза и шагнула назад начиная тыкать пальчиком в бабульку и говорить:

— ТЫ С КАКОЙ ПРОБИРКИ СБЕЖАЛА?!?!?

Что-то явно начиная не то осознавать она подняла бровки, а её ушки навострились. После этого она пару раз нюхнула воздух и тыкнула второй ручкой теперь в <@&1496354710934917322>:

— И ты еще кто такой?! Объяснитесь откуда...

Те две что только что лыбызались сзади третьей, перестали это делать и заострив внимание напряглись.

|-----------------------------------------------------------------------------|","samin__","1526136108767907921"
"14.07.2026 12:47:07","biok_ymer","#9440","—Айрис Янг—
|-----------------------------------------------------------------------------|
Чуть обдумав слова ангела истязателя, девушка цокнула, после чего выдохнув опустила взгляд, говоря:
|-----------------------------------------------------------------------------|

—В теории это логичное решение, учитывая, что мои технология развитие твоих, но не так далеко в понимании как Адам... Однако риск быть назначеными в первым комплекс как объекты исследования или того хуже пуститься опять на смертельное адро...

/Девушка подняла уже серьезный взгляд на ангела, говоря:/
-Ладно, я могу помочь. Однако мне нужна гарантия возможности покинуть тот мир и иметь возможность не все время пребывать там. Если ты мне дажь гарантии возможности прихода и ухода туда когда мне заблогоразутится, то я не против работать над этим ""продвижением"" вместе.

|-----------------------------------------------------------------------------|","ktoia","1525647424876449862"
"14.07.2026 13:35:44","ktoia","#6622","|-----------------------------------------------------------------------------|
— Джаджмент —

Джаджмент уже открыла рот, чтобы ответить Виктору, но её слова заглушил оглушительный взрыв, который прогремел сразу после его последней фразы. На этот раз дверь не выдержала: её вырвало и деформировало так, что правая створка улетела в потолок, буквально войдя в него наполовину, а левая просто погнулась в сторону внутренностей помещения, открывая проход.

Перед дуо открылась следующая картина: длинный коридор, залитый ровным синеватым свечением. По обеим сторонам стояли массивные капсулы, внутри которых угадывались силуэты - что именно в них находилось, разглядеть будет сложно, но явно не обычное оборудование. 

Джаджмент на мгновение замерла, вглядываясь в глубину коридора, а затем не оборачиваясь на Виктора сказала:

— Не... Мне тут не нравится. Но дверь проиграла.

|-----------------------------------------------------------------------------|","biok_ymer","1525392985905430658"
"14.07.2026 13:51:44","ktoia","#6622","— Азазель —

Выслушав Айрис, ангел выпрямился, поправляя очки и заговорил уже более деловито:

— Во многом я была бы рада ""пойти к Адаму"", но... м-м... разрыв между нашими уровнями технологий **чересвычайно** велик. Поэтому сосредоточимся на том, что можем сделать здесь и сейчас.

Она утвердительно кивнула, услышав про гарантию и развела руки из-за спины.

— Гарантия ухода и прихода? Хмм... проще простого. /начала легко жестикулировать, поясняя/ Дорогуша-Ведьма ещё давно придумала кристаллы перемещения обратно в Междумирье. И не так давно предоставила мне возможность их создавать. А там уже - дело плёвое: узнать их структуру и взять от них то, что нужно. Как раз из-за этого сейчас у всех, кому это необходимо, есть ""связь"" между мирами в виде колечек. Но к чему я это веду.... Я уже нашла способ передавать мысли через кольца. Так почему я не могу сделать то же самое с перемещением? Всего-то нужно доработать колечко и.... его владелец сможет не только передавать мысли, но и перемещаться между миром и междумирьем, туда и обратно, по своей воле. Конечно, не бесконечно: заряды будут и их придётся пополнять. Но это на данный момент самый простой способ заменить громоздкие кристаллы на что-то более компактное и незаметное.

Она скрестила руки и чуть склонила голову набок:

— Так что да, я могу дать тебе такую гарантию.","biok_ymer","1526525443614965810"
"14.07.2026 14:24:37","biok_ymer","#9440","—Виктор Кольд—
|-----------------------------------------------------------------------------|
Смотря на колбы, мужик не долго думая подошёл к одной из них, стуча по той, а после говоря:
|-----------------------------------------------------------------------------|

—И снова разочарование. Чё это за жижа? Я хотел найти мученика в котле, а нашел переваренный труп.

/Парень недовольно сплбнул на пол, а после поглядев на девушку, сказал:/
-Ты не похожа на заезжанного ангела и на агрессивного демона тем более, ты кто, ""бывший прокурор""? Типо, безработная? Фигово. А пробовала с цепями людей с кручивать? Этим можно зарабатывать у разных отбросов.

|-----------------------------------------------------------------------------|","ktoia","1526537679766945802"
"14.07.2026 14:28:28","biok_ymer","#9440","—Айрис Янг—
|-----------------------------------------------------------------------------|
Услышав про гарантию девушка чуть расслабилась и уже поспокойнее спросила:
|-----------------------------------------------------------------------------|

—Что же тогда от меня требуется? Я во многом отстаю в понимании миров, однако быстро схватываю, отчего могу чем-то помочь, если скажешь чем.

|-----------------------------------------------------------------------------|","ktoia","1526541707506618368"
"14.07.2026 17:59:40","pizza9832","#9089","__""Кертис""__

*Женщина хотела, что-то начать рассказывать <@&1496354710934917322>, но маленькие собачки слегка прервали ее ход мыслей своими выкриками, которые по началу для Кертис и выглядели мило, а сейчас вызывают лишь лёгкое раздражение*

-Ну вообще то можно и более сдержанно, смотря на ангела, я думала местные жители более вежливые, да Джон?

*Однако не успела Кертис натянуть улыбку обратно на свое лицо. Как средняя псина начала ее нюхать, а потом сказала крайне неприятные для ушей женщины слова*

-Я тебе что-то из пробирки.... Не смей мне угрожать или я покажу, кто я такая и откуда.

*Однако после прямой угрозы Кертис тяжело вдохнула и снова направила взгляд на невежливых гостей*

-Мы приглаженный гости местного ученного и исследователя. Ангела если быть точным. Это отвечает на ваш вопрос?","ktoia","1526372417725923450"
"14.07.2026 18:35:02","ktoia","#6622","— Азазель —

Услышав ответ девушка довольно улыбнулась. Она развернулась к голограмме, что всё ещё парила над столом и жестом указала на нее.

— От тебя требуется кое-что, с чем ты справишься ""лучше меня"". Смотри. Сейчас эта конструкция - громоздкая и требовательная к ресурсам. Её можно уменьшить и упростить, сохранив функциональность. Мне нужна компактная версия. Не полный портал, а именно его проекция: схема, которая может развернуться при активации, а главное с возможностью ""модификации"".

Азазель перевела взгляд на Айрис.

— Тебе не нужно понимать всё устройство миров. Достаточно понять, как работает эта схема и как её сжать, не сломав. Все чертежи перед тобой, остается только подумать и сделать~

Сложила руки за спиной.

— И... пожалуй на этом сейчас все. Пока ты этим будешь заниматься я сделаю то что у меня накопилось и.... С ручками бы разобраться. Кхм. Справишься? Конечно же справишься! Ах... и... Давай колечко.

Протянула руку.","biok_ymer","1526550950150537259"
"16.07.2026 19:08:02","samin__","#2997","— Джон —

Отойдя от удара, парень уже просто наблюдал за странным поведением девиц, не зная что и сказать. Его откровенно забавляла их жизнерадостность и простота, однако увидев реакцию <@&1496354817927286844> , парень цикнул, думая что-бы такое сказать, чтобы сгладить углы. Пораскинув мозгами, тот ухмыльнулся делая шаг на встречу:

— Хм... я Джон

Он быстро схватил девушку, что тыкала в него пальцем за запястье, дëргая на себя, попутно ставя подножку, чтобы та потеряла равновесие. Когда та полетела в его сторону, парень сделал шаг в сторону, уступая той место. Когда она уже пролетела его, тот подставил руку так, чтобы взять еë за талию, останавливая полëт, завершая движение позой из классических танцев:

— Знаете, весьма грубо обвинять меня во лжи, когда я вообще не лгу. Да и вы видимо плохо свою работку выполняете. 2 души сюда прошли, да и страха вы не нагоняете, скорее уж только умиления~

> Метод 2: Смена приоритета

|| <@815329322881646622> ||","pizza9832; ktoia","1526604102509920396"
"16.07.2026 20:04:44","ktoia","#6622","|-----------------------------------------------------------------------------|
— Цербер —

Цербер коя тыкала во всех, хотела начать продолжать ""гнать"" на ""приглашенный гостей"", однакось.... Она в корни не ожидала что тот кому только что угрожала подойдет и так резко её возьмет! Было буквально видно по глазам как та из-за неожиданности опешила и вообще не сопротивлялась своим покидыванием в одну и другую сторону, а после и ""пританцовыванию"".... Чтож, верно было бы закончить эту сцену первым делом! 

Грозная и страшная собачка, вышла из ""непонятности"" в своей голове, и все так же растерянно взглянула на <@&1496354710934917322>, коий говорил что она совсем не страшная! Это понятное дело задело гордого Цербера, которого боятся все! По этому она похмурилась иии... Положила одну руку на руку парня, которая лежала на талии и сжала её, чтобы он не мог убрат руку с талии, вторую же она обперла ладонью о его грудь и встав на носочки приблизилась к его лицу заявляя:

— ВОТ КАК! Тогда у тебя сердце остановиться от умиления!

В след за этими словами она сразу же толкнула его в грудь, чтоб тот упал на землю, а она следовательно упала на него и начнет фыркать и мило тереться о него словно действительно собака, а после и вовсе начнет тому облизывать лицо, пока что в рамках разумного....

|-----------------------------------------------------------------------------|

Возвращаясь к <@&1496354817927286844>, две собачки недолго поглазели на действия Джона и третьей, однако решая оставить его на третью. Отшатнувшись друг от друга первая сделала пару шажков вперед, от второй. Вторая же начала идти слегка в бок, немного обходя <@&1496354817927286844>.

Сделав несколько шагов вперед первая перестала хмуриться и начав достаточно резко махать ручками говорить что думает:

— Да я то? Да ты то? /Слегка дернулась на месте/ Покажее....... Мее... тьфу... 

Не пойми из-за чего она высунула язычек, однако тут же его засунула обратно и потерев ручками лицо перестала жестикулировать. Начав говорить слегка более осмысленнее:

— Неа! Не отвечает! Да чтоб эта ""взвинченная"" работала с таким. /кивок в сторону Кертис/, у тебяж душище черно черного! Сравний той, если не хуже! Да и.... хотя.... /глядь на лыбызания Джона/ Этот вообще полторашка.... ААА не понимаю!!!!!

Пошуршав по своим волосам, вновь опустила руки замученно добавляя:

— Значит не отсюда? То есть ты и он не сбегали с колб?

|-----------------------------------------------------------------------------|","",""
"16.07.2026 20:05:04","biok_ymer","#9440","—Айрис Янг—
|-----------------------------------------------------------------------------|
Чуть помедлив девушка все же сняла с руки кольцо и положила на руку ангела, после чего уставившись на схему, спросила:
|-----------------------------------------------------------------------------|

—Куда я могу записывать свои изыскания? Не думал что моей бумаги хватит на это действо.

|-----------------------------------------------------------------------------|","ktoia","1526613000570798281"
"16.07.2026 20:19:13","ktoia","#6622","|-----------------------------------------------------------------------------|

Это были колбы с синеватой жидкостью и внутри каждой угадывалось нечто определённо живое. Когда Виктор ударил по стеклу, существо внутри открыло глаза и уставилось на него, начиная следить за каждым его движением.

|-----------------------------------------------------------------------------|
— Джаджмент —

Прокурор же прошла за Виктором смотря за того действиями, и как то с прищуром глядя на колбу. Когда в её воздушное пространство поступил вопрос, девушка отвела взор от колб на собеседника отвечая:

— Хм. Да, я та кто приводит приговор в действие, но... да... мхе... Грешники щас страдают и без меня, по этому работы маловато.

Положила руку на цепь, начиная поглаживать ту и отвечать, более резко и слегка громко:

— Я ненавижу дебилов, но больше я не нанавижу озобоченных дебилов! Когда тут еще были ""котлы с грешниками"", ОЗАБОЧЕННЫМ ДЕБИЛАМ нравились мои цепи! Так что мне пришлось придумывать другие пытки за их дела.... Ты же не **озабоченный дебил**?

|-----------------------------------------------------------------------------|","biok_ymer","1526549979836190781"
"16.07.2026 20:40:01","ktoia","#6622","— Азазель —  

Азазель взяла колечко, сложила его в карман халата и услышав вопрос, обернулась к столу с голограммами. Она коснулась пальцем поверхности и перед ними тут же развернулся голографический интерфейс.

— Да, не хватит.

Она увела пальцем в сторону Айрис и голограмма плавно переместилась к ней. Обернувшись, ангелок принялась объяснять:

— Пиши сразу в базу данных. Думаю, разберешься. Там можешь найти и нужную документацию, если нужно - доступ у тебя есть, его хватит. На этом, пожалуй, все? Хмм... Тогда...

Она перевела взгляд на Люци и чуть улыбнувшись, добавила:

— Оставим тебя наедине? Каждый сейчас займётся тем, что нужно и управимся быстро.

Кивнула самой себе и направилась к выходу, бросив на прощание:

— Пошли, Люци, ты мне ещё нужна~

|-----------------------------------------------------------------------------|

Покинув комнату, Азазель уверенно пошла по нужному коридору. Немного пройдя, она не сбавляя шага, спокойно спросила у Люцифер, которая разумеется шла рядом:

— Ну как у тебя делишки~?","biok_ymer","1527360435739820185"
"16.07.2026 23:30:49","biok_ymer","#9440","—Виктор Кольд—
|-----------------------------------------------------------------------------|
Смотря на глаз парня посетила злобная мысль, однако он решил пока её придержать, слушая собеседника, а после и отвечая:
|-----------------------------------------------------------------------------|

—Нуу значит близкая к безработице. С верхом эволюции всегда страдают такие работяги как ты, такова жизнь индустриализации. И я не сказать что озабоченный, но люблю когда девушка даёт отпор, а не отдается захватчику.

/Почапав подбородок, тот поднял указательный палец вверх, говоря:/
-Так если тебе делать нехуй, может тогда занятие найдем? Вот к примеру можно эту жижу освободить и посмотреть как они будут её подовлять без прокурора.

|-----------------------------------------------------------------------------|","ktoia","1527363995806335066"
"16.07.2026 23:38:07","biok_ymer","#9440","—Айрис Янг/Люцифер—
|-----------------------------------------------------------------------------|
Девушка не долго думая уставилась уже на новый интерфейс, начиная изучать его свойства и инструментарий. Демоница же не особо понимая разговоры умников крутила в своей руке кинжал и как только её взгляд встретился с Азазель, она тут же убрала его за фартук, чуть лениво улыбнувшись. После же услышав слова той пошла за ней следом, отвечая:
|-----------------------------------------------------------------------------|

—Было неплохо, пока не открылся портал. Думала жизнь какая придумала портал, а это была к сож...счастью ты, отчего теперь я вновь без дел. Все было стабильно и ничего нового не успело ещё произойти.

|-----------------------------------------------------------------------------|","ktoia","1527369231501627544"
"17.07.2026 00:52:26","ktoia","#6622","|-----------------------------------------------------------------------------|
— Джаджмент —  

После первых фраз про предпочтения девушка посмотрела на Виктора как на **озабоченного дебила**, однако всё же решила абстрагироваться от этого после следующих слов. Услышав про ""дело"", она прищурилась, разглядывая его с новым, чуть более заинтересованным выражением. Она перевела взгляд на колбы, потом снова на него и на её губах мелькнула кривая усмешка.

— Безработица? Хах. Скажем так: я не ищу работу, я ищу повод... А повод, знаешь ли, должен быть достойным...

Подошла к ближайшей колбе, провела пальцем по стеклу, оставляя тонкий след на гладкой поверхности и обернувшись обратно, ответила:

— А повод то ДОСТОЙНЫЙ!

Голосе зазвучала злая, радостная решимость:

— Нахуй эту индустриализацию! А давай! Сколько же эта хуйня этих роботов пизданет! Аж тепло на душе станет.

Она отошла на пару шагов, разворачиваясь лицом и кивнула Виктору.

— Открывай.

|-----------------------------------------------------------------------------|","biok_ymer","1527412212182810664"
"17.07.2026 00:57:54","biok_ymer","#9440","—Виктор Кольд—
|-----------------------------------------------------------------------------|
Не долго думая, парень ухмыльнулся шире слушая госпожу судью, а после хотел пафосно нажать на первую попавшуюся кнопку, но вместо этого долбанул по какому-то терминалу, смотря за реакцией.
|-----------------------------------------------------------------------------|","ktoia","1527432754344624228"
"17.07.2026 03:05:02","ktoia","#6622","— Азазель —

Слушая мнение своей ненаглядной, девушка продолжала идти и с умилением в голосе говорить:

— Понятненько-понятненько, ну ничего! Больше ты меня не потеряешь~~. Кстати, дорогуша, а что там с другими девочками? Как они себя ведут? Хотя....

Она дошла до какой то двери и зашла в нужную комнату с некоторым оборудованием, оглядываясь по сторонам.

— Не говори! Так-то без разницы, что с ними, ведь мне важна только ты одна, моя милая Люци~

Подойдя к какому то аппарату с несколькими ящиками, она потёрла правую ладонь и левой рукой стала лазить в районе предплечья, проводя какие то манипуляции, попутно продолжая разговор:

— Что скажешь по поводу существ, которых я привела?","biok_ymer","1527414049422311524"
"17.07.2026 03:09:24","biok_ymer","#9440","—Люцифер—
|-----------------------------------------------------------------------------|
Идя следом та слушала и следила за действиями мастера, с малым прищуром, говоря:
|-----------------------------------------------------------------------------|

—Иногда мне кажется что ты поистине ни чем не думаешь другом кроме как узнать что-то новое... Кхм, если высказывать мое личное мнение я скажу что прошлый приход человека был поинформативнее и полезнее чем эти ""разумные"". Девушка в платье быть может и имеет ум как у тебя, однако смотря за остальными я могу сказать, что они весьма сильно сейчас мешают, хоть и не лично мне, но неприятно.

|-----------------------------------------------------------------------------|","ktoia","1527466123925389543"
"17.07.2026 03:27:43","ktoia","#6622","— Азазель —  

Слушая мнение Люци, ангелок улыбнулась. Отсоединив левую руку, она принялась копаться в ящике в поисках другой - эта уже слишком перенапряглась. Достав запасную, она аккуратно закрепила её, попутно отвечая:  

— Хм. Твоя правда, Люци: первый раз всегда интереснее. Что до Айрис - сейчас лишние ручки не будут лишними. С такой ситуацией приходится слегка отходить от привычного поведения... Эх. Ну ничего, ради прогресса и знаний и не на такое можно пойти~.  

Она закрепила новую руку и начала проверять её работоспособность, плавно сжимая и разжимая пальцы.  

— А что до остальных... Хм. Не прямо чтобы проблема, но если слишком сильно будут мешаться - придется их утилизировать. А так - авось, пусть хоть что-нибудь увидят в своей жизни. В конце концов, это даже отличная возможность понаблюдать, что люди делают в такой ситуации.  

Азазель переключилась на левую руку, проверяя соединения и бросила короткий взгляд на Люци:

— Ладно, всё же... М-м. Как там 667?~","biok_ymer","1527467220517523688"
"17.07.2026 03:43:25","biok_ymer","#9440","—Люцифер—
|-----------------------------------------------------------------------------|
Слушая предсказуемый ответ про изучения чего-то нового та выдохнула, а после дождавшись вопроса, ответила:
|-----------------------------------------------------------------------------|

—Для людей у них отсутствует чувство инстинкта и безопасности, отчего они сейчас ворашат пчелиное гнездо... А этот? Нууу, он пока ещё ничего не сломал, что удивительно. В данный момент занимался ""медитацией по усмотрению гнева"", что ему кто-то навязал. Думаю это бы имело больший успех, если бы он не делал перерывы на разрушения чего-то вокруг.

|-----------------------------------------------------------------------------|","ktoia","1527471829273546763"
"17.07.2026 14:48:24","ktoia","#6622","— Азазель —

Услышав про изменения в поведении 667, ангел слегка приостановилась, задержав руку на ящике с деталями.

— Я и не рассчитывала, что он вообще пытаться будет. Хм. Интересно, кто его так надоумил - нужно будет узнать получше. Может, из этого и выйдет что-то путное.

Она закончила с заменой руки, проверила подвижность пальцев, затем отошла от аппарата и двинулась вглубь комнаты. Подойдя к креслу, она села, потянулась и положив руки на подлокотники, чуть прикрыла глаза.

— В общем, как такового ничего серьёзно нового, в отличии от меня. Жалко и печально. Эх... Интересно, как там в раю... мм... наверняка ждут, когда я вернусь со своими изысканиями~. Уж наверняка скучают без моих отчётов. Пу-пу-пу....

Беззаботно приоткрыв глаза, повернулась на стуле к столу коий был рядом и достав колечко, стала проводить некоторые манипуляции.","biok_ymer","1527475780261646518"
"17.07.2026 21:02:40","pizza9832","#9089","__""Кертис""__


*Кертис лишь слушала эту словесную перепалку, которая проходила между <@&1496354710934917322> и Церберами, однако когда собака без спросу начала валить на землю ее напарника и лизать, то женщина сразу же фыркнула. Через секунду из ее спины снова появился костяной хвост, который осторожно тремя цепкими пальцами поднял за одежду цербер и та стала висеть как игрушка*

-Эй, а это уже можно было бы прировнять как покушение на жизнь, а что если у него сердце остановится.

*Затем внимание женщины перешло на других щенят, которые начали ""хвалить"" ее отвратительную душу. Однако Кертис не стала из-за этого злится, лишь лёгкая улыбка появилась на ее лице*

-Ой, я польщена за вашу проницательность в плане моего отсутствующего сердца и что же я по вашему мнению сделала такого? Чтобы стать в ваших глазах чудовищем. Хотя плевать, я и так в родном мире наслушалась речей о том, что я делаю не так. Отвечая же на вопрос да мы не монстрики из колб. Мы гости из другого мира если быть конкретнее.","ktoia","1527360350624809171"
"18.07.2026 10:46:24","samin__","#2997","— Джон —

Неожиданно. В целом одно это слово могло описать то что только что произошло. Когда девушка перевернула инициативу, парень слегка растерялся, а когда начала тереться, тот и вовсе понял что пора бы взглянуть на часики, как вдруг... А? Его начали облизывать?

Благо <@&1496354817927286844> подоспела вовремя и оттащила странную девицу от него. Похлопав глазами, тот посмотрел на висячую собачку:

— Знаешь, даже поклонницы в моём мире такого себе не позволяли

/Вытер лицо рукавом/
— Нет, я конечно не против, однако для таких игр, я бы выбрал другое место и время

Встав и сделав пару шагов в сторону, парень посмотрел вначале на часы, а после и на <@&1496354817927286844> и сказал:

— Ну вот что с тобой делать? Всю малину попортила...

Сказав это, парень подошёл к двум оставшемся девицам, обнимая их за талии, вставая между ними, всё ещё смотря на <@&1496354817927286844> :

— Тогда договорились, ты забираешь ту что висит, а я так уж и быть, возьму на себя двух /Посмотрел на двоицу, мотая головой/ что скажите~?

> Нужно срочно уменьшить значение, пока меня тут по кругу не пустили

||<@815329322881646622> ||","pizza9832; ktoia","1527737318184587405"
"18.07.2026 14:43:46","ktoia","#6622","|-----------------------------------------------------------------------------|
— Цербер —

Когда бедную цербер номер три оторвали от её злого и хитроумного плана, тем что её буквально отлепили от Джона, девушка пролетелась на костяной лапе... Пищя она начла качатся туда сюда на своей одежде выговаривая:

— ТАК Я И ХОТЕЛА!!! ОПУТИ!!! АТСТАНЬ! ВСЕМ ТАКОЕ НРАВИТСЯ!

Еще недолго покачавшись девушка поняла следующее! Это кость, а значит... Она вывернулась так чтобы схватиться за костяной хвост, а после начнет его грызть... Правда, почти сразу перестанет и с видом : <:cerbsad:751055283790282802>  МЕ, начнет тереть ручками о свой язык и говорить:

 — МЕ, не, не хочу!....

Чтож... Цербер осталась висеть как тряпочка, не хотя грызть не вкусный хвост... эх... бедная, милая, маленькая цербер, вон даже слезку выдавливает чтобы её отпустили....

|-----------------------------------------------------------------------------|

Первая и вторая кои пытались понять что за фрукты перед ними, явно не ждали что их дальнейшие повадки и мысли ОПЯТЬ прервет ДЖОН. Нет им конечно хочется ему остановить сердце своими методами, однако они очень не хотят вслед за третьей висеть как тряпочки... По этому выглянув из-за Джона друг на друга, они озорно улыбнулись и схватив того за руки быстро и очень сильно дернули того вниз чтобы он отцепился и ОПЯТЬ упал на землю.... Не знаю поможет или не поможет удача Джону, но сила была черезмерно сильной, и тот бы не удержался за талии милашек. 

Когда они отцепили Джона, обе развернулись и сказали смотря на него:

— Я не против развратить и твой мир, однако не сейчас! Ты косточка пока полежи, я с тобой потом поговорю!

Уйдя от <@&1496354710934917322> коего она нарекла косточкой, двоица подошла ближе к <@&1496354817927286844>, одна стала медленно и очень по шпионски обходить Кертис дабы помочь своей третьей тягая её за ручки, но не очень получалось. А первая же которая продолжала стоять начала стелить базу, жестикулируя и выбивая все внимание на себя, стараясь чтобы Кертис ну точно не заметила ""освобождения"", конечно же было понятно что она хочет, эта попытка была какой-то мило-глупой.

— Окак.... То есть ТЫ и ОН из другого мира, а не монстры. Этоо.... э.... ВСЕ РАВНО, не очень многое объясняет. На пример у него больше чем одна душа! А ты... а... ну... Ты сама знаешь! Да-да-да! Точно знаешь. Вообще раз вы из другого мира и еще дошли до сюда, значит вы действительно гости Лормастер, понятно. Тогдааааааа.... .а.... ну.... ам......

Нейроны Цербера стали работать на приделе, чтобы придумать самое лучшее отвлечение внимания и она сказала:

— Как погода? <:cerb_nervous:714498630073188352> 

Собачка явно глупенькая... Но знает много, все таки ЦЕРБЕР.

||Я опять начинаю путаться.||

|-----------------------------------------------------------------------------|","samin__","1527944614781386844"
"18.07.2026 19:46:36","ktoia","#6622","|-----------------------------------------------------------------------------|

[Вопреки здравому смыслу](https://discord.com/channels/1495473722679754914/1495473983636897803/1528072748566319286) система отреагировала на это ФЕЕРИЧНЫЙ удар по терминалу.

Раздалась короткая серия резких электронных сигналов , после чего по всему залу одновременно вспыхнули индикаторы. Все капсулы синхронно дрогнули, получая единую команду. Синеватая жидкость внутри них стремительно начала уходить вниз. Погруженные в половинчатый анабиоз существа почти одновременно открыли глаза. Десяток ярко-синих взглядов отворились, а затем одна за другой твари медленно стали растягивать пасти в оскале.

Следующего мгновения хватило, чтобы ближайшая к Виктору капсула не выдержала. С грохотом толстое бронестекло разлетелось по всему помещению. Наружу полезла массивная чёрная фигура, вытягивая длинную когтистую руку прямо к <@&1496354420114456710>. И будто этого оказалось недостаточно, по всему залу один за другим начали раздаваться новые трески. Стенки остальных колб покрывались сетью стремительно расползающихся трещин.

Система безопасности понятное дело не заставила себя ждать.

По комнате вспыхнул тревожный красный свет, а тяжёлые гермодвери по обе стороны лаборатории немедленно начали процедуру полной изоляции сектора. Дальняя створка с лязгом опустилась до конца, намертво заблокировав проход, её панели окрасились в тревожно красный цвет. **С ближайшим же выходом** оказалось по другому: повреждённая ранее дверь была настолько сильно выгнута, что уже не могла нормально сомкнуться. Автоматика определила неисправность и запустила резервный протокол. Из потолка и пола с глухим ударом выдвинулась вторая, куда более массивная гермоперегородка, окончательно отрезав единственный путь к отступлению!

Виктор и Джаджмент остались внутри вместе с существами, которых только что собственными руками выпустили на свободу.

|-----------------------------------------------------------------------------|
— Джаджмент —

Смотря на хуйню что происходила достаточно быстро девушка взглянула на Виктором, а после на закрытые проходы и выдала короткое и очень информативное:

— Ну... **пиздец**.

|-----------------------------------------------------------------------------|","biok_ymer","1527434127387918619"
"18.07.2026 20:09:59","pizza9832","#9089","__""Кертис""__

*Женщина лишь спокойно наблюдала за клоунадой, которая творилась вокруг нее, надеясь, что это когда-нибудь закончится, однако стоило <@&1496354710934917322> было сказать последние слова. Ее глаза сразу же стали красными, а зрачки сузились, будто тот угрожал смертью ей или что-то вроде того, а следом в лицо парня прилетел щелбан*

-Еще раз при мне будешь говорить такие похабные вещи, я буду тебя уже держать этих хвостов, а не щенят, понял?

*Кертис же немного вздрогнула когда услышала как подвешенная дворняжка начала кусать ее за костяной хвост, но вспомнив, что в нем нету нервных окончаний сразу расслабилась, а сама конечность медленно опустила девочку на землю. Через секунду хвост исчез в спине женщины как будто его не было*

-Лормастер? Хм, удивительно, что я только сейчас узнаю ее имя, хотя и друзьями мы не являемся. Стоп у кого много душ?


*Взгляд Кертис метался между девчонками пытаясь сосредоточиться*","ktoia","1528004353783369789"
"20.07.2026 22:13:57","biok_ymer","#9440","—Виктор Кольд—
|-----------------------------------------------------------------------------|
Смотря по сторонам тот конечно радостно ухмыльнульнулся ожидая начало заварушки, однако сзлопыванте первого железного кирпича, а после второго опустили его улыбку, делая ему гримасу на подобии :0. Чуть потупив тот и не заметил как того почти схватили, из-за чего прийдя в себя тот тут же уклонился отступая от нечто в сторону( https://discord.com/channels/1495473722679754914/1495473983636897803/1528842050227802253). После чего глянув на лестницу проговорил:
|-----------------------------------------------------------------------------|

—Хаус то посеяли, а вот как выбираться будет... Есть идеи?

|-----------------------------------------------------------------------------|","ktoia","1528080560642068480"
"20.07.2026 22:19:57","biok_ymer","#9440","—Люцифер—
|-----------------------------------------------------------------------------|
Спокойно и не принуждено девушка сотворила возле себя маленький портал, откуда она достала кружку и пачку кофе, вместе с кувшином воды. Налив воды в кружку та стала при помощи огня из руки разогревать воду, после чего замешаны в него кофеин поставила кружку на стол, попутно закрыв портал и уточняя:
|-----------------------------------------------------------------------------|

—Молока или сливки добавить или так сойдёт...? Ну и я не думаю что тебя ждут наверху, раз уж не пускают.

/После девушка холодно встала в ровную позу полгода руки вниз, в взгляд был отведен в сторону, о чем-то думая./

|-----------------------------------------------------------------------------|","ktoia","1527643130961334272"
"21.07.2026 00:16:59","samin__","#2997","— Джон —

Ну вот и что за денёк такой? Парня опять уложили на лопатки, а потом ещё и щёлбан дали! АУЧ!

Поняв что далеко от пола его сегодня не отпустят, парень привстал на локтях, отвечая:

— Вообще-то я ничего такого **пока что** не сказал. Да и не сказать что я это говорил в серьёз. Заводить роман с тремя сразу - слишком даже для меня

Взглянув на часики, парень ухмыльнулся, понимая что вновь снизил значение. И чего они так взбеленились в другом то мирке?! Однако услышав о том что <@&1496354817927286844> интересуется душами, парень перевёл взгляд на неё:

— Ну у меня. А я не говорил. Хах... там такая история неприятная была... да...

Не удивительно, но столь открыто об этом парень говорить не хотел, не понимая как вообще эти девки прознали про его ""особенность""

||<@815329322881646622> ||","pizza9832; ktoia","1528086448451096746"
"21.07.2026 00:37:32","ktoia","#6622","|-----------------------------------------------------------------------------|
— Джаджмент —

Спешиваясь назад чтобы видеть все постепенно ломающиеся капсулы, девушка начала думать о последствиях. Однако услышав вопрос Виктора, она хищно ухмыльнулась и принялась раскачивать цепь на руке.

— Идея? Хах.. ну, например...

Резким движением Джаджмент подскочила к той самой твари, что тянулась к Виктору ранее и с размаху ударила цепью по её рукам. Конечности с глухим хрустом отделились от тела, а следом цепь обрушилась на голову - сгусток черно синей пульсирующей массы шлепнулся на пол и начал растекаться вязкой лужицей.

— ...превратить этих уродов в фарш.

Следующие твари, вырывавшиеся из капсул, постепенно начинали выглядеть иначе: их оболочка становилась плотнее, чернее, будто закалялась на воздухе. Джаджмент пару раз ударила по уже мертвому телу для проверки, затем подняла взгляд на Виктора и коротко бросила:

— Нужно съёбывать. Либо ждать, пока эту херню подавят... Ай, нахуй! Думай сам! Я пока займусь тем, что могу.

Демоница шмыгнула в сторону и пошла крушить вылезающих тварей цепями, пока они ещё относительно слабы и медленны.

|-----------------------------------------------------------------------------|

У Виктора появилась пара минут, чтобы подумать. Выходов действительно не осталось - двери заблокированы намертво. Однако, если присмотреться к потолку, можно заметить вентиляционную шахту. Решётка тоже заперта, но явно не так надёжно, как гермодвери. Выбор прост: либо прорываться с боем через толпу укрепляющихся тварей, либо рискнуть и попробовать выбраться через вентиляцию, пока эти уроды не окрепли окончательно.

|-----------------------------------------------------------------------------|","biok_ymer","1528842420106825828"
"21.07.2026 01:00:34","ktoia","#6622","— Азазель —

Продолжая работать над кольцом, девушка отвлеклась лишь тогда, когда перед ней невероятным образом материализовался напиток. Она аккуратно отложила ""украшение"" в сторону, взяла кружку с кофе и приподняв уголки губ в легкой улыбке, произнесла:

— Без-без... хочу почувствовать настоящий вкус.

Сделав небольшой глоток, Азазель довольная выдохнула, поставила кружку обратно и в пол оборота глянула на Люци, чтобы ответить на её слова о Рае. Однако в голосе уже проскальзывала едва заметная нотка раздражения:

— ...Пф, ничего они не понимают. Сколько раз пыталась... Но, возможно, позже... Ах, ладно /махнула рукой, отгоняя неуместную тему/ Зря подняла. Пока не до возвращения домой.

Девушка снова повернулась к столу и краем глаза глянув на кофе, вернулась к работе, но через мгновение добавила, чуть задумчиво:

— Хотя знаешь... добавь всё же немного сливок. И вообще... Ммм...

Призадумалась, продолжая сосредоточенно работать, а затем задала неожиданный вопрос:

— Слушай, Люци... Как думаешь, как меня видят другие существа? Ну, со стороны?","biok_ymer","1528843929888489564"
"21.07.2026 01:06:56","biok_ymer","#9440","—Виктор Кольд—
|-----------------------------------------------------------------------------|
Слушая россказни, тот встал в позу мыслителя, думая как бы лучше поступить и пока ему выигрывали время тот задумчиво притоптывая ногой стал осматривать головой помещение и его взгляд зацепился за вентиляцию. Отчего его фонари чуть мигнули, словно зажатая лампочка. Чуть просматривать по сторонам тот заприметил одного из монстров рядом с ней и быстрым маневром подбежал к тому, после чего достав нож стал забираться прямо по твари наверх и после забравшись на её голову сделал параболический прыжок прямо к вентиляции, цепляясь за ту руками и начал трест её словно макака вверх в низ, в попытках сорвать.
|-----------------------------------------------------------------------------|","ktoia","1528878555549925436"
"21.07.2026 01:54:09","biok_ymer","#9440","—Люцифер—
|-----------------------------------------------------------------------------|
Слушая ответ девушки, та вновь создала портал, достав оттуда пачку сливок, открыв которую добавила их в кофе, после чего остатки выкинула туда же. Слушая не типичный вопрос для Азазель та чуть приподняла бровь, но все закрывая портал и встав ровно стала отвечать:
|-----------------------------------------------------------------------------|

—Забавный вопрос, которого не ожидаешь услышать от лор мастера. Неужто данное приключения в месяц так сильно на вас повлияло? Хотя, думаю там прошло меньше времени, отчего это выглядит ещё странее. Обычно тебя подобные темы не интересовали, отчего я даже удивлена. Хмм.

/Чуть отранив цинизм, девушка уже чуть потягивая воротник в сторону, ответила:/
-Думаю ты  ""неординарная личность"". Многие в аду до сих пор не принимают твою фигуру и манеру правления, считая тебя ""странной"". Однако я не считаю, что твоё влияние так уж и плохо, раньше ад и вправду был весьма скучен и он структурировал и без лишнего влияния из вне, при приходе хеллтейкера и твоего вмешательства, ад и вправду стал другим... Да и раз рай от тебя отказался, имеет ли смысл и дальше цепляться за него? Я давно оставила попытки доказать им свою значимость...

|-----------------------------------------------------------------------------|","ktoia","1528884350253531146"
"21.07.2026 02:26:08","ktoia","#6622","|-----------------------------------------------------------------------------|

Изворотливость <@&1496354420114456710> кажется не знала границ! Мужчина сумел провернуть невероятный финт и добраться до вентиляционной шахты, что находилась под самым потолком. Под звуки бьющейся техники, звона цепей, отборного мата и рычания вылезающих тварей, он очередным мощным рывком вырвал чертову решетку, открывая путь к спасению.

Однако у этого маневра оказалась обратная сторона.

В тот самый миг, когда крышка поддалась и со скрежетом отделилась от проема, гребная гравитация напомнила о себе - Виктор вместе с увесистой металлической решеткой пошел вниз. Оказавшись на полу на него словно из ниоткуда и [очень неудачно](https://discord.com/channels/1495473722679754914/1495473983636897803/1528903543808065709), налетела одна из черных тварей. Та оказалась проворнее остальных и попыталась схватить того за ногу и войти глубоко в плоть.

|-----------------------------------------------------------------------------|","biok_ymer","1528885953618509916"
"21.07.2026 02:48:54","ktoia","#6622","— Азазель —

При словах Люцифер о рае Азазель резко остановилась. Пальцы замерли над кольцом. Когда она подняла голову в глазах мелькнул холод, а голос прозвучал четко и громко:

— **Заткнись.**

Она медленно повернулась к Люцифер всем корпусом, откладывая работу в сторону. Взгляд стал тяжеловатым.

— Не говори мне про Рай так, будто ты знаешь, о чем речь. Не рассуждай о том, что тебе неведомо. Я цепляюсь за него потому что это мой дом. Я там появилась. Я - ангел. Была им /чуть запнулась, но голос не дрогнул/ и останусь им. Даже если они отвернулись...

Короткая пауза.

— ...Однако нет. Они не отвернулись. И не смей этого говорить. Вообще....

В этот миг Азазель прервалась - что-то привлекло её внимание. Она достала планшет и на экране загорелись несколько красных предупреждений о ""безопасности"". Хмыкнув она стряхнула уведомления и убрала устройство в сторону. Сняв очки, Азазель потерла свои глаза и откинулась на спинку кресла. Очки легли на стол.

Она вновь уставилась на Люцифер, но на этот раз без злобы. Начинать другую тему явно хотелось больше чем продолжать старую. И она надеялась что Люцифер не станет давить на зло.

— Ты верно подметила. Все таки не зря ты моя помощница. Ах... Я спросила это, потому что мой контакт с другими существами изменился. Ты и сама видела: я стала ""работать"" с ними, а не... изучать. Нет конечно я и их изучаю, но не... Пф... Ладно. Ты поняла посыл.","biok_ymer","1528897836760957048"
"21.07.2026 03:10:03","ktoia","#6622","|-----------------------------------------------------------------------------|
— Цербер —

Аллилуйя! Бедняжка песель наконец опустилась на землю. Встав на свои две ножки, она уставилась на то как Кертис раздает щелбаны, а затем резко подскочила к своим остальным телам. Пока <@&1496354710934917322> сам отвечал на вопрос <@&1496354817927286844>  про душу, все три собачки обратно собрались в кучку и выстроившись в ряд замерли с интересом наблюдая за этими странными существами, которые ко всему прочему её не боялись.

Решив что ответ Джона был каким то неубедительным и скомканным, каждая из девочек одновременно ткнула в него пальцем. Первая, та что была справа, важно заявила:

— У него. И не много, а одна большая... и...

Вторая тут же дополнила:

— Большая - не значит добрая. А значит - неестественно большая.

На мгновение щенята стали на удивление серьезными - видимо угроза от ""бабушки"" Кертис все же произвела на нее впечатление и она решили придержать свои обычные выходки. Правда.... в глубине души было понятно что долго они серьезными не продержатся.

|-----------------------------------------------------------------------------|","samin__","1528873380487495760"
"21.07.2026 04:16:54","biok_ymer","#9440","—Люцифер—
|-----------------------------------------------------------------------------|
Ангел попытался поставить бывшую королеву ада и по совместительству бывшего ангела в том, что она не знает рая? На данную агрессию девушка усмехнулась, однако промолчала, решая не раздувать и так старые кости. Девушка также почувствовала некую неприятность, однако увидив реакцию Азазель, та также не стала продлевать этому значение. После же услышав новую тему, решила её поддержать:
|-----------------------------------------------------------------------------|

—Работать с теми, кого изучаешь? Тебе 67 не хватило? Пф, стареешь. Но я бы на твоём месте все же не работала с столь ""провокационными"" личностями. В отличии от адских существ, данные сузесности даже не ощущают своего греха и не могут понять, где не правы. От этого выходит много проблем.

|-----------------------------------------------------------------------------|","ktoia","1528911613342777405"
"21.07.2026 04:41:01","biok_ymer","#9440","—Виктор Кольд—
|-----------------------------------------------------------------------------|
И вот добившись чего хотел, мужик столкнулся с ужасное трагедией. Он упал с хрустом позвонка вниз. Тот с трудом стал приходить в себя как к нему стала какая-то тварина тянуть лапти, благо тот даже раненный обладал хорошей реакцией, отчего взявшись за носу кинул тому в голову, чтобы не коснулся его ( https://discord.com/channels/1495473722679754914/1495473983636897803/1528934613437775985). После этого тот с лязгом дошел до того и забрав нож крикнул демонессе:
|-----------------------------------------------------------------------------|

—Эй, прокурорчик. Я выход нашёл, однако пока корячится чтобы найти чуть кости сломал, сможешь меня туда подросить?

|-----------------------------------------------------------------------------|","ktoia","1528905883713540106"
"22.07.2026 13:50:44","pizza9832","#9089","__""Кертис""__

*Женщина слушала внимательно ответ <@&1496354710934917322> буквально читая в его взгляд как тот не хотел это рассказывать о том ""почему это так?"" После этого женщина прикрыла свои глаза веками, а затем положила руку на его волосы слегка ее ёрзая*

-""Эй ты никому не обязан, что либо рассказывать кому либо здесь не мне. Никому либо ещё если сам того не захочешь. В этом вся суть свободы, что это не особо дар, а скорее ещё большая ответственность. ""

*Затем рука медленно слезла с головы Джона, а после Кертис открыла глаза смотря на собачек( <@815329322881646622> ) слушая их объяснение, но легче не стало ибо оно было слишком расплывчатым*

-""Пожалуй хватит, мне больше знать не нужно, пока это мне не вредит, плевать. Это наверное мало, чем отличается от огромного количества осознаний, которых я поглощала, когда жила на Марсе. Так щенята, что это за гигантская дверь, которая сюда не вписывается это проход в ад?""","samin__; ktoia","1528873380487495760"
"23.07.2026 12:59:21","samin__","#2997","— Джон —

Парень откровенно удивился тому, что этот вопрос так просто закрылся. Вообще после такого, он бы точно не отпустил человека без расспросов, однако в этот раз всё прошло куда проще, от чего парень был неслабо удивлён и возможно даже раздосадован, что его слезливая история никому не нужна

Почувствовав себя не шибко и важным, тот поднял руки, начиная приводить растрёпанные волосы в порядок отвечая чуть тише и смущёнее чем обычно:

— Да я и не особо против рассказать тебе... тем более что одна рогатая уже знает... только в более приватной обстановке. За чашечкой чая...

Поднявшись, парень вновь налепил своё обычное выражение лица, смотря на присутствующих, ожидая ответа от троицы. Ему не была особа интересная страшная дверца, однако раз <@&1496354817927286844> спросила, почему бы и не забить голову бесполезной информацией

||<@815329322881646622> ||","pizza9832; ktoia","1529440557615681626"
"23.07.2026 13:57:46","ktoia","#6622","— Азазель —

Азазель потянулась к кружке с кофе и сделала ещё один небольшой глоток, не сводя глаз с Люцифер. Поставив кружку обратно на стол, она положила руки на подлокотники кресла и слабо жестикулируя, ответила:

— Но именно поэтому я и продолжаю с ними взаимодействовать. Если изучать их только с безопасного расстояния - никогда не поймёшь, что движет ими на самом деле. А чтобы повлиять на кого-то, нужно сначала понять его природу. Не находишь?

Она чуть наклонила голову, разглядывая собеседницу.

— Именно исходя из этого я еще давно и спустилась в ад.

Азазель повернулась обратно к столу, принимаясь заканчивать работу над кольцом.

— В любом случае, скорее всего, они сейчас лишатся одного человека. Я предупреждала, чтобы были аккуратнее. Хм... А проблемы добавляют некий интерес в изучении. Так и выходит... работа и изучение.","biok_ymer","1528933758521049278"
"23.07.2026 14:08:45","ktoia","#6622","|-----------------------------------------------------------------------------|
— Джаджмент —

Услышав крик Виктора, Джаджмент резко развернулась, одним движением смахнув цепью очередную тварь, что подобралась слишком близко. Она мельком глянула на вентиляцию, потом на Виктора, который явно был не в лучшей форме и хмыкнула, крикнув в ответ:

— Прокурорчик? **Ты не охренел?!**

Она сильно оттолкнулась от пола и в пару широких шагов пересекла разделявшее их расстояние, по пути размозжив голову ещё одной твари, что слишком настойчиво лезла под ноги. Достигнув Виктора, демоница оценивающе скользнула по нему взглядом, затем, не тратя времени на лишние слова, подхватила его за шиворот, сжала пальцы на его одежде и с рывком швырнула вверх - прямо в открытый проём вентиляции.

— ЛЕТИ!
|-----------------------------------------------------------------------------|","biok_ymer","1528939829520236644"
"23.07.2026 14:28:25","ktoia","#6622","|-----------------------------------------------------------------------------|
— Цербер —

Пока <@&1496354710934917322> поднимался и оправлял волосы, а <@&1496354817927286844> говорила о своем, все три собачки одновременно переглянулись, в чём-то молчаливо удостоверившись друг с другом. Затем они разом подскочили, глянули на дверь, а после развернулись и вообще не принуждённо, заговорили синхронно:

— Ой-ой-ой, эта дверь? Это же Врата! Те самые! Ну, в которые ходить нельзя! Вообще никак! Там смерть! Точнее, не смерть, а... АД! Да-да, самый настоящий! Прямо за ней! эээ.. стоп. Ну, как бы то есть - здесь, за ней мир живых.

Первая Цербер хитро прищурилась, подходя ближе к Кертис и ткнула в неё пальцем:

— А откуда ты знаешь про Врата, а? Ты что уже их видела? Или... а, точно! У вас, смертных, же есть книга! Библия, да? Там про всякое такое пишут!

Вторая подскочила следом, сложив руки на груди с гордым видом:

— Ну и бред. Впрочем да, ты права. Это адские врата.

|-----------------------------------------------------------------------------|","samin__","1529790013787865118"
"25.07.2026 02:15:29","biok_ymer","#9440","—Виктор Кольд—
|-----------------------------------------------------------------------------|
Попав внутрь, тот зацепился за стенку и подтянувшись на одной руке тот сел на край, после чего чуть выдохнув стал медленно лечить свой позвонок, смотря на битву приговаривая:
|-----------------------------------------------------------------------------|

—Ну и бойня... Пуф, ну да неважно.

/Посмотрев на остатки своего динамита тот хмыкнул, после чего крикнул:/
-Эй я тут немного восстановился и думаю кинуть динамит вниз, чтобы немного оглушить тварин. А ты сможешь воспользоваться этим и забраться сюда, готова?

/После сказанного тот поджог край динамита о край вентиляции и кинул все без остатка вниз. Готовясь в случае чего помочь демонице./

|-----------------------------------------------------------------------------|","ktoia","1529807480186732557"
"25.07.2026 02:27:06","biok_ymer","#9440","—Люцифер—
|-----------------------------------------------------------------------------|
Ничего удивительного что у каждого эмоционально заблуждения Азазель найдет оправдание, ничуть этому не удивившись та лишь угукнула на её слова, после чего посмотря в сторону сказала:
|-----------------------------------------------------------------------------|

—Не думаю что эти гости так легко помрут, однако проблем от этого не меньше. Ну да неважно, я так понимаю курс с изучения миров сменился на нечто другое, иначе бы ты вряд-ли бы доверила свои наработки той девочке.

|-----------------------------------------------------------------------------|","ktoia","1529804713120370808"
"25.07.2026 03:26:04","ktoia","#6622","|-----------------------------------------------------------------------------|
— Джаджмент —

Пока Виктор копошился в вентиляции, Джаджмент продолжала месить тварей, не давая им подобраться к стене. Она отбивалась от одной, отбрасывала вторую, уворачивалась от когтистой лапы, спешивалась. Она не слышала ни криков Виктора, ни его слов про динамит - она была полностью в бою.

И тут что-то тяжеловатое и твердое с глухим стуком прилетело ей прямо по макушке. Джаджмент вылупилась на сверток динамита, который упал прямо перед ней, да ещё и с подоженным фитилем. На мгновение замерев, она ахнула:

— БЛЯТЬ?!

Ещё мгновение.

— **ЕЩЁ И БОМБЯТ?!**

Джаджмент шарахнулась назад, делая пару быстрых шагов и врезаясь плечом в стену, как раз в тот момент, когда взрывная волна прокатилась по залу. Грохот разорвал пространство, осколки и комья черной плоти разлетелись во все стороны. Несколько тварей буквально лопнули, других с ошеломлением разметало по углам.

Демоница мотнула головой, прогоняя звон в ушах и только тогда сообразила, что Виктор смотрит на неё сверху из вентиляции.

— Ты...

Она коротко разбежалась, оттолкнулась от земли и прыгнув, вцепилась в край вентиляции. Увы хватка оказалась не самой надежной - она начала медленно сползать назад, говоря:

— **ТАЩИ!** Я НЕ ХОЧУ ВНИЗ!

|-----------------------------------------------------------------------------|","biok_ymer","1530352755590565968"
"25.07.2026 03:41:17","biok_ymer","#9440","—Виктор Кольд—
|-----------------------------------------------------------------------------|
Ожидаемо фаершоу было грандиозным! Однако из-за этого парень чуть и сам не упал вниз от грохота, та и сама вентиляция судя по всему неплохо так приняла удар. Прийдя в себя тот увидил летающий комок нечто, что тут же впечаталась в край вентиляции. О, это же демоница! А чего кричит? Вот неблагодарная! Ау ну и пофиг, главное помочь. Парень взял её за руку и затянув внутрь пота помощи своего веса сам отполз назад, а после увидив дымку от огня охнул и коротко кинув фразу пополз по вентиляции:
|-----------------------------------------------------------------------------|

—Ох, не хочу драматизировать, но если ты надышешься этого дымка, возможно умрёшь во второй раз! Погнали отсюда, надеюсь ползти можешь.

|-----------------------------------------------------------------------------|","ktoia","1530370516534169671"
"25.07.2026 03:54:39","ktoia","#6622","— Азазель —

Продолжая слушать любимицу и работать, Азазель ответила, мимолетно кивнув:

— Верно. Ты как всегда права. Про миры я конечно не забываю, однако... вектор действительно сместился на иное. Сейчас я стала замечать у себя слишком частые отклонения в... самочувствии. Мне это не нравится. Поэтому я стараюсь ускорять процесс любыми способами, чтобы быстрее найти решение проблемы, делится же часть ускорения. Душа трескается всё сильнее и сильнее.... И.... так..... Готово!

Доделав кольцо, девушка убрала его в сторону и развернулась на стульчике лицом к Люцифер.

— Пару миров пройдем и возможно, я буду близка к разгадке.

Замолчала поглядывая на горничнуюа, а затем неожиданно сказала:

— Сядь ко мне на коленки~","biok_ymer","1530355680110837970"
"25.07.2026 04:53:03","biok_ymer","#9440","—Люцифер—
|-----------------------------------------------------------------------------|
Девушка спокойно выслушала её гипотезу, добовляя:
|-----------------------------------------------------------------------------|

—Прогрессирует? Хм, это после того случая? Резонно предпологаю, что в других мирах об этом знают больше.

/Только девушка смягчилась радуясь диалогу о чем-то великом, как её снова поставили на место слуги, принуждая её делать, что та не то что не хотела, а не желал вообще. Угрюмо глянув на девушку та чуть смутилась однако покорно исполнила приказ, садясь на колени девушки./

|-----------------------------------------------------------------------------|","ktoia","1530377712315797525"
"25.07.2026 20:25:30","pizza9832","#9089","__""Кертис""__

*Женщина развернулась к <@&1496354710934917322> в моменте его слов, а затем показывает большой палец при этом улыбаясь во все 32 зуба*

-О-о-о-о-о ты на столько мне доверяешь на самом деле это....

*Кертис даже перестала улыбаться, а начала более внимательно смотреть на Джона будто ищя что то в его глазах, хоть толику страха перед ней*

-Это крайне необычно, да думаю это слово наиболее подходящее.

*Затем ее слух переключился на слова собачек, но особо новой информации она не получила, а лишь подтверждение своих слов*

-Так мы же пришли это как его свинством заниматься, а сейчас мы только стоит и страдаем у двери, чем тут можно заняться?","ktoia","1529812427603050556"
"26.07.2026 11:48:45","ktoia","#6622","|-----------------------------------------------------------------------------|
— Джаджмент —

Джаджмент влетела в вентиляцию о металлический край, но уже через мгновение её рука оказалась в хватке Виктора. Она с его помощью подтянулась, заваливаясь внутрь и с грохотом приземлилась на живот, перекатившись в сторону, чтобы освободить проход.

— Да уж... м?

Она глянула назад, затем, как и было сказано, стала лезть вперед, бросив коротко:

— Уж, вторая смерть - не вариант... Пошевелимся.

Они ползли дальше. Дым оставался где-то позади, а вентиляционная шахта тянулась вперед, темнея и сужаясь. Тишина нарушалась только их дыханием и звоном металла под весом тел. Это было хорошее время, чтобы задать какой-нибудь вопрос или хотя бы попытаться понять, куда именно ведёт эта вентиляция.

|-----------------------------------------------------------------------------|","biok_ymer","1530374349813579777"
"26.07.2026 12:05:08","ktoia","#6622","— Азазель —

Когда Люцифер послушно опустилась на колени, Азазель почувствовала как внутри разливается теплое чувство. Она аккуратно положила голову на плечо Люци, обвивая руками её талию и прикрыла глаза.

— Знаешь... я сейчас чувствую себя в безопасности. Раньше за мной такого уж точно не замечалось. Всё время держалась настороже, даже если со стороны казалось что я расслаблена. А с тобой - нет.

Она слегка прижалась сильнее.

— Это странно для меня. Как ученый, я могу объяснить это разве что тем, что рядом с тобой у меня снижается уровень кортизола. Тело перестает воспринимать окружающее как угрозу и я позволяю себе просто... быть.","biok_ymer","1530392407848517792"
"27.07.2026 00:00:55","biok_ymer","#9440","—Виктор Кольд—
|-----------------------------------------------------------------------------|
Ползя вдаль тот осознал что темнеет, отчего достал из кормушка фонарик, благодаря чему стал освещать проход прямо, говоря:
|-----------------------------------------------------------------------------|

—Хотел бы извиниться за ""прокурорчика"", ты весьма славно билась, отчего доказала что ты лучше чем простой раб, думаю я бы оценил тебя на бригадира! Хехе, а если честно ты правда бывший прокурор? Ты и сейчас вполне способна.

|-----------------------------------------------------------------------------|","ktoia","1530859410707058829"
"27.07.2026 00:14:39","biok_ymer","#9440","—Люцифер—
|-----------------------------------------------------------------------------|
Смутившись такому вниманию девушка умолкла на какое-то время, после чего чуть успокоилась услышав слова девушки и второй свободной рукой стала гладить Азазель по голове, говоря:
|-----------------------------------------------------------------------------|

—А если без научного, то ты испытываешь спокойствие рядом со мной? Как мило. Обычно ты не такая сентиментальная, но мне даже приятно подобное слышать. На самом деле я и вправду немного беспокоилась когда ты не вернулась с того портала, однако  я никак не могла открыть новый портал туда же, отчего и подумала, что ты и вправду можешь быть мертва. На моём веку уже многие канули и я предположила что это новая глава для ада и меня, но оказалась, ошиблась, отчего я даже рада, что заблуждались.

|-----------------------------------------------------------------------------|","ktoia","1530863533930188961"
"28.07.2026 12:13:32","samin__","#2997","— Джон —

Во взгляде парня не было страха как такового, скорее дикое негодование, что ему не дали подомогаться до красоток, хотя... они и были глуповаты. Но с тройняшками у него ещё не было вообще-то, от чего у парня было не мало претензий!

Слушая слова Кертис что это как-то необычно, тот пожал плечами, говоря без каких либо эмоций, что было крайне необычно, только вот для поведения Джона:

— А чего необычного? Я это уже рассказал той, что повернула это против меня, так что хуже уж точно не будет. Тем более что в этом вопросе я бы сказал что мы весьма похожи. Хотя ни я не знаю твоей истории, не ты моей. Ну ладно уж...

Договорив, парень моргнул, возвращая привычный блеск в глазах, наклоняясь в сторону, выглядывая из-за <@&1496354817927286844> на троицу, дополняя её слова:

— Вот-вот! У вас тут тухло как в Аду! Где развлечения? Где зрелища? Как вы тут веселитесь?

||<@815329322881646622> ||","pizza9832; ktoia","1530627065617977485"
"28.07.2026 23:54:03","ktoia","#6622","|-----------------------------------------------------------------------------|
— Джаджмент —

Девушка нахмурилась от услышанного, однако почти сразу сбавила пыл, выдохнув и сказав:

— Своеобразные у тебя комплименты, ну и ладно. Вообще не бывший, а и ныне являющаяся, просто... м... Как я и говорила, из-за той, что сейчас здесь заправляет, работы нету, посему приходится гнить в скуке. При Люцифере определённо были времена лучше. Ай ладно бог с этим, сегодня хоть что-то да интересное было.

Полазив ещё какое-то количество времени вперёд, девушка спросила:

— Ты сам кем будешь то? **Человек** точно не обычный.

|-----------------------------------------------------------------------------|","biok_ymer","1531043665810555132"
"29.07.2026 00:06:13","ktoia","#6622","|-----------------------------------------------------------------------------|
— Цербер —

Цербер не хотела совать свои носики в страсти между Джоном и Кёртис. Хотя нет вру... Может и хотела бы! Но из уважения не делала этого. Услышав вопрос о вечной скуке, она и сама призадумалась, а после первая ответила:

— Не знаю, мне вот не скучно! Я почти развратила смертно...

Вторая подскочила к первой и прикрыв той рот, сказала:

— Тут много занятий! Например, гоняться за роботами, кусать роботов, ломать роботов... э... гоняться за мутантами, бить мутантов. Бегать за демонами и раздражать их! О! Ещё можно играть со мной! Правда, я сама с собой зачастую играю... м... никто не хочет этого делать, а... Помогать Джастис делать пироги! О! А ещё можно... а... ну.. э... блин... и правда тухловато.

Цербер приуныла, понимая, что никакого СВИНСТВА выдумать сама не может...

||<@&1496354817927286844> <@&1496354710934917322> ||
|-----------------------------------------------------------------------------|","samin__","1531590424580325468"
"29.07.2026 00:55:30","biok_ymer","#9440","—Виктор Кольд—
|-----------------------------------------------------------------------------|
Лазяя по бесконечному коридору вентиляции тот уже начал беситься, нервно смотря как фонарик то и дело моргал от нехватки энергии батарейки. Вот на какой такие лабиринты делать? Ну ужас. Услышав вопрос, тот не долго думая ответил:
|-----------------------------------------------------------------------------|

—Я же говорил ранее, я исследователь и мастер выживания. В моем мире весьмя тяжко с ресурсами и тварины подобные тем с коими мы сражались пруд пруди, отчего и пришлось научиться быстро ориентироваться в ситуации, иначе была бы смерть моя хах. Но в отличии от тебя воин из меня никудышный, скорее как бельмо на глазу в битве, отчего и не лез. О и не переживай насчёт ранения, через пару минут плотной разминки я залатаю их, считай моя уникум сила. Но не сказал бы, что я в чём-то ещё выделяюсь. Ну ещё могу из всякой всячины что-то собирать, но это уже как хобби.

|-----------------------------------------------------------------------------|","ktoia","1531766713992089670"
"29.07.2026 19:56:14","pizza9832","#9089","__""Кертис""__

*Женщина слушала <@&1496354710934917322> хоть его вопрос скорее звучал более прагматично нежели прям признание, но это же неплохо, но это сравнение, которое лишь вызывало у нее напряжение и дрожь по коже*

-Поверь узнал бы ты меня настоящей не захотел бы общаться, но да ладно.

*Затем все ее внимание захватили собаки бешенные, которые продолжили рассказывать кучу не особо полезной информации и со стороны можно было увидеть как у Кертис начала течь слюна, но та хлопнула себя по голове и пришла в сознание*

-Опять отключилась... что ж не думала, что демоны как олицетворение грехов и порог всего живого живут так уныло. Я даже не знаю, что из этого хуже.  Люди видимо которые работают в офисах или подобных местах видимо тоже демоны. Честно даже скучаю по какой нибудь битве...или хоть какого нибудь эмоционального всплеска.","ktoia","1531769775049408692"
"30.07.2026 15:23:43","ktoia","#6622","— Азазель —

Когда Люцифер начала гладить её по голове, Азазель прикрыла глаза и ещё сильнее прижалась к ней. Её слова определённо нашли отклик - уголки губ девушки складывались в уже легкую искреннюю улыбку.

— Это... приятно слышать. Ха... Новая глава для Ада? Пожалуй, она действительно может начаться, если мне так и не удастся найти решение. Любопытно... очень любопытно.

Она замолчала на мгновение, а затем понизив голос до шепота, продолжила:

— Знаешь... чувствуется опустошение. Не физическое - внутреннее. Будто что-то во мне постепенно иссякает. Хотя... я замечаю это только тогда когда перестаю отвлекаться работой и бездельничаю.

Сделала короткую паузу.

— Я всегда знала, что должна делать и знала, к чему иду. Сейчас это тоже не изменилось - сомнений в выбранном пути у меня нет. Мне кажется, что мои действия логичны... но...

Азазель приподняла голову, заглянув в глаза Люцифер и добавила с легкой виноватой улыбкой:

— Скажи... может быть, я совершаю ошибки, которых сама не замечаю? Ошибки, которые незаметно мешают мне двигаться? Или таких нет?","biok_ymer","1531047122051268781"
"30.07.2026 15:31:36","samin__","#2997","— Джон —

Кто-то захотел ""движухи""? Ну чтож, столь ответственная задача как придумать ""движняк"" точно была Джону в пору. Хмыкнув, тот чуть призадумался, а после пораскинув мозгами улыбнулся откровенно не доброй ухмылкой. Сделав пару шагов, тот запрыгнул на рядом стоящий ящик и похлопал в ладоши привлекая к себе внимание, начиная вещать:

— Итак Дамы, Дамы и... дамы! Раз ад оказался ровно таким, каким я его себе и представлял, а именно самым унылым местом, предлагаю исправить это недоразумение. Нужно сделать нечто такое, что развисилит и поднимет из спячке ВСЕХ! И у моего блестящего ума появилась идея!

/Вдруг говор стал задумчивее/
— Однако... для начала я бы хотел услышать ваши предложения. Что же такое можно сделать быстро, масово и весело? Как думаете?

||<@&1496354817927286844> <@815329322881646622> ||","pizza9832; ktoia","1532069254457987323"
"30.07.2026 18:24:42","biok_ymer","#9440","—Люцифер—
|-----------------------------------------------------------------------------|
Дав возможность выговориться девушки, та после стала высказывать свои мысли, на её слова:
|-----------------------------------------------------------------------------|

—Я думаю твоему состоянию идеально подходит термин ""выгорание"". Только в деле ты видишь себя живым, а в спокойствии у тебя ничего и нет и нагревают грустные мысли. Можешь не верить, говорю из своего опыта, когда я думала лишь о правлении над адом.

/После чуть сбавив погладивания, та посмотрела в сторону, говоря:/
-А вот на чужие ошибки я не привычна указывать, отчего здесь помочь не могу. Может сделала пару тройку, но без них и не было бы твоего роста, так к чему об этом думать? Если ты решила уйти в самокопание, то лучше начать не с ошибок, а с самой себя и с твоих желаний, а не с прошлого.

/Закончив мысль, та продолжила погладивания, смотря на девушку./

|-----------------------------------------------------------------------------|","ktoia","1532363060608630825"
"30.07.2026 20:13:33","ktoia","#6622","|-----------------------------------------------------------------------------|
— Цербер —

Цербер на мгновенно оживилась, когда Джон заговорил и её глаза загорелись предвкушением. Первая подпрыгнула на месте, чуть не стукнувшись о другую и выпалила:

— ГЕНОЦИД! Можно устроить геноцид! Ну, например, ЛЮДЕЙ! Или мутантов! Или... а... может всех кого встретим? ЭТО БЫЛО БЫ ВЕСЕЛО!

Вторая тут же перебила, закатив глаза:

— Ой, да брось! Геноцид - это скучно. Надо ОРГИЮ! Развратить кого-нибудь! Или всех! Вот это движуха! ОО! Повторить случай с почтальоном!

Третья встрепенулась и сказала, размахивая руками:

— А давайте просто ПОБЬЁМ ДРУГ ДРУГА! Это же классика! Все любят подраться! Или... поиграем в мяч! Сделаем мяч из головы какого-нибудь робота и бум-бум! 


||<@&1496354817927286844> <@&1496354710934917322>||
|-----------------------------------------------------------------------------|","samin__","1532365045433106553"
"30.07.2026 20:45:38","ktoia","#6622","— Азазель —

Азазель слушала Люцифер и её взгляд постепенно становился более собранным, возвращаясь в привычное деловое состояние. Когда та закончила, она на мгновение задержалась в объятиях, затем резко выпрямилась, отстраняясь и встрепенулась, скидывая с себя оцепенение.

— К чёрту самокопания.

Подождав когда Люци встанет. Лормастер поднялась с кресла, поправляя халат, который слегка сбился на плече и не глядя на Люцифер, бросила уже более резким тоном:

— Слишком много времени потратила на пустые разговоры. Мне нужно закончить устройство для Джона и наконец собрать дополнение для портала. Так что... за работу. 

С этим демон направилась в соседний кабинет начав заниматься своими делами.

||Пока на стопе, пусть за кадром вся эта паебота идет.||","biok_ymer","1532408606396256486"
"01.08.2026 00:38:06","ktoia","#6622","|-----------------------------------------------------------------------------|
— Джаджмент —

Продолжая лезть, демоница послушала Виктора и хмыкнув ответила:

— А, вот оно как. Дай догадаюсь - тупые люди устроили что-то и из-за этого у вас мутанты повылуплялись? Пхах, ну и дебилы, срут там, где живут. Всегда не могла вас понять в этом. Ну и славно, что ты умеешь выкручиваться. Залезть в вентиляцию, я бы не догадалась так сразу. Мм... так ты ещё и регенерируешь? ""Особенный"" ты человек, ничего не скажешь. Единожды встречала такого.

Проползав еще пару десятков метров, Виктор обнаружил СВЕТ В КОНЦЕ ТУНЕЛЯ! А именно, люк... Особо рассмотреть что там снизу не выходило, по этому остается только думать идти дальше или ломать люк.

|-----------------------------------------------------------------------------|","biok_ymer","1531782176650166404"
"01.08.2026 11:05:35","biok_ymer","#9440","—Виктор Кольд—
|-----------------------------------------------------------------------------|
Логика была проста, есть свет, значит есть и выход. Мужик не долго думая надовил весам на вентиляцию, отчего упав вместе с ней на землю тот грациозно плюхнулся о землю, бубня:
|-----------------------------------------------------------------------------|

—Ай, спасибо хоть не 3 метра до пола... Кхм, секса сосмотрюст и скажу как тут.

/Договорив парень стал медленно вставать, осматриваясь./

|-----------------------------------------------------------------------------|","ktoia","1532864965227184168"
"01.08.2026 17:25:07","pizza9832","#9089","__""Кертис""__

*Женщине было любопытно слушать идею Джона, но не успев особо открыть рот как собачки начали предлагать свои прекрасные идеи. Каждое слово отдавалось нервной крещендой в уме Кертис. Как в голове начали снова слышаться крики страдающих людей в агонии. Затем Кертис ухватилась пальцами за свои волосы, будто те впивались в череп*

-Говорить о таком так беспечно, так глупо, так отвратительно. Словно глупые дети, которые не понимают о чем даже говорят.

*Затем обличие Кертис начало искажаться, но резкий удар по своему лицу привел ее в чувства и та осталась собой*

-Кхем в смысле, простите девочки, но подобные вещи не являются для меня чем-то необычным как вам кажется. Вам надо бы придумать что нибудь интересное, может в настольные игры поиграть, а я... пойду прогуляюсь, надо покушать найти, чего нибудь.

*Затем Кертис развернулась и направилась на выход со склада с лёгким вздохом*","ktoia","1532435998321934518"
"03.08.2026 21:09:33","ktoia","#6622","|-----------------------------------------------------------------------------|

Помещение в которое он попал определенно было лабораторией. Высокие потолки, холодный свет ламп, стерильно белые стены, уставленные стеллажами с колбами, пробирками и непонятными приборами. Вдоль стен тянулись длинные металлические столы, на которых в хаотичном порядке были разбросаны какие-то инструменты, части механизмов и несколько планшетов с потухшими экранами. В центре лаборатории стоял большой стол, покрытый схемами и чертежами, а рядом с ним несколько высоких цилиндров с мутной жидкостью.

|-----------------------------------------------------------------------------|
— Джаджмент —

Демон прыгнула следом упав на ноги рядом с Виктором, девушка выпрямилась и потирая шею так же стала осматриавться, говоря:

— Аааа мы уже тут, далековато проползли...

|-----------------------------------------------------------------------------|","biok_ymer","1533022872795349032"
"04.08.2026 00:05:35","biok_ymer","#9440","—Виктор Кольд—
|-----------------------------------------------------------------------------|
Мужик почесал репу и хотел было позвать уже девушку, что и так приземлилась следом. Ну да, страх за свою жизнь изобрели после действий. Мужик хмыкнул, а после спокойно спросил:
|-----------------------------------------------------------------------------|

—И куда мы попали? Выглядит как лаборатория безумного химика. И воняет спиртом, манит.

|-----------------------------------------------------------------------------|","ktoia","1533899643228918051"
"04.08.2026 16:34:28","samin__","#2997","— Джон —

Слушая предложения, парень покивал, прощаясь с <@&1496354817927286844> :

— Хорошо! А мы тут пока ято подготовим всë для веселья!

> Думаю моë присутствие еë сковывает. Иногда нужно позлиться, ударить стену... а в еë случае вообще безопасно бить стены...

Дождавшись пока <@&1496354817927286844> уйдëт, парень начал отвечать на каждое предложение:

— Геноцид. Не знаю что это такое, но слово скучное, отказано

— Вот что такое оргия я уже знаю не по наслышке. И... почтальон? Эм... ладно. В общем идея хорошая и я не против, но не сейчас. Это не всем нравится... а жаль

— Ну и насилие. Эм... нет, отказываюсь

Начиная говорить ещë громче, тот встал в мега крутую позу и сказал:

— То что нравится всем и каждому, любому ребëнку и старику, человеку и нелюдю... ЭТО КА-ЗИ-НО! ДАВАЙТЕ СДЕЛАЕМ КАЗИНО!!!","",""
"04.08.2026 17:18:19","ktoia","#6622","|-----------------------------------------------------------------------------|

Кертис решила покинуть компанию и по всей видимости направилась дальше по комплексу... По всей видимости, первый контакт с демонами оказался не таким уж и приятным, хотя каждый сам делает для себя выводы. Но одно можно сказать точно: те мелкие бестии не имеют как таковой морали и их поведение вполне легко предугадать.

Возвращаясь к блужданию нашей дорогой Кертис - девушка прошла какое-то время, прежде чем наткнулась на следующую картину:

За поворотом показался... определенно демон! Одежда явно была похожа на ту, что была на Цербере, только вместо жилетки на ней был пиджак, небрежно накинутый на плечи. Сам демон стояла, прислонившись спиной к стене, опустив голову и протирая черные солнцезащитные очки тряпочкой, чтобы убрать разводы. Девушка явно была в приподнятом настроении - насвистывала в такт своим движениям. Если присмотреться можно заметить одну особенность: её зрачки не имели цвета, они были белыми.

Госпожа Кертис пока что оставалась незамеченной этой особой.

|-----------------------------------------------------------------------------|","pizza9832","1533118385494294538"
"04.08.2026 17:26:04","ktoia","#6622","|-----------------------------------------------------------------------------|
— Цербер —

Цербер переглянулись между собой, явно озадаченные таким поворотом. Первая нахмурилась, почесала затылок и неуверенно переспросила:

— Ка... казино? А что это?

Вторая тут же подхватила, сложив руки на груди и прищурившись:

— Это как оргия, только без оргии? Или как геноцид, но без убийств? Звучит....

Третья встрепенулась вспоминая, подпрыгнула на месте и радостно затараторила:

— ООО! ТАК Я ПОНЯЛА! Я ВИДЕЛА, ЗНАЮ, ВСПОМНИЛА! Там крутят колеса, кидают кости и все такие... азартные! Можно выиграть золото! Или конфеты! Или чужие души! Это же весело!!!

Она обернулась к остальным и те начали согласно кивать. Первая задумчиво протянула:

— Ну... если там можно выиграть что-то вкусное - я за! 

Вторая так же удовлетворительно покивала:

— Я люблю людскую алчность!!! КОНЕЧНО, ДАВАЙ!

И тут же все три синхронно повернулись к Джону с горящими глазами:

— ДА! ДА! ДА! ДЕЛАЕМ! А ка... как.... Мы.. ам... А КАК НАМ ПОМОЧЬ ТЕБЕ ДРУГ!!?!?

|-----------------------------------------------------------------------------|","samin__","1534192803368931392"
"06.08.2026 21:48:03","pizza9832","#9089","__""Кертис""__

*Кертис сразу же остановилась на противоположной стороне коридора начиная издали разглядывать неизвестного, но точно демона. Все вроде обычное, рожки, белые волосы, одежда примерно в таком же стиле, но вот глаза и будто полное отсутствие реакции от неизвестной натолкнули Кертис на определённые мысли*

-Хм, она меня не видит? Или просто пока не заметила. Я видела подобные глаза у слепых или тех кто терял зрение. Неужели демоны тоже имеют те же слабости, что и люди.

*Эти слова были лишь едва слышным бормотанием себе под нос. После этого монолога в слух Кертис вздохнула, а после попыталась помахать рукой перед неизвестной*

-Приветствую тебя новый неизвестный мне демон!","ktoia","1534203839459365048"
"13.08.2026 19:41:01","samin__","#2997","— Джон —

Вот она! Благодарная публика! От увиденного парень улыбнулся, продолжая представление:

— ВОТ ИМЕННО! Можно по сути ставить что угодно! Играть на жизнь! На раздевание! И... на еду? Эм... ДА! НА ЕДУ ТОЖЕ МОЖНО!

Наклонившись, парень присел на край ящика, свесив одну ногу, а вторую согнул в колене облакотился о неё, говоря уже тише и чуть ближе к делу:

— Для казика многого и не нужно. Игровые автоматы мы конечно быстро не соорудим, но можно придумать что-то попроще. Хм... у вас тут карты есть? Или хотя бы инструменты, материаллы?

Договорив, парень осмотрелся. Хах! Он ведь находился на складе. Отсюда и начнётся его империя игорного бизнеса имени Джонна Дэйви Харриса. Тот уже придумал дизайн визитки с маленькой надписью где-то в углу ""первый фелиал в другом мире""

С рывком оторвавшись от ящика, тот приоткрыл крышку, начиная шариться в нём, попутно говоря:

— Так! Мне нужно какое-то время. А вы будете ""персоналом"". Будете надувать зевак и привлекать кошельки. У вас есть какие-то более откровенные костюмы? В чём вы вообще на оргии ходите?","ktoia","1534205792071192757"
"13.08.2026 19:48:11","ktoia","#6622","|-----------------------------------------------------------------------------|
— Демон —

Демон, услышав голос, слегка приподняла голову, но не перестала протирать очки. Белые, лишенные зрачков глаза смотрели куда-то в сторону Кертис, но не прямо на неё, а как бы ""сквозь"". Продолжая облокачиваться о стену спиной, девушка добродушно ухмыльнулась и убрав тряпочку в карман, сказала:

— Ого, кто-то новенький. Привет!

Надев очки и поправив пальцем их у переносицы, девушка добавила:

— А я уж думала, что сегодня буду скучать в коридоре. Ты не похожа на местную.

Мгновение подумав, девушка щелкнула пальцами, оттолкнулась от стены и повернулась корпусом к Кертис:

— Так получается, Азазель все таки вернулась? Хах. Прикольно. Кем будешь?

|-----------------------------------------------------------------------------|","pizza9832","1534996497131769966"
"13.08.2026 20:04:42","ktoia","#6622","|-----------------------------------------------------------------------------|
— Цербер —

Цербер переглянулись, явно пытаясь переварить поток информации, а затем все три разом заговорили, перебивая друг друга:

— Карты? А что это? Мы обычно играем в кости! Но кости у нас из чьих то позвонков, это считается?

— Откровенные костюмы?! У нас есть только те, что на нас! И один старый плащ, который мы нашли в мусорке на земле смертных!

— А можно мы будем говорить людям, что они выиграли, даже если проиграли? Чтобы посмотреть, как они радуются, а потом резко забрать всё обратно! Это же весело!

Третья задумчиво почесала затылок и добавила уже чуть спокойнее:

— А вообще... мы можем притворяться, что я - главный призы! И что победитель забирает меня...

Первые две посмотрели на третью как на гения, а та приподняла вымешленные круглые очки.

|-----------------------------------------------------------------------------|

Тем временем Джон погрузился в поиски! Внутри них можно было найти все что только могло прийти в голову: обрывки проводов, маленькие металлические пластинки, большие пластины, куски чего-то в прошлом живого, какие-то шестерёнки и болты непонятного назначения, старые приборы, пара разбитых кристаллов маны, рабочие кристалы маны и таааак далее.

|-----------------------------------------------------------------------------|","samin__","1537501243721912350"
"17.08.2026 16:57:30","pizza9832","#9089","__""Кертис""__

*Женщина внимательно следила за демоницей лишь больше убеждаюсь, что та не особо видит ее облик, но это не означало, что та не могла видеть ее душу, поэтому та лишь поправив галстук оставаясь на другой стороне коридора*

-Да, верно она вернулась, а я ее гость если быть точным, можете обращаться ко мне как Кертис, а как мне обращаться к вам?","ktoia","1537503045972271126"
"17.08.2026 19:51:37","ktoia","#6622","|-----------------------------------------------------------------------------|
— Джастис —

Приподняв бровь, девушка потёрла подбородок от услышанного и задумчиво проговорила:

— Гость? Кертис? Гость Ангелка?

Придя к окончательному выводу, девушка убрала руки и медленно, непринужденно направилась в сторону Кертис, по пути говоря:

— Действительно, что ж. Клево, что она меняется! Честно сказать не думала что она когда-то приведёт кого-то живого.

Приблизившись на расстояние пары шагов, остановилась.

— Приветик, мисс Кертис! Я Джастис, приятно познакомиться. Не потерялись? Или просто гуляете? Отпадно выглядите!

Джастис протянула руку для рукопожатия.

|-----------------------------------------------------------------------------|","pizza9832","1538909641839480882"
"17.08.2026 20:09:24","ktoia","#6622","|-----------------------------------------------------------------------------|
— Джаджмент —

Осмотревшись Джаджмент прошла чуть вперед, повертела головой по сторонам, а затем развернувшись к Виктору сказала:

— Я тут впервые... Черт его знает где мы... м... Ну это точно лаборатория.

Почесала затылок, подходя к столу.

— Хрень какая-то.

Если Виктор подойдет, то увидит следующее:

|-----------------------------------------------------------------------------|","biok_ymer","1533943943954305307"
"17.08.2026 22:34:51","biok_ymer","#9440","—Виктор Кольд—
|-----------------------------------------------------------------------------|
Осмотревшись повнимательнее тот в итоге подошёл к столу, смотря на который увидела множество схем, взяв одну из которую тот проговорил:
|-----------------------------------------------------------------------------|

—Обнрне Харпе Фульт... Кхм, сейчас переведу чё тут баклачат.

/Повертев в разные стороны одну из схем и перебирая разные языки, тот в итоге прикупил язык и недовольно положил тот обратно на стол, говоря:/
-Тьфу Мордебараха! Ни черта не понятна, древний язык какой-то. Короче, ничего ценного тут нет, пойдем отсюда.

/Сказав, парень развернулся и направился на выход./

|-----------------------------------------------------------------------------|","ktoia","1538957938096480256"
"18.08.2026 20:24:43","pizza9832","#9089","__""Кертис""__

*Кертис внешне слегка напряглась словно змея, которая пытается защитить своего личного пространство, но отходить не стала, а лишь следила за движениями Джастис, особенно за тем как та протянула ей руку. Голубые глаза женщины метались от руки к ее очкам несколько раз, а после та решила заговорить*

-Ой, Джастис очень, очень приятно. Просто я пыталась перевести дух немного от своей компании, я уже и отвыкла за эти пару дней от одиночества. 

*Затем Кертис все же пожала руку Джастис слегка улыбнувшись*

-Хм, а ваши глаза, мне казалось, что вы меня не видите. Вы это из вежливости ведь сказали, верно?","ktoia","1538953459548688494"
"18.08.2026 23:56:47","ktoia","#6622","|-----------------------------------------------------------------------------|
— Джастис —

Джастис продолжала держаться непринужденно, не замечая, что её собеседница слегка напряжена. Убрав руку после рукопожатия, сказала:

— Понимаю, тут все шумноваты. Хах, истинно уродливых существ не бывает! Уж поверь, да и не думаю что ты плохо выглядишь.

Приподняв очки и глядя глазами прямо мимо Кертис, демоница ответила:

— А я то думала, я скрытная. Ха-ха. Что ж знаешь... **Не вижу проблем**.

|-----------------------------------------------------------------------------|","pizza9832","1539324179935920279"
"19.08.2026 20:01:47","pizza9832","#9089","__""Кертис""__

*Женщина слегка начала хихикать понимая, что ей ничего особо не угрожает*

-Ты ещё мой внутренний мир ее видела. Поэтому говоришь об этом так смело, а можно вопрос почему вы все ходите в черно-красной одежде. Это дресс-код или часть ваших тел?","ktoia","1539377545819062343"
"20.08.2026 00:13:40","ktoia","#6622","|-----------------------------------------------------------------------------|
— Джастис —

Демон рассмеялся, не совсем поняв, что она имела в виду про внутренний мир, но звучало забавно. Просмеявшись, она выдохнула, вытерла невидимую слезу, положила одну руку на бок, а второй показала лайк и стал отвечать:

— Блестящий вопрос! Неее, это не кожа! Просто одежда, вот и всё, хах... А на самом деле фиг его знает с чего всё началось. **Почти все разумные демоны** ходят в деловитой форме. Это... мм... ещё до Люцифер было? Ай, уже не вспомню. Знаешь это настолько давно было, что я тогда ещё видела что то кроме чёрного мультика перед глазами. Ответ: тайна вселенной! Боюсь, если пытаться это раскопать, утонешь в пыли.

Она потерла свой подбородок, задумчиво приподняв голову.

— Черт, Азазель же вернулась. Надо бы переодеться обратно в форму... м... Ай, ладно. Пока не дали по шапке, буду кайфовать в таком. Кстати! Вопрос на вопрос: кого уже видела? Никто не приставал?

|-----------------------------------------------------------------------------|","pizza9832","1539680795759878145"
"20.08.2026 18:50:54","pizza9832","#9089","__""Кертис""__

*Женщина внимательно слушала объяснения своей новой собеседницы та уже расслабилась и даже снова начала улыбаться*

-Вы все повязаны с этой Азазель, интересно конечно, но не особо мое дело. Я видела трех бешенных собак. Которые очень надоедливые поэтому, я и решила уйти со склада. Странное ощущение было, будто из меня всех моих демонов пытались вырвать наружу. Вот что странно, а разве демоны могут ну быть слепыми?","ktoia","1539744184632746166"
"20.08.2026 19:15:25","samin__","#2997","— Джон —

Роясь в ящиках, парень принялся параллельно отвечать:

— Карты это прямоугольники с картинками и цифрами

— Жалко что откровенных костюмчиков нету. Ну ладно, тогда просто можете снять рубашки и остаться в жилетках, лучше чем ничего

— Нет нельзя, мы достойное заведение. Но можно подбадривать народец при проигрыше и говорить что-то вроде /Выдавил женский голос/ ""Оу, в следующий раз повезёт!"". Кхм... что-то вроде того. А когда посетитель всё проиграет, просто выгонять, за этим тоже смешно смотреть

— О! А ВОТ ЭТО ХОРОШАЯ ИДЕЯ! Если вы согласны, я не против, это только привлечёт зевак!

Попутно ответам парень крутил в руках странные предметы ""провода и электронику"", выкидывая их на пол, а кристаллы маны разбивал. Наконец набрав инструментов и парочку наборов мусорных материалов, начал на фристайле собирать игральный автомат, попутно говоря асистенткам:

— Хотя бы краска тут есть? Если есть, найдите и принисите, минут 10 и всё будет","ktoia","1537507203353935912"
"21.08.2026 13:26:34","ktoia","#6622","|-----------------------------------------------------------------------------|
— Джастис —

Девушка кивала на слова Кертис. Было абсолютно видно, что она не парится, с кем говорит и когда дошло дело до неё, ответила:

— Ха-ха, малышка Цербер? Да, она ещё тот комочек гиперактивности, хотя... даже не знаю, она мне нравится. Во всяком случае, зла она никогда никому не желает... только в исключительных случаях. Кхм.

Улыбнулась и сняла очки, взглянув в этот раз точечно на Кертис.

— Конечно! Я ж слепая. Не, ты не подумай! Я не с рождения слепая, это м... приобретенная особенность. Больно потрепало после одной стычки. Тогда я была более горда и молода. Ха. Говорю как старуха, ну и бред!

|-----------------------------------------------------------------------------|","pizza9832","1540025346026508379"
"21.08.2026 13:35:40","ktoia","#6622","|-----------------------------------------------------------------------------|
— Цербер —

Очень яростно кивая на каждое слово Джона, девчонки переглянулись между собой, а затем СОВЕРШЕННО быстро и резко скрылись со склада в какой-то коридор. Не прошло и пяти минут, как прибежало только две Цербер, но уже с грузом! В руках одной из них было ведро с какой-то алой жижей с железноватым запахом. Ме... Бурда какая-то, но красная! Подойдя к Джону, Цербер довольная протянула ведро и заговорила:

— ВО! Красная! Красит! Плохо отстирывается!

|-----------------------------------------------------------------------------|","samin__","1540031513712791615"
"25.08.2026 20:25:37","pizza9832","#9089","__""Кертис""__

*Кертис внимательно смотри на белые глаза в которых едва отражается ее облик искажённый словно исходящие волны, но не настоящий облик, а лишь свое милое человеческое лицо на котором была все та же улыбка, что и раньше без глобальных изменений*

-""Разве для демонов возраст имеет значение? Возможно я просто про себя в этот момент думаю, когда что-то такое говорю. Я бы наверное тоже бы хотела ослепнуть и не думать не о чем и радоваться жизни не смотря на недостатки.""

*Кертис же прокашливаясь непринуждённо протянула руки к Джастис проверяя дистанцию дозволенного та поправила демонице  галстук, а не свой как обычно*

-""Прощу прощения за излишние касания, но у тебя галстук немного растянулся. ""","ktoia","1540306112526684200"
"28.08.2026 00:23:08","ktoia","#6622","|-----------------------------------------------------------------------------|
— Джастис —

Как только Кертис притронулась к Джастис, та застыла на месте и улыбка на мгновение сползла - демоница не поняла, что происходит. Однако когда осознание пришло, она слегка хихикнула и надела очки обратно, опирая одну руку о свою талию, а другой аккуратно проводя по уже поправленному галстуку. Кивнув на слова про касания, Джастис недолго помолчала и слегка принизила улыбку, делая лицо ""проще"", после чего начала вкидывать мысль:

— Не то чтобы это имело значение, но когда думаю про возраст... Мм... Мне это даёт больше ощущения жизни.

Она наклонилась совсем чуть чуть вперед к Кертис:

— А почему бы не начать ""не думать"" и просто жить для себя? Все комплексы, барьеры и загоны в голове...

Она ткнула себя в висок:

— ...от счастливой жизни отвлекают только дурные мысли и переживания, которые в любой момент можно отпустить и познать счастье.

Вновь выпрямившись и возвращая легкую дружелюбную улыбку, она убрала руку от виска и слегка небрежно, слабо помахала ей:

— Хотя это мои мысли, они могут быть неправильными. Но мне помогло... О! Кстати Кертис, не знаю как тебе этот вопрос, но... а сколько тебе лет? Никак не могу понять. Ты... э... слишком разнообразна.

|-----------------------------------------------------------------------------|","pizza9832","1541861119277273178"
"28.08.2026 01:17:43","ktoia","#6622","|-----------------------------------------------------------------------------|
— Джаджмент —

Джаджмент проводила взглядом Виктора, который уже развернулся и направился к выходу, затем снова перевела глаза на стол с разбросанными схемами. Она на мгновение задержалась, будто что-то привлекло её внимание, но не найдя ничего полезного фыркнула и последовала за ним.

— Мда... Не лингвист. Ладно, нахер эту дичь. Здесь как то слишком стерильно и пахнет какой то херней.

Она догнала его у двери, начиная идти подле.

|-----------------------------------------------------------------------------|

Не знаю что они хотели увидеть, но они точно увидели... БЕЛЫЕ КОРИДОРЫ!!! Ухххх.. какие же тут запутанные коридоры.

|-----------------------------------------------------------------------------|","biok_ymer","1538994538704797797"
"28.08.2026 01:39:56","biok_ymer","#9440","—Виктор Кольд—
|-----------------------------------------------------------------------------|
Выйдя в коридор тот осмотрелся почесывая репу, а после спросил демонессу:
|-----------------------------------------------------------------------------|

—Так пакость ученили, с места преступления сбежали и пока тебя не вызвали чтобы дать тебе работку, нам нужно чем-то заняться, ну или хотя бы понять где мы... Не нравятся мне эти белые коридоры, навевают воспоминания брр. Ты как кстати, не сильно утомилась в заварушке той?

/Парень же судя по походке уже восстановил сломанные ребра и выглядил так, будто с ним ничего не случалась./

|-----------------------------------------------------------------------------|","ktoia","1542659404782899282"
"28.08.2026 02:15:36","ktoia","#6622","— Азазель —

Всё это время Азазель провела в своей лаборатории, погруженная в работу и размышления. Она сидела за столом, окруженная разбросанными чертежами, схемами и набросками, время от времени потирая переносицу и откидываясь на спинку стула. Её мысли были заняты одной проблемой: как создавать порталы без громоздких устройств. Она уже освоила механизм открытия проходов, но вопрос стабильности и компактности оставался открытым. Как сконцентрировать огромное количество энергии в одной точке, чтобы разорвать реальность, не используя массивные конструкции? Ответа пока не было и это её раздражало. Нужно всего то понять, как это делает Ведьма... Ммм... её другая личность сейчас бы пригодилась. Но нет, надо лечить душу, а для этого нужны другие методы...

Она на мгновение задумалась, но затем вспомнила о своем обещании Джону и отбросив текущие бесполезные размышления, взялась за создание чертежа ""якоря"". Принцип работы устройства был прост: оно не позволяло владельцу покинуть выбранный мир, даже если его пытались вырвать оттуда. Азазель хотела сделать его компактным. Она сосредоточилась и над столом начали появляться голографические проекции: сначала схема, затем отдельные узлы и наконец общая структура. В течение часа она работала, корректируя детали и проверяя расчеты. Готовый чертеж проявился на листе. Азазель удовлетворённо выдохнула и подхватила лист, свернула его и положила в карман нового офигительно белого халата.

Она откинулась на стуле, закинула голову назад и несколько секунд смотрела в потолок. Затем резко поднялась, помяла шею и перевела взгляд на Люцифер которая вроде все еще тут.

— Ладно. Пора проверить, как там Айрис.

Демоница направилась к двери и через пару минут уже была в комнате, где оставила <@&1496354329676742667>. Зайдя внутрь, она остановилась на пороге и чуть склонив голову, спросила с легкой заинтересованностью:

— Как успехи?

||Давай крошка.... По рпш за Айрис||","","1532444073342795929"
"28.08.2026 02:20:57","ktoia","#6622","|-----------------------------------------------------------------------------|
— Джаджмент —

Поглядывая на коридор, девушка заявила:

— Да... Шумок сделали, хотя... егож наверное уже подавили... м...

Пожала плечами, а после махнула рукой.

— А хер его знает, мы... эээ... Где-то в лаборатории... Честно сказать я до сих пор тут не ориентируюсь, какая-то люминалима ей богу.

Услышав о том что кто-то справшивает о её саомчувствии демон приподняла бровь, входя в милисекундное замешательство, но после усмехнулась и выдала:

— Это детская игра была, мне такое навредить или утомить не может. Сам то ты... мда, человечек не обычный, да и... признаю, соображаешь быстро.

|-----------------------------------------------------------------------------|

Эх... Коридоры...

|-----------------------------------------------------------------------------|","biok_ymer","1542664995337277460"
"29.08.2026 18:06:47","pizza9832","#9089","__""Кертис""__

*Женщина внимательно следила за поведением Джастис, движения, голос, мимика лица все это такое спокойное беззаботное не по детски, а как будто словно скала, которая стоит там где и должна была быть? Такие мысли были у Кертис в голове. Однако та решила попробовать послушать спутницу и попробовала не думать, но как только это случилось множество голосов воплями начали разрывать ее душу на мелкие кусочки. Затем Кертис ударила себе по голове аж до крови, которая стала слегка капать с ее головы на месте удара*

-Ай, ладно это была плохая идея. Я бы с радостью перестала бы думать об этом все. Однако это немного сложнее.

*Затем Кертис дрогнула, когда речь уже зашла конкретно о ней та начала смотреть на Джастис с широко раскрытыми глазами лишь иногда моргая*

-Этот вопрос очень сложный, даже для меня. Ведь ты знаешь, что такое космос? Там я летала в метеорите практически сразу же после своего рождения. Не смотря на свет звёзд. Я не понимала, что такое концепция времени. Минуты, секунды, часы, дни, недели и так далее по списку. Все это не важно. Впервые я увидела часы, когда люди нашли метеорит со мной. Тогда я увидела дату и время на голограмме. 24 августа 3058 год. Так время шло и на данный момент мне 857 лет по человеческим меркам.","ktoia","1542645669393727549"
"31.08.2026 15:58:09","samin__","#2997","— Джон —

Парень совершенно не обращал внимания на то, что там придумали эти бестии. На оборот, скорее он был рад что те не отвлекали его от его ""злодейского"" плана. Вначале всë шло не совсем гладко, но спустя пару минут начал вырисовываться игровой автомат, а парень работал над модулем рандомизации, когда ему принесли... жижу

Отвлëкшись от своего детища, тот поднял взгляд на двоицу и не скрывая скепсиса проговорил:

— Это же кровь? Не? Я от сюда чую железо, точнее винилпентилкетон

Сидя на корячках, парень продолжил смотреть на псовых как олень на фары машины  что с часу на час его собьют

|| Да, я специально гуглил почему кровь пахнет.железом... надеюсь ко мне не придут ФСБ после такого запроса ||","ktoia","1540308402604085278"
"31.08.2026 16:25:37","ktoia","#6622","|-----------------------------------------------------------------------------|
— Цребр —

Цербер которая держала ведро, непонимающе на него посмотрела, вторая же что стояло подле развела руками в жесте ""а че?"" и после этого глянула на жижу, потом на Джона, и заявила:

— Нууууууууу

Вторая перебила.

— **Виниллллппенттилкеттон**? чаго?

Первая продолжила, принюхиваясь.

— Да, где-то рядом есть кровь. Но гдееее....

Почесала репу.

— Так вот тебе принесли, жижа, красит!

Собачка не видели проблем, и не говорили очевидного.

|-----------------------------------------------------------------------------|","samin__","1543968136179482684"
"31.08.2026 16:28:29","biok_ymer","#9440","—Виктор Кольд—
|-----------------------------------------------------------------------------|
Мужик вроде хотел помочь чем-то девушке, а так и сама не поняла чем ему помочь, мда, тупик какой-то... Ну да пофиг, Виктор решил забить на это, и лучше задать другую тему:
|-----------------------------------------------------------------------------|

—Значит демоны не так просты как черти что у меня были в мире. У меня были похожие вам, однако разум их был искажен и те больше походили на хитрых неприятных и мелких красных тварей, чем на разумных собеседников(аналог гоблинов), а вот вы ничего так и драться можете и беседу поддержать, похвально. Даже как его, греховное влияние не чувствую, что весьма забавляет. Однако лаборатория все же мне неприятна, уж больно на прошлое давит, был бы рад походить по старому аду, а не этому бф.

|-----------------------------------------------------------------------------|","ktoia","1542675318802751571"
"31.08.2026 18:09:07","biok_ymer","#9440","—Люцифер/Айрис Янг—
|-----------------------------------------------------------------------------|
Я нифига не помню чё я должен был делать, поэтому импровизация. Люцифер без лишних слов последовала за Азазель, что похоже до этого была занято просмотром какой-то магической схемы, однако прекратила, при обращении девушки. При заходе к Айрис та уже мирно сидела и смешивала какие-то химикаты и услышав вопрос показала на экран, говоря:
|-----------------------------------------------------------------------------|

—Занядо примерно минут 32 в продумывании, я создала примерную схему твоего устройства создания портала ввиде отдельного устройства, по сути нужно было засунуть туда пусковой механизм, а энергию можно было взять снаружи при помощи подключения из вне, однако потребления энергии все ещё весьма затратно, отчего не на каждом месте легко можно его воспроизвести и желательно брать их с собой, как батарейки.

|-----------------------------------------------------------------------------|","ktoia","1542673971881975910"
"31.08.2026 18:10:43","biok_ymer","#9440","","",""
"01.09.2026 10:01:28","ktoia","#6622","|-----------------------------------------------------------------------------|
— Джастис —

Пожалуй, на этот раз образ беззаботной скалы дал мелкую трещину. Когда Джастис услышала удар, её бровь мигом приподнялась в вопросительном жесте, а затем, услышав стекающие капельки, она глянула на них. Улыбка немного утихла и демон лишь выдала в ответ:

— Ну-ну, каждому свое, Кертис. Увы.

Она немного прочистила горло, чтобы сгладить углы и уйти от столь внезапной реакции, затем приняла обычное выражение лица и скрестив руки перед собой, стала кивать в такт ответам Кертис. Под конец кивки замедлились из-за размышлений. Когда Джастис спокойно дослушала всё сказанное и уложила это в своей голове, она ответила:

— Ты победила в конкурсе самых необычных историй! Поздравляю. Думалось, максимум лет 300, а тут столько! Да еще и так! Хах... Молодо выглядишь... Ммм... С раной помочь?

|-----------------------------------------------------------------------------|","pizza9832","1543275732283818075"
"01.09.2026 13:51:52","pizza9832","#9089","__""Кертис""__

*Кертис наклонила голову не понимая о какой ране идёт речь, а после так слегка коснулась головы откуда капала кровь осознавая о чем именно говорит Джастис. На лице же женщины появилась лёгкая ухмылка лишь от одной мысли, что та даже не почувствовала как из из ее тела льётся кровь. Затем эта рана начала сама затягиваться, а кровь впитываться обратно в тело*

-Нет,нет спасибо. По правде говоря я спокойно могу себя восстанавливать да и боли почти не чувствую. Мой облик это такая же физическая иллюзия как и все во мне. Это как носить костюм и притворяться другим человеком. Поэтому голос, что ты слышишь и тело, что ты ощущаешь не более чем приятная упаковка. Я даже сама не помню как выглядит мой истинный облик.","ktoia","1544240762647220255"
"02.09.2026 20:57:21","ktoia","#6622","— Азазель —

Азазель подошла ближе, скрестив руки за спиной и внимательно вгляделась в схему, чуть склонив голову к плечу. Она изучала её с явным интересом, иногда задерживая взгляд на отдельных узлах. Не прошло и минуты как она хмыкнула и кивнув стала говорить:

— Хм... Интересный подход. Ты фактически разделила механизм создания портала и источник питания. Это действительно упрощает конструкцию, но как ты верно заметила, остаётся проблема с энергопотреблением... Если устройство будет слишком зависеть от внешних источников, то в условиях, где их нет, оно станет бесполезным.

Азазель вновь задумчиво провела взглядом про прибору.

— Если уменьшить потребление хотя бы на треть, можно будет использовать накопители меньшего размера. А если ещё и переработать узел стабилизации... Мм... Тогда устройство станет куда более автономным. Да. Но это сейчас излишество. И такое пойдет.

Она отстранилась от стола, переводя взгляд с экрана на Айрис, а именно на химекаты.

— Что делаешь?","biok_ymer","1544001095716839526"
