Date,Username,User tag,Content,Mentions,Reply to
"2026-05-11,23:33:28",ktoia,#0,"# Глубокая ночь.

# Приближённая деревня центральных территорий Дракхельма.

Высокие стены из камня поднимались среди снежных просторов, словно отдельный, отрезанный от остального мира узел жизни. Длинные дома, склады, кузницы, тренировочные дворы, сторожевые башни и караванные стоянки - всё это соединялось в единый организм, который никогда не замирал полностью.

Ветер постоянно бродил между строениями, заставляя деревянные вывески глухо стучать о стены. Где-то вдали лаяли собаки, скрипели сани, слышались редкие голоса караульных. В некоторых окнах ещё горел тёплый свет, но большая часть поселения уже спала. Ночь стояла плотная, северная. Небо затянуло тяжёлыми облаками, но сквозь них пробивался бледный лунный свет - достаточно яркий, чтобы различать крыши домов и снег оседающий на подоконниках.

|-----------------------------------------------------------------------------|
# Гостевой дом. Комнаты для приезжих.
|-----------------------------------------------------------------------------|

<@&1503427258998853804> 

Сив разместили в отдельной комнате - небольшой, но личной. Здесь было тепло. Печь недавно топили и теперь она медленно остывала, сохраняя внутри остаточное тепло. Угли ещё тлели глубоко в золе, бросая слабые красноватые отблески на деревянный пол и стены. В комнате пахло сухими травами - кто-то из прошлых постояльцев оставил их на подоконнике и запах успел впитаться в дерево. У стены стояла добротная кровать с тяжелым шерстяным одеялом. Рядом - простой столик с глиняной кружкой и миской. Через маленькое окно пробивался холодный лунный свет. Снаружи тихо падал снег, едва слышно ударяясь о стекло.

|-----------------------------------------------------------------------------|

<@&1503426398780395520> 

Ему досталась другая комната... **коморка.** Тесная, без изысков, явно не предназначенная для долгого проживания. Каморка больше напоминала временно переоборудованный чулан: каменные стены, низкий потолок с тяжёлой деревянной балкой, в углу давно остывшая печь, наполненная серой золой. Окно было маленьким и затянутым коркой инея. Мебели абсолютный минимум. Узкая кровать, вплотную придвинутая к стене. Грубый стол с одинокой кружкой давно остывшей воды. Пол холодный, без тёплого покрытия. Единственное, что выбивалось из этой суровой обстановки - тяжёлая меховая накидка, которую ему выдали ещё по приезду, чтобы удержать тепло.

|-----------------------------------------------------------------------------|

Так или иначе, варвары этой ночью как бы странно это ни звучало - проводили время в своих комнатах.... Спали они или нет - оставалось на их совести. Но внезапно их слух прорезал простой и одновременно пугающий звук.

**Стук в дверь**

Сначала мимолётный, однако с каждой секундой он становился всё настойчивее... И кого же этой дивной ночью принесло?",,
"2026-05-12,00:13:01",biok_ymer,#0,"—Сив Сигурд Блэрс—
|-----------------------------------------------------------------------------|
Девушка довольная своими новыми моделями радостно сопела у себя в кроватки, расплываясь в довольной улыбки думая насколько жизнь прекрасна. Однако её мимолётное счастье было прервано Чертовым СТУКОМ. Девушка недовольно протёрла глаза и глухо спросила:
|-----------------------------------------------------------------------------|

—Кто тревожит великого шамана лорда Бэрсов?

|-----------------------------------------------------------------------------|",ktoia,1503495279083786260
"2026-05-12,00:24:58",samin__,#0,"— Ётун Модерака Дракхельм —

Жил себе спокойно парень, жил... жил... да лучше бы и не жил на самом деле. Жизнь подкинула ему проблем, спасибо папаша за детство... ну ладно, парень уже привык. С волками выть по волчьи жить как говориться. Жизни ему изначально спокойной не дали, а тут ещё и вызвали в какую-то глушь, которая была даже глуше чем его глушь. Но парень не расстроился, нет... ему было просто плевать. Ну или он пытался убедить в этом самого себя

Сутки в повозке под ЖУТКИМ ветром со СНЕГОМ, что забился ему ПОВСЮДУ, включая те места, которые он хотел перечислить, однако никому не было интересно. При заселении тот думал что наконец выспится, но И ТУТ ОБЛОМ! Его просто опрокинули лицом в суровую реальность твёрдых кроватей. Его убедили что это самая хорошая комната, которую ему предоставили, однако ему показалась что его пытаются горько обмануть, но доказать он этого... не мог. Ну, хотя бы потолки высокие, да и шубка крутая

Проспав добрые 12 часов, тот проснулся, потянулся и попытавшись вытащить ногу из под шубы понял что это была УЖАСТНАЯ ИДЕЯ. Перевернувшись на другой бок, тот проспал ещё 3 часа, а после нехотя сделал минимальную тренировку, вновь улазя под одеялко. Так и прошёл ЦЕЛЫЙ ДЕНЬ. Наконец снова сон... А НЕТ, КОМУ-ТО НЕЙМЁТСЯ! Сначала в дверь постучали, потом ПОСТУЧАЛИ ПОСИЛЬНЕЕ, **ЗАМТЕМ ПОСТУЧАЛИ НАСТОЙЧИВЕЕ**

Сначала Ётун хотел просто проигнорировать, но это не вышло, от чего тот крикнул что есть мочи:

— КОГО ПРИНЕСЛО! НОЧЬ НА ДВОРЕ, Я УСТАЛ! ДАЙ ПОСПАТЬ!",ktoia,1503495279083786260
"2026-05-12,02:19:49",ktoia,#0,"|-----------------------------------------------------------------------------|

Из-за двери на несколько секунд повисла тишина. Словно человек по ту сторону просто переваривал услышанное. Затем послышался тяжёлый выдох. Не раздражённый. Скорее... уставший, а потом:

— Лорд Блэрсов? 

Голос за дверью был мужским, спокойным и удивительно сухим.

— Поразительно, насколько быстро младшие ветви начинают путать тёплую комнату с величием.... **Сив Сигурд.** Если ты сейчас же не откроешь дверь, я войду сам. А затем лично напишу господину Хальдору Морнвейту, что его ученица окончательно перепутала уважение к старшим с дешёвым трепом.... Десять секунд. Раз.

Твердый мужской отсчет пошел.

|-----------------------------------------------------------------------------|",biok_ymer,1503505232418574567
"2026-05-12,02:27:09",biok_ymer,#0,"—Сив Сигурд Блэрс—
|-----------------------------------------------------------------------------|
Девушка хотела было лениво обратно провалиться в сон, однако услышать свое малоизвестное, но весьма славное имя заставило ту дёрнуться, отчего она все же стала лениво вставать, однако услышав про ""наставника"" та сильнее загорелась идеей помочь тому славному мужчине попасть в комнату! И вот на седьмую секунду она открыла дверь, стоя в проходе и смотря, кто там был. 
|-----------------------------------------------------------------------------|

—Хехе, не нужно беспокоить славного наставника, это была простая шутка! Чего вы так напряглись, хотите пройти внутрь?

|-----------------------------------------------------------------------------|",ktoia,1503537142129754133
"2026-05-12,02:27:19",biok_ymer,#0,,,
"2026-05-12,02:54:55",ktoia,#0,"|-----------------------------------------------------------------------------| 
За дверью повисла короткая тишина. Не та тишина, где человек обдумывает ответ. А та, где он просто решает, насколько ему вообще нужно терпеть происходящее. Потом раздался глубокий, ровный выдох, а после слова.... Голос был басистый. Громкий. 

— Устал. Это хорошо. 

|-----------------------------------------------------------------------------| 
Спустя секунду дверь коморки с треском ударилась о стену и осталась перекошенно висеть на петлях. Тепловатый воздух из коридора резко ворвался внутрь. Перед коморкой стоял высокий мужчина. Два метра роста. Широкие плечи. На лице - спокойная, почти весёлая ухмылка, которая не имела ничего общего с дружелюбием. Глаза сразу нашли Ётуна.

— **Ты в курсе, что не один в этом здании?** Так от чего кричишь?

|-----------------------------------------------------------------------------|",samin__,1503508240921661511
"2026-05-12,10:10:44",samin__,#0,"— Ëтун Модерака Дракхельм —

Парню было не до этого всего. Если этот мужчина - причина по которой его сюда привезли, пусть ждëт до рассвета  а там уже можно и поговорить. Думая что разговор окончен - парень перевернулся на другой бок, а после подлетел на кровати от резкого звука едва живой двери, которая уж точно видела за свою службу немало, однако такое отношение - впервые.

Приподняв торс, тот поглядел недовольным взглядом на двух метровое нечто, что улыбалось ему. Ëтун был... не сказать что сообразительным парнем, ему всегда говорили что до него долго доходит, однако тут он понял точно... этот мужик - жуткий. И чего он лыбется то?

Скорчив недовольную мину, тот покосился на дверь, отвечая:

— Говорит **тот** кто только что окончательно всех разбудил. Твоя дверь? Нет? Так не руш холупу

Переведя взгляд обратно, тот задрал голову вверх, смотря в глаза явно не доброму мужику, а после цикнув сказал:

— И чего тебя не лëгкая принесла в такой ""ранний"" час

Нет, парень не боялся амбалов, скорее просто опасался что его вместе с кроватью сейчас просунут в окно, которое для этого уж точно не предназначалось",ktoia,1503545977716478033
"2026-05-12,13:44:13",ktoia,#0,"|-----------------------------------------------------------------------------|

Перед дверью стоял парень довольно высокого роста, без явной мускулистости. Он был почти полностью белым: одежда, волосы - лишь меховая оконтовка, чёрные перчатки и янтарно жёлтые глаза выделялись на этом фоне. Лицо - серьёзное, даже угрюмое, с заметными мешками под глазами. Увидев девушку, которая ещё минуту назад так сладко спала, мужчина скользнул взглядом по её одеянию, затем вернул внимание к лицу и ответил холодно:

— Не знал, что господин снизошёл до такого... М-х-м. Что ж...
 
Он приподнял руку и с глухим шлепком поправил перчатки, натягивая их плотнее, одновременно говоря:

— Эдос Морнвейт. У тебя есть пара... /В этот момент снизу донёсся шум и какой-то треск./ Кхм... ...минута, чтобы собрать вещи и приготовиться внимать тому, зачем тебя сюда назначили. Желательно быстрее. А то мне придётся лично помогать ""лорду шаману"" одеваться.

Мужчина явно был не в восторге - всё его существо излучало, что это дело ему совершенно не упёрлось.

|-----------------------------------------------------------------------------|",biok_ymer,1503538987933892638
"2026-05-12,13:55:48",ktoia,#0,"|-----------------------------------------------------------------------------|

Казалось, если бы каморка была не с ""щедрыми"" потолками, мужчина непременно шагнул бы внутрь, чтобы наглядно объяснить сопляку цену длинному языку. Но дверь, конечно, жалко. Мужик чуть пригнулся, но ухмылку с лица не убрал - наоборот, она стала только шире. В полумраке ""комфортабельной"" комнаты он рассматривал парня как забавную, но мелкую зверушку.

Посмотрев на смазливую физиономию Ётуна, Мужик хихикнул - негромко, с явным намёком и сказал:

— Конечно, я пришёл за тобой, Ётун... Пх-пх...

Он выпрямился, потянулся, хрустнув шеей и принялся закидывать дальше:

— Ей-богу, кто ж тебе такое имя дал? Хах... Ладно, о грустном не будем. Собирай манатки, дела не ждут, **юный Дракхельм**.

Он замолчал, оперевшись плечом о дверной косяк в ожидании, что парень не будет заставлять себя упрашивать и оденется быстро. Или может тот придумывал следующую колкость? В любом случае, он стоял перед дверью, ясно давая понять: время на вопросы - есть, но задавать их нужно параллельно сборам.

|-----------------------------------------------------------------------------|",samin__,1503655655616155719
"2026-05-12,14:10:27",biok_ymer,#0,"—Сив Сигурд Блэрс—
|-----------------------------------------------------------------------------|
Девушка понимающе(или нет) кивала на слова парня, а после хотела было придумать какую-нибудь сладкую ложь чтобы дальше отлынивать, однако услышав имечка парня у девушки дернулась бровь. Значит он и семейства... Что же, улизнуть не выйдет. Девушка чуть напряжно улыбнулась говоря:
|-----------------------------------------------------------------------------|

—Ох, так ты мой родственник... А я и незнала что меня пригласил такой славный и красивый мужчина, что оказался ещё и моей двоюродной кровушкой. Ну что же, братец, я не стану вам задерживать. Ведь нет ничего дороже семейных уз в наших краях, ведь так?

/Ехидно улыбнувшись в ожидании реакции на своей сладкой речи та встретилась с недовольным взглядом, отчего чуть потерялась и все же прикрывая дверь решила переодеться, дабы не заставлять нервничать парня... Подойдя к кровати, она достала из под него свою одежду. Начала она с того, что сняла свою любимую ночнушку, откладывая в сторону, а после принялась одевать теплые штаны, после надела кофтан и шубу с множеством СИЛЬНЕЙШИХ и ВАЖНЫХ артефактов. После с трудом взяв завалявшиеся под кроватью посох, та достала сумку, что лежала на кровати как подушка, что видимо девушка боялась потерять и засунула туда свою ночнушку, а после достала оттуда гребешок, коим стала расчёсывать свои волосы, а сумку же нацепила на кофтан внутри шубы. После подготовки та вновь подошла к двери, открывая её, попутна расчесывая волосы и придерживая посох, говоря:/
-Ну вот славный братец, я и готова. Надеюсь я не утомила вас в ожидании. Все же не в каждую ночь происходят столь чудные встречи.

|-----------------------------------------------------------------------------|",ktoia,1503709378099023964
"2026-05-12,14:19:15",samin__,#0,"— Ëтун Модерака Дракхельм —

Ну великолепно... ублюдина не ошиблась дверью. Закатив глаза на шутку про имя, которую тот ТОЧНО слышал первым, тот распахнул шубу, оставаясь в ночной рубашке. От обдавшей его холода того чуть передёрнуло, однако попытавшись повторить ухмылку рослого ублюдка тот ехидно ответил:

— Ну... не удалось оправдать имя, чего сказать. А вот ты посмотрю из кожи вон лезешь чтобы оправдать своё. ""Динд Румпа"" ||[Улыбчивая задница]||

Неторопливо потянувшись, парень залез рукой под кровать, начиная вытаскивать от туда свои манатки, спорить с приказом тот и не собирался, но потянуть время тот был не против. Разговор изначально не заладился, так что можно было и побесить громилу:

— Давненько меня **Дракхельмом** не называли. Хех... ну и? Может хоть скажешь на кой меня сюда привезли и что сейчас будет? Как-то это не похоже на ""приглашение"". Если хотели прибить, можно быть это сделать как-то более интересно, а тут даже не знаю... скучновато как-то

Парень не сводил натянутой улыбки с лица. хотя скулы уже подустали с непривычки",ktoia,1503712294096474234
"2026-05-12,19:45:01",ktoia,#0,"|-----------------------------------------------------------------------------|

Реакции на первое высказывание не было. А когда девушка переоделась и вышла Эдос уже стоял чуть в стороне, облокотившись спиной о стену коридора. Вид у него был такой, будто за эту минуту переодевашек жизнь успела снова его разочаровать. В коридоре было тепло. Слабый свет масляных ламп дрожал на деревянных стенах, а где-то снизу всё ещё доносились приглушённые голоса и кажется чей-то крайне недовольный бас.

Он медленно перевёл взгляд на только что вышедшую Сив. Нарядец действительно походил на ученицу хмурого старца. Хмыкнув, парень пожал плечами и ответил:

— Мы из одной семьи, но твоя ветвь уж больно незначительна... до сих пор удив... Ах. К черту. На первый раз пропущу мимо ушей, братцом меня не называй.

Парень вздохнул, отпрянул от стены и кивнул в сторону, где продолжался коридор, а в дали виднелась лестница вниз.

— Быстрые вопросы есть? Пока спускаемся могу ответить.

Развернувшись, он зашагал вперед - медленно и размеренно.

|-----------------------------------------------------------------------------|",biok_ymer,1503715982454292637
"2026-05-12,19:54:17",ktoia,#0,"|-----------------------------------------------------------------------------|

Ухмылка медленно расползалась шире, пока Ётун продолжал говорить. На ""Динд Румпа"" мужчина тихо хмыкнул - он услышал не оскорбление, а скорее... детскую выходку ||хотя сам не лучше||. Потом вдруг пригнулся и сделал шаг внутрь. Комната сразу стала меньше.  

— Ух ты. А язык то действительно есть. И даже зубы имеются...  

Он перевёл взгляд на вещи, которые Ётун вытаскивал из под кровати, затем обратно на него. Сделав ещё один шаг, поднял ручищу в перчатке и опустил её на голову парня, начиная медленно двигать ладонью вверх-вниз, продолжая лыбиться. Очевидно, ему было неудобно, но ему очень противилось, что парень огрызается, поэтому он решил его так припугнуть. Всё-таки как-то вредить ему фактически было не нужно.  

Продолжая водить ладонью по его голове, он добавил:  

— Не много чести? Пхах. Да и проливать кровь семейную без нормальной причины увы нельзя.  

Он убрал руку с головы и положил на плечо, начиная слегка надавливать:  

— А привезли тебя сюда потому, что кто-то из старейшин решил: ""О, а давайте дадим пацану шанс заняться чем-то полезным"". Всё-таки ты малявка Дракхельм, да грязный, но обязательства остаются!  

Он убрал руку и начал разворачиваться к выходу. Грейвар с радостью для себя покинул каморку и выпрямился.  

— **Мх, но это моё мнение**. Может, действительно изощрённо прибить хотят! Хм... Ладно. **Встал и пошёл за мной.** Какого чёрта от тебя хотят узнаешь в письме.

|-----------------------------------------------------------------------------|",samin__,1503718197340143700
"2026-05-12,20:48:45",biok_ymer,#0,"—Сив Сигурд Блэрс—
|-----------------------------------------------------------------------------|
Девушка не поняла его холодного отношения, все же такая великая как она, достойна только теплоты и любви, а не такого холода... Ну ничего, он ещё наверное не осознал, насколько она прекрасна! Поэтому девушка без лишних вопросов закончив себя расчёсывать спрятала свой атрибут в сумку, а после взялась и обвилась рукой за руку братика, говоря:
|-----------------------------------------------------------------------------|

—Братик, ну чего так холодно~. Ладно, больше так не буду, если тебе так уж не приятно. У меня много вопросов, но ни одного по работе! Например, где ты купил столь классную шубу, идущую к твоим прекрасным локонам~? Или отчего ты такой хмурый~? 

|-----------------------------------------------------------------------------|",ktoia,1503800178480648302
"2026-05-12,21:38:47",ktoia,#0,"|-----------------------------------------------------------------------------|

У парня приподнялась бровь. После вопроса про шубу он действительно удивился - это было заметно. Удовлетворённо хмыкнув, он развёл руками и прикрыв глаза, начал отвечать:  

— Пару месяцев назад был на землях Фуррста. Отличная пушнина. А главное - их ремесленники... мф... прелесть. Шуба с тех мест.... Ты не похожа на ту кто интересуется таким.

Он открыл глаза и чуть повернул голову в сторону Сив, не убирая руку из её захвата, но и не сжимая в ответ.  

— Кому нравится ехать вдаль ночью? Тем более последние недели погода очень не радует. 

Он сделал паузу, поглядывая на лестницу впереди. 

— На наших землях как дела идут?

|-----------------------------------------------------------------------------|",biok_ymer,1503816217968771323
"2026-05-12,22:07:43",samin__,#0,"— Ëтун Модерака Дракхельм —

Парень стал понемногу натягивать штаны, когда в комнате резко стало меньше воздуха, ведь тот был просто вытеснен дылдой, что запёрлась в будку. Когда парня начали тряпать по голове, тот думал демонстративно укусить напыщенную фигню, однако понял что зубки упомянутые ранее, в таком случае придётся пересчитывать, от чего стерпел, однако когда ему стали на прямую угрожать, тот отбил руку ладонью со своего плеча, начиная хмуриться

Застегнув ремень тот услышал причину, а после надевая первый сапог сказал:

— Из-за тебя, я теперь захотел побриться на лысо... тс... ладно, понял, письмо так письмо

/Начал застёгивать второй ботинок/
— Только вот ты то тут на кой? Как видишь я не в восторге от всего этого...

/Встав и потянувшись, тот сделал пару шагов к выходу/
— Но противиться старикам даже я не стану...",ktoia,1503802510270271670
"2026-05-12,22:08:55",biok_ymer,#0,"—Сив Сигурд Блэрс—
|-----------------------------------------------------------------------------|
Девушка воспользовались снисхождением брата продолжила ему лукаво улыбаться слушая его рассказы и ни в коем случае не перебивая, а после услышав вопрос удостоила его чести услышать свой ответ:
|-----------------------------------------------------------------------------|

—Ох, меня скорее интересует что вам идёт эта шуба, чем как она сделана. Однако подмечу, работу и вправду изысканная. Ага, вы тоже заметили, что погода отчего-то негадует! Словно духи предупреждают нас о чем-то грядущем... Однако не будем о грустном! На наших землях то? Все великолепно! Дерево сколько не руби не убывает, а наша добыча не так давно переводила за 5 тысяч бревён! Это весьма хорошие показатели для наших малоизвестных земель, отчего это гордость этого года. О и если вам интересно, многие изделия изготовленные у нас были оценены другими кланами, отчего возможно и торговля получит новый толчок. Можно сказать, сейчас у нас все прекрасно.

/И тут девушка в скольз решила уточнить:/
-Не думаю что пока кому-ту пустековому делу собрали бы вас и меня в одном месте, отчего делаю вывод, что дело требует особо внимания специалистов как вы, ведь так~?

|-----------------------------------------------------------------------------|",ktoia,1503828808216875038
"2026-05-12,23:13:51",ktoia,#0,"|-----------------------------------------------------------------------------|

Что ж... Ётун не в восторге.... Ётун все еще стоит. Малышь Ётун ещё не понял. Ну тогда хорошо. 

Лицо мужичины не изменилось после высказываний Ётуна. Ни тени злости, да и усмешка слегка сползла. Серые глаза стали вдруг холоднее, а на лбу чуть заметно обозначилась вена. Он не ответил - рубрика ""вопрос ответ"" закончилась даже толком не начавшись.

Вместо этого его рука метнулась вперёд с пугающей скоростью, схватив Ётуна за шиворот. Секунда и парня приподняли над полом, как нашкодившего котёнка. Грейвар перехватил его за запястье, другой рукой резко дёрнул, выкручивая руку и тут же отпустил ворот. Сила инерции сделала своё дело - Ётун отлетел в стену, ударившись спиной о грубое дерево. На этом Грейвар не закончил: он сделал пару шагов к парню и с размаху ударил того в живот носком тяжёлого сапога. Лишь бы рёбра не сломались! Благо Дракхельмы славились своими крепкими костями... правда?!

Сделав дело, мужик который только что отпинал ребёнка, отступил на шаг и произнёс:

— Да... Действительно кровь Дракхельмов. /пауза/ Хм... Наверное, беленький уже ждёт. Мм... ругаться кажется будет.

Он пригнулся.

— Эй малышь Ётун, живой?

|-----------------------------------------------------------------------------|",samin__,1503836089536876777
"2026-05-12,23:33:03",samin__,#0,"— Ëтун Модерака Дракхельм —

Ответ на повпрос ""зачем эта двухметровая горила тут"" был изчерпывающим. Ëтун не противился ""старикам"" однако явно выказывал протест ублюдку, от чего и поплатился, вывод - это уебан

Парень и не успел среагировать на то, как тот полетел в стену, оставляя свой ""отвечаток"" в стенах этого заведения, попутно получив под дых. Не ожидая ничего из этого, парень просто остался на полу, пытаясь привести дыхание в норму, глубоко дыша, никак не в силах привести дыхание в норму

Когда к нему наклонились, тот через силу ухмыльнулся и набрав крови в рот харкеул ею в переростка, приподнимая голову, попав в щëку. Удовлетворëнный этой маленькой победой, тот чернз силу процедил:

— Как тебе... кровь кхя... Дракхельмов?

После сказанного парень опустил голову, пытаясь просто не проволиться в забвения, попутно восстанавливая дыхание, что давалось не просто, ведь каждый вдох, отдавался болью в животе",ktoia,1503852733785182249
"2026-05-12,23:33:34",ktoia,#0,"|-----------------------------------------------------------------------------|

Эдос слушал ""сестру"" с неизменным выражением лёгкого скепсиса, хотя где-то в глубине глаз мелькнуло что-то похожее на удовлетворение. Он не перебивал, позволив ей выговориться и только когда речь зашла о дереве и брёвнах, чуть приподнял бровь - явно не ожидал таких подробностей.

— Пять тысяч брёвен? Для ваших земель это действительно... впечатляет. Возможно, вы и вправду заслуживаете большего внимания. Мх... В таком случае нужно будет поднять пару вопросов в столице.

Он чуть повернул голову, взглянув на Сив краем глаза.

— Ясной погоды уже давно не видать. Грустное - не грустное, но в голове держать надо. Если попасть под такую бурю не в том месте, удача не спасёт. Только навыки.

В этот момент откуда-то снизу донёсся глухой, тяжёлый стук - будто что-то тяжёлое ударилось о дерево, а следом раздался приглушенный голос. Эдос мгновенно напрягся, дёрнул руку, высвобождаясь из захвата Сив и не сказав ни слова, резко ускорил шаг, почти переходя на быструю походку.

— **Кажется, нас уже заждались.**

Спускаясь по лестнице, они бы завернули правее, направляясь прямиком в общий зал гостевого дома. Пустой зал гостевого дома... М... Опередили?

|-----------------------------------------------------------------------------|",biok_ymer,1503836390272798771
"2026-05-12,23:49:15",biok_ymer,#0,"—Сив Сигурд Блэрс—
|-----------------------------------------------------------------------------|
Великолепный шаман мог поддержать любую беседу, однако когда беседа зашла про погоду и насколько он любит деревню той стало даже немного душно от этих нудных речей, однако внешне она продолжала улыбаться, делая вид, что ей ну ОЧЕНЬ интересно слушать. И как только парень дернулся в бег, та немного изобразив удивление пошла спокойным шагом следом и чуть погодя догнав того, девушка осмтрелась, говоря с непониманием:
|-----------------------------------------------------------------------------|

—Тот кто ждал, видно проводился сквозь пол! Какая жалость, видно он специально решил задержать твое дорогое внимание, вместе с моим. Ну что, по комнатам?

/Сказав это, девушка улыбнувшись хотела была развернуться на лестницу, однако её остановил сверлящие взгляд, отчего она обернувшись спросила:/
-Хочешь со мной~?

|-----------------------------------------------------------------------------|",ktoia,1503857692798746785
"2026-05-13,00:24:42",ktoia,#0,"|-----------------------------------------------------------------------------|

Сучёныш.

Грейвар замер на секунду, когда тёплый, липкий плевок попала ему на щеку. Он медленно вытер лицо тыльной стороной ладони, взглянул на кровавые разводы, а потом перевёл взгляд на Ётуна, который с трудом пытался дышать. Ухмыльнувшись дерзости, он ничего лучше не придумал, как снова с кулака зарядить парню под дых - чтобы тот ЕЩЁ ДОЛЬШЕ пытался привести дыхание в норму. Затем он схватил задыхающуюся тушку за шиворот, взял под подмышку, вздохнул полной грудью и зашагал по коридору: прямо, затем направо, потом ещё раз направо. Направление было одно - большая гостевая, где уже находились два человека: какая-то шаманка <@&1503427258998853804>  и мужчина в белом. Подойдя к порогу зала, гигант остановился, взглянув на мужчину в белом....

|-----------------------------------------------------------------------------|

||Ура соединение!!||

Перед <@&1503427258998853804> , которая как раз направлялась к тому же коридору, ведущему к лестнице, возник двухметровый гигант с гномом <@&1503426398780395520>  подмышкой. Громила посмотрел на неё, но тут же перевёл взгляд на Эдоса. Эдос посмотрел на него. Паузу первым нарушил громила:

— Хах... **Эди**, я смотрю, у тебя всё идёт по плану! А вот моя девочка совсем не слушалась...

Эдос только открыл рот, чтобы начать нравоучать Сив, как в ту же минуту прибыл коллега с ГРУЗОМ. Он недовольно прикрыл глаза пальцами, сделал глубокий вдох, а затем опустив руки указал на Ётуна пальцем:

— Грейвар... Ты... ИДИОТ?! Почему? Господи... Он ходить-то хоть может?!

Громила и бровью не повёл на оскорбление. Он лишь посмотрел на парня под подмышкой, перехватил его второй рукой, резко подкинул вперёд, чтобы тот оказался на полу, а затем снял перчатку, тыльная сторона которой была в крови, и бросил её следом в Ётуна. 

— Да ладно тебе, я старался быть деликатным, а эта мелочь... Пф... / Его глаза переметнулись на <@&1503427258998853804> и тот обратился к ней: / Проверька ребра ""королевы"", которая так долго собирает свои манатки.

Закончив пока что на этом, мужик стал медленно подходить к недовольному Эдосу. Когда они сблизились, те заговорили о чём-то своём - если прислушаться, можно было вполне отчётливо услышать как Грейвару объясняют, где он не прав и как он всё отрицает.

|-----------------------------------------------------------------------------|

||Пару постов между собой, после я вас прерву. Кто первый сами решайте.||",samin__,1503857563337490632
"2026-05-13,00:34:53",biok_ymer,#0,"—Сив Сигурд Блэрс—
|-----------------------------------------------------------------------------|
Девушка хотела довольная своим каламбуром уйти однако здоровяк заставил её остановиться. Оценивая взглядом ситуацию, та поняла, что это тот кого искал братец, отчего та довольно подмигнув направилась обходить здоровяка, направляясь к лестнице, однако её вновь остановили просьбой. С непониманием посмотря на свое великолепное тело, а после с непониманием переводя взгляд на чей-то труп, та даже немного обиделась тем, что какой-то труп удостоился чести называться ""королевой"". Отчего она хмыкнув подошла к тушке, где сев на корточки стала тыкать того в область живота, говоря:
<@&1503426398780395520> .
|-----------------------------------------------------------------------------|

—Эй милаш, ты как там, живой? Могла бы и исцелить, но я верю в твою несгибаемую силу духа! Поэтому давай, вставай там.

|-----------------------------------------------------------------------------|",ktoia,1503870563196604568
"2026-05-13,00:44:40",samin__,#0,"— Ëтун Модерака Дракхельм —

Не успел парень порадоваться своему акту отмщения, как вдруг прилетел второй удар  что был откровенно лишним. Хватая крохи воздуха, тот почувствовал как даже отключился на время. Придя в себя, тот почувствовал лëгкость, как будто тело ничего не весело, а сам он как будто парил. Ну сейчас этот урод получит! Второе дыхание детка!

Мечты были разбиты крайне быстро, ведь лëгкость закончилась, как только того поглотила гравитация хернув об пол. Выплюнув немного крови, тот слегка скручился, пытаясь не обращать внимание на боль, однако КАКАЯ-ТО СУКА начала тыкать его в самые болючие места:

— С.... Ай... Ой... кха... да хватит уже. Да стой... Остановись! Нормально всë. Нор-маль-но! Кхя...

Выплюнув новую порцию крови, парень прокашлялся выдавливая из себя дурь, что только что была выбита, пытаясь вспомнить, а за что на этот раз то он отхватил?",biok_ymer,1503873126235246844
"2026-05-13,00:50:44",biok_ymer,#0,"—Сив Сигурд Блэрс—
|-----------------------------------------------------------------------------|
Удовлетворившись его живой реакции та кивнула, перестав его тыкать, а после встав ровно и поправляя одежду, та чуть стукнув посохом сказала:
<@&1503426398780395520> .
|-----------------------------------------------------------------------------|

—Не благодарите за мой славный осмотр, а теперь я оставлю вас. Не хотелось бы мешать вашему разговору и прийти ... ""Человеку"" в норму. Поки~!

/После сказанного та развернулась на 180 и вновь направилась в сторону лестницы, довольная своей славной помощью. Но тут АЙ... Э, а где земля!? Не осознав что случилось великан поднял ту за косу над землёй и перевернув обратно поставил снова на ноги, отчего та чуть раздражённо хотела что-то фыркнуть, однако встретившись взглядом с ""улыбахой"" та взглянула, а после нервно улыбнувшись вернулась обратно к трупу, встав рядом с которым стала осматриваться по сторонам, незная чем и заняться./

|-----------------------------------------------------------------------------|",samin__,1503875586643198092
"2026-05-13,01:00:27",samin__,#0,"— Ëтун Модерака Дракхельм —

Когда над тушкой перестали измываться, тот с усилием перевернулся на задницу, принимая сидячее положение. Было неприятно... нет было пиздецки больно, однако боль отступила на второй план, когда тот увидел как незнакомку отправляют в космос, а после спускают на землю. От такого зрелища тот даже простил улыбаку. Ну как простил... забыл то как он сломал дверь, не более. Усмехнувшись с этого зрелища, тот ехидно прошептал:

— Ой, не смогла уйти из-за моей внеземной привлекательности? Понимаю-понимаю, не каждый день видишь столь привлекательную задыхающуюся тушу, я бы и сам мимо не прошëл",biok_ymer,1503877113638289580
"2026-05-13,01:04:04",biok_ymer,#0,"—Сив Сигурд Блэрс—
|-----------------------------------------------------------------------------|
Благородная дева взнизашла до потугов тела, слушая его едва уловимую речь, а после посмотрев на него взглядом сожаления, сказала:
|-----------------------------------------------------------------------------|

—Ты прав, я не могла устоять от твоей харизмы побитой туши... Ни то что я говорю что ты не хорош, скорее противника ты выбрал...
/Глянув на великана:/ не по габаритам... Кхм, ну и как зовут эту ""великолепное"" тело?

|-----------------------------------------------------------------------------|",samin__,1503879557881659502
"2026-05-13,01:08:40",samin__,#0,"— Ëтун Модерака Дракхельм —

Парень глухо посмеялся, от чего поперхнулся. Сделав небольшую передышку он прикрыл рот, а после почти что спокойно сказал:

— Тут ты права... скажем... честь не поделили. Меня зовут Ëтун Модерака Дракхельм

— Ну а как зовут любительницу мучить а не лечить?

Парня не слабо позабавило, что его юмор кто-то воспринял, от чего тот продолжил жить в своëм духе, а именно колоться как и всегда",biok_ymer,1503880468259410021
"2026-05-13,01:40:34",biok_ymer,#0,"—Сив Сигурд Блэрс—
|-----------------------------------------------------------------------------|
Шаман не особо понимал отчего говоря про колечить а не лечить тот смотрел в её сторону, однако все же та решила ответить вместо бугая, раз уж бедолага и зрения уже лишился:
|-----------------------------------------------------------------------------|

—Ох бедняга, надеюсь тебе полегчает, а для этого я пожалуй для тебя скажу свое сладкое и красивое имя. Имя мне Сив, фамилия ветки Сигурд, а принадлежу семейства Блэрс. Ученица великого шамана ветки Морнвейт. Рада с тобой познакомиться Ётун Модерака ""Дракхельм"". Судя по твоему имени и состоянию ты как и я также из крайнего семейства. Но ты не переживай в нашей работе многие и не смотрят на ветки, а больше предпочитают зациклить внимание на роду. Но знаешь, даже учитывая твою ""ответвленность“ ты неплохо выглядишь, я бы даже могла отметить, что весьма мужественно и ""сильно"". Надеюсь поладим.

|-----------------------------------------------------------------------------|",samin__,1503881626889752577
"2026-05-13,19:29:12",ktoia,#0,"|-----------------------------------------------------------------------------| 

От сказанного Сив про ""мужество"" и ""силу"" Ётуна улыбаха не удержался и громко заржал. Этого парня назвали мужественным и сильным? Пфхах! Ну умеет баба льстить. Так он про ржал с полминуты, идя попутно к беловолосому, который стоял, скрестив руки и хмуро пялил на Гревора, ожидая когда улыбаха успокоится. И о чудо - оглушительный хохот закончился. Встав чуть поодаль от парочки, громила облегчённо вздохнул и сказал:  

— Хох... уф..... Ладно, хорошо, это было очень хорошо. Мкхм. Вижу, познакомились - замечательно.  

Эдос покосился на великана и коротко бросил:  

— Начинай уже, не забыл, что нам ещё в другое место ехать.  

Цокнув, Грейвар поднял руку и потёр шею, после чего той же рукой залез под шубу, доставая конверт. Медленно раскрывая его, он взмахнул этим письмом, чтобы разгладить углы и затем улыбаха начал зачитывать:  

|-----------------------------------------------------------------------------| 

— **Распоряжение Совета Старейшин**. Ётуну Модераке Дракхельму, опоследовательной ветви рода Дракхельм. Настоящим письмом Совет Старейшин уведомляет: ввиду происхождения твоего рода, а также обстоятельств, связанных с деяниями твоего покойного отца, по решению Совета тебе предоставляется возможность вернуть честь и достоинство своему семейному древу через службу Северу. Считай это не наградой и не доверием, а милостью **предоставленной единожды**. В течение последних недель на землях Греймхорн, близ приграничного города **Кальдварн** происходят события требующие вмешательства. Зафиксированы случаи исчезновения людей. Отмечено нехарактерное поведение зверя: стаи покидают привычные места, скот становится беспокойным, а охотники сообщают о странностях в лесах и у подножий хребтов. Помимо этого за последние недели исчезло несколько караванов, следовавших через регион. Часть маршрутов обнаружена пустой. Часть - вовсе не оставила следов. Совет считает происходящее незначительной, но все же угрозой порядку северных земель. В связи с этим **Совет Старейшин ОБЯЗУЕТ** Ётуна Модераку Дракхельма незамедлительно прибыть к месту происшествия, установить причину происходящего, доложить о её природе и искоренить угрозу. По инициативе ветви семьи **Эйрхальм Дракхельм**, в сотрудничестве с семьёй **Морнвейт Блэрс**, для выполнения данного поручения тебе будет предоставлен шаман-помощник. Участие шамана не обсуждается. Совет отдельно считает необходимым напомнить: безопасность шамана во время исполнения поручения находится под твоей ответственностью. В случае халатности, необоснованного риска, исчезновения, тяжёлого увечья или смерти предоставленного шамана, ответственность будет возложена лично на тебя. **И не только на тебя.** **Остатки твоей семьи также понесут последствия**, соответствующие ущербу, нанесённому отношениями между Дракхельмом и Блэрсами. Север уже однажды видел, к чему приводит бесчестие рода. Не заставляй нас вспоминать это вновь. Во имя порядка Севера. Во имя долга перед Дракхельмом. 

|-----------------------------------------------------------------------------| 

Улыбаха нахмурился, опять провёл глазами по началу текста и, слегка махнув бумагой, сказал:  

— А. Так это ты должен был прочитать..... Пхах. Впрочем, вы все услышали. Так же я, Грейвар Сторк Дракхельм, вместе с Эдосом Морнвейтом Блэрс были назначены вашим сопровождающим до места прибытия... Думаю, у вас могли возникнуть вопросы. Слу-ша-ю.

|-----------------------------------------------------------------------------| 

||<@&1503426398780395520> <@&1503427258998853804>||",,
"2026-05-13,20:00:15",biok_ymer,#0,"—Сив Сигурд Блэрс—
|-----------------------------------------------------------------------------|
Слушая рассказ та искала дырки в рассказа и найдя достаточно ехидно свистнула, вертя в руках посох та довольная подошла поближе к улыбахе, говоря:
|-----------------------------------------------------------------------------|

—Тоесть вы хотите сказать, что нам нужно разобраться в исчезновениях о коих ни слуху ни духу, лишь вдвоём, с вашим сопровождением~? В силе и влиянию вас я не сомневаюсь, однако... Хехе, а вам точно нужен баласт ввиде нас? Или точнее... /Девушка с усмешкой посмотрела на парня:/ его?

/Та демонстративно наклонилась головой в его сторону и указав посохом на свою голову, та сказала:/
-Да и моя головушка важнее правещего рода? А вы интересную проверку ему придумали! И лидерства и работа в команде! Однако...

/Закончив изгибаться та вновь встала ровно, смотря на двоих уже серьезно, указав посохом на них:/
-С какой стати мне в этом участвовать? В отличии от него меня тут ничего не держит. Да, у меня есть тут славный братец и целых два представителя главенсвеного рода однако...

/Тут исказилась в скучной гримасе:/
-Это не моё дело. Да и как я поняла моё без участие скажется лишь на нём, отчего я ничего не теряю.

/Закончив представление, девушка ожидала хоть какого-то ответа, однако заступник к тому моменту оживился <@&1503426398780395520> ./

|-----------------------------------------------------------------------------|",ktoia,1504158582671675464
"2026-05-13,20:32:16",samin__,#0,"— Ëтун Модерака Дракхельм —

Как только оглушительный смех раздался по комнате, парень с прищуром посмотрел на улыбчивую задницу, явно будучи не в восторге от его реакции. Он и само понимал что слова о ""Мужестве и силе"" были ложью, однако даже так до этого момента те растеклись как мёд по его душе. 

Сказать что парень прифигел, ничего не сказать. 2 дня назад жизнь текла своим чередом... фигово, но стабильно фигово. А тут всё перевернулось с ног на голову. Какого чёрта старики вообще лезут в его жизнь? **Милость** тьфу. С одной стороны паренёк всегда мечтал о том, что ему дадут возможность исправить ошибки своего горе - папаши, однако представлял это немного иначе. Как-то... более официально что-ли, а не валяясь в собственной крови на полу какого-то чёртового захолустья. Тот не был в восторге от этого известия, да и не ожидал что прозвучит нечто подобное, однако даже не допускал мысли противиться приказу, не ради себя, так ради своей матушки, тем более что ему недвусмысленно намекали, что **второго шанса не будет**

С осознанием столь простой истины парень стал вслушиваться в суть дела, которое мягко говоря звучало как ""убой"". Несколько недель около границы в близь городка **Кальдварн ** исчезали люди, странно вели себя животные, а так-же без следа исчезали целые караваны. Тот даже не предполагал в чём может быть дело, однако точно понимал что животные не покинут свои пристанища так просто, а значит дело было серьёзным и уж точно ему не по зубам

И стояло тому об этом подумать, как ему сверху навалили балласт, который даже нельзя было скинуть! Эти уроды в открытую давили на единственное что у него осталось, от осознания сложившейся ситуации, парень стиснул зубы, явно крайне не довольствуясь тому что вокруг него происходило, пытаясь придумать как выкрасться и не подвергнуть опасности свою кровь. ""Долг перед Дракхельмом... если бы они ему что-то давали кроме тумаков, то могли бы и требовать, а так.. это звучало ДО УЖАСА не справедливо""",ktoia,1504158582671675464
"2026-05-13,20:32:18",samin__,#0,"Так ещё и оказалось, что эта сучья двухметровая туша - Сторк Дракхельм. Этому известию парень ни чуть не удивился. Верхушку клана он себе так и представлял в кошмарах, только вот этот стоял прямо перед ним, ожидая его вопросов... что бы такого задать... на всё он отвечать уж точно не ответит... нужно подбирать выражения, ведь когда на кону честь и угрюмость - одно дела, а вот жизнь матушки... совсем иное...

Однако парень не успел выдавить из себя хоть, что-то как вверенный ему друид пошёл в разнос. По началу тот был рад что ему выиграют время чтобы просто свыкнуться с мыслью, однако это было до того момента, как та открыла рот. Цикнув на слова мелкой суки, тот и сам знал что балласт ещё тот, однако выдохнув опёрся о колено, начал привставать, отвечая:

— Ну... быть может ты в чём-то и права. Я бы и сам с радостью выполнил всё вышеперечисленное в одиночку, однако... решать не мне, да и никому из нас

/Начал говорить, чуть ниже/
— ""Участие шамана не обсуждается"", а вот с ними спорить бесполезно... Хех...

Говорить нужно было осторожно, тут был её брат, что уж точно впряжётся если как-то её задеть, от чего приходилось терпеть, что Ётун научился делать ещё давно:

— Правда видимо твоя голова ценится не сильно, раз её вверили такому как я. Сочувствую~

— Чтож... у меня 3 вопроса: Есть ли вариант отстранить от этого дела шамана? Когда выдвигаемся? Как на месте мне доказать что я Дракхельм, чтобы меня послали после второго слова, а не первого?

После сказанного, тот протянул руку к письму, как будто ребёнок тянется за конфеткой, хоть бы по рукам не дали",,
"2026-05-13,22:26:18",ktoia,#0,"|-----------------------------------------------------------------------------|

Пара парней стояла, слушая вопросы и мысли подопечных. Лицо менялось только у улыбахи - с улыбчивого на более обычное, серьёзное. Когда Ётун замолчал, Грейвар взглянул на Сив и начал:

— Мм... Нет, Сив тебя...

В этот момент Грейвара перебил Эдос, который сделал шаг вперед и начал говорить наперекор Грейвару. Тот замолчал и тоже стал слушать.

Эдос сначала взглянул на Ётуна.

— Отвечая на твой первый вопрос /Он задержал серьёзный взгляд на Сив/ И твой. Сив Сигурд Блэрс, твоё назначение на данное мероприятие инициировала лично семейная ветвь Морнвейта, а если говорить ещё конкретнее - господин Хальдор Морнвейт Блэрс. Именно он выдвинул твою кандидатуру. Конечно, у многих возник вопрос ""почему?"", однако слова господина Хальдора стали последними в этом решении.

Грейвар перебил:

— Поэтому ты, баба, должна помогать Ётуну в его пути очищения кровушки. По крайней мере, пока не поступит другой приказ... Что значит - варианта отстранить Сив Сигурд нет. Что касается выдвижения...

Он глянул в сторону двери, ухмылка вернулась и посмотрел на Ётуна.

— Ты и Сив отправляетесь прямо сейчас. Конечно, не пешком! Хотя очень бы хотелось! На улице уже стоит карета, которую так же милосердно предоставили Эйрхальмы... Мдмс... Что до нас с Эди - прибудем несколько позже, но это не значит, что вы можете прохлаждаться и ничего не делать в городке.

Грейвар опять засунул руку под шубку, доставая жетон, а затем глянув на него медленно снял свою вторую перчатку и шлёпнул ею в лицо Ётуна, который тянулся к письмецу, а затем и подкинул жетон туда же на пол, говоря:

— Медный жетон Дракхельма. Хах... Не корона, конечно… но местные поймут, что ты пришёл не от себя. Где-то откроют дверь. Где-то язык придержат. Где-то хотя бы выслушают, прежде чем послать. Хах...

Свернув письмецо, тоже кинул в Ётуна.

— На.

Положив руки на боки, Грейвар добродушно улыбнулся и сказал:

— Ещё что-то? Кажется, всё предельно понятно, ребятки!

|-----------------------------------------------------------------------------|

||<@&1503427258998853804> ||",samin__,1504174463649058888
"2026-05-13,22:33:03",ktoia,#0,,,
"2026-05-13,22:42:36",biok_ymer,#0,"—Сив Сигурд Блэрс—
|-----------------------------------------------------------------------------|
Недовольная тем, что никто не повелся на её идеальную провокацию та буркнула, а после стукнув посохом сказала ничуть не боясь смотря на великана:
<@&1503426398780395520> .
|-----------------------------------------------------------------------------|

—Во первых я очень раздосадована тем, что вы не повелось на мою театральную игру, я между прочим уже подготовила речь про доверие и обман, что я идеально подхожу на роль дипломата, ведь чую ложь, но вы все не лыхом шиты, раз сдержаличь! 

/После расплываясь в доброй улыбке, та почесала голову, говоря:/
-А во вторых не ""баба"" а великий шаман, на следующую силу Хальдора Марнвейта Блерса! Отчего на первый раз прощаю, но в следующую раз я по ребячески естественно народу на вас проклятье на колики в животике!

/Злорадно улыбнувшись, та вновь вернула спокойное лицо, направляясь на выход и говоря;/
-А вообще я не хотела бы задерживать вашего столь ценного временного внимания, отчего постараюсь оправдать имя наставника и отправиться к заданию незамедлительно и да, третий пункт! Я извиняюсь если как-то нагрубила, это была проверка на ""лошка"" и вы её к радости провалили, что опроыдало ваши великие имена! Ну! Не будем медлить мой славный друг воин ""великан"" Ётун Модерака! Пройдем!

|-----------------------------------------------------------------------------|",ktoia,1504203155263721542
"2026-05-13,23:39:51",samin__,#0,"— Ëтун Модерака Дракхельм —

Парень и не ожидал ничего иного, чем сухие, полные сарказма ответы, однако когда ему в лицо прилетело перчаткой, тот недовольно прорычал с закрытыми ""ГРОМАДИНОЙ"" глазами. После в него полетел жетон, а после и письмо. Ну спасибо ""главная сука ветвь"". Напыщенности в этом существе было больше чем в западных аристократах... хотя нет, это оскорбление западных жителей!

Вновь СТЕРПЕВ мягкое отношение к себе, Ётун наклонившись поднял жетон и вторую перчатку, слушая зеленоволосую суку, которую определённо предстояло защищать... ну и за что это ему? Подобрав жетон, парень сразу сунул его за шубу, держа поближе к сердцу, а после приподнявшись сказал:

— К сожалению, я вынужден с тобой согласиться... от этой **бабы** пока что не отвязаться. В остальном всё понятно

> Точно будут бухать в каждой попавшейся таверне... вот и ""опоздают"". Ладно, нужно будет что-то придумать с этой друидкой... мэх... а как вообще с бабами общаться то? ""Нельзя бить... по лицу..."" а куда тогда?

С этими размышлениями, парень направился на выход, натягивая перчатки на руки, проваливаясь друмя пальцами в одно отделение, на прощание говоря:

— Ладно, получается до встречи... надеюсь НУ ОЧЕНЬ СКОРОЙ...

||<@&1503427258998853804> ||",ktoia,1504203155263721542
"2026-05-13,23:42:02",ktoia,#0,"# Глубокая ночь. Улицы приграничной деревеньки Дракхельма.

Ночь давно перевалила за ту черту, когда даже самые упрямые трактиры начинают тушить окна, а люди предпочитают не высовываться без причины. Снег валил густо и косо. Поселение было небогатым. Не тот север, где стоят длинные дома влиятельных семей, а обычная суровая окраина земель Дракхельма - место, где люди живут потому что должны, а не потому что хотят.

Камень здесь соседствовал с деревом. Низкие дома местами перекошенные от времени, подпирали друг друга тяжелыми бревнами. Крыши утонули под слоем снега, а на углах висели длинные сосульки, поблескивающие в тусклом свете фонарей. Над дверями лениво поскрипывали вывески: кузница, лавка меховщика, дешёвая харчевня, мастерская.

Людей почти не было. Однако врямо у дороги стояла карета.

Тяжелая, северная - сделанная для того, чтобы пережить метель. Перед ней спокойно стояла крупная северная лошадь - широкая, лохматая, с густой гривой. Из ноздрей валил тяжелый пар, копыта лениво переступали по снегу. Кучер укутанный в белые ткани и мех сидел впереди почти неподвижно. Снег уже давно начал оседать на его одежде, но тот будто не замечал мороз! Лишь иногда переводил взгляд на лошадь, проверяя упряжку или тихо постукивая пальцами по поводьям....",,
"2026-05-13,23:50:04",biok_ymer,#0,"—Сив Сигурд Блэрс—
|-----------------------------------------------------------------------------|
Леди аристократично выходя из здания вдохнула свежего воздуха, а после увидив бедолагу подошла к нему, радостно говоря:
|-----------------------------------------------------------------------------|

—Ох славный и терпеливый Кучер! Жалуйте, ваше терпение окупилось и мы пришли, дабы не занимать больше вашего здоровья. Надеюсь на славную дорогу с вами! А кобылка у вас, а корета, ух, загляденье!

/Если ту не остановить, она продолжить тянуть время, хваля все на его повозке, в том числе и бедолагу <@&1503426398780395520> ./

|-----------------------------------------------------------------------------|",ktoia,1504222212012376164
"2026-05-13,23:55:26",samin__,#0,"— Ëтун Модерака Дракхельм —

Парень, выходя из здания слегда втянул шею в тёплую, тяжёлую шубу, что работала на него как неплохой такой утяжелитель. Оглядевшись по сторонам, тот увидел, как полоумная уже докапывается до людей, как будто только из леса вышло... а... ну да... точно...

Подойдя к кучеру, тот без лишних прелюдий взял бабу за шиворот шубы и волоча за собой сказал:

— Извиняй, она у меня дурная, не обращай внимания...

Продолжая тащить тушу за собой, парень залез в повозку И ТОЛЬКО ТОГДА перестал душить девушку её же шубкой",biok_ymer,1504224232022737119
"2026-05-14,00:01:02",ktoia,#0,"|-----------------------------------------------------------------------------|

Кучер - мужик с лицом, которое видело слишком много седоков и слишком мало благодарности. Невозмутимо выслушал поток лести. Он не улыбнулся, не кивнул и вообще не подал виду что хоть как-то отреагировал на ""славного"" и ""терпеливого"". Только повернул голову, когда девушку оттащили от него и проводил взглядом эту сцену, на последок коротко бросил, когда парень извинился и больше ничего не добавил:

— Бывает

Дождавшись, пока они залезут внутрь, кучер молча кивнул сам себе, тряхнул поводьями и лошадь медленно тронулись с места.

Всё. Путь начался.

||Бедный кучер.  <@&1503427258998853804>  ||

|-----------------------------------------------------------------------------|",samin__,1504225583893315788
"2026-05-14,00:05:21",biok_ymer,#0,"—Сив Сигурд Блэрс—
|-----------------------------------------------------------------------------|
Зелень недовольно уселась на кресле повозки, после чего положив ногу на ногу положила посох рядом и скрестила ноги вместе, говоря:
<@&1503426398780395520> .
|-----------------------------------------------------------------------------|

—Ну и чего мы такие хмурые? Мы же на благое дело едем, защитить репутацию твоего семейства! Или ты может по-другому голоду нервный? Может есть хочешь? У меня есть булочка! Будешь?

/На этих слова девушка и вправду достала из внутренностей шубы немного червствый, но все же хлеб./

|-----------------------------------------------------------------------------|",ktoia,1504226994832019568
"2026-05-14,00:24:28",samin__,#0,"— Ётун Модерака Дракхельм —

Парень заняв своё место достал письмо, пытаясь развернуть его в перчатках, что были тому явно не по размеру. Укутавшись посильнее в шубу, тот наконец открыл письмо начиная то перечитывать, обращая внимание на фамилии, которые там фигурировали, однако сосредоточиться тому не дали, начиная талдычить под руку. Подняв недовольный взгляд на булку, тот сглотнул слюну и ответил:

— Нет... отраву можешь оставить себе. А в ненастроеннии я... хм... даже не знаю... наверное потому что меня подняли по середине ночи, впечатали в стену, заставили харкаться кровью, а после сказали что я должен разобраться с каким-то там делом, просто чтобы не умереть, а в напарники дали суку-друида, что кроме как языком чесать ничего толкового не показала... правда, почему же я **недоволен**?

Договорив, парень опустил взгляд на письмо, делая вид что читает",biok_ymer,1504228079244017714
"2026-05-14,00:31:12",biok_ymer,#0,"—Сив Сигурд Блэрс—
|-----------------------------------------------------------------------------|
Девушка нахмурились на его жалкие потуги задеть её огромное эго, но все же назло отломив половину булки принялась та довольно жевать, молча смотря на того ""потуги"" быть умным.
|-----------------------------------------------------------------------------|",samin__,1504232890559496234
"2026-05-14,00:31:42",biok_ymer,#0,https://tenor.com/view/nom-eat-eating-snack-popcorn-gif-14734591,,
"2026-05-14,00:40:19",samin__,#0,"— Ётун Модерака Дракхельм —

Увидев как девушка начала жевать хлеб, тот откровенно пожалел, что отказался от угощения, ведь живот не видел ничего кроме затхлого воздуха вот уже сутки. Прикинув что это может быть ловушка, что яд остался в другой, не надкусанной половине, парень привстав выхватил начатый кусок начиная его жевать, говоря с набитым ртом:

— Ну и? Что наш ""великий"" шаман умеет? И вообще... а чего шаманы делают? У деревьев дорогу спросить можешь?",biok_ymer,1504234583439314965
"2026-05-14,00:40:24",samin__,#0,https://tenor.com/view/nom-eat-eating-snack-popcorn-gif-14734591,,
"2026-05-14,02:20:51",biok_ymer,#0,"—Сив Сигурд Блэрс—
|-----------------------------------------------------------------------------|
Ожидаемо кусок был украден варваром, отдано та не расстроившись спрятала остатки хлеба обратно, смотря на того и говоря:
|-----------------------------------------------------------------------------|

—А теперь мы решили все же пойти на разговор? Хех, ну а если ты хотел сделать непрямой поцелуй мог бы прямо сказать~. Хехе, приятного, жуй поаккуратнее, ато ещё поперхнешься.

/Закончив первый парт, девушка меняя одну ногу на другую в своей позе, та посмотрела в окошко, говоря:/
-Хмм и да и нет. Шаманы могут связываться с духами природы, что обитают по всей округе. Однако контроль над ними, это уже вопрос практики и ""синергии"" с ними. Я лично никогда не понимала смысла в их, однако при помощи них я видела всякие чудеса, но те отчего-то не особо меня жалуют~... Хм, в теории я могу тебя усиливать.духовной связью, а также атаковать ведомством, но это требует большой концентрации(и знаний, коих нет...). Скажем я поддержка твоя, нежели самостоятельный воин. Да и как я могу забрать славу столь славного война?

/Вернув взгляд с окошка на парня та устало улыбнулась, очтего не было понятно новая игра или спрятанная правда, в куче лжи./

|-----------------------------------------------------------------------------|",samin__,1504236880151973928
"2026-05-14,11:40:09",samin__,#0,"— Ётун Модерака Дракхельм —

На удивление парень слушал бабу весьма внимательно, подмечая важные для себя детали, в особенности что её даже какие-то там духи не выносят. Про непрямой поцелуй тот и вовсе не понял, явно не имея понятия о чём та говорит. Значит его могут усиливать... а сама себя чего не усилит тогда? А чего он вообще об этом думает, а не говорит? Да и на оскорбление та не повелась, значит можно просто сбавить темп

Протолкнув кусок хлеба внутрь себя, тот постучал по другие, а после ответил:

— Я начиная понимать этих ваших духов... ну а почему ты не усилишь себя в таком случае? И вообще... а что за усиления? Мышцы наливаются кровью или отдышку убираешь?",biok_ymer,1504262180311404655
"2026-05-14,15:57:16",biok_ymer,#0,"—Сив Сигурд Блэрс—
|-----------------------------------------------------------------------------|
Самому бы знать... Девушка немного даже удивилась, что ту слушали, а после ответила:
|-----------------------------------------------------------------------------|

—Кхм ну, скажем облегчать движения, делая тело словно пёрышко, очистить разум там, может усилить тяжесть удара. А по поводу себя я проводник, без меня духи и помогать не станут и просто разлетятся кто куда. Поэтому я и такая умненокая, ведь духи разумные и с ними нужно уметь налаживать контакт.

|-----------------------------------------------------------------------------|",samin__,1504402930621747252
"2026-05-14,17:30:51",ktoia,#0,"|-----------------------------------------------------------------------------|

Кучер, до этого хранивший молчание, наконец не выдержал.

— Ох, мать честная... Медовые такие речи, аж тошно стало.

Он сплюнул в сторону и дёрнул поводья.

— Ты, барышня, так продолжай - совсем парня охмуришь. 

Он замолчал, но было слышно, как он ещё что-то бурчит себе под нос, явно недовольный сладкими разговорами в своей карете.

|-----------------------------------------------------------------------------|

|| <@&1503426398780395520>  ||",,
"2026-05-14,20:09:29",samin__,#0,"— Ётун Модерака Дракхельм —

Парень слушал россказни, чуствуя что его уши начали зарастать мхом. Какие-то духи, с которыми нужно договариваться и тогда они подхватывают твоё тело, делая как перо, а если не шаман, то разбегаются. В его картину мира это не вмешалось, от чего тот решил сделать самый простой вывод. Пока не увидит - не поверит.

И только тот хотел открыть рот, как вдруг позади него раздался голос, что... поставил его в тупик сначала тот хотел сказать что-то в духе ""лучше бы просто мёду дала"", но тут прозвучала фраза, что выбила его из реальности, тот подскочив воскликнул:

— Она то?! Меня то?! Глаза разуй! Ты чего мелишь вообще?!

Было видно как тот покраснел, явно не ожидая такой подставы, однако переведя взгляд на девушку, его взгляд вдруг скользнул чуть ниже её подбородка, от чего парнишка тут же отвернулся в сторону, уставившись в окно

||<@&1503427258998853804>||",ktoia,1504491188713947217
"2026-05-14,20:39:22",biok_ymer,#0,"—Сив Сигурд Блэрс—
|-----------------------------------------------------------------------------|
И вот закончив обучения ребёночка насколько она важна та хотела уже слушать его бесконечные похвалы и комплименты, однако Кучер прервал его потуги вохсощаться идеальным, отчего та немного нахмурились, однако лишь на мгновение, ведь с его слов она получила большей реакции, чем от своего трепета. Встретившись с ним взглядом, в после заметив куда тот пополз та чуть охнула, а после сев ровно положила руки за голову, начиная трепетать ногами взад вперёд и говоря:
<@815329322881646622> .
|-----------------------------------------------------------------------------|

—Какой милый! Однако для такого мы уж мало знакомы, думаю ты и сам это понимаешь. Я ведь даже не узнала какой честью обязуюсь быть с тобой в одной корете, все же сам Дракхкльм ух.

/Закончив попытку чуть ставить углы, девушка переманила взгляд в окошко, говоря:/
-А вы господин Кучер не делайте поспешных выводов. Я конечно дама истиной красы, однако за мной уже что-то очередь мужей. Но не волнуйтесь, у вас всегда будет шанс попытать своё счастье! Все же я оцениваю не только по заслугам, а ещё и по качествам человека, а вы весьма прямолинейны, что весьма вас ""красит"".

|-----------------------------------------------------------------------------|",ktoia,
"2026-05-15,15:49:27",samin__,#0,"— Ётун Модерака Дракхельм —

Выслушав насмешки с обоих сторон, парень развернулся в пол оборота к Кучеру, говоря тому:

— Не... а вот скажи мне, все бабы такие отбитые или это мне так не повезло?

Парень и вправду не знал, ведь из противоположенного пола видел лишь мать, да и то не часто, а о ""таком"" общении с бабами и вовсе не мыслил, ведь было слегка не до этого, пытаясь выжить в ""честно конкурирующей среде""

||<@815329322881646622> ||","biok_ymer, ktoia",1504538630943805490
"2026-05-15,17:05:01",ktoia,#0,"|-----------------------------------------------------------------------------|

Кучер слушал перепалку, не вмешиваясь, только изредка посапывал. Но когда парень обратился к нему напрямую, он наконец повернулся - не спеша, раздумывая стоит ли вообще в это ввязываться...... Однако все же начал:

— Отбитые?

Он подвинул головной убор на затылок.

— Эх, паря...

Он дёрнул шарф вниз, оголив шею и полез в подсумок. Оттуда извлёк поцарапанную флягу, открутил крышку и с чувством хлебнул, после чего вытер губы тыльной стороной ладони.

— **Женщины - не мирские создания.** Это тебе не кобыла и не волк. Не приручишь.

Коротко глянул на Сив.

— Эта - красивая. С этим не поспоришь. Но от этого с ними не легче, а только сложнее.

|-----------------------------------------------------------------------------|",samin__,1504828057805131846
"2026-05-15,18:55:17",biok_ymer,#0,"—Сив Сигурд Блэрс—
|-----------------------------------------------------------------------------|
И вновь получив комплимент, но уже касательно внешности девушка горделиво выручила груди вперёд, говоря:
<@&1503426398780395520> 
|-----------------------------------------------------------------------------|

—Хохо, всегда знала, что я прекрасна, но комплимент было услышать приятно! А вот сравнения со славной лошадкой было несколько двояко, однако учитывая, что вы извозчик, приму это за высшую форму похвалы! Так, а теперь...

/После этого девушка убрала руки из под головы, начиная вновь крошиться в шубке и после довольная достала игральные карты, говоря:/
-Может в картишки! Ато чего сидим и все о делах и о делах.

Вот расскажу вам историю, связанную с этими картами. Однажды я у брата сестры дяди брата отца выйграла целую виллу, однако отец настрого запретил отбирать последнее имение у сестринского братского дяденного отпрыска, отчего пришлось сыграть на желание и тот не поверите, признался в любви капитану охотничьих угодий, за что того месяцами хлестали и называли тупорылым южанином Пхахаха, вот потеха была! Пхахаха!

|-----------------------------------------------------------------------------|",ktoia,1504847075450552340
"2026-05-18,12:38:03",samin__,#0,"— Ётун Модерака Дракхельм —

Парень услышал только то, что **Женщины - не мирские создания** и с этим был вполне согласен. Эту дуру он понять не мог, как не пытался, хотя... он и не пытался. Ётун скривил лицо когда та снова начала себя превознасить. Парнишка был глубоко убеждён что только действия могут доказать что за человек перед ним стоит, однако раз это был не человек, а баба то тут его логика была бессильна

После очередного акта само возвышения, та ещё стала про какую-то вилку болтать, что поставило парня в тупик. Развернувшись лицом к(сожалению) спутнице, тот вопросительно посмотрел на неё говоря:

— Брат сестры дяди брата матери? Чего? Какая вилка? А... что такое карты?

Парень не понимал о чём та, но что-то ему подсказывало, что играть с этой парнокопытной будет ошибкой, за которую придётся жалеть",biok_ymer,1504874824546258955
"2026-05-18,16:42:21",biok_ymer,#0,"—Сив Сигурд Блэрс—
|-----------------------------------------------------------------------------|
Девушка быстро тусуя карты стала смотреть на непонимание парня и разложив две колоды, сказала:
|-----------------------------------------------------------------------------|

—Все очень просто друг мой! Карты созданы, чтобы развеять скуку или подзаработать ~. Так как ты новичек в картах, могу сыграть с тобой на простой интерес и ты поймёшь, что карты это очень веселая игра~. Игр ты явно не знаешь, отчего думаю можно сыграть с тобой во что-то лёгкое, как ты смотришь на игры в обман? В ней нужно взять карту из колоды и прислонить к лбу, чтобы ты не видел свою карту, тоже самое сделаю и я. Цель игры, победить карту оппонента по числу, однако так как мы не можем видеть свои карты, нужен у противника спросить, что там за карта у себя и вот он может как соврать о карте, так и сказать истину, отчего тебе придется думать оставить эту карту или воспользоваться шансом и поменять её. Можем сыграть до двух побед, лжи также у каждого по две, ну как, заинтриговала~?

|-----------------------------------------------------------------------------|",samin__,1505867053536645241
"2026-05-18,20:01:50",samin__,#0,"— Ётун Модерака Дракхельм —

Правила было понять не так уж и просто, в особенности человеку, который подобной глупости не слышал с самого своего рождения. Тот не понял и половины из сказанного, однако ЕСТЕСТВЕННО переспрашивать не стал, от чего просто кивнул, отвечая:

— Понятно, соревноваться с тобой во лжи конечно чревато, однако я Ётун Модерака Дракхельм, принимаю твой вызов

Сказав это, тот взял карту с колоды, приклонив её к своему лбу рубашкой вверх. Сделав это, парень определённо почувствовал себя дебилом, коим он и являлся, от чего изменился в лице, ожидая действий обманщицы",biok_ymer,1505928536848859176
"2026-05-18,22:31:04",biok_ymer,#0,"—Сив Сигурд Блэрс—
|-----------------------------------------------------------------------------|
Горделиво подняв также карту стороной к парню, та улыбнулась, смотря сначала на его карту, а после на него.
(У неё была 9-тка, у парня 6-рка. Туз ровняется 11, остальные по правилам ниже). Она спокойно вертя карту над головой, сказала:
|-----------------------------------------------------------------------------|

—У тебя низковатая карта, я бы на твоём месте поменяла~. А у меня как там?

|-----------------------------------------------------------------------------|",samin__,1505978735562592346
"2026-05-18,23:00:45",samin__,#0,"— Ëтун Модерака Дракхельм —

Парень недолго думая вспомнил, что счëт и цифры давались ему с трудом, от чего стал зажигания пальцы считать:

— Один, два, три, четыре, пять, шесть, семь, восемь, девять

— У тебя девять

И вот вопросец, а ей то верить или нет? Что за вопросы? Она... говорит правду? Ëтун не мог о таком помыслить... так что тот весьма уверенно сказал:

— Нет, пожалуй останусь при своëм

Сделав самодовольное лицо, парень явно был доволен своей прозорливостью по части женских сердец",biok_ymer,1506016292677882027
"2026-05-19,00:52:34",biok_ymer,#0,"—Сив Сигурд Блэрс—
|-----------------------------------------------------------------------------|
Девушка перестал двигать картой стала смотреть на потуги посчитать парня, а после услышав ответ сделала удивлённое лицо и услышав ответ сказала:
|-----------------------------------------------------------------------------|

—Я тебе верю напарник! Я не стану менять карту.

/После сказанного он посмотрела на свою карту, а после дождалась пока тот увидит свою неловко проговорила:/
-Ох, похоже ты проиграл... Ну ничего страшного! Хочешь ещё раз? Или ты благородно позволишь мне выйграть без продолжения?

|-----------------------------------------------------------------------------|",samin__,1506023762464739511
"2026-05-19,10:18:49",samin__,#0,"— Ëтун Модерака Дракхельм —

Вскрыв карты, парень сначала не понял что вышло. Быстренько опять посчитав мысленно от одного до шести, тот похлопал глазами, удалëнный что ему сказали правду. Она умеет не врать?

Изумлëнный такому повороту, парень без колебания взял новую карту, прислоняя ту ко лбу, с серьëзным видом говоря:

— Мы же играем до двух? В таком случае продолжим

Было видно, что парню было не столь интересно, сколь принципиально выиграть. Только вот... может в этот раз соврать?

||Не думал я что буду играть в карты в разломе||",biok_ymer,1506051900716617778
"2026-05-19,17:20:38",biok_ymer,#0,"—Сив Сигурд Блэрс—
|-----------------------------------------------------------------------------|
Увидив нужный азарт, девушка поступила также взяв другую карту и прислоняя ко лбу. У неё была 4-рка, а у парня же была Королева. Девушка смотря на карту, сказала:
|-----------------------------------------------------------------------------|

—У тебя большая карта друг, я бы на твоём месте её оставила. А что, у меня?

|-----------------------------------------------------------------------------|",samin__,1506194402954055731
"2026-05-19,20:44:11",samin__,#0,"— Ëтун Модерака Дракхельм —

Парень ухмыльнувшись стал намеренно считать кивая головой. НО! Досчитав до четырёх тот не успокоился, он кивнул ещё 5 раз, а потом ещё 3, и сказал:

— Да... у тебя тоже не маленькое, я бы оставил, но вот на счёт моей карты...

Ётум Хоумс вышел на охоту, он стал думать:

> Так, она в прошлый раз говорила правду, значит в этот раз она скорее всего этого не скажет, а ещё она сказала ""друг"" тьфу... ясное дело что врёт!

Не меняясь в лице, тот отслонил карту ото лба, смотря на неё:

> Ну вот! Как я и думал, какая-то баба нарисована, значит надуть меня пыталась. Понять бабу было довольно просто! Ну или просто у меня талант

Взяв новую карту, парень улыбнулся, говоря той:

— Ну что? Какой твой выбор? М?

Парень был **ну очень доволен** своей логикой",biok_ymer,1506300555386032180
"2026-05-19,21:49:17",biok_ymer,#0,"—Сив Сигурд Блэрс—
|-----------------------------------------------------------------------------|
Все шло про продуманному плану девушки, однако он вновь ей не поверил... Да уж, неужто она такая не правдивая на вид? План немного омрачнулся, ведь там была 6-рка. Сделав задумчивый вид та предположила что по его довольному виду у неё слабая цифра, однако для её плана ей нужно было знать точно отчего она нахмурились стала считать уверенные ковки парня. Их было рядом 4-5, а после было не равные подовки, ведь разница во времени по сравнению с прошлым кивками была слишком быстрой, отчего та все же улыбнулась, говоря:
|-----------------------------------------------------------------------------|

—Я не сомневаюсь в твоих словах, жаль, что ты мне не веришь, ведь дама это цифра приносит порядка 12 балов и эта одна из сильнейших карт.

/Сорвав свою карту и увидев 4-ре сказала:/
-А вот ты мне соврал, как жестоко!  А ты не так уж и плохо в обмане и логике, неужто ты не впервые играешь?

/Подождав пока тот увидит свою карту и что он выиграл та взяла новую карту подставляя на лоб и подождав пока он сделает также там оказалось что у неё был король, а у него была 9-тка. На что та спокойно сказала:/
-И вновь скажу правду, у тебя большая карта. Если тебе нужно точно, у тебя девятка.

|-----------------------------------------------------------------------------|",samin__,1506351783167918093
"2026-05-19,22:15:36",samin__,#0,"— Ëтун Модерака Дракхельм —

И вот момент вскрытия. Ётун было хотел возмутиться, что какая-то женцина оценивается на число, которого он даже представить не мог, однако сдержался. Когда его начали увичать в обмане, парень закатив глаза ответил:

— Звучит как похвала, но из твоих уст это больше похоже на издёвку. Мэ... войну не нужно уметь обманывать. Ну... во всяком случае словесно

Парень и сам понимал что весь его боевой стиль построен на обманах, но решил этого не говорить, лишь завуалированно это произнеся. Взяв новую карту, тот думал на это раз поверить ради разнообразия, но тут его ждал сюрприз... какой-то дед... сука дед... и что это за цифра такая? Тупая игра, тупые карты, тупая шаманиха. Ну... старик выглядел дряхленько, значит это наверное самая низшая карта, от чего парень сказал:

— На этот раз я оставлю свою, а твоя... не уверен что это за цифра, но мне кажется что это что-то слабое

Этот король напоминал ему одного из стариков, из-за которого тот и страдал, от этого осознания, тот хотел побыстрее это закончить

||Если будешь оставлять, можешь сразу прописывать итог||",biok_ymer,1506368165393858640
"2026-05-19,22:49:10",biok_ymer,#0,"—Сив Сигурд Блэрс—
|-----------------------------------------------------------------------------|
Девушка понимала что тот говорит правду, однако судя по реакции на карту, тот и незнал, что там за цифра, очтего она прикинув что там валет, дама, король или туз решила сменить карту на 2-ку, говоря:
|-----------------------------------------------------------------------------|

—Поверю тебе, ведь так и поступают товарищи!

/После сказанного они вскрылись и парень вновь выйграл девушку, отчего сделав удивлённое лицо, та собрала карты вместе и спрятала обратно в сумку, говоря:/
-Ого, похоже ты поистине умнейший и хитрейший среди нас! Не зря тебя выбрали лидером нашей группы, впредь постараюсь набраться твоего опыта и будь тебе верной опорой в твоём пути!

/Закончив свое представление, что она изначально и планировала, девушка сдержано хихикнула, а после дала выговаривться парню, ожидая его великолепную речь./

|-----------------------------------------------------------------------------|",samin__,1506374785972834496
"2026-05-20,12:38:00",samin__,#0,"— Ëтун Модерака Дракхельм —

Удивлённый что выиграл, тот похлопал глазами, смотря как выигрышная комбинация улетает в сумку к шаманке. Придя в себя, тот неловко отвёл взгляд в сторону, отвечая:

— Я просто раскрыл твой план. Лож была в том, что ты не собиралась лгать, только и всего

Он был немногословен, однако по выражению лица, которое тот не умел скрывать было видто что ему лестны эти слова. Не всё он принял за чистую монету, но победа, что далась ему не легко стала причиной его внутреннего триумфа

||Меня задобрили, хз что ещё писать||",biok_ymer,1506383236685758584
"2026-05-20,20:21:41",biok_ymer,#0,"—Сив Сигурд Блэрс—
|-----------------------------------------------------------------------------|
Довольная что смогла найти подход к парню, та вновь закинув ногу на ногу уставилась на стенку за которой был Кучер, спрашивая:
<@815329322881646622> 
|-----------------------------------------------------------------------------|

—Славный Кучер, как там дорого, долго нам ещё ехать осталось?

|-----------------------------------------------------------------------------|","samin__, ktoia",1506591819545448509
"2026-05-21,00:55:26",ktoia,#0,"|-----------------------------------------------------------------------------|

Кучер, который всё это время сидел, смотрел за дорогой, изредка попивал свой напиток и посмеивался от происходящего, наконец выдохнул и обернулся на пол-оборота:

— Славный кучер... пф... Ну... 

Он глянул на дорогу, оценивая её бесконечность, уходящую в заснеженную даль.

— Денёк... Два... М-м... Учитывая погоду и скорую гористую местность... /почесал затылок/ мой вердикт - долго! Так что усаживайтесь поудобнее.

Он взял в руку поводья, хлестнул лошадь и... принялся следить за дорогой.

|-----------------------------------------------------------------------------|

Дни потянулись однообразной чередой: снег, лес, снег, редкие придорожные трактиры. Кучер почти не вмешивался в разговоры пассажиров, лишь иногда бросал короткие фразы. Дорога была тряской, но терпимой. Сив и Ётун коротали время кто во что горазд.

Солнце поднималось выше с каждым днём, снег искрился под его лучами, но мороз не отпускал. Карета мерно покачивалась, лошадь размеренно цокала копытами, а бесконечные сугробы сменялись редкими перелесками. Временами дорога шла вдоль замёрзших рек, временами через небольшие деревеньки, где кучер останавливался сменить лошадь.

К концу пути местность постепенно менялась: равнины сменялись холмами с лесами, покрытыми плотным снежным кровом, деревья становились ниже. Солнце стояло в зените, когда они наконец выехали на ровную дорогу и вдалеке показались первые строения. Карета, скрипя колёсами, въехала на окраину небольшого городка и остановилась. Кучер высадил наших горе героев у входа в город, а сам скрылся где-то за ближайшим поворотом...

|-----------------------------------------------------------------------------|

Чтож... Вот и начало истории смерти двух варваров на невыполнимом задании... Что предпримут наши герои? 

||<@&1503426398780395520>||",biok_ymer,1506708508932968714
"2026-05-21,10:51:24",samin__,#0,"— Ëтун Модерака Дракхельм —

Не желая рассказывать о себе больше положенного, Ётун естественно всячески избегал разговоров о прошлом и о том что он ""Дракхельм"". Когда же <@&1503427258998853804> его окончательно задалбливала, тот просто выбирал замолчать и ничего не говорить какое-то время

Парню было откровенно не по себе от столь длительной поездки, как ни как его отправили на убийственное задание и в чём-то он был согласен с Грейваром, это очень хороший вариант избавиться от него, однако не слишком ли много чести для такого как Ётун? Эйрхальм и Блэрс... зачем им было посылать со мной... это? Парнишка за эти дни пришёл к выводу, что Сив могли приставить по двум причинам. Либо её тоже хотят укокошить на пару с ним, либо это и правда ""помощь"" от кого-то кто знал отца. Первый вариант был бессмыслен, а во второй тот не хотел верить, от чего предпочёл просто об этом не думать

Наконец выйдя из повозки, парень смачно потянулся, выпрямляясь в полный рост. На удивление даже ему было тесновато в повозке, от чего он разминая затёкшие мышцы стал оглядывать округу. Городок был откровенно неплохой, да и таких Ётун не видел за свою жизнь... ну или во всяком случае не помнил чтобы видел нечто подобное, но его это не заботило. Они приехали сюда чтобы разобраться что тут происходит, а для этого нужно было узнать мнение местных

Парень не знал как заставлять людей говорить, но ему это и не нужно было, есть же баба! Он помнил только то, что когда старшие напивались - оскорблений в его сторону летело куда больше. Идея ясна - чем человек хмельнее, тем больше говорит, а значит нужно было идти туда где их много. Оставив при себе размышления, парень огляделся, говоря в слух:

— Та-а-акс... и где тут ближайший трактир?",ktoia,1506777400233562143
"2026-05-21,16:48:46",biok_ymer,#0,"—Сив Сигурд Блэрс—
|-----------------------------------------------------------------------------|
Девушка за всю поездку пыталась всячески разболтал паренька, дабы узнать как можно больше рычагов давления над ним, однако он отвечал излишне сухо, отчего та оставила идею расспросить о парня и принялась говорить о различной фигне, пока её собеседник и вовсе не замолк, отчего она переключила внимание на Кучера, что был ещё молчаливее. От скуки та стала делать различные трюки картами и как только они доехали та прекратила строить домик из карт и собрав их обратно вышла словно кошка, потянувшись и осмотревшись говоря: 
|-----------------------------------------------------------------------------|

—Трактир? Ооо, а я смотрю ты умеешь правильно мыслить! Чаще всего где больше всего людей, там и выпивка, отчего нужно попросту найти толкучку! И надеюсь тебе есть чем платить, ато люди не любят говорить информацию за бесценок.

|-----------------------------------------------------------------------------|",samin__,1506927378302238773
"2026-05-23,20:54:23",samin__,#0,"— Ëтун Модерака Дракхельм —

Парень даже не удивился что его мысль подхватили и так хорошо поняли, скорее на оборот, он бы удивился если бы этого не произошло, ведь он понимал свои мысли... от части. Однако за облегчением что его спутница не полная дура, показалась истина... Ётун - нищий. Не в плане денег... хотя в этом смысле тоже, скорее морально. Он знал что такое деньги и даже держал их в руках, но вот чтобы иметь лишние, которые можно потратить на пиво... такой роскошью тот не располагал

Скорчив кислую мину, парень выдохнул и сняв оверсайз перчатки, стал шариться по карманам в поисках хоть каких-то грошей:

— Ага... нужно узнать слухи и чего местные вообще знают обо всём этом, только вот...

У этой дуры будут только шишки. Лесные жители чтоб их, так что спрашивать бесполезно, хотя если парень ничего не найдёт, придётся и правда думать над тем, чтобы с серьёзным видом заявлять что ""дары леса"" тоже чего-то стоят. Ну или продать перчатки, которые изрядно надоели парню

Достав их кармана парочку монет, которых едва хватило бы чтобы прожить пару дней, тот удручённо посмотрел на Сив:

— Мда... не густо. Либо получить информацию и ночевать на улице, либо не получить информацию и ночевать под крышей... сутки... выбор не велик",biok_ymer,1507017313998606356
"2026-05-24,01:17:52",biok_ymer,#0,"—Сив Сигурд Блэрс—
|-----------------------------------------------------------------------------|
Посмотря на жалкие потуги быть ""богатым"" у парня, девушка удручённо выдохнула, а после взяла парня за руку идя по улицам, в поисках трактира( <@815329322881646622> ), приговаривая:
|-----------------------------------------------------------------------------|

—Вот и настало моё время проявить себя ради нашей светлой миссии. Раз денег нет, предоставь их добычи мне, от тебя будет требоваться делать серьезный вид, словно ты бывалый воин и у нас все получится! Мы же как никак команда ~.

|-----------------------------------------------------------------------------|","samin__, ktoia",1507803898436653086
"2026-05-24,01:25:28",samin__,#0,"— Ëтун Модерака Дракхельм —

Парень не был особо доволен что его куда-то тащат, а услышав предложение и вовсе цикнул. Однако... критикуешь - предлогай, а предложений у него уж точно не было, от чего парень выравал руку из хватки бестии, пряча монеты обратно

Сделать вид что тот бывалый воин? Это было не столь сложно, таких в тренировочном он видел сплош и рядом

Спрятав несуразные перчатки в карманы, парень приподнял подбородок, выправил грудь и расставид плечи, а так-же сделал максимально суровое лицо (на сколько могла позволить ему его же внешность)

Стал парень выглядеть и правда статней, однако из-за мордашки и роста, это выглядело скорее мило, нежели статно или убедительно

С этим боевым запалом, тот продолжил двигаться за <@&1503427258998853804>",biok_ymer,1507870206201041047
"2026-05-24,01:45:16",ktoia,#0,"|-----------------------------------------------------------------------------|

Нашим героям долго ходить не пришлось - найти таверну в этом славном ||нет || городке оказалось несложно. Улочки были людными, но на наших героев особо не заглядывались. Хотя... на <@&1503426398780395520> действительно не заглядывались, а вот <@&1503427258998853804>  достаточно сильно выделялась среди общей массы. Шаманы как таковые сами по себе редкие экземпляры, но даже они не ходили так эксцентрично, как <@&1503427258998853804> . Поэтому взгляды можно было заметить очень легко.

|-----------------------------------------------------------------------------|

И вот они нашли скопление людей и вывеску ""Таверна Ларр"". Прямо перед их носом вынесли одного пьянчугу и кинули в снег - тот был явно в зюзю и не понимал, что вообще происходит.

Когда парочка зашла в таверну, их сразу встретил шум: множество людей проводили время за любимым для севера занятием - бухали, пока не заканчивались деньги и не нужно было работать. Вполне очевидно, что здесь были практически одни работяги - городок то шахтёрский. Изредка можно было заметить людей, которые выделялись оружием на спине или на поясе и они сидели кучно - не с работягами.

Между столиками лавировала привлекательная девушка, которая то и дело носила подносы с огромным количеством стаканов. И как она вообще это делает, ничего не проливая? За стойкой стоял заёбаный мужик с щетиной, который ругался с посетителем, тыкая в того пальцем. Удивительно, учитывая, что этот мужик больше бармена.

|-----------------------------------------------------------------------------|

Что же будут делать наши горе герои?",,
"2026-05-24,02:03:29",biok_ymer,#0,"—Сив Сигурд Блэрс—
|-----------------------------------------------------------------------------|
Осмотрев ситуацию внутри та про себя кивнула, немного задумавшись, что лучше сделать попутно меняя множества лиц, в попытках найти нужное, а после скорчив усталую, но расслабленную улыбку, та прошептала ётуну:
<@&1503426398780395520> .
|-----------------------------------------------------------------------------|

—Я буду говорить, ты продолжай быть крутым мачо, как подам знак, можешь начинать кряхтеть про важные дела и то, что нет времени. Вообщем, симповизируешь про свою великую цель, я думаю ты славный душ...умеешь сделать серьезный лад. С богом.

/Договорив та подошла к стойке, сев за которую бесцеремонно встряла в разговор:/
-Ох прошу прощения, но не могли бы мне налить чтобы промочить горло? Чего-то не дорогого.

/После просьбы, та посмотрела на спор, говоря:/
-А в чём у вас сыр бор?

|-----------------------------------------------------------------------------|",ktoia,1507877104723824802
"2026-05-24,18:19:51",samin__,#0,"— Ëтун Модерака Дракхельм —

Приятное местечко. Если так подумать Ётун никогда и не был в таком большом городе, однако здешние порядки ему были знакомы. Пьянчуга полетел в сугроб, такое парню нравилось. Без разговоров, быстро и чисто, так и нужно решать дела. Зайдя внутрь атмосферка так-же не разочаровала. Столики, куча пьянчуг и работяги, что сидели по раздельности с войнами, именно таку. картину парень и хотел видеть в таком месте как это. Так ещё и бармен, что указывал место мужику, что был выше него. Сурово, грубо и по северски

Когда Сив сказала план, Ётун вообще не понял что та хотела этим добиться, однако вопросов задавать не стал. Его смутило лишь ""С богом"", но что он с недовольством заявил:

— К чёрту бога...

Как только Сив села за стойку, парень смекнул что тому тоже стоит это сделать. Только вот глазеть за работой девушки было бы слишком палевно, от чего достав из под шубки знак Дракхельма, стал задумчиво крутить тот в руках, слушая к чему это приведёт",biok_ymer,1507881688758222999
"2026-05-24,22:06:39",ktoia,#0,"|-----------------------------------------------------------------------------|

Бармен, мужик с вечно уставшими глазами, уже успел забыть, с чего именно начался спор. Но теперь это было уже неважно. Напротив него стоял здоровенный детина с красной рожей и сжатыми кулаками. 

Бугай ростом сто девяносто сантиметров рявкнул и ударил по столешнице, стоя перед стойкой:

— **Я тебе говорю, лей давай!!!!** Деньги есть, значит, будет наливай!

Бармен, даже не повышая голоса сказал:

— Н-е-т-у. Всё, что было, ты уже выдул. Остальное до утра не тронь.
 
Бугай навис над стойкой, бармен же даже не моргал.

— Ты чё, мужик, охренел?! Хер ли ты тут такой правильный! Всего ничего тут работаешь!! Какого хрена я платить буду, если ты налить не можешь?!

Бармен потянулся к тряпке, спокойно отвечая:

— А ты не плати. Трезвым будешь. Полезно для печени...

Мужик грозно фыркунул.

— Да мне плевать на печень! Лей, говорю! Или ты забыл, кто тут главный?

На этот раз бармен не выдержал и шлепнув тряпку по столу достаточно холодно сказал:

— Главный тут **Я**. И **Я** сказал - нет. Если сегодня разлить всё, завтра ты будешь хлебать говяжью кровь. И не здесь, а на улице. Потому что таверна закроется.

Бугай раскрыл рот, чтобы возразить, но бармен уже отвернулся к новым посетителям, которых не замечал до этого. Мужик посверлил их взглядом, буркнул что-то нечленораздельное и махнув рукой, отошёл от стойки, бормоча под нос проклятия. 

|-----------------------------------------------------------------------------|

Бармен спокойно поглядел на героев, после чего кивнув <@&1503427258998853804> протянул руку за бутылем какого-то терпкого но не гадкого напитка и налив пододвинул его, говоря:

— Ничего такого, обычный денек.

Перевел взгляд на <@&1503426398780395520>, мужику не было дело что он там крутит, по сему просто спросил:
 
— Тебе чего парень?

|-----------------------------------------------------------------------------|",biok_ymer,1507881688758222999
"2026-05-24,23:13:30",biok_ymer,#0,"—Сив Сигурд Блэрс—
|-----------------------------------------------------------------------------|
Девушка слушая перепалку чуть подумала над ситуацией, а после взяв кружку немного отпила скривившись от вкуса и посмотрев на очень грозную моську <@&1503426398780395520> придвинула к нему, после чего вновь обратилась к бармену:
|-----------------------------------------------------------------------------|

—И часто на славного служителя увеселения так срываются? Не гоже так вести себя с кормильцем.

|-----------------------------------------------------------------------------|",ktoia,1508184474712674405
"2026-05-25,11:13:52",samin__,#0,"— Ëтун Модерака Дракхельм —

Парень вначале и не понял из-за чего спор. Вроде всё по правильному. Деньги тот платит, так чего бы не налить? Разговор понемногу переходил в стадию ""близко к мордобою"" однако владелец харчевни всё разрулил без лишнего шума, поставив посетителя на место, так ещё и разъяснил свою позицию. А чего, дела можно решать не только набивая харю обидчику?

Когда тот обратился к Ётуну, парень не меняясь в лице хотел было расстаться ещё с парочкой шекелей, однако благо этого не потребовалось. Сив тактично слила бурду пареньку, от чего потупив в кружку, парень даже слегка ухмыльнулся, поднося ту к губам

А умно придумано если так посмотреть. Если ничего не заказать с тобой и не будут говорить, а лишь прогонят, а тут Сив ещё и деньги сэкономила, неплохо-неплохо. Довольный скорее не от алкашки, а от остатков сбережений парень с довольным лицом пригубил напиток, что хоть и не покорил его, был весьма сносным, в особенности тех помоев, что ему приходилось пить",biok_ymer,1508201298158420048
"2026-05-25,12:23:07",ktoia,#0,"|-----------------------------------------------------------------------------|

Бармен перевёл взгляд с пододвинутой кружки на Сив, потом на Ётуна, который с довольным видом пригубил напиток. Картина сложилась мгновенно. Он усмехнулся, но ничего не сказал - только покачал головой и взяв тряпку, принялся естественно протирать стойку.

— Да что уж там, последнее время это норма. Всё сразу навалилось. И Ларр ушёл и проблемы другие... Мфх... Хах, а когда всё было просто?

Он помолчал, вытер руки и снова посмотрел на парочку.

— Паренёк, наверное, новенький в гарнизоне? /кивнул в сторону Ётуна, но тут же перевёл взгляд на Сив/ А вот вы, девушка... Мм?

Он не закончил фразу, давая ей возможность ответить, но по его тону было понятно - он уже составил о них какое-то своё мнение. 

||<@&1503427258998853804> ||

|-----------------------------------------------------------------------------|",samin__,1508382584726491208
"2026-05-25,21:42:48",biok_ymer,#0,"—Сив Сигурд Блэрс—
|-----------------------------------------------------------------------------|
Наблюдая как <@&1503426398780395520> вкусно пиёт эту бурмалду чуть хмыкнула, а после переведя взгляд обратно на бармена положила руки на стол, говоря:
|-----------------------------------------------------------------------------|

—Я то? Простой травник и шаман по совместительству, что решил провести этот вечер за разговором с приятным барменом, что к моему счастью может многое знать об недавних слухах... Особенно связанных с ""пропажей"". Но я так понимаю вы так просто не подскажете в чем дело, верно~?

|-----------------------------------------------------------------------------|",ktoia,1508400012504203294
"2026-05-25,23:20:13",samin__,#0,"— Ëтун Модерака Дракхельм —

Сделав пару глотков, парень отставил кружку с бурдой, привыкая к ощущениям. А если так подумать, то эта миссия не так плоха. Никто не указывает что делать, не жучит, так ещë и алкашка льëтся, быть может и возвращаться не нужно?

С этой мыслью, парень ухмыльнулся, следя за разговором, однако вспомнив что он тут строгость вновь сделал недовольную мордашку, начиная и дальше пить бурду, то и дело косясь на <@&1503427258998853804>",biok_ymer,1508540861175173241
"2026-05-26,00:31:31",ktoia,#0,"— Бармен —

|-----------------------------------------------------------------------------|

Мдамс. Льстить умеет. Бармен вглянулся в лицо Сив, слегка понимающе повёл бровями, а затем не торопясь заговорил:

— Не часто встретишь таких, как ты, в скалистых землях Греймхорна. Тем более на отшибе. Готов заметить - довольно молодо выглядишь для шамана. Видал я ваших ""братьев"" по ремеслу - каждый второй уже перевалил за третий десяток.

Он потёр щетину на подбородке, что-то обдумывая.

— Пропажи? Это горы, девушка. Пропажи тут не редкость, особенно в такое время года. Дороги заметает, поставки задерживаются, а некоторые и вовсе не доезжают. Мм... Однакось...

Он перестал тереть щетину и опёрся о стойку, приблизившись к собеседнице.

— Может, что-нибудь попригляднее выпьете? Иль закусить возьмёте?

Ну началось! Деньги всем нужны, особенно бедному бармену, у которого действительно есть что сказать.

|-----------------------------------------------------------------------------|

||<@&1503426398780395520> ||",biok_ymer,1508540861175173241
"2026-05-26,00:44:35",biok_ymer,#0,"—Сив Сигурд Блэрс—
|-----------------------------------------------------------------------------|
Начальная стоимость напитка была отбита, однако тому требовалось повышение... Вспоминая что бюджет и бурду что пьет <@&1503426398780395520> не потянет, та задумалась как бы быстро подзаработать и приметив все тех же работяг у неё созрел план, однако нужно было играть роль, отчего она чуть кашлянув, будто подавая какой-то знак проговорила:
|-----------------------------------------------------------------------------|

—Вот оно как, значит под славную закуску и язык охотнее говорит что же...
/Девушка глянув на парня, что не особо и понимал жестикуляции девушки, охнула, а после показав на парня сказала:/
-Дай ему еды и побольше, чтобы довольным был, а за едой быть может и вспомниться что-то...

/Пустив многозначительный взгляд на <@&1503426398780395520> , та вновь надеялась что он поймет намек, что нужно включить режим душнилы, однако поймет ли он? Если нет, той придется обдумывать изменения плана.../

|-----------------------------------------------------------------------------|",ktoia,1508583318214545448
"2026-05-26,12:33:00",samin__,#0,"— Ëтун Модерака Дракхельм —

Парень спокойно себе сидел и делал вид что важный, однако в голове слушал разговорчик. Мужику определëнно знал что-то, но так просто говорить не хотел. Ну... оно и понятно, бармены слышат ой как много слухов

Кашля парень не понял, как и других намëков, однако когда ему заказали еды, а бармен уже пошëл за ней, тот не выдержал, начиная не отыгрывать, а душнить по настоящему:

— Ты совсем взбрендила? Одно - это посидеть и отдохнуть, а другое просто набивать живот. Думаешь меня это успокоит? Мою душу греет только две вещици, это раздутый мешок с монетами и выполненое задание!

Смекнув что это и был сигнал, парень стал выезжать в другую сторону, но перед этом хватанул кружку, опустошая остатки содержимого, с грохотом ставя еë обратно на стойку, чтобы быть в правильной кондиции:

— Да ты хоть понимаешь что это не просто ""поручение"", это долг и твой на секундочку тоже. У нас и так дел не в проворот! Я понимаю что ты хочешь слухи послушать, но тут каждая секунда на счету вообще-то. Каждый день простоя кто-то изчезает, а старики звереют

Тут парень запнулся, думая стоит ли говорить, однако всë-же полушопотом, так чтобы выглядело что он пытается скрыть, наклонился к Сив и сказал так, чтобы и бармен услышал краем уха:

— Если вернëмся в Дракхельм без вестей, тебе лучше не знать что будет. Да и ""братья"" скоро явятся, так что стоит поторапливаться

Закончив акт душниловки, парень вновь повернулся к стойке с некой досадой смотря на кружку, оставляя место блестать для <@&1503427258998853804>

|| <@815329322881646622> ||","biok_ymer, ktoia",1508586609094824217
"2026-05-26,21:47:46",ktoia,#0,"— Бармен —

|-----------------------------------------------------------------------------|

После услышанного от Сив бармен действительно направился в сторону, чтобы достать съестного. Однако, не успев сделать и трёх шагов, остановился - началось что-то уж больно непонятное. Развернувшись к ребяткам мужчина замер. Когда до его ушей донеслись обрывки разговора, он нахмурился, а затем, услышав что-то действительно интересное, подошёл обратно к парочке. Положив обе руки на стойку, он посмотрел на них с подозрительным прищуром.

— Интересная вы парочка. И когда это господа из Дракхельма стали присылать детей в такие места?

|-----------------------------------------------------------------------------|

||<@&1503427258998853804>||",samin__,1508764888217161848
"2026-05-26,22:09:43",biok_ymer,#0,"—Сив Сигурд Блэрс—
|-----------------------------------------------------------------------------|
Хорошо сработана <@&1503426398780395520> ! Жалко не вовремя сука... Девушка наигранно удивившись и показывая пальцем у губ парню проговорила:
|-----------------------------------------------------------------------------|

—Ну ты чего! Это же ""секретная"" операция!

/Недовольно и наигранно хмыкнув та сделала максимально неправдоподобную улыбку, дабы бармен подумал, что подловил тех, говоря:/
-Что же, видно у вас на один допрос больше к нам за информацию... Да, мы тут призваны для расследования, раскусил. Вот и пришли изучить слухи и информацию кто что знает про исчезновение люда нашего...

/Договорив фразу ту наигранно выдохнула, а после незаметно показала палец вверх <@&1503426398780395520> , будто всё идёт по плану, обращаясь уже к нему:/
-А ты мог бы и помолчать, насладился бы лучше отдыхом, пока не пришлось сражаться с ""ними"".

/Специально не трактуя про что она говорит, та надеялась, что парень подыграет, однако Надежда была маленькой, отчего она стала обдумывать уже обход./

|-----------------------------------------------------------------------------|",ktoia,1508904498255364287
"2026-05-26,23:16:06",samin__,#0,"— Ëтун Модерака Дракхельм —

Парнишка не вдуплял о том в какую ситуацию те сейчас попадают, однако знаки уловил, от чего развернувшись от девушки стал причитать себе под нос, как будто просто ворчит, а не обращается к кому-то:

— Да плевал я на секретность, когда дело не терпит отлагательств. Да и какой тут может быть отдых... чтоб её... лучше бы и сразился чем просиживаться по чём зря...

Кивнув самому себе, парень продолжил разглядывать уже почти пустой стакан, в надежде что тот наполнится

||<@815329322881646622> ||","biok_ymer, ktoia",1508910023236128800
"2026-05-27,02:08:48",ktoia,#0,"— Бармен —

|-----------------------------------------------------------------------------|

Дела, секретность, не трубет отлагательств.... Ну ребятки, взбурогозили вы голову Бармену. Мужчина похлопав глазами посмотрел на этих гавриков а после подняв руку потер свои глаза, начиная бубнеть:

— Ужас то какой.... То есть они... Зеленых, ну ахереть...

Пуф... Мужик сделал глубокий выдох, убирая руки с лица, и опять обперев руки о стойку начал говорить смотря на обоих, попутно этому примечая жетон, коий Ётун все это время крутил в руке.

— А вас родители любят? Или кому-то дорогу перешли? Почему сюда отправили вот это...

Наконец взяв себя в руки мужчина стал говорить без омерзения в голосе, более серьёзно, однако с такой громкостью чтобы слышали только Сив и Ётун:

— Я хороший человек. По крайней мере хочу таким быть, по этому советую следующее - если хотите жить, лучше вернитесь к тому кто вас сюда отправил и упав головой в ноги молите о том чтобы выдали другую ""секретную"" операцию....

Бармен действительно в каком-то плане им поверил, вот только в каком...
|-----------------------------------------------------------------------------|

||<@&1503427258998853804> <@&1503426398780395520> ||",samin__,1508926729899610112
"2026-05-28,04:33:58",biok_ymer,#0,"—Сив Сигурд Блэрс—
|-----------------------------------------------------------------------------|
Девушка не особо понимала что имел парень говоря о ""зелёных"". Однако один из капканов сработал, отчего нужно было грамотно его использовать. Отчего та сделав серьезный вид легла на стойку, устало говоря:
<@&1503426398780395520> 
|-----------------------------------------------------------------------------|

—Вы так говорите, словно у нас был выбор идти на такую опасную миссию. Была бы наша воля, сюда бы и в жизни не сунулись, однако раз уж нас сюда послали, мы хотя бы должны отработать наши славные имена, ведь так?

/Девушка заявила это гордо, однако на деле она попросту пудрела мозги, пока думала как бы сгладить углы, а после заметив пустой стакан парня, показала на тот, говоря:/
-Хоть угостить вы нас можете, перед таким то делом, раз уж понимаете что у чему. Однако от лишнего подкрепления наших данных я бы также не отказалась.

|-----------------------------------------------------------------------------|",ktoia,1508970190166032585
"2026-05-28,11:24:07",samin__,#0,"— Ëтун Модерака Дракхельм —

Паренёк уже разошёлся, даже сам уверовав что его мнение тут важно, так что затыкаться не планировал, от чего подняв взгляд на мужика ухмыльнувшись сказал:

— Грубо, но справедливо. Хех... судя по тому что сюда отправили **нас**, не любят как раз таки **вас**

Покачав головой, парень кивнул, уставившись в глаза бармена, говоря тому:

— Сив дело говорит, коль называешься хорошим человеком, так что будь... ну... этим... в общем скажи что знаешь. Если дело того не стоит, мы развернёмся и ты скорее всего нас больше не увидишь

Естественно парень не собирался уходить. Он подохнет в любом случае, а тут есть шанс выжить... хоть и маленький. Да и ""братья"" хоть как-то помочь должны будут, хотя с чем... с выполнение задания или с антиоживлением парочки, предстояло узнать

||<@815329322881646622> ||","biok_ymer, ktoia",1509369110381723729
"2026-05-28,18:27:54",ktoia,#0,"— Бармен —

|-----------------------------------------------------------------------------|

Бармен выслушал их и его лицо медленно, но верно менялось. Сначала недоумение, потом лёгкое раздражение. По всей видимости, ребятки наговорили сверх нормы. Недолго помолчав, он потянулся вниз за бутылью и начал:

— Может, у вас действительно выбора нет. Но вынуждать человека из-за этого относиться к вам с добром - не дело. Совет был по-настоящему искренним.

Он нахмурился и слегка подлил Ётуну.

— Это всё, что я могу предложить **за бесплатно** будущим трупам. Как-то так. Если вы действительно из Дракхельма, нужно было не в бар идти, а в ратушу. Хотя вас там и не ждут... Мх... Значит, от Дракхельма этим землям помощи не будет. Своими силам... Отлично. Что ж и так ничего хорошего тут нет.

Он взглянул на двоицу.

— Тогда деньги, ребятки. Ваши кровные. Платите - и я скажу, что знаю. А нет - так ищите именно добрых глупцов, которые будут работать за спасибо.

|-----------------------------------------------------------------------------|

||<@&1503427258998853804>||",samin__,1509472327543427162
"2026-05-28,19:19:00",biok_ymer,#0,"—Сив Сигурд Блэрс—
|-----------------------------------------------------------------------------|
И вновь нужны деньги... Девушку удречено вздохнула вставая с места и добовляя:
|-----------------------------------------------------------------------------|

—Что же, тогда я сейчас метнусь за кошелём, а парень тут будет в качестве залога!

/Договорив девушка чуть нагнулась к <@&1503426398780395520> , шепча:/
-Есть идея для заработка, понадобиться твоя помощь. Я сейчас все организую, а ты пока посиди тут.

/Договорив, девушка отправилась к шахтером, перестраивая лицо на игривую улыбку, говоря:/
-ООО ребятки, а я смотрю у вас тут веселе! Хотите сыграть в игру на желание? Моя ставка тело, ваша ставка оплата моего счета, что скажете?

/Дождавшись пьянчуг, та добавила;/
-Игра проще пареной репы, ставки! Видите доходягу у стойки. Я хочу сделать ставку, что он захочет влететь вон в тех статных охотников, за что сильно отхватит. Подставы никакой, лишь везения от стечения обстоятельств, какая будет ваша ставка~?

|-----------------------------------------------------------------------------|",ktoia,1509578975733878884
"2026-05-28,23:50:55",samin__,#0,"— Ëтун Модерака Дракхельм —

Парень даже примерно не понимал что и где пошло не так, от чего просто взял стакан, начиная болтать бурду то туда то сюда, говоря бармену:

— Мда мужик... любишь ты всë усложнять. Да ты на купца больше похож чем на хорошего человека

Заглянув в стакан вновь, тот отставил его в сторону, уставившись на Сив, что начала промывать кого-то другого:

— Бухло стоит денег, а вот информация... хе... хотел было сказать бесценна, но херас там, ничего такая не стоит, особенно когда еë знает любой алкаш

Подобрав жетон, парень спрятал его обратно, заканчивая мысль:

— И быть может совет был искренним, но последовать ему мы не может. Ладнать, будут тебе деньги. Что правда эта бестия придумала... ой... даже знать не хочу, но сейчас что-то будет. Хм... а айда спор?

Достав из кармана всë своë богатство, парень хлопнул тем о стойку, говоря Бармену:

— Мужик ты я вижу хороший, так что доверюсь твоей честности. Коль эта дура тебя удивит - ты рассказываешь что знаешь, а коль нет. Хм... забираешь деньги и нас больше тут не видишь. М? Что думаешь?

Отличная идея Ëтун, 20/20",biok_ymer,1509591834484019210
"2026-05-29,00:44:33",ktoia,#0,"— Алкаши —

|-----------------------------------------------------------------------------|

По невероятному стечению обстоятельств Сив подошла именно к тому самому алкашу, который недавно спорил с барменом. Мужик сидел среди таких же пьяных в хлам товарищей - похоже, у них был выходной после тяжёлой смены в шахте. Каким-то чудом этот алабай раздобыл выпивку и компания не расходилась. Они смеялись, пили, ели будто и не знали о проблемах, что раздирали их родные края. А зачем им знать? Ради чего думать о чужих бедах? У них есть еда, бухло и работа. Жизнь удалась. Вот бы ещё бабу....

О! Так вот же она.  

Смех и дружеские подтрунивания прервала <@&1503427258998853804>. Кто-то продолжал пить, кто-то облизывал пальцы от сока мяса, но всех объединяло одно: они замолчали и уставились на незваную гостью. Выслушав её, мужики переглянулись. Некоторые заржали, но алабай потёр подбородок, ухмыльнулся и ответил, не скрывая интереса:  

— Ого-го, а тут и такие пташки летают!~~~~ /он глянул на своих кентов/ Мужики, а Свен вроде балаболил, что нет у него таких здесь! Не пускает, мол... Пхах! Ик...  

Мужики засмеялись, но алабай снова перевёл взгляд на красавицу.  

— Ну-у-у, слу-у-ушай... Ик... А может, тебе просто заплатить, красавица? Ик... Пойдём, познакомимся... и... хе-хе...  

Он окинул взглядом охотников и Ётуна, рассмеялся, ткнул пальцем в Сив, хрипло бросив:  

— А ТО! ДАВАЙ! 5 серебра. А пока-а-а-а....  

Мужик повёл глазами, увидел пустой стул, придвинул его к Сив и сказал:  

— Присаживайся миленькая, рядом, Ик.. Посмотрим-посмотрим на твою РЕПУ. Ха-ха....

|-----------------------------------------------------------------------------|",biok_ymer,1509591834484019210
"2026-05-29,01:01:42",ktoia,#0,"— Бармен —

|-----------------------------------------------------------------------------|

Бармен перевёл взгляд с монет на Ётуна (1 серебряная и 5 медяков), потом на Сив, которая уже вовсю окучивала шахтёров. Его лицо и без того усталое, стало ещё более скептичным.

— Доверие - штука хорошая. /Взял одну монетку Ётуна и поглядел/ Но наивность - плохая. 

Он опустил монету обратно на стойку и опёрся руками о столешницу.

— Твоя девушка или кто она тебе идёт вообще не к тем мужикам... Хм. А давай. Если у неё получится, я отдам должное её наглости. И твоей тоже. 

Вздохнув, мужик отвел взгляд с представления на Ётуна и сказал:

— А пока она продается... скажи ка мне вот что - как давно приехали?

|-----------------------------------------------------------------------------|",samin__,1509660265833300138
"2026-05-29,02:37:24",biok_ymer,#0,"—Сив Сигурд Блэрс—
|-----------------------------------------------------------------------------|
Девушка хотела было увернуться от настойчивости но чуть задев ногой стул в итоге пала на тот, отчего немного потерялась в пространстве. А после задумчиво посмотря на то стол достала из кармана шышку и метнула в <@&1503426398780395520> , после если тот обратил внимание покажет рожки и на одного из охотников. После показаний та резко сделает вид, что показывала какой-то фокус, делая вид, что он не вышел и та задумчиво бы уставилась на посох, говоря:
|-----------------------------------------------------------------------------|

—Что-то не вышло с удивлением. Словно ЗЕЛЁНЫЙ лес сегодня ПРОТИВ моего желания. Так ОПАСНО идти против его воли. Жаль нет ПОМОЩИ от него всегда.

/Девушка специально проговаривал некие фразы погромче, чтобы Ётун мог попытаться их расслышать, однако сработает ли он в тандеме и поймет ли?/

|-----------------------------------------------------------------------------|",ktoia,1509673762822553660
"2026-05-29,22:17:04",samin__,#0,"— Ëтун Модерака Дракхельм —

Услышав слова бармена Ëтун остался с двояким послевкусием. Покраснев, тот обернулся на неë, потом на бармена и через зубы сказал:

— Ты это. Не шути так. Это балласт у меня такой

Выдохнув, парень прогнал смущение и стал заливать:

— Считай только что приехали. 3 дня пути и мы тут! Считай себя прокажëнным, раз мы в первую очередь полезли к тебе...

В этот момент по затылку парня, прилетела шишка, от чего тот потерев затылок, ОЧЕНЬ недовольно повернулся назад, видя как Сив уже нашла общий язык с шахтëрами и начала нести какую-то ахинею. Тот услышал лишь обрывочно, что та затирает про какие-то залëные опасности и... ему по большей степени не было до этого дела, однако ЗАЧЕМ КИДАЕШЬСЯ ТО?

Фыркнув, тот наклонился подняв шишку с пола и вертя еë в руке понял что про шишки и шаманов он попал в яблочко. Не долго думая тот замахнулся и кинул шишку обратно в <@&1503427258998853804> попадая той прямо в жбан

Похлопав руками о шубу, парень вновь запрыгнул на стул около стойки и сказал бармену:

— Не знаю как ты, а я сейчас в ахере. Во дура чумная... чëж ей неймëтся

Облокотившись о стойку, парень выдохнул и спросил:

— Значит херня говоришь у вас тут происходит. Тс... морока, ничего не скажешь. Может хоть скажешь кто у вас тут главный. Ну это... кто в ратуше сидит? Местные вообще не пекутся о том, что происходит или что?",ktoia,1509678080921305119
"2026-05-30,15:18:04",ktoia,#0,"— Алкаши —  

|-----------------------------------------------------------------------------| 

Пока Сив проводила свои манипуляции с шишками и в нее кидали в ответ, мужики устроили спор - кому первому пойти с девушкой. Но перепалку прервал самый здоровенный из них. Он с грохотом ударил кулаком по столу, заявляя, глядя на свою шайку:

— Так! Ик! Серебро моё, баба рядом со мной! Значит, моя очередь первая!

Он нагло положил руку на бедро Сив, состроил ей глазки, перевёл взгляд на Ётуна, потом снова на неё и хрипло проговорил:

— Ты правда думаешь, что он пойдёт на охотников? Милая, ты предложила этот спор, чтобы так пикантно к нам подойти~ Ну так мы же можем начать!.. Хе-хе. Посмотрим на твои леса....

Из-за стола раздались пьяные смешки. Кто-то одобрительно заулюлюкал, кто-то просто покачал головой. Алабай явно чувствовал себя главным, его рука на бедре Сив слегка сжалась, проверяя станет ли она сопротивляться.

|-----------------------------------------------------------------------------|",biok_ymer,1509702160634347630
"2026-05-30,18:14:29",ktoia,#0,"— Бармен —

|-----------------------------------------------------------------------------|  

На слова про ""первых прокажённых"" бармен усмехнулся. А когда в Ётуна прилетела шишка и тот кинул её обратно, мужик от мимолётного стыда за них прикрыл глаза ладонью. В его голове некоторые вещи, конечно, не укладывались и удивляли, но стыд подавлял эти чувства намного больше.  

Переведя дух, мужик тяжело вздохнул и сказал, глядя на Ётуна:  

— В ратуше старик **Рейч**. Но если вы себя... /взглянул на Сив/ Так ведёте, то он вас определённо не примет. /вернул взгляд на Ётуна/ Почему не пекутся? Помощи ждали, ждали... Но спустя несколько дней ратуша объявила сбор средств на награду для тех кто исправит проблему. Откуда же мы знали, что Дракхельму всё таки не всё равно? Хотя да... хорошо, что собрали. Вы не поможете.  

Пауза.  

— Если ты не остановишь её, то вам сюда дверь будет закрыта.

|-----------------------------------------------------------------------------|",samin__,1509999033454690467
"2026-06-01,21:35:40",samin__,#0,"— Ëтун Модерака Дракхельм —

Слушая мужика парень хотело был возразить, молв ""всмысле не помогут"" однако и сам понимал что это убийственная история, от чего и примолк

Однако услышав наезд, тот нахмурился, осматривая сначала себя, а потом перевëл взгляд на <@&1503427258998853804> , что уже начала ДЕЙСТВОВАТЬ. От такого видка, глаза парня стали по пятоку. С этим взглядом он и повернулся на бармена давая понять что сам в ахеере. Скривив лицо, тот пододвинул ранее отставленный халявный напиток и зажмурившись опрокинул тот залпом

Явно нахмилившись, тот отставил кружку в сторону говоря бармену:

— Ты это, прости за то что сейчас будет...

Договорив, парень спрыгнул со стула, идя в сторону столика, за которым сидела шлюха-шаман, попутно освобождая руки из просторной шубки, пряча их под ней, явно ожидая что этот вопрос не закончится мирно

Дойдя до столика, тот увидел руку бугая на бедре Сив, скривив лицо ещë больше, от чего не сдержавшись поднял ногу, с размаха отправляя ту в полëт с бедра, а уже после сказал смотря на Сив:

— Слушай, когда ты сказала ""подзаработаю"" я не думал что ты шлюхой заделаешься

Договорив, парень сделал шаг назад, смотря за реакцией толпени, готовясь к тому, что его сейчас попытаются угандошить",ktoia,1510300374488060014
"2026-06-01,21:43:36",biok_ymer,#0,"—Сив Сигурд Блэрс—
|-----------------------------------------------------------------------------|
Что ставка сработала! Однако она не успела сделать такой же план с воинами, отчего ставка проиграна... Черт, девушка сидела незнала что и делать, но благо парень в которого она не верила решил вмешаться, отчего та быстрым и ловким движением покинула стол делая вид удивления, говоря:
|-----------------------------------------------------------------------------|

—Ох ну... Не такой заработок я подразумевала, но если ты решил вмешаться я даже не против! А теперь удачи!

/Договорив девушка тут же спряталась за спину парня, смотря за реакцией со стороны <@815329322881646622> ./

|-----------------------------------------------------------------------------|","samin__, ktoia",1511075779641872385
"2026-06-01,22:09:48",ktoia,#0,"|-----------------------------------------------------------------------------| 

Мужик и не подозревал, что его кокетничество с такой красивой дамой прервёт какой-то гном. Да ещё и так дерзко. Когда его руку отшвырнули от бедра девушки, он сначала недоумённо уставился на собственную конечность - мол, эй, ты чего слезла? А потом, осознав, что это не она сама, перевёл мутный взгляд на коротышку. Долго думать не пришлось:  

— Ты че, малец, АХУЕЛ?  

А когда девушка, которая только что сидела рядом, быстро ретировалась за спину этой мелюзги, мужик впал в агрессивный осадок. В его голове всё сложилось логично: какая-то мелкая херня забрала его мясо, которое само пришло в руки! Да ещё и БЕСПЛАТНОЕ мясо - ведь эта шлюха проиграла спор...  

Мужик нахмурился, поднялся из-за стола выпрямился во весь рост и не торопясь, сделал пару шагов в сторону Ётуна.  

— Малыш, ты не ахуел? Ты кем себя возомнил, сучёныш? Это моё! С дороги, смазня...  

Кенты мужика тоже начали подниматься. Во всём трактире повисла странная тишина - будто все взгляды устремились на центр зала. Так оно и было.  

Но тут нашёлся смельчак - какой-то подвыпивший мужичок который быстро вклинился между Ётуном и алабаем, пытаясь примирить стороны:  

— Ик! Спокойно, мужики... ик.. Не нужн ну ик.. тут мордобой... Давайте....

Доброго пьяницу прервал кулак алабая - тот врезал ему прямо по голове. Мужичок отшатнулся, схватившись за ушибленное место. Алабай заорал:

— **ПОШЁЛ НАХУЙ, МИРИЛА!**

Из-за соседнего стола раздалось возмущённое:  

— Э! Ик. Они че, Бэри долбанули?!  

|-----------------------------------------------------------------------------| 

И вот на этой ноте непонимания и начался полнейший кавардак. Не прошло и минуты, как парни алабая уже дрались с другими мужиками кои встали за Бэри, а следом за ними в потасовку втянулись и совершенно посторонние люди. По всему трактиру летали стулья и кулаки, воздух наполнился матом и звоном битых бутылок.... 

Герои и сами наверняка не поняли, какого чёрта всё так завертелось, но одно было ясно: алабай не забыл про них. И прямо сейчас он нёсся на Ётуна, сжимая кулаки.

|-----------------------------------------------------------------------------| 

<@&1503426398780395520> потом <@&1503427258998853804>",,
"2026-06-02,12:46:07",samin__,#0,"— Ëтун Модерака Дракхельм —

События разворачивались уж шибко быстро. Вот мужики взбеленились и Ётун уж думал что его сейчас прикончат, однако пришёл БЕРИ! Лучший мирила, что своим встреванием начал потасовку в баре. Чтож Бери, если всё закончится, Дракхельм не забудет твоего вклада и принесёт цветочки на могилку

Стулья летали, кровь хлыстала, а Ётун напрягся ещё больше. В такой ситуации прилететь могло от кого угодно, от чего парень стоял как на измене, когда заметил, что громила, отбившись от мелюзги несётся на него с кулаками

Понимая что дело плохо, парень от греха подальше толкнул <@&1503427258998853804> в сторону, чтобы той не досталось в случае чего, а после... у него была всего пара секунд на то, чтобы вспомнить всё то время, что он провёл в лагере. Противник был громилой, которых Ётун за время тренировок видел не мало, да и получал не меньше. Если такой даже кулаком долбанёт - можно забыть о продолжении боя

Отступать было не куда. Со всех сторону свои проблемы. Справа люди дерутся мебелью, так что если сунуться уж точно пришибут. справа стена, а сзади стойка... и вот спрашивается что делать? Драться в лоб было бы ошибкой, от чего не долго думая, парень схватил край шубки, ожидая пока бугай подойдёт достаточно близко, а когда это произошло бросил её в него

Меховая накидка раскрылась в воздухе, перекрывая обзор морде, что уже сделала замах, от чего Ётун быстро юркнул в другую сторону, обходя здоровенную тушу с безопасной стороны. Вот это и был самый сложный момент. Когда он делал нечто подобное на тренировках, ему прилетало ногой или вторым кулаком, от чего парень даже зажмурился, но... Э? Ничего не последовало? Он просто обошёл тушу?",ktoia,1511084371757502604
"2026-06-02,12:46:08",samin__,#0,"Не веря своей удаче, парень растерялся, стоя позади громилы. Кинжалы в бой пускать он не мог, учитывая что за бойня была вокруг. Минимум это было бы бесчестно, а максимум - преступно, но и бить было бы глупо. Что мог сделать щуплый Ётун этой глыбе? Нужна была хитрость...

Смекнув что можно сделать, парень легонько шлёпнул мужика по правому плечу, крикнув ""ИДИОТ!"" и тут-же юркнул влево, пытаясь увернуться от нового удара, попутно ица окно, чтобы прописать мужику в челюсть и отправить баяньки

||<@815329322881646622> ||",ktoia,
"2026-06-02,17:29:45",biok_ymer,#0,"—Сив Сигурд Блэрс—
|-----------------------------------------------------------------------------|
Великий шаман же поверив вновь в богиню удачу чуть отшатнулись обогнула драку и подойдя к столу пьяниц стала обворовывать их монеты и попутно прихватывала не доеденую еду. Обойдя первый столик, та обошла и второй, мирил, что вмешались, а после совершенно спокойно покинула бар, попутно раздавая всем воздушные поцелуи, словно кейпоп звезда, после чего стала прогуливаться по ночному городу, подсчитывая свою добычу <@815329322881646622> .
|-----------------------------------------------------------------------------|","samin__, ktoia",1511304905686515815
"2026-06-02,20:26:57",ktoia,#0,"— Алабай —

|-----------------------------------------------------------------------------|

Алабай нёсся на Ётуна, сжимая кулаки и уже предвкушал, как его кулак встретится с хлипкой тушкой этого нахала. Но в последний момент перед глазами мелькнула какая-то тряпка - меховая накидка раскрылась в воздухе, закрывая обзор.

— Ах ты...

Он попытался смахнуть её, но <@&1503426398780395520> уже юркнул в сторону. Алабай, ослеплённый и разозлённый, взмахнул рукой и со всего размаху врезал по голове стоящему справа случайному мужику, который как раз пытался ударить кого-то стулом. Тот охнул, выпустил стул и рухнул на пол, прямо в гущу драки. Алабай же прорычал, скидывая с себя шубу:

— Где ты, сученыш мелкий?

Он завертелся на месте, пытаясь найти Ётуна, но парень для него словно сквозь землю провалился. Кулаки сжимались и разжимались, дыхание стало тяжёлым, а взгляд мутным от злости и выпитого. Спина была открыта. Сейчас или никогда.... ||Пометка: мужик стоит в полный рост.||

|-----------------------------------------------------------------------------|",samin__,1511304905686515815
"2026-06-02,20:38:06",ktoia,#0,"|-----------------------------------------------------------------------------|

[Чудом](https://discord.com/channels/1495473722679754914/1495473983636897803/1511376855545024593) <@&1503427258998853804>  удалось избежать массового кулачного боя, который к слову начался по ЕЁ вине. Обворовав столики и выйдя из здания, девушка то и дело слышала за спиной маты, хруст дерева и крики дерущихся, но для нашей шаманки это уже было делом прошлого!

Улица встретила её морозцем и постепенно закатывающимся солнцем - на севере оно заходило довольно рано. Отойдя подальше от таверны и по сути, БРОСИВ СВОЕГО НАПАРНИКА, девушка принялась подсчитывать добычу. Помимо еды ||сам придумай||, с двух столов бандитов и неудачливых ""мирил"" ей удалось украсть 5 + 3 = 8 серебряных монет и 4 медяка. Хороший улов, учитывая что она даже не продалась. На такие деньги вполне можно прожить денёк, а если экономить то и два.

*Кажется вас грызет совесть... если она конечно есть.*
|-----------------------------------------------------------------------------|",biok_ymer,1511376280455745669
"2026-06-02,22:12:21",biok_ymer,#0,"—Сив Сигурд Блэрс—
|-----------------------------------------------------------------------------|
Как жаль что совести у девушки не было и её ничего не грызло! Она со спокойной душой стала искать место ночлега, ведь денег бы вполне хватило, чтобы переждать ночь. Прихватив ножку курочки, два куска хлеба и яблочка та все упокаовала в сумку и оставив лишь хлебушек стала тот грызть, попутно думая как бы свалить с этого городка на утро.
|-----------------------------------------------------------------------------|",ktoia,1511423680788561960
"2026-06-03,11:09:56",samin__,#0,"— Ëтун Модерака Дракхельм —

Шкаф был куда более тупым и неподвижным чем казался. Угандошив ещё одного мужика, тот развернулся обратно, даже не догадавшись посмотреть вниз. Это была неплохая возможность, от чего парнишка вновь юркнул в сторону, обходя здоровяка, чтобы хоть как-то подобраться к его морде, совсем позабыв что нужно следить и за тылом

В момент пока он обходил великана, парню прилетело в бочину, не сильно, но достаточно чтобы измениться в лице и чутка потерять равновесие. Парня занесло чуть левее и тот наступил на ногу громиле. Ух чёрт, медлить было нельзя! Выставив кулак куда-то вверх, парень попытался дотянуться до челюсти и... у него получилось! Правда из-за отсутствия опоры и нормальной подготовки, удар был скорее похож на слабую подсчёчину, чем на хороший такой удар. Вот чёрт... кажется пареньку не свезло",ktoia,1511420873620586676
"2026-06-03,12:17:57",ktoia,#0,"|-----------------------------------------------------------------------------|

Поиски не заставили себя долго ждать. Пройдя несколько домов, девушка заметила высокое здание, которое буквально кричало о том, что это гостевой дом. Зайдя внутрь, она оказалась в достаточно уютной для такого места обстановке. Осмотревшись, она сразу заметила девушку за стойкой - та кажется уже посапывала, но всё ещё стояла на ногах. Удивительная техника.

|-----------------------------------------------------------------------------|",biok_ymer,1511447401334833293
"2026-06-03,12:37:09",ktoia,#0,"|-----------------------------------------------------------------------------|

Да, Ётун действительно опростоволосился. В бою нужно следить за каждой стороной, тем более в такой массовой потасовке и особенно если ты по общественным меркам размером с клопа. План был гениальным, но реализация подкачала. Своим прыжком и ударом он лишь пригладил щетину алабая, который успел его потерять из виду. Пуф... Конец. Кажется, сегодня Ётун не соберёт свои кости.

Великан уже начал поднимать колено, чтобы въебать парню, но... ему сначала прилетело стулом по голове. Тот распался на части. От этого удар Алабая повело из-за смещенного центра тяжести влево, да и тот взялся за голову ведь это было явно больно!

Ётун не успел и глазом моргнуть, как увидел бармена. Тот схватил ошеломлённого и согнутого алабая за голову, ударил от души пару раз, опрокинул на пол, пнул по печени, а затем заорал на весь бар:

**— УСПОКОИЛИСЬ, ДАРМОЕДЫ! СОВСЕМ ОХУЕЛИ?! ИЛИ ВАМ СТАРИКА ЛАРРА ТАК НЕ ХВАТАЕТ? ТАК Я БУДУ ХУЖЕ!**

Половина обернулась на него, половина продолжала пиздячиться. Все таки лавину так просто не остановить. Мужик отчётливо выдохнул, махнул рукой куда-то в глубь таверны, а затем, скользнув взглядом по Ётуну, спокойно направился обратно к своей стойке.

Издалека слышались вскрики и звуки того, как кого-то заламывают. Кажется, в дело вступили те самые охотники.


||Удача? ДА, ИМЕННО ОНА! https://discord.com/channels/1495473722679754914/1495473983636897803/1511660318676222044||

|-----------------------------------------------------------------------------|",samin__,1511643086386757733
"2026-06-03,16:38:56",biok_ymer,#0,"—Сив Сигурд Блэрс—
|-----------------------------------------------------------------------------|
Зайдя в нужное место и нужную для неё девушку та облокотилась о стойку, говоря:
|-----------------------------------------------------------------------------|

—Приветсвую милая, есть ли у вас свободная комната на эту мрачную ночку?

|-----------------------------------------------------------------------------|",ktoia,1511660203903291504
"2026-06-03,16:56:50",ktoia,#0,"|-----------------------------------------------------------------------------|

Девушка и не услышала как Сив подошла к стойке, однако когда та заговорила, дамочка легонько подрыгнула на месте испугавшись голоса рядом. Однако поняв что она уснула за стойкой, оглянулась, а после покачав головой ответила:

— Ой-ой... Прошу прощения. К-конечно, с-сейчас. 

Девушка робко потянулась за какой-то красной книжонкой и по переворачивав пару страничек, закрыла её беря в ручки, говоря Сив:

— А вы у нас проездом? 

Голосок был приятным и тихим.

|-----------------------------------------------------------------------------|",biok_ymer,1511725881788465324
"2026-06-03,17:08:41",biok_ymer,#0,"—Сив Сигурд Блэрс—
|-----------------------------------------------------------------------------|
Немного скользя взглядом по комнате, девушка зациклилась взгляд на работнике, отвечая:
|-----------------------------------------------------------------------------|

—Верно, я тут всего на ночь и нужно будет на утро покинуть этот городок.

/После сложив 2+2 она поняла, что перед ней стоит простофиля, отчего она чуть ухмыльнувшись сменила лицо на грустное, театрально поворачиваясь и прислоняя руку к лбу, говоря;/
-Понимаете ли, такие славные шаманы и травники как я всегда нужны для помощи нашему народу и я вызвалась помочь дальней деревеньке в исцелении детского приюта, однако путь занял весьма долгое время, а местные и вовсе сочли меня за какую-то распутную девку, попытавшись мной овладеть! Отчего мне пришлось отказаться от прошлой компании и убежав от них мне придется двигаться уже самостоятельно, что весьма печально. Но перед этим, я хотела бы провести мысли в порядок у вас, надеюсь вас не затруднит меня приютить и скрыть информацию обо мне... Я заплачу сколько смогу, не хотелось бы и вам дать проблем от этой ситуации...

/Грустно выдохнув, девушка опустила голову, притворяясь что уже близка к тому чтобы зарыдать, а сама с опущенной головой удивлялась, довольная своей актерской игрой./

|-----------------------------------------------------------------------------|",ktoia,1511730386177101925
"2026-06-03,17:42:24",ktoia,#0,"|-----------------------------------------------------------------------------|

||Какая же сив суу..... Кхм.||

Девушка, слушая душераздирающую историю, всё больше и больше грустнела. Когда та закончила и опустила голову, служанка встрепенулась, огляделась по сторонам, быстро вышла из-за стойки и подошла к Сив. Она по доброму приобняла её, чуть прижала, поглаживая по спине и заговорила мягко и тихо:

— Тихо-тихо. Всё уже нормально. Вы ушли от той мерзкой группки. Понимаете, у нас сейчас в городке тяжёлая ситуация уже с неделю. Поэтому все на взводе. Это конечно их не оправдывает, но у людей тоже играют эмоции.

Она замешкалась, погладила Сив по спинке ещё раз и продолжила:

— Я конечно приючу вас. А если кто-нибудь придёт, обязательно скажу что вы не здесь. Только успокойтесь, пожалуйста... у меня сердце кровью обливается.

|-----------------------------------------------------------------------------|",biok_ymer,1511733368687956080
"2026-06-03,18:01:02",biok_ymer,#0,"—Сив Сигурд Блэрс—
|-----------------------------------------------------------------------------|
Девушка немного даже удивилась насколько просто было одурачить эту простушку, отчего еле сдержала смех, но вновь состряпал грустное личико она глянула на девушку, а после ответила наеё акт добра:
|-----------------------------------------------------------------------------|

—Спасибо за ваши лестные слова, мне даже чуть легче стало от них. Не принимайте близко к сердцу, я и так знала, что многие люди не понимают моего альтруистического пути... Но спасибо за ваши теплые слова... Кхм, можете поведать сколько будет стоять у вас комната...?

|-----------------------------------------------------------------------------|",ktoia,1511741852712177704
"2026-06-04,14:03:42",samin__,#0,"— Ëтун Модерака Дракхельм —

Чёрт, похоже и вправду не стояло этого делать... бля-бля-бля, промашка ценой в пару тройку зубов. Ётун рефлекторно зажмурился, понимая что сейчас он отлетит как дворовая псина, которую пнут валенком, однако... вместо этого послышался звук удара... не по нему!?

Открыв глаза, тот увидел что глыба то тоже не следила за тылом! Ха, а вот и ещё ша-а-а-а-анс... ЧЕГОСЬ?! Бармен, который взялся не пойми откуда хорошенько так отбил этого урода! А ещё всё понемногу стало стихать

Парень, что стоял всё ещё не понимая почему зубы на месте наконец сориентировавшись перешагнул через громилу, что похоже был в нокауте, наклонился за шубкой, по которой судя по всему знатно так потоптались, начиная отряхивать её от грязи и пыли

Оглядевшись, тот не увидел Сив, что... А ГДЕ?! ГДЕ ЧЁРОТОВ ДРУИД?! Порыскав взглядом ещё немножко, парень не увидев дуру топнул ногой, уже надумав всякого. Расслабляться было некогда, от чего быстрым шагом нагнав бармена, парнишка сказал:

— Спасибо за помощь конечно. Хах, без тебя я бы зубов точно лишился... а ты случаем не видел куда шлюх... тс... шаман делась?",ktoia,1511665034877472913
"2026-06-04,15:43:32",ktoia,#0,"|-----------------------------------------------------------------------------|

Пока парнишка собирал с пола себя и манатки, вокруг действительно все утихало. Охотники начали утихомиривать оставшуюся суету, а тех кто не слушал, побитыми вышвыривали из трактира. Вокруг была не сказать чтобы разруха... Но пару стульев заведение точно недосчитается, как впрочем и некоторого количества посуды. Можно было бы сказать, что это обычная драка - если бы она не началась так..

Бармен уже стоял перед стойкой, облокотившись на неё спиной и наблюдал, как охотники выполняли работу, за которую он им заплатил. Впрочем, когда подошёл Ётун, мужик перевёл взгляд на него и ответил:

— Ну слушай малец. Из-за такого у нас ещё драки не видели... Пф... Так что немного удивил.

Кивнул в сторону двери.

— Сбежал твой шаман. Как только ты её забрал, она сразу деру дала из здания. Интересная вы компания.

|-----------------------------------------------------------------------------|",samin__,1512049203239452814
"2026-06-04,16:09:46",samin__,#0,"— Ëтун Модерака Дракхельм —

Парень присаживаясь на своё же место облокотился о стойку, отвечая бармену:

— В этой ситуации мне жалко только беднягу Бэри. Значит улизнула говоришь, ну хотя бы догадалась не мешаться и на том спасибо

Накинув всё ещё довольно грязную шубку на плечи, парень продолжил:

— Ты бы знал как я удивился, когда увидел что этой ненормальной в голову пришло. Тс... намучаюсь я с ней, честно слово

/Ётун чутка улыбнулся, чтобы не выдавать своей надежды/
Ну и что по итогу? Немного удивился, значит считается или как?",ktoia,1512074324985647144
"2026-06-04,16:43:55",ktoia,#0,"|-----------------------------------------------------------------------------|

— Бэри... Хороший мужик был, жаль его...

Бармен сделал такую мину, будто тот и вправду умер, но тут же прочистил горло и продолжил:

— Ай, ладно. Всё равно твои деньги уже ушли на урегулирование этого бардака.

Понизил голос:

— Я ещё до всего этого рассказал тебе половину, но повторюсь: весь этот бред начался с несколько недель, может, чуть больше назад. Купцы не доезжали, телеги, что шли в пути, пустели, да и скот пропадал. Сначала говорили, что опять, мол, соседняя деревня воду мутит, но о ней уже давно не слышно - так что в ратуше эту версию откинули. Сошлись вроде на каких-то разбойников или зверье. Вот и объявили задание для наемников.

Потёр щетину.

— Наверное и всё. Никто в проблеме ещё не разобрался, да и никто не вернулся...

|-----------------------------------------------------------------------------|",samin__,1512080930334969979
"2026-06-04,21:17:16",ktoia,#0,"|-----------------------------------------------------------------------------|

Утешив бедалажку, девушка перестала её прижимать и отпустив сделала шажок назад. Сложив ручки снизу, она покивала и после наклонив головку сказала.

— Не стоит благодарности! Это я вас должна поблагодарить, спасать деток, вы просто героиня... 

Девушка медленно затопала обратно за стоичку и вновь открыв книжонку стала говорить:

— Так-так. Если это вот так, ах.. это занята. И эта... ой и... мм... чтож такое...

Навелась глазками на что-то, а после подняла их на Сив:

— У меня есть одна хорошая комнатка для вас... получается... м.. хм.. обычно она уходит за 7 серебра, тем более в нынешнее время... Но вам... ну... мх...

Тихоня опустила глазки постукала пальчиком по столешнице и все таки подняв обратно сказала.

— За 5 монеток и небольшую просьбу. В-вы согласны?

|-----------------------------------------------------------------------------|",biok_ymer,1511746543437222173
"2026-06-04,22:17:23",biok_ymer,#0,"—Сив Сигурд Блэрс—
|-----------------------------------------------------------------------------|
5 серебряных!? Ну и грабеж... Однако делать было нечего, если она будет давить дальше та обязательно привяжется и не даст той сбежать, отчего скорчив недовольную мордашку, та охнула, а после копашась в сумке нашла те самые 5 монеток, положив на стойку и говоря уже более спокойно:
|-----------------------------------------------------------------------------|

—Ох ничего критичного, просто выполняю свою работу... Кхм, 5 так пять и что же ты хочешь милачка? Добро всегда возвращается, отчего я с радостью исполню твою просьбу!(Нет). Что же тебя беспокоит?

|-----------------------------------------------------------------------------|",ktoia,1512158312630583439
"2026-06-05,08:51:31",ktoia,#0,"|-----------------------------------------------------------------------------|

Тихоне конечно было невероятно неприятно брать с такой девушки деньги, однако если она это не сделает то ту бы начали причитать и нравоучить.

Взяв 5 монеток девушка спрятала те где то в стойке, и вернув Слив внимание заговорила:

— Б-большое спасибо за комплимент. Кхм. Так воот... Вы только сначала выслушайте, а то может быть моя просьба уж очень сложная. Вы... Ам... Вы как шаман могли бы узнать какая погода будет следующими днями? Конечно дедушка говорит стихнуть все давно должно, но я не особо верю...

|-----------------------------------------------------------------------------|",biok_ymer,1512173443720806470
"2026-06-05,08:57:52",biok_ymer,#0,"—Сив Сигурд Блэрс—
|-----------------------------------------------------------------------------|
Дерьмо, ну почему именно шаманство? Вот если бы изобразить шаманство было бы намного проще... Как там говорил учитель? ""Природа это не что-то чуждое, это часть мироздания, часть и тебя и чтобы её..."" Бэ эээээ, дальше, к важному! ""...чувствовать окружение не осязая и есть духовная сила, что была..."" Достаточно! Так, нужно просто сосредоточиться и дать духу погулять? Сойдёт, когда-то делала, значит и сейчас выйдет! Девушка чуть подумав показала палец вверх, говоря:
|-----------------------------------------------------------------------------|

—Ладно, будет тебе прогнозик. Великие шаманы могли бы и плату поболее взять, но все же за добро отвечаем добром, отчего с тебя ничего не возьму!(Сука...).

/Договорив девушка подошла к двери и оглядевшись у открытой двери вытянула руку, пытаясь почувствовать окружение. Все же духи капризные, даже капризные Сив! Отчего они редко выходили с ней на контакт... В отличии от наставника, что готов монотонно читать нотации и также их монотонно слушать, сив любить дискуссию, отчего с этим могут возникнуть проблемы.../

|-----------------------------------------------------------------------------|",ktoia,1512333025852260402
"2026-06-05,11:51:31",samin__,#0,"— Ëтун Модерака Дракхельм —

Ну великолепно, ни тебе денег Ётун, ни информации как таковой. Запрокинув голову, парнишка потёр лицо, явно недовольный таким раскладом. Посидев так секунд 10, тот рухнул головой на стойку с характерным звуком удара пустой бошки о дерево:

— Плохи делишки. У меня в задании было больше написано... и что делать теперь. С одной стороны это не зверьё, а с другой... разбойники? Мэх... едва ли так просто, раз нас сюда послали

Приподняв уставший взгляд на бармена, парень спросил:

— На сколько понимаю тут нас ждали. Уже вижу лица в ратуше, когда мы к ним заявимся /Скорчил рожичу омерзения/

Приподнявшись со стойки, парень потёр глаза, говоря бармену:

— В любом случае спасибо. Коль моё тело найдёте, похороните около Бери, а Сив к волкам

Усмехнувшись, парень щёлкнул шеей и спрыгнув со стула поплёлся на выход. Тут больше ловить было нечего",ktoia,1512089523675201638
"2026-06-05,16:48:57",ktoia,#0,"|-----------------------------------------------------------------------------|

Действительно, сила шамана зависит от благосклонности духов, с которыми он пытается договориться. Однако духи обычно не откликаются на вызов, если тот ничем не усилен - часто для этого нужны ритуалы, жертвоприношения или хотя бы искренняя связь с природой. Но здесь был другой случай. Если бы Сив слушала своего учителя, то понимала бы некоторые свои особенности получше. Намного лучше. Однако не будем о грустном.

Когда Сив попыталась связаться с каким-либо духом... ничего не произошло. Ну, прямо вообще ничего. Тишина. Пустота.

Но спустя несколько мгновений она всё же почувствовала что-то тяжёлое и долгое. Очень долгое. Это было не то чтобы присутствие - скорее, отголосок чего-то. Духи не выходили на прямой контакт. Вредные, капризные, они словно дразнили её, давая лишь намёк на своё присутствие, но не более.

|-----------------------------------------------------------------------------|",biok_ymer,1512334626012663808
"2026-06-05,17:00:21",ktoia,#0,"|-----------------------------------------------------------------------------|

С ухмылкой послушав юношу, бармен перестал тереть щетину.  

— Боюсь, если я ничего нового не сказал, то и никто не знает...  

Насчёт ратуши мужик не отвечал, ведь он и сам не знал, что их там ждёт. На последние слова Ётуна он лишь махнул рукой:  

— Прикопать-то прикопаем... Если, конечно, тела ваши найдём. Бывай...  

На этом разговор с барменом и закончился. Если так прикинуть, дуо в принципе сделало именно то, что хотело: получило информацию и деньги. Вот только какой ценой и с какими последствиями - это уже другой вопрос.  

|-----------------------------------------------------------------------------|

Выйдя из побитого трактира, горе Дракхельм увидел что солнце уже начинало заходить. Всё таки они приехали почти под вечер. Снег всё ещё падал, но уже не так яростно - скорее назойливо. Люди шастали по своим делам, а доходяги, что выходили из трактира, потихоньку расходились в разные стороны.  

Что же дальше будет делать Ётун?

|-----------------------------------------------------------------------------|",samin__,1512378326428155905
"2026-06-05,17:06:52",samin__,#0,"— Ëтун Модерака Дракхельм —

Парень вышел на улицу. Мда... как всегда холодно и противно. Вжав шею в шубку, парень без гроша за душой было хотел рассказать что узнал Сив, однако:

— А где?

Вырвалось у парня. Оглядевшись, овощ не был замечен. Варианта тут было 2. Либо его кинули, либо еë увели. Парень хотел верить во второе, однако первое было куда более вероятно. Был ещë вариант, что она опять пошла торговать телом, но вот об этом парень думать уж точно не хотел

Пнув снег, парень посмотрел на вечернее небо думая, нахера это всë ему надо...

Тыжело выдохнув, тот опустил голову и немного сгорбившись подошëл к первому попавшемуся **НЕ** пьяному человеку, говоря:

— А вы не видели тут сук... кхм... то есть шамана?",ktoia,1512456047246315570
"2026-06-05,19:03:33",biok_ymer,#0,"—Сив Сигурд Блэрс—
|-----------------------------------------------------------------------------|
Очевидно гады не хотели идти на контакт с такой прекрасной девушкой как сив, им лишь бы дедов всяких шупать... Та недовольно цыкнув попыталась обратиться к ним, говоря:
|-----------------------------------------------------------------------------|

—Ну и вот к чему ваша капризность? Я просто хочу спросить у вас один вопрос, не буду я вас принуждать к чему-то...

|-----------------------------------------------------------------------------|",ktoia,1512453175980855449
"2026-06-05,19:12:46",ktoia,#0,"|-----------------------------------------------------------------------------|

Воздух вокруг не изменился. Ничего не дрогнуло, не зашевелилось. Но где-то на грани восприятия, словно сквозь толщу воды, пробился едва уловимый шёпот. Он был невнятным, обрывистым, больше похожим на скрип старого дерева или шорох сухой листвы, чем на человеческую речь.

> Чего ты хочешь сияние?

Голос - если это можно было назвать голосом - не имел ни направления, ни интонации. Он просто был.

|-----------------------------------------------------------------------------|",biok_ymer,1512487052048863413
"2026-06-05,19:24:03",biok_ymer,#0,"—Сив Сигурд Блэрс—
|-----------------------------------------------------------------------------|
Девушка даже немного удивилась, раньше это прохиндеи даже в сторону сив за бесплатно не смотрели. Такие же паткте до выгоды как и она сама, хмыкнув она спросила:
|-----------------------------------------------------------------------------|

—Мне всеволишь нужно узнать, какая погода будет завтра. Будет ли дальше буран или он сойдёт на нет?

|-----------------------------------------------------------------------------|",ktoia,1512489369305612438
"2026-06-05,20:16:43",ktoia,#0,"|-----------------------------------------------------------------------------|

Шёпот затих на мгновение, словно дух переваривал услышанное. А потом в воздухе снова раздался этот странный, скрипучий звук.
 
> Погода... ха... погода не спрашивает, кто её просит. Но мы видим.  

Пауза.

> Буря будет сильной. К утру она не стихнет - только разбушевается. Снег сожрёт следы, ветер собьёт с пути. Если выйдешь до того, как он отпустит, не вернёшься.

Шёпот стал чуть громче, почти насмешливым.

> А теперь... плата. Мы ответили - ты даёшь. Маленький каприз за маленький ответ. Поцелуй комок снега на перекрёстке и скажи ""спасибо"". Тогда мы в расчёте.

|-----------------------------------------------------------------------------|",biok_ymer,1512492208920596674
"2026-06-06,00:45:37",biok_ymer,#0,"—Сив Сигурд Блэрс—
|-----------------------------------------------------------------------------|
Узнав очевидную информацию та скорчила недовольное лицо, а когда услышала про плату и вовсе состряпал лицо омерзение недовольно гляну на снег говоря:
|-----------------------------------------------------------------------------|

—Я так и знал что духи те ещё упыри... Ну вот не сказали ничего ценного и просят унижения моего. Я что, на воздухана похоже чтобы лыбизяться от вас? Неее, как вы ко мне, так и я с вами. Покеда!

/Сказав это, девушка захлопнула дверь, а после подойдя к стойке сказала:/
-Ветра и не планирую стихать ближайшее время, а ещё у вас очень тут капризные духи, вы им чем-то не угодили? 

|-----------------------------------------------------------------------------|",ktoia,1512505462199943309
"2026-06-06,01:45:33",ktoia,#0,"|-----------------------------------------------------------------------------|

Духи не ответили. Только лёгкий, едва уловимый скрип - то ли смешок, то ли насмешка прокатился по воздуху, а затем всё стихло. Они ушли... Мда. Обиделись или просто потеряли интерес.

|-----------------------------------------------------------------------------|

Тихоня все это время стояла возле стойки и удивленно смотрела как Сив говорит с воздухом, да... Шаманы странные. Она не совсем понимала, что происходит, но кивнула и тихо ответила:

— Понятно... Буран не стихает? Это плохо. У нас и так запасы редеют, а если погода не даст пройти обозу... мф... Духов не трогали... Ну хорошо, все равно большое вам спасибо. Пойдемте я вас отведу в комнату.

Развернувшись девушка повела Сив к лестнице, поднявшись они еще не долго прошлись, а после подойдя к какой-то двери, отварила ту, говоря:

— Н-надеюсь вас все устоит.

|-----------------------------------------------------------------------------|",biok_ymer,1512573134220296415
"2026-06-06,01:51:34",ktoia,#0,"|-----------------------------------------------------------------------------|

Мужик, к которому подошёл Ётун, возился у своей лавки - поправлял какие-то ящики, явно готовясь закрываться на ночь. Услышав вопрос, он поднял голову и окинул парня непонимающим взглядом.

— Чаго шамана?

Нахмурился.

— Ты о ком вообще?

Он потёр затылок, потом махнул рукой в сторону улицы, уходящей вглубь городка.

— Была тут одна... странная женщина. Вся в мехах, с посохом. Постояла у дверей, покрутилась, потом потопала туды.

|-----------------------------------------------------------------------------|",samin__,1512457686208483349
"2026-06-06,05:57:33",biok_ymer,#0,"—Сив Сигурд Блэрс—
|-----------------------------------------------------------------------------|
Смотря на комнату та мысленно прикинула стоимость. Быть может 7 серебряных будет и мало, что означало малый поток людей... Ну и не её проблемы! Девушка покивав на свои дрмыслы, спокойно ответила:
|-----------------------------------------------------------------------------|

—Да, вполне себе приличная комната. Жаль не смогла подсабить с погодой, быть может завтра духи помогут навести более хорошую погоду. А теперь, я пожалуй отдохну перед путем, если ты не против~.

|-----------------------------------------------------------------------------|",ktoia,1512588218900676609
"2026-06-06,18:14:32",ktoia,#0,"|-----------------------------------------------------------------------------|

Выслушав Сив Тихоня покивала и добродушно улыбнувшись сказала:

— К-конечно-конечно, отдыхайте! Вы этого заслужили!

Она проводила взглядом шаманку, кивнула ещё раз себе под нос и развернувшись, пошла обратно к стойке

|-----------------------------------------------------------------------------|",biok_ymer,1512651636760117260
"2026-06-08,00:46:40",biok_ymer,#0,"—Сив Сигурд Блэрс—
|-----------------------------------------------------------------------------|
Довольная своим красноречием та убедившись, что дверь закрыта плюхнулись на кровать и стала переодеваться обратно в ночнушку, после чего довольная улеглась спать, затушив свечи и кинув одежду с сумкой под кровать.
|-----------------------------------------------------------------------------|",ktoia,1512837103795437628
"2026-06-08,11:01:44",samin__,#0,"— Ëтун Модерака Дракхельм —

Услышав ответ, парень окинул лавочника пронзительным взглядом:

— Понял, спасиб и на этом, помог

Махнув тому рукой. Парень направился в сторону, куда тот указал, время от времени задавая тот-же вопрос прохожим, коих на улице становилось всё меньше и меньше, ведь уже вечерело

> Ну и куда нечистый эту дуру дёрнул? Стояла бы ждала, а теперь ищи её... тьфу... ещё и денег нету. Ладно уж, как-то перекантуемся",ktoia,1512589730548678758
"2026-06-08,12:11:38",ktoia,#0,"|-----------------------------------------------------------------------------|

Кто-то отвечая на вопросы парня, показывал в одну сторону, кто-то наоборот в другую, а кто-то и вовсе крутил пальцем у виска, бормоча, что шаманы тут отродясь не водились. Парень уже наверняка начинал отчаиваться, когда внезапно поднялся ветер.  

Сначала он просто шевелил снег на дороге, но через мгновение превратился в настоящий порыв, заставив парня пошатнуться. А потом - настолько сильный, что Ётуна буквально сбило с ног, швырнув в сугроб у обочины.  

Когда парнишка стал подниматься то перед ним, всего в нескольких десятках шагов, стоял гостевой дом....  

Ветер же стих так же внезапно, как и начался. Удивительная природа севера, особенно если её злить.

|-----------------------------------------------------------------------------|",samin__,1513452962461122621
"2026-06-08,12:25:52",samin__,#0,"— Ëтун Модерака Дракхельм —

Все тут слепые что ли? Как можно было не заметить шлюху обвешанную черепами? И вот стояло парню уже отчаяться, как ветер разгулялся не на шутку:

> Да и чёрт с ней, такая зараза не пропадёт, нужно где-то переночевать, а на утро уже и встретиться

Парень всё ещё не понимал что его буквально кинули. Ну... или просто не хотел в это верить. Однако ветер не заканчивался, продолжая путь, парень почувствовал что тот уж больно пронзающий, даже для северного. Из-за маленького веса, того чуть шатнуло, распахивая меховую накидку, что раскрывшись как парашют понесла его по улице и впечатала в первый попавшийся сугроб

Вынув голову из снега, тот отряхнулся и почувствовал что... ветер и стих. Мда... даже природа ненавидит парня. Подняв голову, тот увидел гостевой дом, однако денег у того не было... придётся что-то придумать чтобы просто не скопититься от холода

Любой бы на его месте принял это за ""знак"", однако Ётун в такую ерунду не верил, от чего молча направился в сторону дома, думая только о том, что ему конкретно так не свезло",ktoia,1513470553288343692
"2026-06-08,12:44:42",ktoia,#0,"|-----------------------------------------------------------------------------|

Здание на фоне остальных выделялось. Высокое, с резными окнами, которые уже занесло свежим снегом. Вывеска над дверью - добротная, деревянная, с аккуратно вырезанными буквами не оставляла сомнений: это гостевой дом.

Внутри оказалось тепло. Контраст с уличным холодом был настолько резким, что казалось, будто попадаешь в другое измерение - даже в трактире не было так уютно. Помещение оказалось небольшим, но приятным.

Осмотревшись, парень сразу заметил девушку за стойкой. Она... кажется, уснула прямо стоя. Её голова чуть склонилась набок, глаза были закрыты, но ноги держали. Удивительная техника, достойная уважения.

|-----------------------------------------------------------------------------|",samin__,1513474135349788773
"2026-06-10,20:59:01",samin__,#0,"— Ëтун Модерака Дракхельм —

Заметив здание которое ТОЧНО было тому не по карману, парень понял: ""карман пуст, мне нечего сейчас терять"", от чего захлопнув дверь тот встал в неком... изумлении. Да в таком доме и жить было бы не зазорно! Совсем отличалось от той каморки что ему выделяли ранее... хотя...  а точно ли тут такой нет? Сейчас бы пригодилась!

Оглядевшись, тот увидел девушку, что... спала стоя?! Такого в своей жизни парень ещë не видел. Если бы не голова склонëнная под своим же весом, парень бы подумал что его встречают, а тут... это... выглядело как-то пугающе. Круто, но пугающе

Не зная стоит ли вообще будить беднягу, что вырубилась даже не дойдя до кровати, парень решил сначала немного пошуршать мехом, однако попытка была тщетна. Девушка не услышала звука открывающейся двери, куда там очнуться от какого-то там ""шуршания""

Подумав ещë немного, парень не придумал ничего лучше, чем просто постучать во входную дверь, но уже с внутренней стороны",ktoia,1513478874984480808
"2026-06-10,22:05:04",ktoia,#0,"|-----------------------------------------------------------------------------|

Действительно! Девушка вообще не замечала шибуршания шубы за стойкой. Казалась она не проснется даже если начать обносить это помещение! К счастью у Ётуна была хоть грамма чести или он просто до этого не додумался! 

Постукивания по двери выбели девушки из транса, по сему она слегка дернулась на одном месте туловещем вперед, однако поняв что она стоит она наклонилась обратно, принимая ровное положение тела, а после поглазев вперед, враво и влево поняла что находится на работе, слегка тихо по ойкав, она чуть наклонила головку, начиная: 

— Ой-ой... Прошу прощения, в-вы.......?

Оглядев Ётуна с ног до головы, девушка с просони легко улыбнувшись ответила:

— И-извините девушка, если вы хотели ночлег, то.... комнатки закончились. П-последнюю только что забрал шаман.

||Да.... Просто да.||

|-----------------------------------------------------------------------------|",samin__,1514328047803961466
"2026-06-10,22:14:41",samin__,#0,"— Ëтун Модерака Дракхельм —

Парня призабавила реакция сони. А вообще полезный навык, хотя... после такого сна уж точно не будешь чувствовать себя отдохнувшим

Услышав первые слова, у парня на лбу выступила вена. Тот не хотел наводить буч на ночь глядя, от чего собирался просто подойти к стойки и разъяснить что он МУЖИК, однако он успел сделать лишь шаг, вбирая воздух, как услышал заветные слова ""шаман"" СУКА ШАМАН! ТАК ОНА ЕГО ПРОСТО БРОСИЛА И ПОШЛА СПАТЬ!

От осознания, у парня выступила и вторая вена на лбу, от чего тот ускорив шаг подбежал к стойке слегка стукнув по ней руками, отвечая девушке:

— Во первых, я мужчина, а во вторых... какой ещë шаман? Шутишь?

> Просто шути, просто шути, прошу тебя пошути, пусть это будет другой шаман, прошу",ktoia,1514344669738438888
"2026-06-11,01:30:53",ktoia,#0,"|-----------------------------------------------------------------------------|

Девушка не поняла такой бурной реакции, тем более спросонья. Когда он начал злиться, она неуверенно приподняла одну бровь, но лёгкую улыбку всё ещё держала. А когда тот уже стукнул кулаком по стойке, она подняла руки на уровень плеч и слегка замахала ими, быстро оправдываясь:  

— Ой-ой-ой! И-извините! Я вас просто не признала! Успокойтесь, я же не нарочно. И... и нет, я не шучу. Девушка шаман буквально только что... а... Стоп.  

Её брови нахмурились, а глаза начали бегать по Ётуну. Кажется, она что-то начала осознавать. Она слегка опустила руки и продолжила, меняя тон на ОЧЕНЬ натянуто-подозрительный, да и её личико явно давало понять, что она смотрит на парня с какой-то брезгливостью.  

— Я... я и вправду пошутила. Нет тут никакой девушки шаманки с посохом и в шубе, обвешанной странными штуками... А... как и нет уже мест на сегодня. Во-о-от....  

Она отвела взгляд чуть в сторону, явно надеясь, что он поверит и уйдёт. На лице в принципе все было написано - врать она не умеет.

|-----------------------------------------------------------------------------|",samin__,1514347091852525770
"2026-06-11,11:06:36",samin__,#0,"— Ëтун Модерака Дракхельм —

Что за реакция? Всмысле ""а стоп"". Нет, Ётун был не самым сообразительным парнем, но чтобы повестись на такое... нужно было быть Сив как минимум. Только вот почему его вообще обманывают? Этим вопросом он разумеется не задался, лишь облокотившись о стойку, нахмурив брови и начал сверлить взглядом девушку:

— Слишком много подробностей для шутки, не правда ли? Дай ка угадаю, у неё точно не были зелёные волосы и в любом случае, она точно не была невыносимой

Глубоко вдохнув парень задержал дыхание, прикрывая глаза, чтобы успокоиться. На выдохе недовольный и даже угрожающих взгляд хомяка вновь устремился в глаза девушки и тот тихо, но настойчиво спросил:

— Где она?",ktoia,1514396463944306819
"2026-06-11,11:42:07",ktoia,#0,"|-----------------------------------------------------------------------------|

Девушка поджала губки, чувствуя, что её ложь раскрыта... И как так? Взгляд забегал, руки нервно сжались в кулачки. Она сделала шаг назад, будто пытаясь спрятаться за стойкой, но потом, видимо решила что отступать некуда, по сему воскликнула придавая голоску возмущенные нотки.

— Да ну что вы такое говорите! Какие зелёные волосы? Какая невыносимость? Я же просто... просто пошутила! Ну, неудачно! А в-вы... вы на меня давите!

Она выпрямилась, сложила руки на груди и явно набравшись смелости, продолжила уже более напористо:

— Хорошо, ладно. Слушайте, а как вы можете так относиться к шаману?! К великодушному человеку, который самоотверженно помогает детским приютам! Она же... она же там, понимаете что делает? Лечит, помогает, спасает! А вы... вы изверг! Я сейчас кого надо позову, и вас...

Она запнулась, подбирая слова, но потом выдала:

— Вас отсюда выставят! Да! Взашей! Как вообще не стыдно? У вас совесть есть? Воспитание? Что родители бы сказали?

Она смотрела на Ётуна с таким видом, будто он был главным злодеем вселенной.

|-----------------------------------------------------------------------------|",samin__,1514541350014423140
"2026-06-11,13:31:54",samin__,#0,"— Ëтун Модерака Дракхельм —

Ну вот тут Ётун выпал в осадок. В смысле она то и спасает детей в приюте? ВСМЫСЛЕ Я ИЗВЕРГ?! Я ТО?! МНЕ ТО СУКА НЕ СТЫДНО?! И на добавочную. Ууу сука, вот про родителей лишнее было

Если бы на лбу у парня осталось место, то там бы вылезла и третья вена, однако тот лишь покраснел от злости, отвечая девке, повышая голос:

— Что бы родители сказали? Хм... ну не знаю, отец уже давно в канаве, так что его мнения я бы не спрашивал, а матушка уж точно в обморок грохнулась, зная в какую историю меня втянули!

— Мы точно про одного шамана говорим, а то что-то не похоже! Мой недо-шаман бросил меня в баре, когда я не дал ему продать своё тело, а тут выискался такой-же, но защитник угнетённых. Вот сука алчная. Сив Сигурд Блэрс чтобы её

Сжав зубы тот начал копошиться в карманах, говоря себе под нос:

— Чтоб её. Не только своё имя петнает, но и меня за собой тянет. Да я её!

Наконец найдя жетончик, тот с хлопком положил его на стойку, говоря:

— Я Дракхельм, а не ""изверг"". Ясно?

Да... вёл он себя уж точно как Дракхельм",ktoia,1514550285639614556
"2026-06-11,16:46:13",ktoia,#0,"|-----------------------------------------------------------------------------|

Она открыла рот, чтобы возразить, но парень говорил так быстро и так громко, что слова застревали в горле. Она пару раз набрала воздух в лёгкие, пытаясь перебить его, но так и не смогла - только беспомощно хлопала глазами.

Когда он наконец замолчал, девушка стояла, слегка опешив. Её взгляд упал на жетон, который он выложил на стойку. Она медленно, почти неосознанно, потянулась к нему, взяла в руки и повертела.

Девушка повторила тихо, переводя взгляд с жетона на парня, потом снова на жетон.

— Д-дракхельм...

Она опустила его обратно на стойку и вдруг почувствовала, как её плечи опускаются. Вся напористость, с которой она только что выступала, куда-то исчезла.

— Я... я не знала... Просто... та девушка... она сказала, что она шаманка, что помогает детям... а вы так кричали... я подумала...

Замолчала, не заканчивая мысль. В её глазах читалось не то чтобы раскаяние - скорее откровенная растерянность.

— Извините. Я... наверное, погорячилась.... А... Как вас зовут?

|-----------------------------------------------------------------------------|",samin__,1514577915537264863
"2026-06-11,21:50:34",samin__,#0,"— Ëтун Модерака Дракхельм —

Ладно, такая реакция откровенно успокоила парня, от чего тот даже впервые за жизнь почувствовал значимость своего рода. Хоть где-то эта чёртова фамилия понадобилась. От осознания этого, парень чуть сбавил темп, потирая лоб и более спокойно отвечая:

— Ëтун...

> Лучше ей фамилию не говорить... пусть думает что главная ветвь... тьфу... Сив на меня плох влияет

Хмыкнув парень покивал и ответил:

— Хорошо что недопонимание разрешилось... и что же вам сказала моя подопечная

Да, парень вошёл в роль важного дятьки...",ktoia,1514626817548484639
"2026-06-11,22:15:09",ktoia,#0,"|-----------------------------------------------------------------------------|

Девушка чуть расслабилась, услышав его более спокойный голос. Она всё ещё была напряжена, но взгляд уже не был таким испуганным.

Она тихо повторила:

— Ётун...

Сделав шаг обратно к стойке, она выдержала неуверенную паузу, а после начала:

— Она сказала, что она шаманка из дальней деревни... Что едет помогать детям в приюте... Что местные к ней приставали и её группа с которой она ехала тоже, пришлось убегать. Очень убедительно г-говорила. И... и заплатила за комнату, чтобы переночевать.

— Я не знала, что она обманывает. Просто... она выглядела такой несчастной. А вы пришли злой. Я подумала... ну, сами знаете.

Она виновато опустила голову.

— Если хотите, я могу показать, какую комнату она заняла. Но она уже спит, наверное. Не хотелось бы её будить...

Она подняла глаза, ожидая его решения.

|-----------------------------------------------------------------------------|",samin__,1514703407640875149
"2026-06-13,00:47:36",samin__,#0,"— Ëтун Модерака Дракхельм —

Слушая бредни, парень уяснил для себя. Эта сука не только порочит имя своей семьи и шаманов, но и его тоже. От этой горькой правды парень тяжело выдохнул и сказал:

— Знаешь, будить возможно и не хочется, а **нужно**. Не хочу чтобы она сново сбежала на утро, так что лучше взять еë сейчас, пока ещë дров не наломала, веди

Да, парень определëнно почувствовал власть и даже не представлял что сейчас нужно такого сделать с горе шаманом, чтобы такого больше не повторилось

Идя за девушкой тот сказал:

— Надеюсь эта чумная не доставила тут проблем?

Ëтану было по большей степени всë равно, однако как ""Дракхельм"" он должен был это спросить",ktoia,1514709596197879868
"2026-06-13,01:33:39",ktoia,#0,"|-----------------------------------------------------------------------------|

Девушка неуверенно кивнула, понимая, что спорить бесполезно. Она вышла из-за стойки, жестом приглашая Ётуна следовать за собой и направилась вглубь коридора. 

Продолжая идти милачка попыталась сгладить ситуацию:

— Она... она не доставляла проблем. Заплатила сполна, даже не торговалась. Вела себя тихо, никого не трогала и... все такое...

Она бросила короткий взгляд на Ётуна, проверяя его реакцию и продолжила уже быстрее:

— И с духами говорила! Я слышала, как она что-то шептала у двери. Про погоду спрашивала. Очень убедительно, знаете... В общем, она не хулиганила, ничего не ломала, даже водички не попросила. Просто... ну, переночевать пришла.

Девушка явно старалась выгородить шаманку, хотя в глубине души уже думала, что та её обманула.

— Она показалась мне... ну, несчастной....

Она не закончила, только вздохнула и подойдя, указала на одну из дверей в конце коридора.

— Вот её комната...

Переглянувшись на Ётуна и дверь, добавила, доставая ключик от комнаты:

— Может, я могу просто уйти? Мне не очень хочется... ну, присутствовать при этом.

||Заберешь ключ и она съебется.||

|-----------------------------------------------------------------------------|",samin__,1515110347030401095
"2026-06-14,23:20:54",samin__,#0,"— Ëтун Модерака Дракхельм —

Парню и правда было плевать на то что она тут вытворяла, однако то что она не закопала их ещë глубже, его радовало. Дойдя до комнаты, тот остановился осматривая дверь, что была дороже его жизни и взяв ключ кивнул:

— Спасибо, постараюсь не разбудить остальных жильцов

Подкинув ключик, тот еле как его поймал, пытаясь выглядеть крутым, однако это выглядело скорее жалко. Кинув лишь многозначительный взгляд в след девушки, тот выдохнул и с мыслями:

> Нет Ëтун, тебе нельзя еë душить

Медленно и тихо открыл дверь, чтобы не разбудить суку что точно будет верещать",ktoia,1515121936894656753
"2026-06-14,23:22:27",ktoia,#0,||<@&1503427258998853804> ||,,
"2026-06-15,22:47:57",biok_ymer,#0,"—Сив Сигурд Блэрс—
|-----------------------------------------------------------------------------|
Удивительно!!! Невероятно!!! УМОПОМРОЧИТЕЛЬНО!!!! Она спит... Без задних ног и так словно её вообще окружение не волнует, развалившись на всю кровать.
|-----------------------------------------------------------------------------|",samin__,1515813307519598712
"2026-06-16,16:41:55",samin__,#0,"— Ëтун Модерака Дракхельм —

Увидев спящую под одеялом Сив, парень сжал зубы. Значит пока он отдувался за её выходки, та просто решила его кинуть и хорошенько отдохнуть. Вот жешь ""бедный"" шаман, вообще себя не бережёт... А СТОЯЛО БЫ

Прикрыв за собой дверь, тот вновь запер ту, понимая что от этой бестии можно ожидать что угодно. Вообще хорошо совпало, что его ""принесло"" прямо до неё, сереные ветра приносят и не такое...

Выдохнув, парень подумал-подумал и понял что, чтобы не нажить себе ещё больше проблем, придётся действовать деликатно

Поняв это, парень подошёл к кровать, сбрасывая шубку на пол, а затем поднеся руки к Сив... НУ ОЧЕНЬ деликатно и нежно схватил ту за рот и основание головы, чтобы та не подняла шума",biok_ymer,1516167402419781632
"2026-06-16,17:05:27",biok_ymer,#0,"—Сив Сигурд Блэрс—
|-----------------------------------------------------------------------------|
Почувствовав холодок, девушка в ночнушке немножечко покорчилась, оголяя своей миленький животик, однако не успела она расчесать тепло ту резко схватили за голову, перекрывая голову отчего чуть пискнув, открыла глаза и увидив дух мертвеца ещё сильнее завертелась, явно не собираясь молча ждать пока над ней надругаются! С каждой секунду её голос умилялся, а движения устоялись, после чего она даже стала пихать парня, намериваясь его убрать от себя.
|-----------------------------------------------------------------------------|",samin__,1516437674293071932
"2026-06-16,17:48:49",samin__,#0,"— Ëтун Модерака Дракхельм —

Ожидаемо та стала сопротивляться... ну чтож, парень был готов к этому, от чего не шибко парясь по этому поводу чуть сильнее сжал челюсть девушки, ведь та вертелась, а потом отпустил шею, на которую даже не давил и принялся заламывать ею руки девушки, попутно тихо говоря:

— Да тихо ты. Доброе утро чёрт тебя дери... тс... ну куда ты махаешь? АЙ! Глаз не трошь! Я же просто делаю так чтобы ты не закричала с просони, а не душу... да... пф... угомонись уже

Спокойствие парня в этот момент делала ситуацию ещё более криповой. Тем более что тот и не думал ту отпускать, а на оборот, пытался словить обе руки, чтобы та не брыкалась",biok_ymer,1516443594313957526
"2026-06-16,21:37:38",biok_ymer,#0,"—Сив Сигурд Блэрс—
|-----------------------------------------------------------------------------|
Удивительно, но спокойствие и скручивание рук только сильнее взбудоражело девушку и та стала колорит парня ногами, прикцсывая руку парня, явно хотя вырваться.
|-----------------------------------------------------------------------------|",samin__,1516454508270452806
"2026-06-17,13:46:17",samin__,#0,"— Ëтун Модерака Дракхельм —

Увидев что та не угоманивается, парень фыркнул и быстро словил сначала одну руку, а после и вторую, взяв те за запястья и заломал из выше головы девушки. Поняв что ноги всё-же ОЧЕНЬ мешают, тот не долго думая запрыгнул сверху на девушку, чтобы та не могла со всего размаху долбануть его ногами

Как профессиональный насильник, заломав девушку, тот посмотрел ей в глаза, говоря уже чуть менее спокойно:

— Да угомонись ты уже. Как будто не ты предательница, а я! Ой... у нас будет ОЧЕНЬ долгий разговор, но дня начала успокойся. Тебя никто не собирается трогать... во всяком случае пока что...

Да Ётун, ты умеешь успакаивать",biok_ymer,1516512092134576369
"2026-06-18,07:42:57",biok_ymer,#0,"—Сив Сигурд Блэрс—
|-----------------------------------------------------------------------------|
Вау, потеряв ноги и руки, та поняла что остался лишь рот, очтего та продолжила попытки покусать того, продолжая воротился так, словно и вправду считает что её насилуют... Даа и почему же...?
|-----------------------------------------------------------------------------|",samin__,1516755861286944788
"2026-06-18,14:47:58",samin__,#0,"— Ëтун Модерака Дракхельм —

Парень не понимал почему та не успокаивается, так ещё и... АЙ! ОНА КУСАЕТСЯ! Рефлекторно одёрнув руку, тот сказал уже чуть громне:

— Ты чё животное что ли! Чего кусаешься!",biok_ymer,1517026816001310821
"2026-06-18,16:43:08",biok_ymer,#0,"—Сив Сигурд Блэрс—
|-----------------------------------------------------------------------------|
Как только рот был открыт, та очевидно закричала:
|-----------------------------------------------------------------------------|

—НАСИЛЬНИК! УБИЙЦА! МАНЬЯК! КУКОЛД!

/После как её рот снова был закрыт та вновь недовольно бы стала кусать того. Мне кажется если ничего не поменять она так и продолжит.../

|-----------------------------------------------------------------------------|",samin__,1517133771625730169
"2026-06-18,22:18:42",samin__,#0,"— Ëтун Модерака Дракхельм —

Ошибка была понята моментально, от чего рука полетела обратно, затыкая орущую суку:

— Какой насильник, больно ты мне нужна! И вообще я никого **ещë** не убивал... тс... АЙ

Поняв что тактику нужно менять, от чего он чуть ослабил хватку и сказал:

— Так, давай уже поговорим, я тебя отпускаю, а ты не ОРËШЬ и не пытаешься меня ударить, уговор? Если да - моргни 2 раза",biok_ymer,1517162754098593894
"2026-06-18,22:22:28",biok_ymer,#0,"—Сив Сигурд Блэрс—
|-----------------------------------------------------------------------------|
Та ещё какое-то время сопротивлялась, однако силы великолепного шамана стала заканчиваться и она устала дыша в руку все же моргнула два раза, перестав двигаться.
|-----------------------------------------------------------------------------|",samin__,1517247201825259725
"2026-06-20,21:56:35",samin__,#0,"— Ëтун Модерака Дракхельм —

Поняв что та наконец выдохлась, парень хмыкнул убирая изрядно искусонную и ноющую руку из которой по счастливой случайности не потекла кровь, потирая еë от слюны, второй рукой, освобождая и руки <@&1503427258998853804> , но пока что не слезая с девушки",biok_ymer,1517248153894518895
"2026-06-20,23:16:25",biok_ymer,#0,"—Сив Сигурд Блэрс—
|-----------------------------------------------------------------------------|
Пампарам пам пам! И вновь крик в попытках уже не вызвать помощь а оглушить парня, чтобы попытаться сбежать:
|-----------------------------------------------------------------------------|

—АААААААААААААААА ОТПУСТИ УРОООД!

|-----------------------------------------------------------------------------|",samin__,1517966414412124170
"2026-06-21,21:02:49",samin__,#0,"— Ëтун Модерака Дракхельм —

Услышав крик, парень скривился. Видимо ""психическая атака"" и вправду подействовала, ведь тот решился на крайнюю меру

Потянувшись к ремню, парень достал кинжал из ножен, а после быстро, но плавно приставил тот к шее <@&1503427258998853804> , чтобы не порезать ей руки, которыми та пыталась отбиться, ну и не вскрыть глотку

Приставив кинжал, парень заорал уже в ответ:

— ДА ЗАВАЛИСЬ ТЫ УЖЕ! РАЗ ПО ХОРОШЕМУ НЕ ПОНИМАЕШЬ, БУДЕМ ПО ДРАКХЕЛЬМСКИ!

Договорив, взгляд парня стал кровожаднее, а кинжал немного натянул кожу на шее девушки",biok_ymer,1517986506122330232
"2026-06-22,18:25:10",biok_ymer,#0,"—Сив Сигурд Блэрс—
|-----------------------------------------------------------------------------|
Великий и сильнейший маг нашего времени обомлел! Её великолепная шейка была зажата ГРЯЗНЫМ и УБИЙСТВЕННЫМ клинком, отчего она вмиг умолкла, уставившись сначала на клинок, а после на парня, уже шепотом говоря:
|-----------------------------------------------------------------------------|

—ты же в курсе, что моя кончина на тебе аукнется...? 

|-----------------------------------------------------------------------------|",samin__,1518315271025070331
"2026-06-22,18:55:09",samin__,#0,"— Ëтун Модерака Дракхельм —

Услышав шёпот, парень прижал кинжал ещё плотнее, а сам чуть наклонился, начиная так-же шептать с серьёзным видом:

— Да... но ты этого уже не увидишь. И да! Если ты будешь мне мешать, меня всё равно кокнут. Так скажи на милость, почему я должен терпеть тебя и твои выходки? М?",biok_ymer,1518637986542125246
"2026-06-22,19:44:56",biok_ymer,#0,"—Сив Сигурд Блэрс—
|-----------------------------------------------------------------------------|
Чуть пригубив слюну от поднятия кинжала, та отвела взгляд в сторону говоря:
|-----------------------------------------------------------------------------|

—Тс, намекаешь что и ""пока жива, проблем не будет"". Ладно и что ты от меня хочешь?

|-----------------------------------------------------------------------------|",samin__,1518645531692368053
"2026-06-22,21:06:12",samin__,#0,"— Ëтун Модерака Дракхельм —

Не особо поняв первой половины фразы, парень чуть ослабил нажим, говоря:

— Хочу чтобы ты перестала мне мешать. Хочу чтобы начала сука помогать в деле... и... да и всё. Что я могу ещё потребовать? Обговаривать план? Да... было бы не плохо. А... и ещё не продавать тело и не позорить имя рода",biok_ymer,1518658060116033548
"2026-06-22,22:41:22",biok_ymer,#0,"—Сив Сигурд Блэрс—
|-----------------------------------------------------------------------------|
Вновь вернув взгляд на парня та недовольно закатила глаза, говоря:
|-----------------------------------------------------------------------------|

—А ещё мне нужно говорить тебе о любых своих действиях? Ты знаешь что это на уровне невозможного...  А тело я не продовала, а договаривалась, да и на честь моей семейки начьхать если честно. Может попросишь что-то более нормальное?

|-----------------------------------------------------------------------------|",samin__,1518678511479689346
"2026-06-22,22:48:58",samin__,#0,"— Ëтун Модерака Дракхельм —

Услышав ответ, парень нахмурился, приставив кинжал остреём к горлу девушки, опустив его чуть ниже, легонько протыкая кожу девушки, чтобы пошла кровушка, говоря той:

— Не все... только те что касаются меня и дела. Мне на тебя чхать, так что надеюсь мы поняли друг друга, хоть голой ходи, если это не помешает делу, мне плевать",biok_ymer,1518702458853920829
"2026-06-22,22:53:26",biok_ymer,#0,"—Сив Сигурд Блэрс—
|-----------------------------------------------------------------------------|
Девушка вновь недовольно цокнула когда её ранили, а после уставившись на него чуть злобно хотела что-то ответить, однако услышав последние слова ухмыльнулась, говоря:
|-----------------------------------------------------------------------------|

—Значит тебе было бы все равно если бы я ходила голышом и привлекала лишнего внимания к нашей компании~? А если я уже опозорю имя семейства ""Дракхкльм"" тем, что я как твоя собственность хожу налево ~? Ты подумал о таком повороте~?

|-----------------------------------------------------------------------------|",samin__,1518704373750960169
"2026-06-22,23:06:17",samin__,#0,"— Ëтун Модерака Дракхельм —

Слушая девицу, парень отвёл взгляд в сторону:

— Ну... если бы это не влияло на дело, то... да... наверное... в теории... да и разговор был если ты НЕ будешь мешать делу и позорить имя и меня, так что... если это соблюсти, то... да... наверное...

> А почему мы вообще об этом говорим?",biok_ymer,1518705497082036418
"2026-06-22,23:18:55",biok_ymer,#0,"—Сив Сигурд Блэрс—
|-----------------------------------------------------------------------------|
Смутив парня та хотела было вырваться однако дёрнув левой, правой рукой, осознала, что вырваться не выйдет, отчего выдохнув решила продолжить:
|-----------------------------------------------------------------------------|

—Может ты тогда меня отпустишь? Иначе так разговор будет уж слишком односторонним... А мы вроде делаем ""партнёрские"" отношения, ведь так~?

|-----------------------------------------------------------------------------|",samin__,1518708731548926135
"2026-06-22,23:27:23",samin__,#0,"— Ëтун Модерака Дракхельм —

Почувствовав как змея извивается под ним, парень вышел из транса, слушая слова горе-шамана:

— А? Нет естественно. Тут разговор идёт между мной, что спас твою жопу в прямом смысле и тобой, что кинула меня после хорошего дела, так что о ""партнёрстве"" разговор закрыт, я подумываю уже о том, чтобы привязать тебя, так что категорически НЕТ

— Я так и не понял, мы поняли друг друга или мне стать более ""убедительным""?",biok_ymer,1518711910583767270
"2026-06-22,23:47:46",biok_ymer,#0,"—Сив Сигурд Блэрс—
|-----------------------------------------------------------------------------|
Слушая парня та недовольно продолжила дергаться, однако увидив что клинок вновь чуть приблизился успокоилась, говоря:
|-----------------------------------------------------------------------------|

—Да без меня у тебя только мускулы и есть... Я тебе как кровь нужна, отчего нужно строить отношения, а не рабство... Кхм, ладно, я буду обговаривать с тобой планы, это все, что тебе нужно? Ну так отпусти меня.

|-----------------------------------------------------------------------------|",samin__,1518714041260966009
"2026-06-24,20:40:17",samin__,#0,"— Ëтун Модерака Дракхельм —

Парень уже думал что бы ей такого вывихнуть, однако разговор благо сдвинулся с мëртвой точки, от чего он уже почти спокойно ответил:

— Ты забыла о ""не мешать"" и ""помогать в деле"". А, ну и не торговать телом в открытую, а нито нас выгонят отовсюду, на этом всë, согласна?",biok_ymer,1518719170005700848
"2026-06-24,22:21:01",biok_ymer,#0,"—Сив Сигурд Блэрс—
|-----------------------------------------------------------------------------|
Девушка устало выдохнула, дополняя:
|-----------------------------------------------------------------------------|

—Да-да, поняла уже. Только вот под ""помощью"" пожалуй нужно бы услышать твое разъяснение и да, мне все ещё неудобно, отчего попрошу твою барскую задницу поднять с меня, спасибо.

|-----------------------------------------------------------------------------|",samin__,1519396763197509796
"2026-06-25,15:31:45",samin__,#0,"— Ëтун Модерака Дракхельм —

Хмыкнув, парень отстранил клинок, убирая его в ножны, передвинув ногу через девушку, спрыгивая с той на пол, говоря:

— Хотя бы не мешай, многого от тебя я и не ожидаю

Наклонившись, парень поднял шубку, которая оказалась на полу уже второй раз за день",biok_ymer,1519422113008849039
"2026-06-25,22:06:58",biok_ymer,#0,"—Сив Сигурд Блэрс—
|-----------------------------------------------------------------------------|
Выбравшись из захвата та погладила свои руки с ногами, а после сев на кровати проговорила:
|-----------------------------------------------------------------------------|

—""Не мешать""? Ты настолько уверен в собственной силе переговоров? Да уж, ну ладно тогда ""не мешать"" и ""не помогать"" я не буду, считай буду рядышком стоят и смотреть).

/Договорив та вновь улеглась, взявшись за одеяла, говоря:/
-А теперь я предпочту поспать, если хочешь можешь рядышком устроится, мне все равно, я устала.

|-----------------------------------------------------------------------------|",samin__,1519681505457078333
"2026-06-26,10:08:26",samin__,#0,"— Ëтун Модерака Дракхельм —

Услышав колкость Сив, парень недовольно повернулся на неë, стряхивая грязь с одежды:

— Я ничуть не уверен в себе, просто очень недоверяю тебе

Выдохнув, парень кинул шубу на стул смотря на кровать. Тот был бы и рад поспать отдельно от суки, однако... денег на такую роскошь не было

Спустя недолгую паузу, тот пожал плечами, забираясь под одеяло, пристраиваясь так, чтобы и не особо сковывать себя в этом сне",biok_ymer,1519780965457727500
"2026-06-26,18:31:48",biok_ymer,#0,"—Сив Сигурд Блэрс—
|-----------------------------------------------------------------------------|
Девушка даже немного удивилась легкомысленности парня, однако чуть продвинувшись дала тому пространство для сна, говоря:
|-----------------------------------------------------------------------------|

—Ты надеюсь не вертится во сне, кто это комната стояла целых 5 серебряных, отчего попрошу дать обоим насладиться мягкостью этой кроватушки и да, если не будешь себя плохо вести, я быть может тебя утром ещё накорилю! А теперь, спокойной ночи.

/Сказав это, та повернулась на бок от парня, начиная засыпать./

|-----------------------------------------------------------------------------|",samin__,1519962530196230156
"2026-06-27,11:45:06",samin__,#0,"— Ëтун Модерака Дракхельм —

Никак не отреагировав на слова девушки, парень лишь отвернулся на бок от неё, думая что будет делать на следующий день, однако на долго его не хватило, от чего тот почти сразу уснул уже давно не понимая что будет с ним завтра

||<@815329322881646622> УРА! МЫ ОТДАЁМ ТЕБЕ ТВОЮ ВЕТКУ, БЛЕСТАЙ!||","biok_ymer, ktoia",1520089205395558501
"2026-06-27,23:57:56",ktoia,#0,"|-----------------------------------------------------------------------------|

Невероятно! И дня не прошло, как герои наконец ""договорились"" о свои хороших взаимоотношениях и благополучно легли спать.

|-----------------------------------------------------------------------------|

# Ночь прошла и наступило утро.

Спалось ли героям? Мягчайшая пушина действительно запомнилась их телам после долгой дороги и нервного вечера отдых был настоящим спасением. Окна, за которыми ещё до рассвета начали бить сильные порывы ветра, смешанного со снегом, плохо пропускали свет, создавая в комнате полумрак. Именно такую погоду и предсказывала наша горе шаманка ещё вчера и похоже, она действительно не ошиблась. Никто не собирался тревожить героев. Во многом потому что ключ от комнаты так и остался у Ётуна. Тишину нарушало лишь редкое поскрипывание за дверью. 

И вот вопрос: кто же из них проснется первым после такой **жаркой ночки**? Кто первым откроет глаза, встретив этот хмурый, заснеженный день? А главное - че делать будете сегодня?

||<@478922861554302997> <@1405305963375759440>||

|-----------------------------------------------------------------------------|","biok_ymer, samin__",1520349246111617045
"2026-06-28,02:49:46",biok_ymer,#0,"—Сив Сигурд Блэрс—
|-----------------------------------------------------------------------------|
И вот сонная красавица лениво потянувшись встала просыпаться хлопая глазками. Она бы могла и дальше валяться, однако присутствие теплого мешка рядом напоминало, что её спокойствие пока не обеспечено. Лениво сев на кровати та чуть лениво потянулась за одеждой снизу с кровати и совершенно спокойно стала переодеваться в свою одежку, думая о новой афере... Интересно застанут ли её за этим или все закончится более мирно? <@&1503426398780395520> .
|-----------------------------------------------------------------------------|",ktoia,1520533665715847248
"2026-06-29,15:08:56",samin__,#0,"— Ëтун Модерака Дракхельм —

Благо сон парня был куда глубже, чем какие-то там шорохи, от чего тот проснулся только **после** ||а жаль|| переодевашек. Открыв глаз, тот понял что пережитое за эти дни было не сном, от чего состроив недовольную моську стал потягиваться. Вызревши из под одеяла, тот потянулся, щёлкнул шеей и недовольно посмотрев на <@&1503427258998853804> взял шубу со стула накинув ту на плечи, доставая ключ из кармана. Он ничего не сказал, лишь отворил дверь, направляясь в глубь по коридорам, намереваясь спуститься вниз",biok_ymer,1520576910126481449
"2026-06-29,15:19:18",biok_ymer,#0,"—Сив Сигурд Блэрс—
|-----------------------------------------------------------------------------|
Закончив своё обычное утро ввиде ""привести себя в порядок от одежды, до прически"", девушка чуть лениво стало разминаться, однако заметив пробуждение парня, та не смотря на его молчание нарушила тишину, следуя за ним:
|-----------------------------------------------------------------------------|

—Ну и чего такие хмурые? Когда тебе ещё предоставитььсч шанс поспать под теплым одеялом на мягкой кровати с такой красоткой как я? Мне кажется, ты должен быть счастлив.

|-----------------------------------------------------------------------------|",samin__,1521125315827470397
"2026-06-29,19:13:13",samin__,#0,"— Ëтун Модерака Дракхельм —

Всë ещë не до конца проснувшись, парень просто ответил то, что крутилось на языке:

— Ммм... без тебя было бы куда лучше, так что я и недоволен

Однако смягчившись, тот расправил плечи:

— Но кровать и правда была удобной. Ммм...",biok_ymer,1521127925464698921
"2026-06-30,12:47:12",ktoia,#0,"|-----------------------------------------------------------------------------|

Спускаясь вниз, парочка на своём пути никого не встретила. Возможно, из-за непогоды жильцы всё ещё спали, а может уже давно покинули это гостеприимное место! В любом случае, как только они оказались на первом этаже, перед ними предстала знакомая ещё со вчерашнего дня комната - небольшой зал с несколькими сиденьями возле камина и стойкой прилавком у входа.  

Посетителей по прежнему не было видно. Только девушка, которую дважды обманули накануне, стояла на стуле, повернувшись к ним спиной. Она сосредоточенно терла грязное окно и тихо напевала что-то себе под нос, не замечая их присутствия.

|-----------------------------------------------------------------------------|

||<@&1503426398780395520> <@&1503427258998853804>||",,
