Date,Username,User tag,Content,Mentions,Reply to
"2026-04-20,16:55:43",samin__,#0,,,1494262418312925264
"2026-04-20,17:14:20",samin__,#0,"— Лойд Фронтера —

Парень кивнул на заявление ""бедствия"", понимая её чувства, ведь и ему было о ком беспокоиться. Не из привязанности, скорее от ответственности, что сам на себя и взволил. Решил не игнорировать вопрос, парень зашёл из далека, чтобы дать себе время на раздумья:

— Про полуангелов не уверен, но со слов небесной так и есть. Странно, не спорю, тем более понимая что церковь двигает иную повесточку, но пока что на это можно забить ибо этот вопрос нам ничего не даёт. Меня смущает только то, что мы на материке зверолюдей и если среди них есть группировка, которая хочет воскресить прошлую - она точно скрывается где-то здесь...

Подняв взгляд на потолок, парень занёс руки за голову, уставившись в перекрытия:

— Помнишь глава говорила что ёкаи слышат если о них говорить? Судя по тому сколько мы всего уже сделали, они с нас глаз не сводят. Да и готов поспорить прошлая тоже так или иначе может влиять на мир, так что может слышать всё, о чём мы говорим, поэтому важных сведений не говорим

После парень опустил взгляд на Сору и сказал в кольцо:

> Рация: не уверен на сколько, но через это будет сказать безопаснее. Против нас добрая половина мира, а некоторые даже знают кого им нужно ""убрать"" чтобы пробудить прошлую королеву Ёкаев. А вот союзнички шаткие... так что придётся как-то выкручиваться. Лаура пока что на нашей стороне, но на сколько долго, не уверен. Культисты пока что связаны по рукам и ногам. Им нельзя убивать, от чего там и относительно безопасно. Скажем... небесная немного их припугнула. Уничтожить их она не может из-за законов мира, но им об этом знать не обязательно. А вот с остальными будут сложности... большие сложности

> Кстати, прошлую запечатали лет 300 назад или того больше. Откуда у тебя мечик вообще взялся?


Мыслил парень не меняясь в лице, чтобы со стороны не было понятно, что идёт разговор, от чего по завершению кивнул и сказал:

— Передавай привет Айрис. Да и остальным тоже. Кроме Адама, его можешь просто пнуть...

<@815329322881646622>",ktoia#0,samin__#0
"2026-04-20,17:16:46",samin__,#0,,,1494102642564137011
"2026-04-20,17:17:00",samin__,#0,,,1494242749673639936
"2026-04-20,17:23:44",samin__,#0,"— Бибон —

Бобер неподдельно удивился, что девочка из другого мира узнала в нём царя леса, коим он был в прошлом мире, пока Лойд его НАСИЛЬНО не уменьшил. Вторая часть фразы была конечно странной, однако поняв что нужно продолжать работу, Бибон поднял лапку, собираясь указать в рандомную сторону, чтобы от него отвяли, однако тут в него прилетела ОПЛЕВУХА.

Стоп?! ЕГО НАЧАЛИ ДУШИТЬ!!! Так это был хитрый план по его убийству?! Заболтать, а после свернуть шею?! Моментально изменив мордашку на КРАЙНЕ недовольную, бобер со всего размаху какого мог прыгнул спиной к ближайшуму дереву, чтобы прижучить того, что пытался его задушить, попутно крича, выпуская последний оставшийся воздух:

— БИБОН!!! [* * *    * * * * *   * * * *   * * * * *]

||<@815329322881646622> <@1405305963375759440> ||","biok_ymer#0, ktoia#0",
"2026-04-20,19:31:33",ktoia,#0,"— Сора Райдэн —

Слушая Лойда, мечница скрестила руки перед собой и откинулась на спинку скамьи. Она задумалась о возможных группировках зверолюдей, особенно среди авантюристов, но ничего подходящего не вспомнила и просто приняла информацию к сведению.

— Уверена, за тобой следят сверху и снизу и темболее те, кто живёт на этой земле. Даже я бы удивилась, если бы после собрания королей к тебе бы не приставили наблюдателей... удивительно что с этой деревней еще ничего не сделали. 

Она пожала плечами.

— Стоит задуматься о своём окружении...

Положила руки на колени, мельком глянула на барную стойку... хочестя пойти выпить, но вместо этого активировала кольцо.

> Триггер: Хорошо. Ты выиграл нам время и нашёл сомнительных, но союзников. Хоть земля под ногами есть.

Сора покосилась на ножны, затем снова на Лойда.

> Триггер: Этот меч был в семье... скажем так, ""семейной реликвией"". У всех же семей такие есть? Ну, вот и у меня была. После того как семьи не стало, он остался на континенте без присмотра - и на удивление, его даже не украли. Когда я отомстила - забрала то что мне причиталось, включая меч и покинула континент, больше не возвращаясь. 

> В общем предполагаю что мама забрала его с собой, покидая мир ёкаев...  Слушай... Меч ведь не мог взяться из ниоткуда. Не думаю, что прошлая его сделала. Значит существует кузнец, способный создать **разумное** оружие, убивающее ёкаев. Нынешняя сказала мне, что прошлую убить не получится - верить или нет, без разницы. Пытаться сейчас - почти самоубийство. Но думаю пока что стоит найти того, кто создал это оружие. Уверена, что это был не обычный человек: либо ёкай, либо... ... это существо давно в преисподней. Найти его в теории можно с помощью разумности клинка. В общем, что скажешь? Если идея имеет смысл, займусь поисками после возвращения из междумирья. Всё равно у нас пока есть безопасное время.

Закончив, девушка кивнула и ответила вслух:

— Конечно передам привет... и Адаму тоже. Кстати, а где твой голубоволосый?",samin__#0,samin__#0
"2026-04-20,19:48:59",ktoia,#0,"— Лина —

Лина ждала, когда огромный БОБЕР поделится заветными координатами еды, главное чтобы кладем оказался не уродом. Но когда акула влетела ему в спину, Лина от неожиданности подпрыгнула и отшатнулась назад. Видя нешуточную перепалку и понимая, что Лилит собирается обезглавить бедолагу, она сначала хотела помочь бобру... но потом вспомнила, что сама хочет есть. И слегка замешкалась, наблюдая за картиной.

Однако, увидев как бедного бобра душат, она замахала руками и стала осторожно приближаться к перепалке - но не слишком близко, чтобы самой не получить.

Сделав несколько маленьких шажков вперёд, она достаточно громко сказала:

— Але! АЛЕ! У НАС ТУТ ДОГОВОРНИЧЕК БЫЛ!!! Эй! Стоп-стоп, хватит!!!!

Её НАВЕРНОЕ конечно никто бы не слушал - кто она такая, чтобы её слушались? Ничего не оставалось, кроме как попросить настойчивее прекратить пускать бобра на мясо. Да и бобру надо было дать успокоиться.

— Так, нет-нет! Просто **ЗАМРИТЕ**!!! БРЕЙК, БРЕЙК!

И бобёр и Лилит ни с того ни с сего застыли в том положении котором сейчас были - их конечности перестали слушаться.

||<@1405305963375759440>||","biok_ymer#0, samin__#0",samin__#0
"2026-04-20,21:41:43",biok_ymer,#0,"—Лиллит—
|-----------------------------------------------------------------------------|
Рыбка хоть и получила сильно по голове от Бобра, она хотела  продолжить настойчиво душить, ведь рано или поздно бы у него сдали силы, отчего стоило подражать как вдруг... Она перестала чувствовать тело!? Она кубереи упала на землю, не в силах шалахнуться и смотря в сторону бобра, что не могла тронуть, она проговорила(не думая, что это дело рук Лины):
|-----------------------------------------------------------------------------|

—Похоже это зверьё магическое какое... Не могу шевелиться, беги отсюда иначе он нас обоих сожрёт.

|-----------------------------------------------------------------------------|",ktoia#0,ktoia#0
"2026-04-21,13:34:59",samin__,#0,"— Лойд Фронтера —

И тут Лойда переиграли. Он и думать забыл про то, что за ним следят. Слишком много всего навалилось, а теперь есть относительно свободное время чтобы это уладить. Слежка... вряд ли на него обращено столько внимания чтобы каждый материк следил за ним, однако небожители точно что-то вынюхивали, но с ними вопрос уже считай решён. Кай точно кротко наблюдает и получает информацию. Не удивлюсь если он уже сделал систему связи, которую я ему предложил на собрании королев. А вот остальные... вряд ли. Если бы кто-то наблюдал, Лаура бы испепелила его при нашем разговоре... значит церковники пока что про меня не прознали, а это сейчас самое важное насущное. В прошлом мире церкви как таковой не было, а тут она может оказаться куда хуже...

Дальше слушая Сору, парень удивился её прозорливости. Неужели она умеет **думать**!? Это было удивительно, учитывая что она вытворяла вчера?! Кузнец... и меч как семейная реликвия. Звучит как объявление тому, как родители Соры вырвались в мир смертных, однако видно ещё несколько несостыковок. Тем более что прошлая по сути своей бесмертна. Убивать её бессмысленно и опасно для самого мира, так что придётся лучше прописывать изменение. Мир пока что перестал вредить мне, ведь я вписал себя как того, кто как раз хочет идти по сюжету, однако на сколько долго это продлится - вопрос со звёздочкой. Да и я не уверен что прошлая - зло. Всё указывает на это, однако по законам всех возможных жанров это может оказаться заманухой. От решения зависит множество судеб... сложно...",ktoia#0,ktoia#0
"2026-04-21,13:35:00",samin__,#0,"Вновь отклонившись на стуле, парень проговорил:

> Рация: Понял, значит попробуем найти создателя мечика. Думаю он сможет пролить свет на происходящее, а быть может и ""пробудет"" меч. И... он разумный значит... занятно конечно, но на сколько понимаю он тебе не отвечает ||иначе бы отговорил выпускать ёкая||. В таком случае так и поступим, а я пока что разберусь с насущными проблемами. Понять бы как ёкаи и грешники вышли в мир без твоего мечика... хм... думаю как разойдёмся поспрашиваю у местных

После парень покосился за барную стойку, за которой стоял шут и проговорил:

— На счёт слежки это ты хорошо подметила. За мной и вправду следят, а я их даже не замечаю. Ксавьер остался в городе ""приглядывает"" за Юки, от чего спокойнее не становится. Нужно закончить здесь и вернуться к ним, пока что план такой. Там ещё Бибон лес валит. Пока нет места для строительства государства, нужно облагораживать это местечко. Ещё и шахта на мою голову... и **заказ** от одной демоници, что называет себя ангелом

/Голова парня повернулась на собеседницу/
— В таком случае мы закончили? Просто ты так настаивала на разговоре, что я уж подумал что ты меня прибить хочешь

Сказа это, уголок губы Лойда приподнялся",,
"2026-04-21,13:43:41",samin__,#0,"— Бибон —

Бобер просто хотел ВЫЖИТЬ, от чего уже хотел прыгнуть спиной вниз, чтобы размазать нападающего, однако после первой же атаки тот перестал чувствовать своё тело. Из-за комплекции тот немного пошатался из стороны в сторону как неваляшка, а после с грохотом рухнул набок. Услышав ""лестный"" комментарий нападающей, тот фыркнул и сказал:

— БИ-БИБИ-БОН БА-А-А!!! [Я?! ЭТО ТЫ НА МЕНЯ НАПАЛА КОНЧЕНАЯ! ЭТО БЫЛ ВАШ ПЛАН?! СНАЧАЛА ЗАГОВОРИТЬ МНЕ ЗУБЫ, А ПОСЛЕ ПУСТИТЬ МОЙ ПОТРЯСАЮЩИЙ ХВОСТ НА МЯСО?!]

||<@815329322881646622> ||","biok_ymer#0, ktoia#0",biok_ymer#0
"2026-04-21,14:09:00",ktoia,#0,"— Сора Райдэн —

> Триггер: Значит, так и поступим.

Закончив, Сора подалась вперёд, отклонившись от спинки скамьи и дослушав Лойда ответила:

— Понятно, весь в делах... ну, не удивительно.

Пожав плечами, она встала из-за стола и добавила:

> Триггер: Постараюсь хоть как-то тебе помочь. Как минимум подарю Айри кольцо, чтобы ты мог с ней связаться в случае чего. Она у меня умная, да и вы вроде в ладах, так что сможет помочь советом.

Наконец выйдя из-за стола, мечница сказала на прощание:

— Прибить тебя хотела только вчера... благо не сделала. Мкхм... И всё же спасибо за то, что делаешь.

Пауза. Разворот в сторону выхода из таверны.

— Ещё свидимся.

И - молчаливый выход из здания. Сора не стала задерживаться в деревне демонов: стоило побыстрее вернуться в междумирье...",samin__#0,samin__#0
"2026-04-21,14:21:44",ktoia,#0,"— Лина —

Лина продолжала настойчиво трясти ручками из стороны в сторону, надеясь, что её заметят и прекратят, но увы. Две невольные участницы рухнули на пол. Во дела... Похлопав глазами, она посмотрела на них, а затем слегка хмыкнула - ситуация была одновременно смешной и страшной. Вернув личику обычное выражение, Лина поглядела на упавшую акулку и бобра и стала подходить, говоря:

— Ам... э-э-э... Лиллит, а бобрик тоже упал... АЙ, да не ори!!!

Потерев уши от бобриных криков, Лина подошла чуть ближе - уже к Лилит и косясь то на бобра, принялась нагло врать, придумывая несусветный бред, лишь бы разрешить конфликт. Присев на корточки рядом с акулой, она заговорила:

— Лиллит... я кажется поняла. На этого бобра НЕЛЬЗЯ нападать, а то он замораживает обидчиков. И себя тоже - это типо как... э... оплату за защиту... вот. Тебе нужно перестать думать о том, как его убить и тогда ты наверняка разморозишься. Я уверена что права.....

Если та действительно поверит и перестанет думать как расчленить и зажарить бобра, то чувство собственного тела вернется, а после нее у бобра тоже.
||<@1405305963375759440>||","biok_ymer#0, samin__#0",samin__#0
"2026-04-21,18:43:35",biok_ymer,#0,"—Лиллит—
|-----------------------------------------------------------------------------|
Непонимая о чём та, та хмыкнула, но все же послушалась, отчего почувствовала своё тело вновь и вставая с места стала отходить от зверья, приговаривая:
|-----------------------------------------------------------------------------|

—Если тут всё зверьё такое, то охотой будет сложно добыть нам еды...

|-----------------------------------------------------------------------------|",ktoia#0,ktoia#0
"2026-04-22,01:45:20",samin__,#0,"— Лойд Фронтера —

Парень осталбинел. Тот надеялся немного пособачиться, чтобы выплеснуть накопившейся за сегодня негатив к этому мирку, однако... ему не дали этого сделать. Напротив, поблагодарили и пообещали облегчить бремя. Данное изместие поставила парня в ступор на столько, что тот пртшëл в себя, когда девушки уже и след простыл. Щëки горели, а сам он с ошарашеным лицом смотрел в сторону где ещë минуту назад стояла та, кто насмехалась над его сознанием. Проморгавшись, парень слегка побил по румяным щекам, не понимая от чего его это так задело

Встав из-за стола, тот кинув многозначительнвй взгляд на дверь. Итогом сегодняшних переговоров можно было считать победу Соры || Отсылка на госпожу кашую ||

Опомнившись, парень быстро выдохнул, возвращая сознание в тело и пошëл к стойке, чтобы докапаться до шута. Сейчас ему было интересно узнать про войну и про то, кто в этой деревеньке главный

|| <@1405305963375759440> ||","biok_ymer#0, ktoia#0",ktoia#0
"2026-04-22,06:32:31",biok_ymer,#0,"—Шут—
|-----------------------------------------------------------------------------|
Та всю беседу мечницы с дипломатом разговаривала с другими клиентами, однако время от времени, та все же кидала мимолётный любопытный взгляд на парочку и как та разошлась стала подглядывать на одинокую тушку, что похоже не осознала, что её отшили... Той даже на секунду стала жаль его, однако увидив что он двинул к стойке, те не придумала ничего лучше как не налить кружку Эля и поставить на стойку, говоря:
|-----------------------------------------------------------------------------|

—Ну не печалься, все воительницы живут битвой, а не личной жизнью, в другой раз повезёт.

|-----------------------------------------------------------------------------|",samin__#0,samin__#0
"2026-04-22,11:16:42",samin__,#0,"— Бибон —

На удивление бобра, его не попытались прикончить... СНОВА! Тот медленно поднялся, ОЧЕНЬ недовольно смотря на парочку, а после сказал:

— Бон... Бон-би Ба! [Сама ты зверьё... Сначала нападают, а потом обзываются. Что вам нужно! Я работаю!]

Так трудоголик и продолжил смотреть на парочку, примечая что одна из них определённо не человек. Тут до бобрика дошло что его ОПЯТЬ не поймут, от чего думая как бы передать своё КРАЙНЕЕ негодование сжал лапку, показывая средний палец

||<@815329322881646622>||","biok_ymer#0, ktoia#0",biok_ymer#0
"2026-04-22,11:42:09",samin__,#0,"— Лойд Фронтера —

Парень думал какой вопрос бы задать первым, однако в коммуникации его опередили, вновь ставя его в тупик. Растерянно смотря на БУХЛО, тот выслушал бармена, а после вылупившись на неё, обернулся на дверь, потом вновь на шута, опять на дверь и наконец опять на БУХЛО! Сглотнув слюну, тот прикрыл глаза поджав губы, а после садясь за стойку отодвинул кружку от себя, указывая второй рукой на дверь, отвечая:

— Это НЕ вариант. Тем более что она лесбуха. И да, спасибо, но я в завязке. Есть что-то без алкогольное?

Угрюмо покосившись на кружку, парень вновь тяжело выдохнув, проклиная тот факт, что его перенесло в тело именно ЭТОГО бухающего урода, понимая что если он сделает хотя бы глоток, придётся проводить ""магическое кодирование"" чтобы выйти из запоя. Выдержав паузу, тот добавил:

— Давненько не виделись, похоже у вас тут всё паршивенько

Бармен - человек... или в этом случае грешник, который знает всех чертей в деревне и точно вертит слухами и разными проблемами, что сочатся изо рта бухущих существ любых мастей. Нужно было изначально идти сюда, а не шататься по деревеньке, распугивая всех своим видом",biok_ymer#0,biok_ymer#0
"2026-04-22,21:43:33",biok_ymer,#0,"—Шут—
|-----------------------------------------------------------------------------|
Непонимая от чего тот отказался от бесплатного алкоголя та взяла кружку и сама отпила залпом, убирая уже пустую кружку под стойку. После она достала из стойки бутыль воды и наливая его подвинула к парню, слушая и тут же отвечая:
|-----------------------------------------------------------------------------|

—Незнаю что такое ""лесбуха"", но я так полагаю ничего хорошего это не значит, печально. А у нас тут все не так плохо, я бы сказала спокойно. Сейчас наша защитница загружена больше обычного и ремесленники, отчего у меня работает прибавилось, что даже плюс, ведь скучно сидеть в целом баре без дела!

|-----------------------------------------------------------------------------|",samin__#0,samin__#0
"2026-04-22,23:24:54",samin__,#0,"— Лойд Фронтера —

Суровая девица. Залпом опрокинуть эльчика... воу. А быть может у демонов всё иначе? Больше склоняюсь к первому. Посмотрев на воду, парень взял кружку, слегка покрутив ту в руках, чтобы вода за малым не выливалась за края и сказал:

— Это значит что она по бабам... мда... значит спокойно? А я видел что много раненых. Был я в вашей шахнёнке и кто её вообще строил? Теперь понимаю почему там обвалы происходят. Перестроить бы их по хорошему. Я вот пришёл со стройкой помочь. У тебя есть на примете кто-то, кто пойдёт на роль прораба?

Договорив, парень поднёс стакан ко рту и сделал глоток",biok_ymer#0,biok_ymer#0
"2026-04-22,23:25:00",ktoia,#0,"— Лина —

Лина выпрямилась вслед за Лилит, но отошла от бобра недалеко - встала примерно посередине между ними. Пока двухметровая туша поднималась, она успела сказать акуле:

— Да... Если тут все такие, еды нам не найти. Ам... слушай, а ты...

И тут в голове оглушительно раздался чужой голос. Лина дёрнулась так сильно, что чуть не упала и выпалила:

— АААА! ЭТО БОБЁР ВСЕ ЖЕ ГОВОРИТ?! ОТКУДА ТЫ ЗНАЕШЬ, КАК МЕНЯ ЗОВУТ? Э... э...

Тут до неё дошло: это не бобёр. Понимание пришло одновременно с тем, как бобёр показал ей фак. Лина тупо уставилась на его лапку, пытаясь осмыслить происходящее и параллельно сообразить, как ответить Дейви.

Вспомнив, что она назначала какое-то умное кодовое слово, она начала лихорадочно перебирать варианты:

> Лучшая, Легенда, Герой, Визенок, Попаданка, Любимка, Еда, Йоу: раз, два, три... так. НЕ ОРИ МНЕ В ГОЛОВУ! Я УЖЕ ПОДУМАЛА, ЧТО НА МЕНЯ ОГРОМНЫЙ ДВУХМЕТРОВЫЙ БОБЁР БЫЧИТЬ НАЧАЛ.

Она взглянула на фак.

> Лучшая, Легенда, Герой, Визенок, Попаданка, Любимка, Еда, Йоу: Кхм... ДА, ДОБРЫЙ ДЕНЬ! Я ПРЕКРАСНАЯ, ОХОТНИЦА, КОРМИЛИЦА И ЕЩЁ НОВУЮ СИЛЬНУЮ ПОДРУГУ ПСИХА НАШЛА! СЕЙЧАС В ТОМ МИРЕ, ГДЕ МЫ БЫЛИ. В ЛЕСУ, КОТОРЫМ УПРАВЛЯЕТ ГИГАНТСКИЙ БОБЁР... Я НА ОХОТЕ И НАДЕЮСЬ, МЕНЯ НЕ СКУШАЮТ! ЭЙ ТЫ, ДА ХВАТИТ ПОКАЗЫВАТЬ ПАЛЕЦ!

Лина потрясла головой, перестала общаться с Дейви и глядя на бобра, заговорила:

— Бобёр, давай МИРНЯК! Ты покажешь, где в лесу ЕДА, а мы спокойно разойдёмся. А? А? Хороший же выход!
||<@1405305963375759440> ||","biok_ymer#0, samin__#0",samin__#0
"2026-04-24,10:38:45",biok_ymer,#0,"—Шут—
|-----------------------------------------------------------------------------|
Та не сильно долго думая чем заняться как в любом клише взяла тот самый стакан с под Эля и начала его протирать, попутно слушая недовольства человека, удивляюсь понятию ""лесбуха"", после чего добавила:
|-----------------------------------------------------------------------------|

—Ого, а по ней и не скажешь, что она такого рода приключениц... Ну видно воин до крови костей, любит завоёвывать и свою любовь, ха?

-Хм шахтенка? Да её и разработала то в попыхах, в попытках найти чего ценного, дабы иметь возможность торговать с людьми. Да и у нас тут мало умельцев способных что-то самим взрастить, отчего и приходиться пологаться на ремеслинов, что работают с металлами. А вот прораб хмм, не уверена что знаю такого человека ""в этой"" деревне, иначе бы и шахта у нас была более хорошее, не так ли?

|-----------------------------------------------------------------------------|",samin__#0,samin__#0
"2026-04-24,14:39:21",samin__,#0,"— Бибон —

Смотря на придурковатость парочки, бобрик состроил непонимающую мордашку, а после заметил колечко, что красовалось на пальце девочки. Припоминая данный фасончик и понимая как долго та молчала, бобрик так-же вспомнил и её голосочек, вспоминая что та ушла вместе с ""маньяком"" выводы были сделаны довольно быстро, от чего фак опустился сам собой, он ОЧЕНЬ бысто захотел вернуться, когда было услышано предложение ""мирно разойтись"". Тот стал махать культяпками, крича:

— Бибон! Бибон-бон-бон! [Да какой мирно! Она меня чуть не кокнула, а теперь вы ходите на мирняк выйти?! Я УЖЕ В СРОК НЕ УКЛАДЫВАЮСЬ! Культурно не получится!]

Вновь поняв что тот останется не понятым, бобер выдохнул просто указывая в рандомную сторону, чтобы от него уже отстали в конце то концов. Правда разворачиваться спиной к этим двум конченым, тот не спешил, ожидая подвоха

||<@1405305963375759440> ||","biok_ymer#0, ktoia#0",ktoia#0
"2026-04-24,14:52:41",samin__,#0,"— Лойд Фронтера —

Услышав неутешительные новости, парень сделал ещё пару глотков, опустив стакан на стойку. Переведя дыхание, того вновь мурашнуло после воспоминания о ""шахте"". Немного потупив в воду, тот стал рассуждать в слух:

— Дерьмово. Значит даже искать бессмысленно? Ммм... учить кого-то с нуля будет долговато... да и на примере ничего не показать. И вот спрашивается где профиль свой применить?

Тут к парню пришло осознание, тот поднял взгляд на шута и сказал:

— Ты сказала ""в этой""? А в других? Эм... нет, стоп-стоп. А почему вы вообще вместе не живёте?

Действительно. Их ненавидят почти во всём мире, а значит им незачем расселяться, тем более что разногласий не должно быть много, ведь война закончилась чуть более года назад. Хотя если бы кто-то увидел что они собираются в одном месте, против них точно бы вызвали инквизицию, собранную со всех материков",biok_ymer#0,biok_ymer#0
"2026-04-24,15:13:29",ktoia,#0,"— Лина —

> КУДА ТЫ ВЫДВИГАЕШЬСЯ? ЧЕГО Э... ладно!

Лина решила пока забить на Дейви - дебаты с бобром и акулой ещё не закончены. Она развела руками и открыла рот, чтобы начать выдавать базу, но бобёр затряс лапами и очень настойчиво объяснил, где найти еду. Лина опустила руки и стала внимательно слушать его ""бибоны"", делая вид, что ТОЧНО ВСЁ ПОНИМАЕТ.

Когда он закончил и указал направление, она энергично закивала и переглянувшись с акулой, сказала:

— Ну ВОТ! Вот! Ещё посидим! Ой, кхм. ДА! Спасибо, бобёр! Я рада, что мы поняли друг друга. И больше, пожалуйста, не заставляй мою подругу терять чувствительность тела! Ммм... Всё изи бриджи, бай-бай!

Лина развернулась в указанную сторону и зашагала, бросив акуле:

— Вот так решаются дела с магическими зверюгами! Ха! Магия - 0, я - 1!

Она уверенно двинулась вперёд - в ту самую рандомную сторону, куда указал бобёр. Ей даже в голову не пришло, что он мог их обмануть.

||<@1405305963375759440>||","biok_ymer#0, samin__#0",samin__#0
"2026-04-24,16:26:56",biok_ymer,#0,"—Шут—
|-----------------------------------------------------------------------------|
Клоун хмыкнул услышав вопрос, отчего перестав натирать стакан убрала его а после подлив из кувшина ещё воды для парня оставила новую порцию возле парня, а после нятанув кривую улыбку отвела взгляд в сторону, говоря:
|-----------------------------------------------------------------------------|

—Нуууу сам понимаешь не все выжившие демоны после войны собрались бы в одном месте... Да и многие недопонимания в группах присутствовали, отчего и поселений то несколько и там скорее всего есть кто-то, кто может тебе в этом помочь. Однако не особо и хочу в тебе убивать уверенность, но не думаю, что тебя там примут, как тут. Отчего, я бы на твоём месте взял бы кого из местных, если вдруг захочешь порвтать счастья договориться с кем.

|-----------------------------------------------------------------------------|",samin__#0,samin__#0
"2026-04-24,16:32:05",biok_ymer,#0,"—Лиллит—
|-----------------------------------------------------------------------------|
Зверь непонимающе глянул в сторону девушки, а после на бобра и непонимая как на этой реогировать, та повторила знак, что он показывал, не особо понимая смысла среднего пальца, а после пошла следом за <@&1496356379513061526> , все ещё время от времени поглядывая на зверя( <@&1496353875748323470> ).
|-----------------------------------------------------------------------------|",ktoia#0,ktoia#0
"2026-04-24,16:35:53",samin__,#0,"— Бибон —

Бобрик в шоке от наглости акулихи хотел было выйти на продолжение конфликта, ведь была задета его честь, как ""хозяина леса"", однако припомнив что его чуть не придушили сдержался. В любом случае об этом позоре никто не узнает кроме деревьев, от чего тот принял волевое решение ""избавиться от свидетелей его позора"" продолжив валить лес, а после относить доски в стопку, которую тот старательно складывал, попутно контролируя идеальную влажность древесины (облизывая её) или наоборот дыша смотря от дерева",biok_ymer#0,biok_ymer#0
"2026-04-24,16:51:43",samin__,#0,"— Лойд Фронтера —

Парень молча покосился на воду, которую ему обильно подливали, думая стоит ли это пить... однако не увидев подвоха пригубил ещё немного, обдумывая слова Шута. Хотелось выпить хоть что-то более вкусное, однако брусничный энергосик нужен был ему для дня X, чтобы побыстрее восстановиться, от чего приходилось довольствоваться и этим. Он уже давно привык к воде, что в других фентези мирах была куда вкуснее и чище, чем в Сеуле, от чего тот стал неспешно утолять жажду

Она точно что-то скрывает, а точнее недоговаривает. Хотелось узнать что, однако давить тот не видел смысла. Это уже сегодня сыграло с ним злую шутку, от чего тот решил просто отпустить этот момент. Закончив пить, парень сказал:

— Значит даже у вас разногласий достаточно. Могу понять почему. Значит походить по деревенькам. Хм...

/Парень посмотрел на тыльную сторону ладони смотря на место, где должна была быть метка/
— Ну... убить сразу не должны. Правда мало кто согласится пойти в другую деревню, вместе со странным человеком. Да чего говорить, я просто своим видом чуть до слёз вашего лекаря не довёл. Варианта всего 2. Либо найти кого-то достаточно отбитого, кто согласится пойти на такую авантюру, либо просить Итами

Договорив, парень взял кувшин доливая воды. А... сколько он уже выпил? Ему халява желудок расширяет или что?",biok_ymer#0,biok_ymer#0
"2026-04-24,21:52:32",ktoia,#0,"— Лина —

Проходя сквозь лесные дебри Лина то и дело получала веткой по лицу и громко айкала на всю округу. В какой-то момент она задалбалась получать по лицу и развернулась на свою спутницу. Потерев затылок та недовольно глянула на акулу и провзагласила:

— Лилит слуууушай. Я конечно там охотница все дела, но... мммм... Мне кажется нас обманули!",biok_ymer#0,biok_ymer#0
"2026-04-27,17:34:37",biok_ymer,#0,"—Лиллит—
|-----------------------------------------------------------------------------|
Слепая не особо понимала куда они идут, однако лишний раз думала вопросов не задавать и как только ей сказали, что она и не знает куда идёт недовольно нахмурились, идя уже в другую сторону и говоря:
|-----------------------------------------------------------------------------|

—Ты глупая что-ли, верить животине? Давай тогда найдем другого зверя и пустим его на фарш.

|-----------------------------------------------------------------------------|",ktoia#0,ktoia#0
"2026-04-27,17:46:53",biok_ymer,#0,"—Шут—
|-----------------------------------------------------------------------------|
Девушка не стала лишний раз продлевать воды или говорить что-то, отчего оставила размышления на парне, лишь ухмыляясь на его переживания.
|-----------------------------------------------------------------------------|",samin__#0,samin__#0
"2026-04-27,18:15:51",ktoia,#0,"— Лина —

Лина возмущенно, резко выдала:

— Чегооо? Я - глупая?!

— Это я то?! Да **я между прочим единственная, кто в этой компании пытается мыслить позитивно и верить в добро!**

Уперев руки в боки, продолжила: 

— **Бобер разумный!**  Он разговаривал, он показывал жестами, он даже считай на пальцах что-то объяснял!... /вспомнила про фак/ э.... на своем языке. Он такой же разумный как и ты! Только пушистее и без твоих закидонов! И вообще, Лилит **это дискриминация по видовому признаку**! **Ты что, расистка?** Да-да я серьёзно! **Ты не веришь бобру потому что он бобер?!** А он между прочим был таким добрым! Пока ты не влетела ему в спину!!! **Я почти уже тогда оформила договорняк!!!**

— КХМ.... Ну подумаешь, обманул. А вдруг нет? Вдруг мы сейчас выйдем на поляну, полную вкуснятины?!

Глянула из-за плеча назад.

— Или нет... ам....

Хмыкнув она обернулась обратно и выдала:

— Раз не веришь бобру и мне то давай будет по твоему! Веди ты, а я следом.",biok_ymer#0,biok_ymer#0
"2026-04-27,21:44:48",samin__,#0,"— Лойд Фронтера —

Кивнув своим-же рассуждениям, парень допил халяву, что осталась в стакане проговорив про себя ""не капли врагу"". Отпитый вдоволь, тот прикинул варианты: С бардом идти стрёмно, да и прирезать может, шут вроде вариант, но малознакомый, лекарь... точно нет. Видно не зря она так боится людей, так что если предложу пойти в деревню с демонами, **на едине, по лесу**, та и вовсе завизжит. Итами - вроде как и вариант хорошо, но разошлись в прошлый раз мы не на самой приятной ноте. С другой стороны она единственная кто знает про то что я из другого мира, так что можно будет и странные темы поднять. В общем то варианта 2. Итами и шут. Ни ту, ни ту не хочется отрывать от работы, однако если выбирать, то определённо кошко-демон будет безопаснее

С этими мыслями парень засунул руку в сумку и достав от туда пару серебряных положил их на стол, рассудив что лучше задать остальные вопросы спутнице, чтобы не спалиться на какой-то мелочи. Улыбнувшись с лёгкой усталостью, тот проговорил:

— Спасибо за интересную мысль. Не знаю в ходу ли у вас тут монеты, но рано или поздно пригодятся. Попробую что-то придумать с архитектором, но а пока пойду. Чем раньше тут управлюсь, тем раньше вернусь домой

Слегка придурковато подвигнув парень спрыгнул с барного стула на пол, погрузив лопату на правое плечо, с чётким ощущением, что скоро на нём останется вмятина от рукоятки. Сделав пару шагов в сторону двери тот проговорил:

— Кто знает, может потом научу тебя делать газировку с шотиками и стану завсегдатым

Махнув рукой на прощание, тот вышел из бара, а после направился... а куда? Где тут живёт Итами? Пу-пу-пу... и спрасить же не у кого. Не возвращаться же к Шуту... ладно, разберёмся по ходу, когда не разбирались

||Вкинь КошОчку как нито, я подстроюсь||",biok_ymer#0,biok_ymer#0
"2026-04-28,11:54:37",biok_ymer,#0,"—Кошочка—
|-----------------------------------------------------------------------------|
И тут нежданно негаданно тот вновь почувствовал пронзительный взгляд на себе, но на сей раз ближе, чем прошлый раз. Осмотревшись вокруге, тот увидил что буквально в метре от него стояла миниатюрная девочка кошечка, что не сводила глаз с него... И что с ней не так?
|-----------------------------------------------------------------------------|",samin__#0,samin__#0
"2026-04-28,12:42:23",samin__,#0,"— Лойд Фронтера —

Парень приспокойнейше шёл, думая до кого бы до колебаться. На примете было парочка друзей орков, но тому резко стало не по себе, учитывая что он и сам уже начал сравнивать себя с ними. Самооценочку нужно **приподнять**. С этой мыслью, что нужно возвращаться в прайм, парень остановился на месте, потирая глаза

И тут сработал фактор того, что система сделала его недо-магом. Лойд уловил на себе чей-то взгляд. Оглядевшись, тот опустил взгляд вниз и увидел... ОЙ БЛЯ

Отшатнувшись назад, парень сориентировался, сосредоточив взгляд на чёрном нечто перед собой. Это была... та девочка? Эм... что ей... от неожиданности парень выдал самое логичное (на его взгляд) что мог:

— Ой, привет, ты заблудилась?

Осознание пришло моментально. КАКОЙ ЗАБЛУДИЛАСЬ, ОНА ТУТ ЖИВЁТ. Ты что сука несёшь?!",biok_ymer#0,biok_ymer#0
"2026-04-28,20:41:33",biok_ymer,#0,"—Кошочка—
|-----------------------------------------------------------------------------|
Девочка пожала плечами, а после подойдя поближе сказала:
|-----------------------------------------------------------------------------|

—Не сказала бы, но спасибо за беспокойство. Вам нужна помощь~?

|-----------------------------------------------------------------------------|",samin__#0,samin__#0
"2026-04-28,21:05:47",biok_ymer,#0,"—Лиллит—
|-----------------------------------------------------------------------------|
Девушка не поняла к чему та стала придираться, да и не особо слушала её россказни про возможный интеллект у животного переростка, отчего стала спокойно себе обнюхивать окружение и в какой-то момент остановилась, ""осматриваясь"" в разные стороны, показывая пальцем в одну и говоря:
|-----------------------------------------------------------------------------|

—Там есть что-то маленькое, группа, скорее всего кролики или другая магическая живность. Будешь пытаться выйти на контакт или все же дашь мне поохотиться?

|-----------------------------------------------------------------------------|",ktoia#0,ktoia#0
"2026-04-28,21:23:42",ktoia,#0,"— Лина —

Лина пожала плечами и повернула голову в ту сторону, куда указывала Лилит. Вгляделась в лесную чащу, будто могла там что-то разглядеть и ответила:

— Кролички... Блии-и-и-ин..

Она замялась. В голове мгновенно пронеслась умильная картинка: пушистые комочки, длинные уши, крошечные носы... Она почти хотела придумать способ задефать малышей, но желудок предательски заурчал

Лина отрицательно покачала головой и махнула рукой в сторону леса.

— Да ладно уже... Их песенка спета. Иди охотница!",biok_ymer#0,biok_ymer#0
"2026-04-28,23:08:53",samin__,#0,"— Лойд Фронтера —

Придя в себя парень заприметил, что ребëнок его не боится. Списав это чудо на то, что его СНОВА приняли за орка, тот на своë же удивление обрадовался такой реакции. Что-что, а пугать детей тот не планировал, от чего облегчëнно выдохнув, тот рассудил что вот и объект, который подскажет ему дорогу

Миловидно улыбнувшись, тот понизил тон голоса, отвечая девочке:

— Ой, ну раз ты спрашиваешь~, то я и вправду хотел бы спросить, не знаешь ли где тут дом Итами~?

Благо парень уже наученный горьким опытом общения с Юки, знал как найти подход к детям",biok_ymer#0,biok_ymer#0
"2026-04-29,01:48:20",biok_ymer,#0,"—Кошочка—
|-----------------------------------------------------------------------------|
Девочка не особо поняла отчего с ней так милы, однако приняла это как должное взяв парня за руку и ведя его по улице в сторону домов, говоря:
|-----------------------------------------------------------------------------|

—Хорошо, я вам с радостью помогу с этим. Я знаю где живёт нужная вам кошка и покажу.

|-----------------------------------------------------------------------------|",samin__#0,samin__#0
"2026-04-29,11:32:11",samin__,#0,"— Лойд Фронтера —

Когда парня взяли за руку, тот слегка напрягся, однако воспринял это как должное. Продолжая путь, парень свыкся с мыслью что он тут в роли ведомого решил немного пораспрашивать ребёнка. Перед тем как что-то сказать, тот вспомнил свою теорию, что дети УЖЕ рождаются грешниками, однако та могла не знать о своей принадлежности. Взвесив все за и против, тот рассудил, что не стоит спрашивать о таком готическую лолю и задал вопрос, который хотел задать изначально:

— Слу-у-ушай, а кто у вас тут главный. Сколько тут не брожу, а такое ощущение что все сами по себе

Парень специально притворился имбицилом, чтобы сойти за орка что пришёл из другой деревни, благо нормальная отмазка была подогнана шутом",biok_ymer#0,biok_ymer#0
"2026-04-30,13:18:45",biok_ymer,#0,"—Кошочка—
|-----------------------------------------------------------------------------|
Девочка продолжая вести того, через удочку спокойно ответила:
|-----------------------------------------------------------------------------|

—Ммм, главный? А зачем тебе главный? Мне кажется и без него все хорошо. Или у тебя есть конкретный вопросик, могу передать~.

|-----------------------------------------------------------------------------|",samin__#0,samin__#0
"2026-04-30,14:43:02",samin__,#0,"— Лойд Фронтера —

Парень не замечая подвоха вновь спокойно, но уже не наиграно произнёс:

— Ой... вопросиков у меня много. У вас тут всё иначе, чем я представлял, так что хотелось бы переговорить с глазу на глаз. Да и мысль интересную подкинуть на счёт улучшения жизни. Кхм... в общем да, вопросики определённые уже созрели",biok_ymer#0,biok_ymer#0
"2026-04-30,19:17:00",biok_ymer,#0,"—Кошочка—
|-----------------------------------------------------------------------------|
Та уже подводя парня к невзрачно у дому все же отпустила руку парня и обернувшись к нему ухмыльнулась, говоря:
|-----------------------------------------------------------------------------|

—Ммм, ну тогда я тебя слушаю, вроде как меня тут считают ""лидером"", отчего могу помочь тебе с твоим желанием~.

|-----------------------------------------------------------------------------|",samin__#0,samin__#0
"2026-04-30,19:39:30",biok_ymer,#0,"—Лиллит—
|-----------------------------------------------------------------------------|
И вот началась охота! Рыбалюдка тут же ухмыльнувшись побежала в сторону, в кою указала и как только девушка поняла что происходит, её уже и след простыл. Чуть погодя или идя следом она в итоге бы увидела девушку державшую во рту трёх кроликов за уши. Судя по всему уже мертвых. Как только она заметила девушку, она опустила кроликов на руки, а после закинула в капюшон, дабы не пугать девчонку и спросила:
|-----------------------------------------------------------------------------|

—Хватит или ещё поищем чего? И кстати, а где это, природа живая? Чёт я её ""не вижу"" 

|-----------------------------------------------------------------------------|",ktoia#0,ktoia#0
"2026-04-30,21:21:42",samin__,#0,"— Лойд Фронтера —

От услышанного парень встал как вкопанный. Он то думал что перестал читать этот чëртов мир, но нет. Мысли подобные у него конечно были, но чтобы они сбылись... такого он не чувствовал давненько

Похлопав глазами пару раз, тот тяжело выдохнул вновь осматривая ребëнка с ног до головы, отвечая:

— И вот почему я не удивлëн? У меня точно есть дар предвидения... мда... неловко вышло

/Почесав затылок тот отвëл взгляд в сторону/
— Так, учитывая всë, про меня ты уже знаешь, но всë равно представлюсь. Меня зовут Лойд Фронтера и я человек

Заприметив что это уже звучит как начало террады из клуба анонимных алкоголиков тот усмехнулся вновь опуская взгляд на девочку:

— Мда... я представлял тебя... ммм... немного иначе, но чтож, повторюсь **не удивлëн**. Ну чтож, мне есть о чëм с тобой поговорить. Как могу обращаться?

Можно было начать разговор сразу, но парень решил немного прощупать почву, не будучи уверенным стоит ли раскрывать карты при первой же возможности, даже не зная какая самая сильная, то что он из другого мира или то что он знает о ""Грешниках"" что то что то при раскрытии вызвало не самые положительные эмоции, от чего он решил пока что даже не заикаться об этом, учитывая что похоже Итами выполнила его просьбу и никому не рассказывала о услышанном",biok_ymer#0,biok_ymer#0
"2026-04-30,21:40:01",ktoia,#0,"— Лина —

Лина не успела и глазом моргнуть как Лилит уже скрылась в чаще. Она растерянно похлопала ресницами, сделала шаг в ту сторону, остановилась, потом ещё один и поняла что потеряла акулу из виду.

Вздохнув, она отправилась следом, продираясь сквозь кусты и старательно обходя грязные лужи. К тому моменту как она вышла на поляну Лилит уже держала трёх кроликов. Лина замерла, глядя на эту картину и её лицо выразило смесь восхищения и лёгкого ужаса.

— Ничего себе... ты как... ну в общем быстро.

Она проводила взглядом кроликов, исчезающих в капюшоне и поёжилась.

— На сегодня хватит. Мне жалко всех их вырезать. Да и столько в один котелок не влезет...

Лина замялась, почесала затылок.

— Корни, наверное, уползли. Точно нас испугались! Мы же такая крутая команда охотников... Кхм... Кстати корни - корнями, но меня другое БОЛЬШЕ интересует...

Она сделала жест 👉🏻 👈🏻 и отвела взгляд в сторону.

— А ты потом... ну, когда готовить будем... сама их ощипывать будешь? Или мы вместе? Потому что я в этом не специалист. Я вообще больше по.. эм... подбадриванию и дегустации.

Девушка медленно направилась обратно к порталу в Междумирье.",biok_ymer#0,biok_ymer#0
"2026-04-30,21:50:45",biok_ymer,#0,"—Лиллит—
|-----------------------------------------------------------------------------|
Охотница не стала как-то докапываться до девушки, отчего идя следом за ней сказала:
|-----------------------------------------------------------------------------|

—Не проблема, освеживать зверьё я умею. А вот с готовкой можешь и ты подходить, ато я обычно ем сырое.

-Ну а корни... Жаль конечно, хотела побадаться с ними. Ладно, в другой раз.

|-----------------------------------------------------------------------------|",ktoia#0,ktoia#0
"2026-04-30,22:48:05",ktoia,#0,"— Лина —

Лина шла вперёд, стараясь не споткнуться о корни, которые, к счастью, были обычными и неживыми. Покосившись на Лилит.

— Ты ешь сырое? Ну... ладно, дело твоё. Но я буду готовить. Знаешь ли...

Лина гордо вздёрнула голову вверх и продолжила уже с неподдельной гордостью:

— Я вообще то в своём мире лучший шеф повар! Да-да-да! О моих блюдах сложили не одну легенду и каждый мечтал, чтобы я приготовила именно для него. Никакой там Гордон Рамзи в подмётки мне не годится! В общем да тебе повезло дорогая. Я приготовлю тебе такую бомбалеульно вкуснятину, что ты захочешь пойти на охоту снова и снова.

Она весело подпрыгнула на ходу, явно воодушевлённая предстоящим процессом.

— Кстати, ты любишь специи?",biok_ymer#0,biok_ymer#0
"2026-05-01,19:00:28",biok_ymer,#0,"—Лиллит—
|-----------------------------------------------------------------------------|
Под словом ""специи"" девушка задумалась, пытаясь понять о чем та, не поняв, она почесал а голову и сказала первое, о чём подумала:
|-----------------------------------------------------------------------------|

—Специи? Ты имеешь ввиду соль? Соль зесцтствттельно красит блюдо, однако если переборщить то еда полностью теряет вкус... Ну мне без разницы какую еду есть, чаще всего я предпочитаю кровь, однако не думаю что у вас есть кто-то как Охотник, который выдержит мою жаждут. 

|-----------------------------------------------------------------------------|",ktoia#0,ktoia#0
"2026-05-01,19:10:16",biok_ymer,#0,"—Кошочка—
|-----------------------------------------------------------------------------|
Девочка игриво виляя хвостом подняла рукав платья к лицу, прикрывая ухмылку и говоря:
|-----------------------------------------------------------------------------|

—Хохо, такой уж обычный человек~? Я бы сказала, вы весьма обоятельны и интересный человек, что на равных говорит с нами демонами~.

-Можете пока обращаться ко мне как вам удобно, любое произвище приемлимо. И ммм, по поводу улучшения жизни. Я конечно распорядилась тебе дать свободу тут, однако пока ты для меня большая загадка, может поведуешь, отчего ты принялся за ""нашу"" деревню, а не другие? Раз ты хотел сделать ""равноправие"" и ""мир во всем мире"", где у таких как мы будет свое место, ты должен как минимум знать, что ""демоны"" получили такое название не за красивые глазки. И хоть тут все и ""милы"" с тобой, другие не будут такими же милыми с тобой и людьми в целом. Да и тут весьма цивильно, в отличии от других мест... Так вот, повторюсь, почему тут вырос идол ввиде героя? Какая твоя цель от всего этого в долгосрочной перспективе? Все люди, демоны, ангелы... Абсолютно все существа полочных до своих желаний и я уверена что ты...

/На этом моменте девочка стала подходить поближе и прижавшись к нему подняла голову наверх, убирая руку и улыбаясь говоря:/
-Такой же ублюдок как и все тут. Отчего мне нужно твоё истинное лицо~

|-----------------------------------------------------------------------------|",samin__#0,samin__#0
"2026-05-01,21:45:14",ktoia,#0,"— Лина —

Лина на мгновение замерла услышав про соль и чуть заметно скривилась - её кулинарное эго укололи тупой вилкой.

Девушка начала размахивать руками как истинная итальянка со словами:

— Соль... ну да, соль - это база. Но специи - это не только соль! Это перец, паприка, корица, базилик, розмарин, тимьян, чёрт возьми лавровый лист!  Ты что, ни разу не ела нормально приправленное мясо?

Она вздохнула, покачала головой, но потом вдруг снова оживилась.

— Ладно, ничего! **Я из тебя гурмана сделаю!** Будешь знать, что такое настоящий вкус!... а не просто соленое-несоленое. ам.... Стоп, охотник? Аэ.... это ты охотник? Или это другой человек? не поняла.",biok_ymer#0,biok_ymer#0
"2026-05-01,22:00:20",samin__,#0,"— Лойд Фронтера —

Парень явно не ожидая такого разгрома по своей личности выпал из реальности на пару мгновений. Недоверие в его сторону понятно, однако не слишком ли много она разузнала? С одной стороны это было логично, но чтобы на столько помнить трактовки... было жутковато, тем более слышать это буквально от ребёнка, что на вид был примерно одного возраста с Юки

И вот к парню буквально прижались, говоря в лицо что тот ублюдок. Да какого чёрта? Это не он нуждается в них, а они в нём. Недоверие недоверием, но это уже своего рода провокация с проверкой! Да какого чёрта?! Парень нахмурился, принимая тот факт, что перед ним уж точно не ребёнок, а после взяв ту за плечо настойчиво, но при этом медленно отлепил от себя, очень тщательно взвешивая слова:

— Ну, быть может и необычный человек, чего греха таить. Рад что мы оба понимаем что я подозрительный, меньше проблем для разъяснений, но пожалуйста не зови меня героем, а то даже как-то неловко

/Выдавив свою исконно дьявольскую ухмылку, тот убирал руку в карман брюк/
— Как бы сказать. Вчера я уже убедился, что вас зовут демонами просто так. Ведь вы на самом деле не более чем **грешники**. Учитывая что ты их лидер, ты должна понимать значение этого слова, не правда ли? Я до сих пор не знаю как к вам относиться ибо не понимаю одного момента. От чего вы тут нормальные то? Защитница ваша вполне нормальная, если опустить момент, когда та хотела меня сегодня убить, так и не скажешь что ""демон зависти""",biok_ymer#0,biok_ymer#0
"2026-05-01,22:00:21",samin__,#0,"/Приподняв взгляд, парень повернулся в сторону вновь упавшего дерева/
— Интересно почему я взялся за вашу деревню? Всё просто, я ещё не был в других. Как и что будет в других - не знаю, но собираюсь как раз таки это узнать. Не подскажешь почему я уже третий раз замечаю что ""тут"" все нормальные, но вот про остальные деревни вы такого не говорите. Неужто именно там все маньяки?

/Вернув взгляд на кошочку, тот убрал ухмылку, начиная говорить совершенно спокойно, без каких либо эмоций/
— Отвечая же на твой вопрос я просто хочу создать спокойный и процветающий мир для девочки, что сейчас воспитываю. Неужели это такая ужасная причина?

/Не меняясь в лице тот добавил/
— Ну и разумеется создание своего государства с моими законами, культом личности, налогами, облигациями, офертами, маленьким шрифтом в трудовом договоре и разумеется копеечкой в мой личный кармашек

Вообще тут была лож смешанная с правдой, примерно 60/40, но ей это знать было не обязательно. Первая причина звучала как отмазка, а вот вторая как истинные мысли ублюдка Вряд ли у всех тут такая-же способность как у барда. Да и скрывать то, что парень знает о грешниках, было бесполезно. Та бы узнала это в любом случае, это был лишь вопрос времени. А тут какой никакой, но козырь",,
"2026-05-01,22:00:39",samin__,#0,,,
"2026-05-01,22:55:52",biok_ymer,#0,"—Лиллит—
|-----------------------------------------------------------------------------|
Непонимая про что та, она молча шла следом, однако услышав про охотника чуть погоустнела, говоря:
|-----------------------------------------------------------------------------|

—Тот, от кого я захотела стать охотником... Кхм, неважно. Вкуснее свежего мяса и крови я пока ничего не пробовала, отчего буду рада вкусить что-то новое.

|-----------------------------------------------------------------------------|",ktoia#0,ktoia#0
"2026-05-04,12:24:46",ktoia,#0,"— Лина —

Лина удовлетворённо кивнула.

— Ну вот и отлично! Значит в дом, а там уже будет настоящая магия!

Она решила пока не поднимать вопрос об охотнике - лучше будет поинтересоваться этим уже в доме. Хм... Стоп, а они пересекутся с Джоном?

Время от времени поднимая рандомные темы, Лина пошла дальше вместе с Лилит.

||Скип до портала?||",biok_ymer#0,biok_ymer#0
"2026-05-05,19:06:07",biok_ymer,#0,"—Кошочка—
|-----------------------------------------------------------------------------|
(Пинга не было, в 14 написал, переотправил)
Убрав рукав с лица, та уже перестала ухмыляться, надев простую улыбку. Чуть отойдя она выслушала парня, а после закатив глаза 🙄 , она отошла ещё дальше, смотря по сторонам и говоря уже более спокойно:
|-----------------------------------------------------------------------------|

—Хмм, в ты подготовился, молодец. По сути ответ лежал на поверхности, просто хотела послушать, что скажешь ты. И ""демон"" зависти не обязан быть тем, кого ты представляешь в своей голове, не мы знаешь ли грехи свои выбирали и поверь, у каждого человека как минимум есть по 3 греха, если не все, отчего и по ним понять человека попросту невозможно.

/И тут наскучив от своего же рассказа, та направила свой взгляд в глаза парня, добавляя:/
-Ну а так ты мне попросту стал интересен! Отчего если захочешь поговорить уже в более личной обстановке с радостью буду ждать. А теперь я пожалуй пойду, не буду мешать ""переговорам"" с другой кошкой. А я и не знала, что ты по кошачьим~, уже целых три в твоём внимании.

/Договорив последную фразу та ухмыльнулась и стала медленно исчезать, словно дух испустила, оставляя парня одного у неизвестного дома./

|-----------------------------------------------------------------------------|",samin__#0,samin__#0
"2026-05-06,00:33:33",samin__,#0,"— Лойд Фронтера —

Парень смотрел на всю эту картину без единой эмоции, пытаясь сохранять покер фейс. Его определëнно проверяли, но и он выбил почву из под ног собеседници. Думая что бы сказать дальше, тот АФИГЕЛ! Собеседница просто СМЫЛАСЬ! Такого поворота тот не ожидал, от чего выратащив глаза на место где та стояла он постоял пару секунд, а после подойдя к нему провëл рукой там где стояла девочка. Не почуствовав ничего, кроме как то, что он выглядит как кретин, парень сказал себе под нос:

— Вообще-то я хотел обсудить кое что, но ладно-ладно, кому вообще интересно моë мнение, да и на вопрос ты не ответила...

Призадумавшись парень и так понял что безгрешных в этом мире не бывает, но нашрешить так, чтобы переродиться в аду... звучит как довольно жалкая отмазка, как минимум с Итами поднимать эту тему тот не намеревался

И что значит ""по кошачьим""? Ты Юн что ли? Что поделать если этот мир мене подкидывает только полулюдей? Мэх... да и вообще какой гик не мечтал бы увидеть кошко-девочку. Даже иследование спонсировали в 2018, только это скам был, а я всë это вижу в аочию, только вот восторога ""уже"" нет

Поняв что рассуждения завели его куда-то не туда, парень просмеялся про себя, думая что пора возвращаться в форму, а то иначе так и нить Лойдовости можно растерять. От осознания этого факта, тот стал выбирать жертву и ей **естественно** стала Итами

Подойдя к дому, парень приподнял кулак, а после со средней силой потарабанив по двери проговорил:

— Кушать подано!

Тот понимал что это была шутка, но постебать еë за это никто не запрещал",biok_ymer#0,biok_ymer#0
"2026-05-08,15:20:57",biok_ymer,#0,"—Итами—
|-----------------------------------------------------------------------------|
И вот спустя пару минут затишья из-за двери раздался грохот, а после нервные перемещения, которые в итоге закончились простым:
|-----------------------------------------------------------------------------|

—А э... Чего?... ТОЕСТЬ, можешь заходить...

/Заходя внутрь парень увидит весьма неприбраннуб хибару, в которой то тут то там валялись всякие схемы, простылы и прочие материалы для создания бижутерии, что судя по всему были раскинуты по всему помещению. А в эпицентре стояла девушка, что пыталась впихнуть стопку бумаг в комод, что и так был заполнен множеством бумаг, что выглядело весьма... Забавно? И жалко одновременно./

|-----------------------------------------------------------------------------|",samin__#0,samin__#0
"2026-05-08,15:46:27",samin__,#0,"— Лойд Фронтера —

Стоя перед дверью и слушая мелодичные звуки разгрома, парень призадумался. Юки, Итами, у двух кошек имена прямо как у японок. Неужели тут всё таки были люди с земли? Хорошо было бы об этом узнать, однако вряд ли это что-то даст. Письменность тут корейская, так что ""тайное послание на неизвестном языке"" уж точно не встретить. Если так подумать, значение имени Юки - Счастье, удача, надежда... да... у этого мира весьма странное чувство юмора. А Итами...

Стояло ему задуматься над значениями слов, ему ответили, разрешая входить. По привычке из дешёвого аниме, тот открыл дверь со словами:

— Простите за беспокойство-о-о-хуеть...

Увидев взрыв сознания девушки, парень прикусив губу осмотрел пол, мебель и вообще весь бардак, понимая что даже когда Лойд был в своей лучшей форме, такого свинарника тот не устраивал. Потупив так пару секунд, тот поставил лопату, облокотив ту о стену и доставая бумагу с пером из сумки начал делать вид что что-то пишет проговаривая в слух:

— Ага... добавить 3 стеллажа в мастерскую из остатков материалов...

Остановившись, тот поднял взгляд, наклоняясь слегка в сторону, чтобы разглядеть что находится позади Итами. Увидив ещё бумаги, тот покивал и с важным видом сделал вид что зачёркивает что-то в бумаге, проговаривая чуть тише:

— Поправка... 5 стеллажей и профсоюз для обездоленных в ходе творческого порыва чертежей. Да-да-да...

Приподняв глаза, тот обратился к ювелиру:

— Я так понимаю случился взрыв? Или просто творческий припадок?

Упоминать о том, что у него при разработке строений было ещё хуже, тот не стал, думая как же он выглядел после трёх бессонных ночей черчения с помощью системы, учитывая что его продуктивность была в раз 5 больше чем у обычного человека",biok_ymer#0,biok_ymer#0
"2026-05-11,21:31:02",biok_ymer,#0,"—Итами—
|-----------------------------------------------------------------------------|
Девушка закончив попытки впихнуть бумагу, что не впихается хмыкнула, а после переведя взгляд на парня, сказала:
|-----------------------------------------------------------------------------|

—Можно и так сказать... Несколько дней не выходила,вот и захломила тут всё... Кхм, а ты какими судьбами сюда?

/Девушка все же встала более ровно, смотря с неким смущением и ожиданием на парня, виду ту застали не в лучшее время./

|-----------------------------------------------------------------------------|",samin__#0,samin__#0
"2026-05-21,22:13:11",ktoia,#0,"— Сора Райдэн —

Сора уже хотела идти следом за Айрис, но тут же почувствовала, как меч в ножнах вдруг дрогнул. Лёгкая, едва уловимая вибрация прошла по лезвию и отозвалась в плече. Она на мгновение замерла, прислушиваясь к себе и с удивлением уставилась на клинок.

— ...Что?

Голос в голове прозвучал отчётливо, но как будто издалека. Сора нахмурилась, машинально сжимая рукоять.

— Эльрин? Мх... Ладно, я была не права!

Каким образом и почему, вопрос конечно хороший. Но больше Сору сейчас волнует информация что им на Эльрин... А Эльрин слегка недоступные земли для открытого посещения, если так подумать то попасть туда... а как?

|-----------------------------------------------------------------------------|

Думая над этим девушка зашла в портал, а выйдя из него резко провозгласила:

— <@&1496354329676742667> нам нужно на Эльрин!",,
"2026-05-22,02:37:22",biok_ymer,#0,"—Айрис Янг—
|-----------------------------------------------------------------------------|
Девушка с непониманием поправляя юбку спросила:
|-----------------------------------------------------------------------------|

—Что? А разве ты не говорила, что нам нужно на Абисус?

|-----------------------------------------------------------------------------|",ktoia#0,ktoia#0
"2026-05-22,08:51:14",ktoia,#0,"— Сора Райдэн —

— Да, тут возник один факт и теперь, как оказалось, нам нужно на Эльрин. Вот только вопрос - как туда попасть?

Мечница подняла руку, высвободив кисти из рукавов, так что накидка теперь держалась только на плечах. Она медленно зашагала вперёд по тропинке.

— Эльрин - это множество летающих островов, закрытых для обычных людей. А под этими островами... Бездна. Так что вопрос стоит остро. Может, всё-таки придется пойти на Абисус, но только за знаниями, как туда попасть...",biok_ymer#0,biok_ymer#0
"2026-05-22,10:10:14",biok_ymer,#0,"—Айрис Янг—
|-----------------------------------------------------------------------------|
От ответа девушки у Ученого появилось больше вопросов, однако решая лишний раз не докапываться до бедолаги та направилась следом, осматриваясь и говоря:
|-----------------------------------------------------------------------------|

—Что же, могу подсабить с короблем и экипажем, а вот направление я врятли смогу понять, отчего тут будет проблема. Точно следует идти сразу туда?

|-----------------------------------------------------------------------------|",ktoia#0,ktoia#0
"2026-05-22,10:36:41",ktoia,#0,"— Сора Райдэн —  

Сора замедлила шаг, услышав предложение Айрис. Обернувшись, мечница пожала плечами.  

— Ну... есть, конечно, некоторые опасения, что мы идём туда просто так. Но я не знаю других вариантов, как попасть на Эльрин. Что Абисус - я знаю по касательной, а Эльрин - тем более. Мм... да и, насколько я помню, если мы действительно захотим плыть на Абисус, обычной команды не хватит - нужны те, кто с тех вод и знают их...  

Вновь повернулась к тропе.  

— Трудно принять окончательное решение. А может действительно к демонам...",biok_ymer#0,biok_ymer#0
"2026-05-22,16:40:52",biok_ymer,#0,"—Айрис Янг—
|-----------------------------------------------------------------------------|
Не сильно думая о пути, та сказала:
|-----------------------------------------------------------------------------|

—Хммм, почему бы сначала не зайти в деревню, там как раз должен быть Лойд если я не ошибаюсь... А ты его то помнишь? Ах, не суть, наш друг. Обменяемся планами и быть может он подскажет с чего начать, все же тут чаще нас остаётся.

|-----------------------------------------------------------------------------|",ktoia#0,ktoia#0
"2026-05-22,20:52:08",ktoia,#0,"— Сора Райдэн —  

— Лойд... м-м... Кто-то знакомый.  

Утвердительно кивнув, Сора зашагала за Айрис.  

— Хорошо, раз ты говоришь, то наверное так будет проще всего. Демоны действительно могут многое знать. Кстати, может, расскажешь что-то об этом Лойде? Вдруг что в голову придёт.",biok_ymer#0,biok_ymer#0
"2026-05-23,13:02:27",biok_ymer,#0,"—Айрис Янг—
|-----------------------------------------------------------------------------|
Девушка осматриваясь по сторонам вспоминая в какую сторону идти направила к деревне деманов, говоря:
|-----------------------------------------------------------------------------|

—Ну он славный парень, самокритичный конечно, но человек слова. Если сказал что сделает, хоть мир перевернет, но сделает. Он даже не совсем мужлан, мне он и вправду нравится хех. Как я понимаю он был Толи дипломатом, Толи архитекторам у себя в мире, вот он и весьма умный, отчего с ним приятно вести беседу. Но ты не переживай, он вроде как этот... Магический воин? Вроде да, типо магию впитывают и с ней сражается. У него ещё подручный есть, сильный мечник такой, но как по мне вылезаный он аристократ, нежели воин как ты! Хех, ты вообще эталон чести и красоты! Хехе.. мм вообще на него можно положиться, но не говори что я о нём такого хорошего мнения, кто мало ли, зазнается~. А деманов там помнишь? Я с ними не особо общалась, отчего ты про них знаешь более.

|-----------------------------------------------------------------------------|",ktoia#0,ktoia#0
"2026-05-23,13:38:48",ktoia,#0,"— Сора Райдэн —

Сора слушала Айрис, отмечая про себя детали. Самокритичный, человек слова, умный, магический воин... звучало почти как описание кого-то, с кем можно иметь дело. Особенно если он держит слово. Однако! Когда она пыталась что-либо вспомнить, накатывала неприятная нотка... Ладно, увидит его на деле и тогда поймёт, какие отношения будут.

— Эталон чести и красоты? Ты это брось... так прямо.

Она слегка поправила воротник, чувствуя, как сказанное Айрис задело что-то внутри. Не то чтобы неловкость - скорее странное, непонятное ощущение.

— Ладно. Про демонов... Хм... Деревня, демоны... /сделала паузу, пытаясь припомнить/ А знаешь, что-то припоминаю... музыкант какой-то там был, клоун. мм... Слушай, всех демонов, которых я по жизни встречала, выглядели так себе. Да и то очень не часто, только по заказу гильдии. Но именно эти фигуры в памяти более отчётливы.

Взглянула на Айрис и спросила:

— Кстати, а далеко идти?",biok_ymer#0,biok_ymer#0
"2026-05-23,20:54:15",samin__,#0,"— Лойд Фронтера —

Ооо... творческий припадок... ясно-ясно... Лойд вспомнил свои потуги в создании бетона, которые отняли у него добрые 3 недели жизни, а ещё систему орошения, что смывалась на макетах раз за разом из-за переполнения русла... и мост что никак не хотел держаться... ДА МНОГО ВСЕГО ОН ПРОЕКТИРОВАЛ! С неким состраданием посмотрев на демона, тот выдохнул, а после ухмыльнувшись сказал:

— Естественно чтобы тебя развеять! Кхм... ну и конечно попросить кое о чëм

Опустив взгляд чуть ниже, тот увидел их... ЦЕПИ || (а ты о чëм подумал) ||. И вот спрашивается как развидеть теперь их ""смысл""? Парень лишь задержал взгляд на них чуть дольше обычного, однако всë равно почувствовал себя каким-то маньяком, от чего сместив взор в сторону проговорил:

— Меня тут запрягли сделать кое что для вас, но вот только прораба тут не найдëшь, вот мне и предложили поинтересоваться о таких ""демонах"" в других деревнях

— А ты понимаешь что со мной сделают если я покажу нос где-то кроме этого местечка

/Перевëл ехидный взгляд на Итами/
— Напомню что тут меня грозились сожрать~

Явно довольный что упомнил этот момент, парень наклонил голову в сторону, перемещая чëлку с глаза и дополнил:

— Так что по хорошему мне нужен поручитель. Из вариантов - ваша целительница, что боится людей, так что мимо. Защитница, что камень мне не даст, да и в принципе не против моей кончины. Бармен, что явно не горит желанием, ну и ты!

Про готическую лолю тот решил умолчать. Как ни как стояло тоже про неë разузнать, перед тем как идти на ""личный разговор"", ведь та по видимому знала о нëм не мало",biok_ymer#0,biok_ymer#0
"2026-05-23,22:31:15",biok_ymer,#0,"—Итами—
|-----------------------------------------------------------------------------|
Девушка нервно перебирая прядь волос своими пальцами слушала, в надежде что там ничего важного, однако понимая что тема все же серьезная выдохнула, говоря:
|-----------------------------------------------------------------------------|

—Это была простая попытка запугать...кхм, нужно пойти с тобой в другую деревню? Я не против, все равно нужно развеяться, однако зачем тебе понадобится прораб? Разве ты сам не мастак на подобное управство?

|-----------------------------------------------------------------------------|",samin__#0,samin__#0
"2026-05-24,00:09:51",samin__,#0,"— Лойд Фронтера —

Парень удивлённый что это была на столько просто кивнул, начиная жестикулировать:

— Ты думаешь я бы не хотел сам контролировать стройку? Это было бы отлично! Но... времени у меня не на столько много, так что придётся просто передать чертежи с несколькими премудростями. Ну и соответственно нужно чтобы хоть кто-то хоть как-то знал хоть что-то про строительство. По сути ничего сложного там нет, так что подойдёт и дилетант

/Отвёл взгляд в окно/
— Да и вашу чёртову пещерку перестроить нужно

/Переведя взгляд назад на девушку, парень сделал максимально серьёзный вид/
— Мне тут уже троя из вас намекали что другие деревеньки тут... отличаются от вас. Не просветишь?",biok_ymer#0,biok_ymer#0
"2026-05-24,00:51:01",samin__,#0,"— Ксавьер Азрахан —

Просидев в ресторанчике ещё с пол часа, мужчина прикинул время, а после обратился к девочке:

— Полагаю Лойд опять нарушает ожидания. Быть может пойдём ему на встречу?

Ксавьеру уже надоело потеть от познания здешней маны, от чего нужно было сменить дислокацию. Быть может подоставать Лойда, пока тот пытается кого-то обмануть или вновь посмеяться с реакции демонов на него. Хах, они же его за своего принять так могут!

||322 хули, идей как это нормально подвязать у меня не нашлось <@1405305963375759440>  ||",biok_ymer#0,
"2026-05-24,02:07:51",biok_ymer,#0,"—Итами—
|-----------------------------------------------------------------------------|
Девушка при упоминании шахты чуть помрачнело, однако услышав логику в словах кивнула, говоря:
|-----------------------------------------------------------------------------|

—Шахта и вправду весьма сомнительная... Кхм, другие деревни? Я лишь знаю, что туда отправляли буйных, что дос хор жили мыслей о войне. И в отличии от нас, скорее всего тебя бы они попросту загрызли ещё у входа. Поэтому ты правильно поступил, что решил взять кого-то из местных, попытаюсь сгладить углы. Сейчас отправимся или поздней?

|-----------------------------------------------------------------------------|",samin__#0,samin__#0
"2026-05-24,02:10:02",biok_ymer,#0,"—Юки—
|-----------------------------------------------------------------------------|
Девочка уже насладившись стейки и дождавшись пока зверьки тоже надеяться стала и сама думать о уходе, однако услышав слова Ксавьера та кивнула, говоря:
|-----------------------------------------------------------------------------|

—Думаю у него и вправду появились дела... Давай тогда пойдем к нему, узнаем как он там? И я слышала ты ему что-то принес, может по пути и это возьмём занесем?

|-----------------------------------------------------------------------------|",samin__#0,samin__#0
"2026-05-24,02:13:02",biok_ymer,#0,"—Айрис Янг—
|-----------------------------------------------------------------------------|
Девушка устало потягиваясь стала подходить к деревне, где на удивление не было сторожа, отчего та чуть напряглась, говоря:
|-----------------------------------------------------------------------------|

—Ммм, вот и пришли. Раньше тут вроде был на входе как раз музыкант, на защите, однако я её отчего-то не вижу... Думаю свяжусь с Лойдом, нужно уточнить этот момент..

/И тут устало глянув на кольцо и проговорив ""пончик"" связалась с <@&1496353875748323470> , говоря:/
""-Эй колека король, где твоя охрана на деревне и где ты сам? Мы тут к тебе пришли, планы обсуждать.""

|-----------------------------------------------------------------------------|",ktoia#0,ktoia#0
"2026-05-24,02:53:32",ktoia,#0,"— Сора Райдэн —

И вот... подход к деревне. Вот только да... чувство странновсти не покидало, да и камень посередине дороги выглядел до боли знакомо. Выслушав спутницу Сора кажется начала понимать почему тот ей так сильно запал в душу, однако все таки та не решилась идти в глубь, предпочитая дождаться пока Айрис поговорит с Лойдом. Интересно а какой Лойд демон? По рассказам довольно интеллигентный.",biok_ymer#0,biok_ymer#0
"2026-05-24,09:26:14",samin__,#0,"— Лойд Фронтера —

Буйные... значит и такие есть... но это конечно не столь удивительные, да вот только почему ""мысли о войне""? Толи я тупой, толи лыжи не едут. Цели же были достигнуты, какие могут ещë быть войны? С ëкаями или... людьми?

Пытаясь задать ещë один вопрос, в голове раздался спокойный голос Айрис, что стал говорить что-то странное. В смысле "" Охраны нет"". Нет, он конечно не думал что она постоянно там, но чтобы вообще никого не было...

Лойд изменился в лице, прищурив взгляд, выдавив кислую мину:

> Рация: Привет псих 22-го века. Таки дали тебе колечко. Я в деревне, как раз хотел кое куда отлучиться. И... всмысле охрана? Барда на мечте нет?

Договорив, парень тяжело выдохнул и вернув взгляд на Итами сказал:

— Только что появились дела, так что предлогаю встретиться примерно через пол часика

/Посмотрел на листки/
— Приведи пока что себя в порядок, а я улажу свои дела

/Развернувшись в сторону двери, тот пошëл на выход/

— Встретимся у входа, что скажешь?",biok_ymer#0,biok_ymer#0
"2026-05-24,09:40:50",samin__,#0,"— Ксавьер Азрахан и Бригада —

Зверьки, услышав что бони идут к Лойду обрадовались, от чего Подон перестал крыть гусеницу, а та перестала грызть стакан. Зверьки уже сами запрыгнули на плечи девочки, явно довольные тем что их катает ещë один великан

Кивнув на данное предложение мужчина направился на выход вмечте с ""ну очень молодой госпожой"", попутно присматоиваясь к окружению. Всë тут было весьма странно, учитывая что он замечал многозначительные взгляды. Стараясь не подавать виду, тот всë-же не мог раслабиться держав руку около клинка

Люди в этом мире координально не отличались от родного мирка Ксавьера, от чего тот понимал что ждать от них можно чего угодно. Лойд вëл игру с огромными ставками, а это не могло не привлечь внимание разных слоëв населения

Ну или мужчина себя просто накручивал. Быть может это была лишь чëрная зависть его внешности, что по видимому и вправду была ""сносной"", учитывая что тому призналась сама "" какая-то там Лаура""

|| Вода воды, но просто пытаюсь прочуствовать новые вайбы ||

Дойдя до гильдии, тот зашëл внутрь, говоря девочке:

— Прошу, подождите здесь

Сказав это, мужчина направился по коридору, заходя в служебное помещение. На удивление парочки работников гильдии, тот лишь кивнул им, проходя весю комнату. Тот лишь засунул руку за скамью, вытаскивая из-за неë мешок, взваливая тот на плечо и столь-же вальяжно покинул комнату как и зашëл в неë. Сделано это было с такой долей уверенности и нерастаропности, что работники не особо и задались вопросом что это было, пеняя на то, что так и должно было быть

Выйдя в холл, мечник вновь обратился к Юки:

— Чтож, можем отправляться",biok_ymer#0,biok_ymer#0
"2026-05-24,19:47:54",biok_ymer,#0,"—Юки—
|-----------------------------------------------------------------------------|
Кивая на слова мечница та молча следовала за ним с гвардией верных пушистиков, а после дождавшись его направились на выход из города, направляясь к деревни и говоря:
|-----------------------------------------------------------------------------|

—Незнаю что у него там случилась, но явно что-то срочное, раз не пришел в обеденное время. Надеюсь мы ему там не помешаем...

|-----------------------------------------------------------------------------|",samin__#0,samin__#0
"2026-05-24,19:50:14",biok_ymer,#0,"—Итами/Айрис Янг—
|-----------------------------------------------------------------------------|
Девушка кивнула на Егор предложение, отчего парень спокойно смог покинуть темную обитель направляясь на выход, где встретил <@&1496357108331970590> с <@&1496354329676742667> , вторая которого заприметив того помохала, говоря:
|-----------------------------------------------------------------------------|

—Ну вот и ты... Я смотрю дела плохи раз даже музыканты перестали вас охранять. Приветствую аристократичный Айри и изменённую Сору! Ко второму я не причастна...

|-----------------------------------------------------------------------------|",samin__#0,samin__#0
"2026-05-24,21:36:52",ktoia,#0,"— Сора Райдэн —

Сора всё время ожидания постукивала носком по земле, рассеянно глядя куда-то в лесную даль. Это занятие прервали замашки Айрис, которая вдруг уставилась в сторону. Обернувшись туда же, Сора сделала пару шагов к спутнице, положила руку на бок и наклонив голову прищурилась на приближающуюся фигуру.

Когда орк подошёл ближе, она с лёгким любопытством заметила:

— А я думала, Лойд - это демон... а он орк. Мм... Привет?

Она с интересом окинула его взглядом с ног до головы.

||<@&1496353875748323470>||",biok_ymer#0,biok_ymer#0
"2026-05-25,00:20:29",samin__,#0,"— Лойд Фронтера —

Подходя ко входу в деревню, парень сначала напрягся, смотря на странные фигуры, что ранее не видел, однако подойдя ближе понял что это... АЙРИС?!

На его лице впервые за долгое время натянулась широченая улыбка, сама по себе, даже без его желания. И чем ближе тот приближался, тем шире становилась улыбка на лице парня

Подойдя к двоице, тот увидел как Айрис выглядела в наряде знатной дамы, что даже в мире Лойда никто так не одевался. Выслушав подругу-лесбуху, улыбка понемногу спала с его лица. Всмысле это Сора?

Думая что бы такое спросить, тот начал оглядывать ""Сору"" с ног до головы, явно не желая верить что это она, однако услышав ""Ну очень оригинальное замечание"" парень цикнул, наклонившись к <@&1496354329676742667> :

— Подруга, мне кажется тебя жесточайше так нагрели, так ещë и не я! Ты уверена что это Сора? Я конечно всë понимаю, но чтобы кто-то мог забыть моë рыло - нонсенс. Да и волосы... и формы... да и сама она... другая что-ли?

Попутно парень запреметил и мечик, что был при лже-Соре. Что-то тут было не чисто и что-то уж точно шло не так и пока ему необъяснят, тот не успокоится. Оглядываясь по сторонам, парень и впрямь не нашëл Барда. Этот камень без неë выглядел как-то... пусто что-ли?

На верочку, тот так-же обратился к системе, что не думал делать как минимум пару ближайших дней, однако ситуация заставляла:

> Сообщенька, а это кто такая? И почему Айрис думает что это Сора? Вмешательство в память или иллюзия?",ktoia#0,ktoia#0
"2026-05-25,00:40:43",biok_ymer,#0,"—Айрис Янг—
|-----------------------------------------------------------------------------|
Девушка не поняла что в Соре так сильно изменилось, что её в притык не понимал Лойд, отчего достала из рюкзака проклятую маску, показывая парню и говоря: 
<@&1496357108331970590> .
|-----------------------------------------------------------------------------|

—Незнаю что в этой маске не так, однако как только моя эмоциональная подруга надела её, та тут же взбеленилась, принимая на себя внимание электрического угря и падая заметво, после чего появилась она... Судя по всему эта та же Сора но немного потерявшая память и поменявшее немного мировоззрение? Я и сама пока толком не понимаю, однако в одном уверовала точно, в том мире ПИЗДЕЦ как не безопасно. Только сора от меня ушла, как на меня напала какая-то кикимора, а после и сора чуть там не подохла от тупой подставы демона... Именно она дала ей эту проклятую маску.

/Договорив это, девушка спрятала маску в рюкзак, а после чего предоставила возможность уже высказаться соре, поправляя чёртову юбку, которая судя по всему бесила девушку./

|-----------------------------------------------------------------------------|",samin__#0,samin__#0
"2026-05-25,00:46:16",biok_ymer,#0,"—Система—

-её слышит только <@&1496353875748323470> -
|-----------------------------------------------------------------------------|
И вот назойливый голос нарушил тишину, саркастично говоря:
|-----------------------------------------------------------------------------|

—Обиды закончились? Что же королева драмы, хочу заверить, что перед тобой биологически верная проблема этого мира ввиде Соры Райден и девушки что полюбила камень. Надеюсь твоё улыбчивые лицо испугает их и они и дальше покинут этот мир, тем самым спасая его как от себя, так и от твоего общества.

|-----------------------------------------------------------------------------|",samin__#0,samin__#0
"2026-05-25,09:46:34",ktoia,#0,"— Сора Райдэн —

Сора молча слушала перепалку, скрестив руки на груди и чуть прищурившись. Когда <@&1496353875748323470>  начал разглядывать её с ног до головы, как подозрительный товар на рынке, она не выдержала и усмехнулась.

— Ну, спасибо. Приятно, что меня так внимательно изучают. Прямо чувствую себя ценной...

Она посмотрела на Айрис, когда та объясняла, потом снова перевела взгляд на Лойда.

— Дело говорит. Бурда какая-то происходит, без понятия, чё и почему, однако жива - уже хорошо.

Она развела руками, чуть приподняв бровь.

— А что касается меня... хочешь проверить? Могу дать пощупать. Или треснуть чем-нибудь по голове - вдруг иллюзия рассыплется.

Она усмехнулась и добавила:

— Лицо твоё, кстати, действительно незабываемое. Так что не переживай, я тебя точно запомнила.",biok_ymer#0,biok_ymer#0
"2026-05-25,12:43:49",samin__,#0,"— Лойд Фронтера —

Скривив лицо от ответа системы, парень разочарованно выдохнул, отвечая той:

> Нет не закончились система чёртова. Я всё ещё не забыл как ты меня главным злом этого мира сделала. И ты сука знаешь почему я к тебе не обращался, мысли то ты все мои читаешь и знаешь что мне вся эта ситуация не нравится. КХе... хер бы с тобой. Значит Сора... это всё усложняет

И вправду, это всё усложняло, с той то парень уже было нашёл общий язык, как тут... изменение... так ещё и Айрис показала маску сатаны, от чего парень даже сделал шаг назад. От неё так и веяло ""Я проклята нахер!"", от чего любитель гик культуры скривил лицо ещё сильнее, говоря системе:

> Понял, прости-прости. Можешь провести анализ этого говна. Не знаю из-за тебя или нет, но у меня чувство, как будто эта херабора уж точно не должна была попасть в руки психа

Не успел тот договорить, как Айрис спрятала маску обратно, говоря о том что в том мирке происходил тот ещё пиздец. Не долго думая, парень топнул ногой, говоря:

— А я говорил! Теория двух дней работает! Кхм... ладно, я стал звучать как псих /посмотрел на Айрис/ ой, извини...

Тут уже и ""Сора 2.0"" подключилась к разговору, что начала доказывать что она поменялась. От прошлой Соры, парень такого ожидать не мог, однако моменты подбуливания дали тому прозреть и он ухмыльнувшись повернулся к <@&1496354329676742667> и ответил:

— Ладно, твоя правда, это ""Сора"". Про ""пощупать"" я пожалуй пропущу мимо ушей, но вот предложение долбануть чем-то по голове определённо в её стиле. И похоже мой великолепный ум разгадал загадку, эта маска даёт чувство юмора, не так ли?

После этой шутки не хватало только звука барабана из дешёвых ток шоу, однако парень видел в этом и вправду что-то смешное. Не отвлекаясь, тот продолжил:

— И чем-же такой непримечательный аристократ как я, заслужил честь лицезреть столь статную даму в богом забытой деревушке?",ktoia#0,ktoia#0
"2026-05-25,13:17:20",samin__,#0,"— Ксавьер Азрахан —

Мужчина шёл с взваленным мешком на плече, как будто тот ничего не весил, однако тот был не просто увесистый, а ОЧЕНЬ тяжёлый, учитывая что в нём было. Услышав детские переживая девочки, тот даже улыбнулся, отвечая той:

— Уверен что молодой господин вновь вляпался в неприятности, на сколько мне известно, эта его черта была у него с самого рождения. Так что скорее он будет счастлив если мы придём

||ДА КСАВЬЕР СТАЛ ХОТЬ СКОЛЬКО НИБУДЬ ИМПАТИЧНЫМ||

Замолкнув, на горизонте показались очертания деревни, а следом и силуэты людей и одного орка. Подойдя чуть ближе, мужчина встал чуть сзади Лойда, да ещё и так, что парень и вовсе не замечал пришедших, продолжая язвить <@&1496354329676742667> 

||<@&1496357108331970590> ||",biok_ymer#0,biok_ymer#0
"2026-05-25,17:45:56",biok_ymer,#0,"—Айрис Янг—
|-----------------------------------------------------------------------------|
Девушка перестав поправлять юбку, что продолжала лишний раз двигаться, нервируя девушку, на что она решила отвлечься на вопрос парня, говоря:
<@&1496357108331970590> 
|-----------------------------------------------------------------------------|

—Как бы холодно это не звучала, но мы пришли и вправду по делу. Дело в том, что Сора потеряв память смогла посмотреть на ситуацию с другого угла, отчего появился весьма логичный вопрос.

/Тут она показала взглядом на меч, говоря:/
-Что эта за хрень и кто её сделал. Меч способный даровать владельцу силы, имеют разум, хоть я в этом и не уверена и имеющая небывалую прочность с возможностью разрезать что угодно весьма странно, даже для такого обширного мира. А чему я веду? А к тому, что нам нужно узнать больше о нём, кто его создал, что о нём известно, да и банально нужно узнать больше подробностей о войне, что произошла между Деманами и Раем. Проще говоря, нам нужно закрыть гештальт в вопросах которые связаны с временем, в коем не было Соры.

/Закончив свою мысль, та заприметила подошедших <@&1496354080472305678> с Юки, на которых та чуть улыбнувшись помохала, в особенности девочке, на что та чуть улыбнувшись помохала в ответ./

|-----------------------------------------------------------------------------|",samin__#0,samin__#0
"2026-05-25,17:50:35",biok_ymer,#0,"—Система—

-её слышит только <@&1496353875748323470> -
|-----------------------------------------------------------------------------|
Голос в голове на удивления парня не умолк, а продолжил язвительно говорить:
|-----------------------------------------------------------------------------|

—Не я сделала тебя злом, а ты сознательно пошел на этот шаг. Да и тот факт, что ты глупый и не думаешь о завтрашнем дне для тебя разве не очевидно? Мы думали, что об этом ты должен был догодатьсч ещё после ситуации с знакомства с главным героем этого мира... А маска? Это проклятый артефакт меняющий сознание, тело и свойства существ, что его наденут. Работает скорее всего один раз на объекте, а также эффект может быть совершенно случайным, отчего и считается проклятым, нежели благословенным. Но я не думаю что ваша внешность от неё измениться, однако вы всегда можете обратиться к Айрис или Азазель в надежде, что они сделают вам хирургическую операцию.

|-----------------------------------------------------------------------------|",samin__#0,samin__#0
"2026-05-26,00:11:41",ktoia,#0,"— Сора Райдэн —  

Что ж, добавлять тут особо и нечего - Айрис уже полностью объяснила, зачем они сюда пришли. Разве что можно с уверенностью сказать, что Сору по непонятной причине подбешивала натура Лойда. Это было видно по тому, как она на него ""криво"" смотрит. Ну ничего, привыкнет. А по делу - верно, поговорить нужно.  

Сора не успела сказать заключительные слова, как к ним стали подходить две чужие персоны. Что очень не вписывалось в этот лес. Переведя взгляд на них, она подметила одно - красивейшего мужика. Да и выглядит тот как аристократ, но с мешком за плечами - странная картина. Мм... Раз Айрис ему помахала, то логично предположить, что это тот самый рыцарь Лойда?

Сразу после этого мечница перевела взгляд на Юки. Стоп. Ребёнок? В лесу? Приподняв бровь от некоторого непонимания ситуации, она взглянула на Лойда.  

— А зачем вы ребёнка в поселение демонов привели?

Данная картина действительно озадачила мечницу...",biok_ymer#0,biok_ymer#0
"2026-05-26,10:23:08",samin__,#0,"— Лойд Фронтера и Ксавьер Азрахан и Бригада —

Слушая систему, парень ещё сильнее скривился в отвращении. И когда спрашивается он сознательно пошёл на этот шаг? Ошибся - да, сознательно прописывал - нет. Просто вновь убедился что системе нет смысла слепо верить, только и всего. В целом она предупреждала, но перекладывать ответственность с себя благо Лойд умел лучше чем кто либо ещё, от чего и возникал. Про маску стало занятно, учитывая что её можно использовать как оружие моментального поражения, но вот предсказать результат невозможно. Стояло парню над этим задуматься, система ОПЯТЬ начала заниматься лукизмом, от которого парня уже тошнило, от чего аристократичный орк цикнув плюнул куда-то в сторону, теряя свою аристократичность, оставаясь посто орком

Слушая слова Айрис, парень призадумался. Это Сора и говорила ему перед уходом, так что ничего кардинально нового, но вот что она изменилась было и хорошо и плохо одновременно. Она забыла свои проёбы, так что может совершить ещё чего, поэтому нужно напомнить что она - говно, а если не поверит... заставить поверить. Однако услышав умозаключение Айрис, парень состроял задумчивую мордашку, потирая подбородок рукой и задумчиво добавил:

— Не только время отсутствия, но и порядка мира в целом. У меня уже есть пара идей и очень странно совпавших временных отрезков исчезновения Соры и происходящими странностями в мире. Плюс нужно больше узнать про ""Рай"" и ""Ад"" в целом, так-же как и про прошлую. Сейчас благо время у нас есть, так что можем этим занять, только...",ktoia#0,ktoia#0
"2026-05-26,10:23:13",samin__,#0,"Тут парень примолк, вспоминая что их подслушивают, от чего хотел было предложить перейти в более спокойное место, однако newSora его перебила, задавая странный вопрос. В смысле ребёнок? Ты дурная? Тут же он заметил и странное поведение Айрис, что махала смотря мимо него, от чего парень со скрипом повернулся, ожидая увидеть главу сие поселения, однако увидел <@&1496354080472305678> , что стоял в притык к тому вообще не издавая шума, а рядом с тем была и Юки с хомяком на плече, что махали <@&1496354329676742667> . Гусенечка же отвернулась в сторону, всё ещё держав обиду на розово-волосую

От неожиданности парень дёрнулся теряя равновесие приземляясь прямо на задницу с характерным ""Ух тыж!"". Придя в себя, парень посмотрел снизу вверх на неожиданно пришедшую двоицу, а после уже посмотрел на небо, которое подсказывало, что тот откровенно под задержался. Опустив взгляд назад, парень протянул:

— Ладно, моя ошибка. Чутка заигрался в цивилизацию...

Ксавьер же довольный такой реакцией ухмыльнулся, осматривая незнакомок. Розово-волосую тот до сели не видел, однако смекнул что это некая знатная дама ||Да, Ксавьер с Айрис не встречались, я в шоке||. А вот со второй всё было проще. Это была <@&1496357108331970590> . Как парень до этого догадался? По стойке, которую заприметил ещё в первую встречу. Держалась та молодцом, прямо как закалённый воин, от чего забыть этого Ксавьер никак не мог

Присмотревшись, тот протянул руку, чтобы помочь встать орку. Приведя себя в порядок и изрядно отряхнув штаны, Лойд осмотрелся и сказал:

— Не думаю что это лучшее место для разговором, так что пойдём обратно в бар",,
"2026-05-26,10:23:14",samin__,#0,"Услышав знакомое слово, рыцарь нахмурился, перенося флешбеки, которые нахлынули на него. В них было то, как Лойд вёл себя выпевшим и огромное количество жалоб, которые Ксавьеру приходилось выслушивать ЕЖЕДНЕВНО, от чего тот с серьёзным видом сказал:

— Молодой господин, вы опять за своё

/Лойд лишь цикнул, с досады пнув камень, лежавший на земле/
— Ты же знаешь что я в завязке. Просто там тихо и стол есть, хотя не отрицаю что хотелось бы выпустить пар и опрокинуть пару стопок

Вообще не поверив Лойду, Ксавьер лишь насторожился, чтобы отхлестать того по рукам, если он потянется к алкоголю. Зверьки же в свою очередь забыв обиду друг на друга устремили недовольный взгляд уже на Ксавьера, который уже изрядно тех подбешивал своим поведением

Махнув рукой, Лойд поманил группу за собой, меняя дислокацию, говоря на последок:

— В любом случае, идёмте. Это не лучшее место для разговоров, да и местных тревожить это моя забота",,
"2026-05-26,18:44:40",biok_ymer,#0,"—Айрис Янг—
|-----------------------------------------------------------------------------|
Девушка не стала сопротивляться перемещению, отчего всей толпой они прошли по деревеньке в бар, где многие пускали на них взгляды, однако не решались подойти к толпе. И вот заняв свободное место подальше, та сказала:
<@&1496357108331970590> 
|-----------------------------------------------------------------------------|

—Ну предпологаю стоит начать с того, что следует нам перейти в общение о красивых кольцах! Вот только не уверена, можно ли сделать там совместную беседу...

/Для проверки девушка обратилась в кольцо, связываясь с <@&1496357108331970590> и <@&1496353875748323470> , говоря:/
-Проверка, раз два. О, похоже работает. Что же, с чего начнем дискуссию?

|-----------------------------------------------------------------------------|",samin__#0,samin__#0
"2026-05-26,19:44:33",ktoia,#0,"— Сора Райдэн —  

Сора молча слушала перепалку Лойда с Ксавьером, не вмешиваясь. Она не понимала, о чём они говорят, но чувствовала - что-то тут не так, да и ей не ответили на кой черт те притащили ребенка. Когда Лойд поманил группу за собой, Сора не стала спорить. Она просто пошла следом, оглядываясь по сторонам. Деревня была тихой, но взгляды местных нельзя было назвать добрыми.  

Пройдя через бар, девушка задержала взгляд на стойке, а именно на шуте. Затем, заняв место за столом, она закинула ногу на ногу и откинулась, облокотившись на спинку сиденья. Взглянув на кольцо, подумала, подумала и... Триггер? Следует начать.  

> Триггер: Работает… С чего? Ам... Можете вообще объяснить общее положение дел? Что знаем, что не знаем.

||<@&1496353875748323470>||",biok_ymer#0,biok_ymer#0
"2026-05-26,21:27:12",samin__,#0,"— Лойд Фронтера —

Идя к бару парень думал о том как сука ОПЯТЬ донести до новой Соры, что выпускать Ёкаев плохо, а спасать мир - хорошо. Да и мировоззрение у неё могло кардинально поменяться, от чего стояло наладить контакт... ОПЯТЬ!

Зайдя в бар, парень махнул рукой шуту, опять приветствуя ту, только в большой компании. Подойдя к столу, парень занял стул на против Соры, пристально смотря на ту, ожидая действий. Сказать скептис повис в воздухе - ничего не сказать. Перед тем как говорить, парень на всякий случай решил перестраховаться, от чего обратился к Юки:

— Ангелочек мой, можешь снять колечко на время?

Дождавшись пока та снимет его, парень успокоился, понимая что лучше не распространять эту информацию во вне, тем более девочке незачем было это знать, а даже обрывок фразы полетевший не туда может привести к неопределённым последствиям. Взглянув на ""групповой созвон"" парень кивнул, говоря про себя:

> Чего вы так на меня так смотрите? Лучше перестраховаться, учитывая что я про неё буду думать во время разговора. И да, отвечая на твой вопрос, тут возможно безопаснее чем в городе, особенно учитывая всё что происходило... особенно из-за этого

> Та-а-ак... с чего начать то? Пф... ладно, расскажу что знаю, так что смотри не усни и попытайся вспомнить чего. Ты жила в этом мире, а потом попала в междумирье. Ммм... тот снежный лес, который ты видела. Там в принципе мы и познакомились. После открытия портала, мы пошли его исследовать и оказалось что это твой мир, только есть загвоздка пока тебя не было, тут прошло 20 лет, за которые многое произошло. В особенности уничтожение материка на котором ты жила и война Рая и Ада, а так-же разрастание диких земель",ktoia#0,ktoia#0
"2026-05-26,21:27:29",samin__,#0,"> **А НУКА НЕ СПАТЬ!** Кхм... профилактическая проверка, я просто не хочу всё это повторять, думаю ты понимаешь. Так вот, небольшое отступление. Рай и Ад не существуют в привычном понимании, на самом деле это просто мир Ёкаев, что являются богами этого мирка, каждый из которых за что-то отвечает, но об этом... ой блять... позже... главное что нужно уяснить - прошлая королева ёкаев сейчас запечатана в дереве по середине диких земель и если она выйдет - всему каюк. Она кстати твоим мечиком и владела, но это пол беды. Её освобождения желают Ёкаи, Нежить, Культисты и некоторые зверолюди, так что мы в жопе, ибо против нам большая часть мира. Но забегая вперёд скажу, что с культистами вопрос удалось уладить, найдя рычаги давления, так что с ними ещё 50/50
﻿
> В общем мы тут немного побродили, поисследовали дикие земли и ты там прикончила **мечём какого-то Ёкая**. Чёрт его знает что это было, но ладно. Тут интересно другое. Ёкаев невозможно убить, даже в теории. Слабые могут исчезнуть если люди их забудут, но вообще они просто бессмертие в привычном понимании, но твой меч может их убивать. **И НЕТ, НЕ НАДО ЭТОГО ДЕЛАТЬ**
﻿
> Кхм... так вот, на чём я... а точно. Проблема с дикими землями усугублялась всё сильнее и когда ты нашла какой-то там портал в диких землях при помощи меча, ты переместилась к Ёкаям, а тут начался пиздец. На Альму напали и я еле как отбил город. Это было буквально вчера кстати. Как я это сделал не спрашивай, самому бы понять. Но тут интересно другое, после того как я это сделал, прилетела Лаура. Да, которая правит небожителями. Я с ней немного поболтал и немного понял этого мира, но всё равно большую часть информации надыбала ты в мире Ёкаев",,
"2026-05-26,21:27:40",samin__,#0,"> В общем тебе там лапши навешали, но правду тоже накинули. Демоны, это грешники. Буквально грешные души, что в прошлой жизни что-то натворили, что переродились... этим. Ангелы же - это Ёкаи, на этом всё. Остальная информация не проверена, так что чтобы не сбивать тебя, просто замолчу, а лучше подкину пищи для размышлений
﻿
> Когда ты вместе с мечиком покинула мир, Ёкаи перестали терроризировать демонов, да и выйти в мир живых без его помощи они не могут, но каким-то образом год назад они вышли в этот мир и развязали войну, чтобы выйти из ада
﻿
> Ну и самое вкусное... фуф... спокойно Лойд, спокойно... **ТЫ ВЫПУСТИЛА ЕБАНОГО ЁКАЯ ЗА БУХЛО СУКА!** Кхм... прости, у меня птср... **НО НАХУЯ?!** Ай... пф... ладно, это мы с тобой уже обговаривали 3 раза, но придётся четвёртый... Сорочка, пожалуйса, не нужно выпускать богов в мир живых, даже если они выглядят хорошими и сут тебе в уши, что будут помогать
﻿
> Живой к сожалению пример. Донис, которая умеет телепортироваться и сейчас вставляет палки в колёса. Договорились? 🥹﻿ 
﻿
Договорив, парень отклонился на стуле, определённо устав так много думать...
||<@&1496354329676742667> ||",,
"2026-05-26,21:59:33",biok_ymer,#0,"—Айрис Янг—
|-----------------------------------------------------------------------------|
Девушка молча слушала объяснения Лойда и немного удивилась некоторым фактам, отчего сделав задумчивый вид посмотрела на <@&1496357108331970590> , говоря:
|-----------------------------------------------------------------------------|

—""Пончик"": выходит ты вроде как наполовину божество? А я знал что ты тот ещё ангелок! Хех... Кхм, а если серьезно это странно. Меч способный убить не абы Каво, а божеств звучит весьма страшно. А особенно сам факт того, что он до сих пор у Соры, а не у кого-то другого. Но на этой почве сразу возникает следующий вопрос, а что за божества собственно эти ваши ёкаи? И кого убила сора? Хммм, без конкретики нам тут не уехать...

/Чуть покопавшись на стуле, та посмотрела на <@&1496353875748323470> , говоря:/
-Если слухи рождают богов, то мы можем в теории поспрашивать людей про всех божеств, да и про тех кого мы знаем. Условно кто такая донис и кем была матушка Соры, раз она так спокойно смогла спереть меч у самой королевы. Однако хммм, тогда я не понимаю как работает ""ад"", ведь отчего-то грешники выбрались оттуда, да и судя по логики один из них охмурил божество? У нас явно отсвует какой-то фрагмент истории...

/Девушка отклонилась о стуле, закидывая ногу на ногу, немного поменая платье(что та игнорировала), говоря смотря в потолок:/
-Вобщем у нас сейчас считай и нет информации, от которой строить планы,.нам нужна разведка...

|-----------------------------------------------------------------------------|",samin__#0,samin__#0
"2026-05-26,22:01:12",biok_ymer,#0,"—Юки—
|-----------------------------------------------------------------------------|
Девочка послушно сняла кольцо, наблюдая на серьезные мины <@&1496357108331970590> , <@&1496354329676742667> и <@&1496353875748323470> , обращаясь к <@&1496354080472305678> :
|-----------------------------------------------------------------------------|

—Мне кажется мы им немного мешаем... Может тогда закажем что-то для них? Им явно сейчас не до окружения.

|-----------------------------------------------------------------------------|",samin__#0,samin__#0
"2026-05-26,23:04:36",samin__,#0,"— Ксавьер Азрахан —

Смотря как люди сосредоточено молчат, то и дело изменяясь в лице, мужчина понял что тут ему и вправду делать нечего. Услышав предложение девочки, парень посмотрел на шута, что стоял за стойкой. Да уж... местечко было откровенно странным, в особенности местные обитатели, но имеем что имеем, от чего мужчина кивнув направился к стойке

Подойдя к той, мужчина пытаясь не обращать внимания что перед ним находится бармен в костюме шута сказал:

— Добрый день, не могли бы вы предложить что-то для компании за тем столом? Думаю лёгкого застолья будет достаточно

Договорив, парень указал себе за плечо большим пальцем, указывая на нетипичную компанию для этого места, попутно с неким интересом рассматривая остальных отродий, что тут водились",biok_ymer#0,biok_ymer#0
"2026-05-27,01:47:56",ktoia,#0,"— Сора Райдэн —

||Ёбаный рот как на это структурированно отвечать. Я ЗАПУТАЮСЬ||

Сора слушала, но её поза менялась по мере того, как Лойд выдавал очередные откровения.

Она посмотрела, как Лойд попросил девочку снять кольцо и нахмурилась. Её взгляд скользнул по ребёнку, потом снова вернулся к Лойду. Дочь? Ангелочек? Она отложила этот странный вопрос в сторону....

**Лойд начал говорить.**

Сначала спокойно, но чем дальше, тем больше его голос наполнялся нервозностью! Двадцать лет. Она отсутствовала двадцать лет. Сора почувствовала, как внутри что-то ёкнуло. Её не было два десятилетия, а для неё прошло всего ничего. Она вспомнила тот снежный лес, портал, Айрис. Да, это было похоже на правду.

Война Рая и Ада, уничтожение материка, дикие земли... Она слышала эти слова раньше, но теперь они звучали иначе, более знакомо... Но тут она вздрогнула, когда Лойд внезапно повысил голос и положила руку на стол, готовая в любой момент его перевернуть, если он снова сорвётся.

**Потом пошло самое странное.**

Рай и Ад - это не правда, а правда это ёкаи и грешни. Ёкаи - это боги. Прошлая королева владела её мечом. А если она выйдет из заточения - всему конец. Сора нахмурилась. Зачем богу уничтожать свой мир? И зачем его вообще освобождать, если это приведёт к катастрофе? Это звучало как минимум нелогично. Врагов которые выступают против них будто собрали из всех мастей - ёкаи, нежить, культисты, зверолюди... Нууу.. Зашибись! Это много. Но культистов удалось перетянуть на свою сторону, хоть и ненадёжно. Сора сделала мысленную пометку. 

**Потом Лойд сказал, что она убила ёкая.**

Сора на секунду замерла. Она? Убила бога? Она понимала, что меч необычный, но чтобы настолько... Она бросила короткий взгляд на клинок, висящий на поясе. Джигоку ты оказывается тот ещё зверь! Ёкаи бессмертны, но её меч может их убивать. И Лойд сказал: ""Не надо этого делать"". Сора на это лишь скептически кивнула.

**Портал.**

Она переместилась к Ёкаям с помощью меча? Она помнила тот момент примерно.... Эльфийка у маяка. Странная была, запуганная что ли? И на нее же тогда напали? Кхм. допустим. Лойд отбил город. А потом прилетела Лаура. Королева небожителей? Ох.. ё... хорошо.

**Донис.**",,
"2026-05-27,01:48:06",ktoia,#0,"Она выпустила её за бухло? Сора почувствовала, как внутри поднимается раздражение. Будто бы этот разговр уже был, и он ей не нравится.... М... Когда Лойд снова заорал по поводу не выпускать ёкаев, она достаточно сильно качнула стол в его сторону, чтобы тот примолк. Мысленно говоря ""Приму к сведению.""

**Тут заговорила Айрис.**

Сора и так всю жизнь знала что не совсем является человеком. Все таки её родители ОПРЕДЕЛЕННО на других родителей не похадили, однако говорить что один грешник, а второй бог странно. Это звучало и хорошо, и плохо одновременно. Она особо не знала, что с этим делать. Чтож... Айрис задавала правильные вопросы! На которые следовало получить ответы! 

НАКОНЕЦ дослушав обоих девушка опять откинулась назад погруженная в кашу которую ей сейчас приподнесли, уж простите но слишком много информации разом, да и голова разгуделась от умозаключений и некоторых воспоминаний. Посмотрев в потолок с десятка секунд, та вернула взгляд на собеседников и наконец начала говорить:

> Триггер: Значит так. Меня не было двадцать лет. За это время мир успел полететь к чертям. У меня в руках оружие прошлой королевы которое хотели получить Ёкаи, отсылая на меня нежить. А ещё я наполовину какая-то херня и выпустила какую-то тварь. Ах.. ну да еще и бога убила... Зашибись.

Она замолчала, постукивая пальцем по столу.

> Так, ну... согласна с тобой Айри... Информации - куча. Ясности - ноль. На холодную голову с ней не справится. Кхм.

Села ровнее, перестав задирать голову.

> Что бы я добавила... Сколько себя помню в детстве Джигоку - это мечь коий сейчас при мне, был семейной реликвией, даже не вспомню чтобы мои родители его с полки снимали, как висел, так и всел до дня пока я его не забрала... Что до моих родителей... Ну понятное дело я не слепая! Естественно они слегка отличались от родителей из других семей... Однако ничего координального не было, семья как семья, любящяя и добрая. Мпф... Значит отец грешник? нихера себе... А мама божок. Скажу честно, ни разу не слышала ничего как за время скитаний как про маму, так и про отца. Оберон и Санфиера. Да! Правда не интересовалась, потому что блять грустно поднимать скелеты из шкафа... Пожалуй если позволите переведу тему.",,
"2026-05-27,01:48:22",ktoia,#0,"Вздохнув потерла шею, продолжая:

> В диких землях я убила Ёкая... Помню... это была... Эльфийка? До ужаса замученную эльфийка. В цепях и очень запуганная. Твердила что ""Быть может прошло достаточно времени... Она вернётся за своим мечом..."", пугалась моего любого действия, говорила что клинок не должен был оказаться в руках людей и... так далее... м.. А если подумать именно она рассказала про ""маяки"" которые связывают оба мира. Пуф... в конечном счете я её прикончила, из жалости наверное, по крайней мере в памяти именно это. За этим после её смерти пришли ""каратели"", две нежити что работают на Ёкаев.

> Если говорить о том что было в мире Ёкаев, то там уже совсем муть какая-то.... Да я пила с Донис! Поговорила с нынешней королевой и нихера особого не узнала. На кой фиг получается к ним приходила? Мм... ладно, СОГЛАСНА. Ну может есть небольшой проеб!

> С этой дурой Донис нужно что-то делать, как и искать дальше инфу. Что еще в копилку к вопросам можно добавить, так это то что мы же до сих пор не знает кто точно УНИЧТОЖИЛ континент. Да была какая-то блядская записка, но глаза на это событие особо не открыло, а на самом деле знать это нужно. Пф... Значит так. положение дел ясно, мы почти в жопе, но не совсем. Все таки наверное нужно построить маленькие планы, без них тяжко будет... м... Лойд ты чем сейчас заниматься планируешь? Если говорить за нас с Айрис, мы вроде как хотели отправиться либо на Абисус, либо Эльрин, дабы узнать про кузнеца что сделал меч, а от него уже попытаться что-то узнать про прошлую или мою семейку... Но слыша все что было выше, планы можно и поменять, может и к Ёкаям наведаться... пуф.... Ваше мнение?

Девушка переглянулась с Айрис и Лойдом, не особо придавая вниманию то что Ксавьер и Юки отошли.

||Ради бога сбавьте обороты я запутался нахуй. <@&1496353875748323470> <@&1496354329676742667> ||",,
"2026-05-27,10:55:44",samin__,#0,"— Лойд Фронтера —

Парень, довольный тем что разговор пошёл в удивительно правильное и продуктивное русло почувствовал, как стол понемногу наклоняется в его сторону, смекнув что кто-то тут ловит обежулькин, парень решил ответить, взявшись за стол рукой и невзначай отодвинул его чуть дальше чем тот был изначально

Слушая Айрис с Сорой, тот смекнул что наконец сражается не один, хотя на счёт Соры уверенности было всё меньше и меньше. Сделав грязное дело, тот отклонился на стуле, смекая что сутки почти  уже прошли, так что осталось жить-пожить ~6 дней, только вот что конкретно менять тот так и не знал. Был общий план просто сделать печать на прошлой королеве нерушимой, но к чему это могло привести... ммм... <@&1496354329676742667> права, нужно больше информации о Ёкаях и их устройстве

> Айрис дело говорит, мы по сути знаем чуть более чем обычный обыватель, так что действовать наверняка... сложновато

/Положив руку на стол, парень стал постукивать пальцем, то и дело меняя ритм, чтобы хоть сколько ни будь разрядить обстановку/
> 7 дней... мирку осталось примерно 7 дней. Судя по тому что Лаура сказала, печать держится из последних сил и если так и продолжиться, то мирок попросту рухнет. По сути Сора может выйти раз на раз против прошлой, но я бы до этого не доводил. Как минимум это будет проблематичный соперник, а возможно и непосильный... мэх...

/Почувствовав момент, чтобы вновь косвенно подъебать <@&1496357108331970590> , парень решил не отказывать в удовольствии/
> И да, это если активно противодействовать. Вообще пробуждение должно было произойти вчера, но благо они проебались. Если бы не Донис, было бы куда проще, но сейчас она в сговоре с нежитью, что и так доставляли проблем... Чтож за выродок это делал...",,
"2026-05-27,10:55:50",samin__,#0,"/Поняв что мысль пошла в русло раздумий о том ублюдке, которого заменил Лойд, парень оборвал мысль, продолжая мысль/
> В общем да! Единственно что я знаю о Донис, что это Ёкай перерождений. Душами в общем вертит, но я на неё Лауру натравил, так что палки в колёса та ей поставляет это уж точно. Судя по всему Ёкаев можно убить и те просто переродятся, НО!!! Только если не... эм... Джигоку...

> Мда... информации много, но вся обрывочная, нужно связать всю картину воедино... выделю основные вопросы:
> Почему прошлая королева Ёкаев хочет уничтожить мир и как ту запечатали?
> Как родители Соры смогли провернуть **такое** и вообще кем они на самом деле были?
> Каким образом Ёкаи и гришники вышли в мир живых без помощи Джигоку?
> Кто создал Джигоку?
> Кем был та эльфийка, что кокнула Сора?
> Кто и почему уничтожил материк?

/Договорив, парень отклонился, уставившись в потолок, начиная качаться на стуле/
> Что до меня... хм... я тут как раз начал разбираться с демонами... ну... которые грешники. Меня тут не то чтобы жалуют, но пока что не пришибли, так что всё нормуль. Как раз займусь вопросом, как они выбрались в мир живых год назад, да и развивать их нужно, а то инквизиция скоро за моей головушкой придёт, учитывая что на мне метка демонов и связь с Лаурой, так что с кем с кем, а с церковью я нерукопожатный. Спасает только то, что они не знают о моём существовании

/Опустив взгляд обратно, парень цикнул в слух, смотря с немым вопросом на собеседниц/
> И? Я что-то упустил? Ах да, а зачем в Абисус или Эльрин? Что-то не улавливаю связи этих материков и кузнеца что создал Джигоку

||Я пытался сбавить темп, но чёт не вышло, сорян||",,
"2026-05-28,04:28:12",biok_ymer,#0,"—Айрис Янг—
|-----------------------------------------------------------------------------|
Девушка слушала поток информации от двух героев своих историй, не особо и понимая как с такой рнформацией и работать, однако к тому моменту на их стол на удивление клоунская дама стала ставить еду с неизвестными напитками. Глянув на напиток, а после на Сору, та выдохнула протягивая ей целую бутылку, а сама же взяв кусок хлеба стала жевать, говоря в кольцо:
<@&1496357108331970590> .
|-----------------------------------------------------------------------------|

—Пончик: Значит вопросы не только у божкам, но и к черни, да уж... Ну по поводу ёкаев могу заявить точно, что туда я или Лойд вряд-ли смогут попасть без участия Соры, отчего я предположила бы спорное, но единственное решение отправить в мир ёкаев её вновь, дабы она смогла разузнать больше информации из первых уст. Не думаю что у нас будет достаточно времени чтобы ходить по всем церквям и расспрашивать в какого уличного скибиди туалета они верят...

/Дожевывач хлеб, та все же взяв кружку налила себе немного воды, запивая и говоря вновь:/
-По поводу Абисуса и Эльрина все куда проще. В Адиссусе обитают Пираты, что колесят по всему белу свету, собирая информацию про что угодно, отчего они могут знать что-то про меч. А Эльрин... Я и сама не знаю отчего Сора хочет туда, однако могу предположить, что из-за наличия там ""небожителей"", там также может быть информация, касательно меча.

/Чуть подумав над продолжением, та поставила стакан на стол, говоря:/
-Нам нужно разделить обязанности. По ощущениям везде нужно побывать Соре, а времени ввиде 6-ти дней нам не хватит. Если она отправиться к ёкаем, то нам придется колесить по миру в поисках информации о мече и грешниках? Или... А зачем нам вообще куда-то Идти, если у нас тут буквально деревня грешников? Что-то я упустила этот момент...

|-----------------------------------------------------------------------------|",samin__#0,samin__#0
"2026-05-28,04:29:52",biok_ymer,#0,"—Шут—
|-----------------------------------------------------------------------------|
Девушка кивнула на слова парня, начиная готовить блюда для праздниства, попутно говоря:
|-----------------------------------------------------------------------------|

—Никогда не думала что буду обслуживать консилиум молчаливых людей. Обычно хотя бы обсуждают что-то, а вы какие-то тихони. Я все доставлю на стол, есть ещё какие пожелания милашка~?

|-----------------------------------------------------------------------------|",samin__#0,samin__#0
"2026-05-28,11:11:48",samin__,#0,"— Ксавьер Азрахан —

Уставши от женского внимания, парень уже давно научился пропускать комплименты мимо ушей, однако в этот раз слова к сожалению достигли его ушей. Шут отвешивает комплименты... ну вот честно слово, в каком моменте своей жизни от повернул на тропу безумия? Ответ вертелся на языке и уж точно был связан с Лойдом, однако выдохнув мужчина просто принял реальность как должное, просто смирившись со своим статусом экспоната для любого живого существа... и даже божеств...

От воспоминаний о Лауре, мужчину закалённого тренировками слегка перетрясло, от чего уводя мысль в сторону, тот покосился на остальных посетителей кивнув головой в их сторону:

— Особых пожеланий нет, но что с остальными посетителями, что они буквально пилят взглядом нашу молчаливую компанию?",biok_ymer#0,biok_ymer#0
"2026-05-28,13:50:37",ktoia,#0,"— Сора Райдэн —

Видя ответную реакцию Лойда на стол, дёрнула его на того по сильнее, но тут же одёрнула назад ставя ровно.

Слушая обоих, Сора посмотрела на бутыль, протянутый Айрис, кивнула, взяла его и отпила содержимое, поставив обратно. Приятное пощипывание разлилось по языку. Чтож, теперь можно слушать.

Когда её попытались поддеть, она вместо того, чтобы ответить и перебить, лишь потянулась опять к бутылке и показательно сделала пару глотков. Да-да. Прямо как с Донис!

Дальнейшие рассуждения Лойда и Айрис мечница выслушала спокойно, а затем начала отвечать:

> Триггер: Насчёт прошлой - хер знает, что с ней делать. По большей части лучше её пока просто не трогать и не давать культистам и другим её воскресить. А, ты это уже делаешь. Ну, молодец.

Она помолчала, поразмышляла и продолжила:

> Мх. Разделить обязанности звучит действительно разумно. Чтобы попасть к ёкаям, мне особо напрягаться не нужно - всего то пройтись до маяка. Скорее другое меня интересует: что мне точно спросить у них? Про эльфийку - это понятно, как они ""устроены"" - тоже могла бы узнать, но... Ммм, у вас есть точечные вопросы?

Остальное решила не поднимать, ибо за ее это сделала Айри.

||<@&1496353875748323470> ||",biok_ymer#0,biok_ymer#0
"2026-05-28,14:18:39",biok_ymer,#0,"—Шут—
|-----------------------------------------------------------------------------|
Девушка заканчивая готовку стала заносить блюда и напитки за стол, попутно обдумывая вопрос и отвечая:
|-----------------------------------------------------------------------------|

—Ммм, думаю дело в том, что люди тут редкие гости, особенно в такой большой компании. Не все ещё привыкли к ним, а тем более к тому, что их спокойно пропустили сюда.

|-----------------------------------------------------------------------------|",samin__#0,samin__#0
"2026-05-28,15:20:25",samin__,#0,"— Лойд Фронтера —

Нет, ну это уже какое-то свинство. Сора ТОЧНО не поменялась. Стол что и то с ничего сорвался с места хотел было полететь, однако вовремя остановился. Если так и продолжится, то стол точно полетит кому-то в лицо и Лойд уж точно не был дураком, так что понимал что тягаться с погибелью целого мира в прямом столкновении он не сможет. Положение выровняло то, что на стол принесли хавчик, так что теперь трогать его было опрометчиво

На удивление эта Сора как минимум была ""несгибаемой"", а не ""неподатливой"", так ещё и вроде как имела на одну извилины больше, так что дело ладилось

Взяв со стола какую-то фигню, что выглядела съедобно, парень начал ту жевать, вспоминая что сегодня ещё не ел, от чего голод уж точно накопился. Говорить с набитым ртом было бы неправильно, от чего он и не говорил, а думал:

> На удивление, на этот раз, мне даже не чем возразить. Мы к Ёкаям никак не попадём, так что выхода нет...

Но сука... опять Сору посылать к Ёкаям, чтобы она кого-то выпустила... ой ля...

> По поводу Эльрина и Абисуса... понял. В любом случае хотел к ним наведаться на днях, по личным вопросам, но можно будет и поспрашивать о мече, да и слухи с легендами лишними не будут. Не уверен как идёт время в мире Ёкаев относительно этого, однако не думаю что стоит строить долгосрочные планы

> Что на счёт грешников - никуда идти я и не планирую, просто нужно будет развязать язык парочке из них и дело с концом. У нас тут есть как минимум одна особа, которая точно что-то знает, но хочет меня укокошить, так что посмотрим что смогу из неё вытянуть. Кстати не говорите им что они Грешники. Это вроде как секрет, даже для части из них, так что реакция может быть весьма... агрессивной",ktoia#0,ktoia#0
"2026-05-28,15:20:58",samin__,#0,"> Что до вопросов Ёкаям... они уж точно появятся по ходу дела, но что нужно сейчас... хм...
> Как они смогли прокинуть ту эльфийку в обычный мир
> Как они вообще появляются и что им от этой ""веры""
> Любая информация про их прошлую королеву
> Узнать как они влияют на мир и зачем вообще нужны
> Выяснить истинные планы
> Спросить про войну год назад с их стороны, чтобы сравнить показания, в особенность как они вышли в мир живых
> Разузнать про меч
> И обязательно узнать по какой такой причине мать Соры покинула тот мир, делая... что сделала. В общем разберись там в своих корнях, быть может что-то откроется
﻿
Парень уже примерно понимал что Сора просто на просто должна была родиться чтобы кокнуть мир, однако кто сподвиг это всё равно не ясно. Сама судьба, которая свела генерала грешников и не последнего Ёкая или нечто более конкретное? Сюжет этой книги был куда более запутанный чем в романе ""Рыцари железа и крови""
﻿
Выдержав паузу, парень вновь размутился в групповом звонке:
﻿
> Ну и разделение. Сора пока что идёт к Ёкаям, я тогда возьму Эльрин, тем более что они давали мне крайний срок... хм... неделю назад? Да, примерно так. Мне там одной суке отомстить нужно, так что с радостью возьмусь за это дельце, хм... у меня ведь Ксавьер там ещё был вроде... можно у него поспрашивать что он там видел. А Айрис тогда... ну, выбор у тебя не велик
﻿
Домыслив послание, парень доживал кусок вполне вкусного хрючева, повернувшись на стуле в сторону <@&1496354080472305678>﻿ ,  что всё это время стоял с мешком за спиной и сказал тому:
﻿
— Горе рыцарь, нужен твой опыт, айда сюда
﻿
||Думаю что самое время, учитывая что мы договорили, поэтому НАКОНЕЦ КУЛЬМИНАЦИЯ С ПОДАРОЧКАМИ! Оставлю вам круг, чтобы устаканить сказанное или поднять ещё темы, а пока Ксавьера подержу в подвешенном состоянии <@&1496354329676742667> ||",,
"2026-05-28,17:17:32",biok_ymer,#0,"—Айрис Янг—
|-----------------------------------------------------------------------------|
Девушка недовольно буркнула, а после перестав говорить в кольцо забирая яблочко с миски и чуть откусив заявила:
<@&1496357108331970590> .
|-----------------------------------------------------------------------------|

—Мне так-то нужны материалы на совместный проект с шваброй по имени Азазель, отчего мой путь идёт на Фомос или Сохер где есть нужные мне материалы. Отчего я бы оставила разбойников на потом, может вместе их и распросим... Кстати, а чё за мешок у твоего слащавого мечника?

/Договорив та продолжила жевать яблоко, поглядывая на мешок./

|-----------------------------------------------------------------------------|",samin__#0,samin__#0
"2026-05-28,21:58:45",ktoia,#0,"— Сора Райдэн —  

Мечница слушала предложения и мысли обоих, попутно беря что-то самое привлекательное из съестного со стола и смешивая это с алкоголем. Она не перебивала, не задавала вопросов - просто кивала время от времени, давая понять, что всё слышит и принимает к сведению.  

Когда Лойд и Айрис закончили, Сора отодвинула тарелку, вытерла губы тыльной стороной ладони и встретившись взглядами с обоими, просто кивнула. Мол, договорились.  

Она взяла бутылку, сделала ещё один глоток и откинулась на спинку стула, наконец говоря:

> Значит так и поступим. Я честно сказать не думаю что настолько долго буду у Ёкаев, по этому чуть закончу, сообщу вам и к кому-то приду на помощь...

В след за этим обратила внимание на привлекательного мечника с МЕШКОМ.

||<@&1496354329676742667>||",samin__#0,samin__#0
"2026-05-28,22:02:43",samin__,#0,"— Ксавьер Азрахан & Лойд Фронтера—

Ксавьер вообще не понимал устройство общества, однако то что люди и демоны живут порознь стало понятно сразу. Но и... ""такая неприметная кампания"" не могла не привлечь внимание своим молчанием. Да и вряд ли им бы позволили так вольно расхаживать, если бы та с лирой была бы на стрёме, однако эти мысли тот решил оставить при себе, лишь спокойно отвечая:

— Понимаю. Но можете не переживать, вредить вам не в наших планах

/Зыркнул на молчащую компашку/
— Хотя что они сейчас делают мне неизвестно, но думаю вас это не касается

/Усмехнувшись, парень поправил воротник/
— Во всяком случае я знаю не больше вашего

В этот момент неприятный голос Лойда, что опять пристал к рыцарю, только когда ему что-то понадобилось, а следом и вопрос от маленькой мисс, что поинтересовалась у него на счёт содержимого мешка. Не долго думая, тот на последок сказал шуту:

— А вот сейчас по всей видимости сейчас и узнаю, прошу прощения, но вынужден покинуть вашу компанию

Глубоко кивнув головой, поклонившись таким способом, парень развернулся и направился обратно к столику, снимая мешочек с плеча, отвечая группе:

— Рад что ваше застолье было плодотворным. Раз ""разговоры"" вас уже утомили, отвечу на вопрос, который дожидается своего часа вот уже более суток. Ранее, когда по пробуждению, я не застал господина Лойда в его кровати, я был уверен что его выкрали небожители, от чего /перевёл взгляд на Юки/ кхм... я отправился на материк под названием Эльрин и было хотел слегка укоротить их материк

/Лойд в этот момент прифигев с трактовок рыцаря перебил/
— Стоп-стоп-стоп. ТЫ ЧТО?! Это буквально полубоги, ты вообще...

/Перебив господина Ксавьер лишь спокойно парировал/
— Возможно я и вправду был опрометчив в тот момент, однако я уже бился с ангелом, так что...

Тут Лойд посмотрел на демонов с лицом ""заткнись нахуй, тут это иначе звучит""! Но благо Ксавьер перестал и продолжил ближе к теме:",biok_ymer#0,biok_ymer#0
"2026-05-28,22:02:48",samin__,#0,"— Кхм... так вот. Я встретил местного, который заверил меня, что не видел полудохлого орка. Я же ему разумеется не поверил, начиная исследовать всё снизу, спустившись в какую-то дыру и найдя в руинах...

/Лойд не ожидая ТАКОГО откровения вновь перебил/
— Эээ... дыра? ДЫРА?! Ты про бездну сейчас? Т..ты...

Ксавьер же не понимая что Лойд раздувает из мухи слона вновь продолжил повествование:

— Ну... яма... глубокая, только и всего. Кстати я нашёл там пару предметов, которые выделяются, даже по меркам того места. Можете посмотреть

Лойд привстав со стула с вылупленными глазами прошёл около Ксавьера, смотря на него как на ""дарование"". Охмурить бога, побывать в самом опасном месте этого мира и сказать ""глубокая яма?!""... даже для него это было слишком, от чего Лойд начал прикатать, попутно развязывая мешок, заглядывая внутрь:

— Ну ты конечно даёшь... за последние 3 дня ты сделал больше чем многие за целую жизнь, тебе бы извиниться за то, что обесцениваешь жизни людей... ну честное слово, ты...

# — АХУЕТЬ!!!

Казалось бы чему так мог удивиться Лойд, что привлёк к себе столько внимания, так ещё и нарушал табу ""не материться при Юки"". По началу парень и вовсе не понял что там в этом злосчастном мешке, однако опустив туда руку и ухватившись за что-то металлическое, парень с немалым усилием вытащил нечто похожее на руку из сумки, тут же вспоминая чья это рука... ЭТО БЫЛА РУКА ЕБАНОГО АДАМА. А внизу ещё виднелась и личико, что уж точно было не похоже на живое",,
"2026-05-28,22:02:49",samin__,#0,"Осознав что КСАВЬЕР каким-то образом нашёл АДАМА и кокнул его, даже не зная что тот враг, да и от самого осознания что эта тушка валялась примерно сутки в гильдии, заставило парня потерять равновесье, опрокинувшись на пол, слегка отползая от мешка с телом, что опрокинулся, оголяя безжизненное тело Адама, что покинуло мешок почти по пояс, распластавшись на полу, с протянутой рукой в сторону Лойда. Вылупив взгляд на Ксавьера парень проорал:

— Ты... это... а... ОТКУДА БЛЯТЬ?! ТЫ ГДЕ ЭТО ОТРЫЛ?! НЕТ, КАК ТЫ ЕГО КОКНУЛ?! ПУФ... НЕ... КАК ТЫ УЗНАЛ... ДА... блять... спасибо конечно, хорошая работа, все дела, но СУКА! Ты чего не сказал что ты ТАКОЕ С СОБОЙ ТАСКАЕШЬ?!

Договорив, парень с силой толкнул груду в сторону, от чего тельце отлетело на пару метров, прибившись к стене. Парень и сам не ожидал что силушка богатырская вернётся к нему в полном объёме, в такой то момент, однако это него смущало не столь сильно, как ТРУП главного гада, которого тот знал, что валялся в углу бара. Рыцарь же стоял полностью без эмоций, лишь непонимающе смотря на Лойда, даже не зная как реагировать на такой поток сознания, да и судя по всему Лойд знал этого странного человека, что запутывало ситуацию ещё больше",,
"2026-05-28,22:39:30",biok_ymer,#0,"—Айрис Янг—
|-----------------------------------------------------------------------------|
Девушка спокойно себе кушала травы, как какая-то травница, однако на моменте представление повела бровью, а после увидив тела охнула чуть дернвушись, да и дальше игры с телом заставили её чуть скривится, однако когда представление закончилось и взглянув повнимательнее на тело, а именно вспоминая чье оно и из чего состоит та вновь приоткрыла рот и в ней открылся научный интерес, из-за которого та вскочила с места подходя к телу и убедившись, что то мертво, стала копашиться на нём как какой-то падальщик, говоря:
|-----------------------------------------------------------------------------|

—Оу, Вау, да это же то что мне было нужно! Чтоже, незнаю нужно ли тебе тела этого киберсолдата, однако если отдашь его мне, я могу применить это куда с большей пользой. Боже, какой качественный металл, а какой он крепкий~. Пупупу, можно его забрать? Пожалуйста пожалуйста пожалуйста!

/Девушка стала смотреть на <@&1496353875748323470> с горящими глазами ученого./

|-----------------------------------------------------------------------------|",samin__#0,samin__#0
"2026-05-28,22:40:44",biok_ymer,#0,"—Юки—
|-----------------------------------------------------------------------------|
Девочка с непонимаеи сидела на месте, смотря на странную ситуацию, однако понимая, что происходит что-то странное, та молча переглядываясь прикрыла ушки руками, смотря на тех с непониманием.
|-----------------------------------------------------------------------------|",,biok_ymer#0
"2026-05-28,22:43:19",biok_ymer,#0,"—Система—

-её слышит лишь <@&1496353875748323470> -
|-----------------------------------------------------------------------------|
И тут внезапно на радостях объявилась и система, что включив победаносную музыку и запустив виртуальные фейерверки заявила:
|-----------------------------------------------------------------------------|

—Поздравляю, говно ввиде подобия первого божественного человека было уничтожена, отчего вы поистине стали вершиной говна среди всех! Если тебе нужна лишь похвала поздравляю, однако дашь ли ты согласие уничтожить вражеский ПО?

ДА.          ИЛИ.                НЕТ

|-----------------------------------------------------------------------------|",,biok_ymer#0
"2026-05-28,23:43:15",ktoia,#0,"— Сора Райдэн —

Сора отставила бутылку и медленно села ровно, оторвавшись от спинки стула. Её лицо, ещё секунду назад расслабленное, застыло в выражении, которое можно было описать только одним словом: НЕПОНИМАНИЕ. Она переводила взгляд с Ксавьера на Лойда, с Лойда на мешок, с мешка на тело, которое с глухим стуком вывалилось на пол. Её брови медленно поползли вверх, а рот чуть приоткрылся. Когда Айрис с горящими глазами ринулась к трупу и начала его ощупывать, Сора чуть отодвинулась на стуле, **боясь что это заразно**. Она посмотрела на Юки, которая закрыла уши руками и почувствовала с ней странное родство. 

Она провела рукой по лицу, пытаясь собрать мысли, но они разбегались, как тараканы на свету. Мечница сидела, глядя на этот абсурд и пыталась понять, какого чёрта происходит в этой компании.

||<@&1496354329676742667> ||",samin__#0,samin__#0
"2026-05-29,00:15:45",samin__,#0,"— Лойд Фронтера и Ксавьер Азрахан —

Всë пытаясь осознать происходящее, парень начал переходить из смятения в праздность. Ну хоть что-то по немного начало налаживаться! Да, мирку всë ещë кабзда, но демоны вроде понемногу обживаются, Юки привыкает, Лаура помогает, Сора изменилась, даже шатхое подобие команды выискалось и АДАМ ПОДОХ!

Разумеется последняя новость была самой животрепещущей, от чего смятение на лице парня понемногу начало меняться широкой, жуткой улыбкой

Ксавьер же наблюдая за всем этим цирком понял что только что открыл ящик Пандоры, от чего скривив лицо попятился к столу, садясь около Юки с <@&1496357108331970590> и оглядывая <@&1496354329676742667> и <@&1496353875748323470> как каких-то дикарей обратился к девушке:

— Быть может я чего-то не понимаю, но разве в других мирах принято издеваться над бездыханными телами?

Лойд же в этот момент уже поднялся, отрихая рубашку, сам не заметив, как из его рта стал вырываться смешок:

— Ха... ха-ха... подох, и вправду эта кровопийца сдохла... АХАХАХХАХАХАХАХХА

Вскочив на соседний столик (плевать будь тот пустой или нет), парень обратился ко всем, кто был в этот момент в баре:

— ДРУЗЬЯ! СЕГОДНЯ В ЭТОМ МИРЕ СТАЛО НА ОДНУ УГРОЗУ МЕНЬШЕ! ТАК ЧТО ПРЕДЛАГАЮ ЭТО ОТПРАЗДНОВАТЬ! СЕГОДНЯ ВСЕ СЧЕТА ЗА МОЙ СЧËТ! НЕ СТЕСНЯЙТЕСЬ И РАЗДЕЛИТЕ СО МНОЙ ЭТУ РАДОСТЬ!

Что же такое стряслось с Лойдом, что он даже **оплатил счета** демонюгам? Но в целом он убил двух зайцев. И народец успокоил, после этой сцены и социальный рейтинг повысил, хоть и ценой бабла

Услышав слова Айрис, тот не слезая со стола крикнул той:",ktoia#0,ktoia#0
"2026-05-29,00:15:47",samin__,#0,"— Конечно Айри! Забирай этот кусок метала! Переплавь, разрежь, делай что хочешь! Свою дозу я уже получил!

И тут же появилось системное окно, что сделало это на столь резко, что парень чуть не опрокинулся со стола, однако махая руками всë- же удержался на верхатуре, слушая сообщение и смотря на две монящие кнопки

Мерзко улыбнувшись, тот сказал про себя:

> Ой, а что это такое? Я вершина говна говоришь. Ой-ой-ой. Детка, я его пользователь!

/Подумав, парень не придумал ничего лучше чем ответить последним мемом, который помнил в своëм мире/
> Ну и? Что ты мне дашь за этот попыт?",,
"2026-05-29,01:42:22",biok_ymer,#0,"—Айрис Янг—
|-----------------------------------------------------------------------------|
Девушка довольная и также разделяя радость парня спустила рюкзак со спины и стала засовывать труп так, словно это сладкая вата, что так хотелось съесть в детстве. Закончив с данным деянием та довольная вернулась за места и также налила себе в кружку какой-то алкоголь попивая и смотря за представлением от Лойда. Похоже у той также повысилась настроение от того, что ей не придется идти за три версты за материалом для суки, что чуть не убила сору.
<@&1496357108331970590> 
|-----------------------------------------------------------------------------|",samin__#0,samin__#0
"2026-05-29,01:47:59",biok_ymer,#0,"—Система—

-её слышит лишь <@&1496353875748323470> -
|-----------------------------------------------------------------------------|
Система чуть задумалась, а после подставила цену ввиде 1000 очков Рп, говоря:
|-----------------------------------------------------------------------------|

—За данную возможность поглащения, Лойд получит 1000 очков а также возможность задать вопрос, на который система не сможет умолчать и увернуться.

|-----------------------------------------------------------------------------|",samin__#0,samin__#0
"2026-05-29,08:24:54",ktoia,#0,"— Сора Райдэн —

Ладно. Нет. Тут уже появилась некая мерзкая нотка даже у Соры, когда Лойд начал ржать и орать на всю таверну. Взяв бутыль, девушка слегка потрясла её, но поняв, что та уже опустела, потянулась за следующей. Как раз в этот момент Ксавьер задал хороший вопрос, поэтому Сора, сделав пару глотков, ответила:

— Ах... Ну, я просто убиваю. А издеваться над трупом - такое себе удовольствие. Не, конечно, твари всякие бывают, но чтоб настолько.

Глоток.

— Мои тебе соболезнования, как говорится... господин у тебя херовый.

Она перестала смотреть на собеседника и снова уставилась на свистопляску.

— Хотя... один раз я чувствовала что-то похожее. Тогда я тоже... ну, не скакала конечно по столам, но внутри всё ликовало.",samin__#0,samin__#0
"2026-05-29,16:04:48",samin__,#0,"— Ксавьер Азрахан —

Мужчина смотря на еду лишь выдохнул, ведь буквально недавно поел, от чего услышав мнение воительницы перевёл взгляд на Лойда, что всё ещё кривлялся стоя на столе прикрывая глаза рукой, потирая глаза от стыда, отвечая той:

— Он так не радовался, даже когда мы некроманта убили... что же я такое принёс в этот раз. А что до господина

/Украдкой поднял взгляд, видя как Лойд начинает пританцовывать/
— А это он ещё трезвый... не повезло - не то слово...

Отклонившись на стуле, мужчина запрокинул голову, предпочитая смотреть на деревянные перекрытия, чем на Лойда:

— И? Что решили в своём кругу молчания? Полагаю ничего хорошего?",ktoia#0,ktoia#0
"2026-05-29,16:22:11",samin__,#0,"— Лойд Фронтера —

Парень усмехнувшись решил уж было вытрясти из системы побольше на этот раз, за бесполезность, отведя взгляд на группу, однако услышав сумму его глаза стали ещё больше, прямо как у кота в сапогах и повернувшись к окну, парень присмотрелся к ноликам. 1000! За задание давали 100! Куда это?! Как это?!

Протерев глаза, улыбка парня стала ещё шире. Не рискуя жизнью, он просто так получит СОСТОЯНИЕ! Так ещё и система прогнулась. Начиная пританцовывать какой-то стрёмный танец, парень вдруг остановился

> Хм... 1000... так ещё и вопрос над которым я смогу подумать... сука... эта иишка всё-же с тобой как-то связана, иначе ты бы так не пеклась. И по какой-то причине ты не можешь уничтожить её самостоятельно. Слушай, сообщенька... ты палишься...

Торговаться было опасно... система уже слишком долго наблюдала за Лойдом и точно знала все его приёмчики, так что и сама научилась гнуть цену, от чего итоговая могла упасть даже ниже нынешней, однако всё-же соглашаться сразу Лойду не позволило бы его гнилое нутро, от чего призадумавшись, тот спрыгнул со стола, питирая подбородок:

> Хорошо, я согласен на это условие, но только хочу дополнить одну формулировку договора. Я оставляю за собой право отсрочить оглашение вопроса на неопределённый срок, чтобы обдумать что лучше задать, а так-же хочу увидеть в твоём интерфейсе ""Простите прекрасный Ким Су Хо, я была не права, когда делала вас мировым злом"". Если согласна, можешь забирать иишку этого бездаря в пожизненное рабство, уничтожать... в общем она твоя

Парень пытался не думать о том зачем просит такое странное условие, чтобы система не прознала, но та уж точно поняла что в этой просьбе скрыто нечто большее чем просто ""обида"". Скорее какой-то странный план, что по сути ничего парню и не давал и стояло парню об этом задуматься, как он оборвал мысль, заливая:

> Ну а пока ты думаешь, я попробую докопаться. Ранее ты говорила что эта ии никак не связана с тобой, но теперь хочешь её уничтожить, так что

||[прерви]||",biok_ymer#0,biok_ymer#0
"2026-05-29,17:58:07",biok_ymer,#0,"—Система—

-её слышит лишь <@&1496353875748323470> -
|-----------------------------------------------------------------------------|
Система недовольно бробунила звук колоколов, а после вывода сообщение:
|-----------------------------------------------------------------------------|

—Хорошо, оглашения оставлено на потом. ""Простите прекрасный Ким Су Хо, я была неправа, когда делала вас мировым злом"", ""Простите прекрасный Ким Су Хо, я была неправа, когда делала вас мировым злом"", ""Простите прекрасный Ким Су Хо, я была неправа, когда делала вас мировым злом"", ""Простите прекрасный Ким Су Хо, я была неправа, когда делала вас мировым злом"".

/Повторив ещё пару раз, система включила зацикливание данного звука, будто воспитание множеств голосов для парня, а после когда бы тот устал, она бы перестала./ 

|-----------------------------------------------------------------------------|",samin__#0,samin__#0
"2026-05-29,20:29:17",ktoia,#0,"— Сора Райдэн —

— А он что пьёт? За столом ни к чему не притрагивался. мх.

Махнув рукой на это дело, она потянулась, отхлебнула ещё и добавила, глядя на рыцаря:

— А ты?

Она глянула на его руку, потом на свою, не увидела кольца и продолжила:

— Кто куда - только и всего. В остальном... ""подарок"" прервал. Хотя уже закончили. Про тебя разговор не заходил. Кстати, а ты с какого момента этому служить то начал?

Вопрос между делом, а потом за работу.",samin__#0,samin__#0
"2026-05-29,21:54:09",samin__,#0,"— Лойд Фронтера и Ксавьер Азрахан—

Парень был доволен таким исходом, как ни как  было приятно почуствовать себя живым. От той иишки он бы мог получить и больше, но сам факт что она связана с Адамом, делала еë уничтожение таки-же приятным бонусом, в добавок к КУЧЕ РП! Теперь и не столь нужно было лезть в чëртову шахту к чëртовым жукам... фу бля...

Слушая недовольный голосок системы, парень качал головой в такт извинений, которые сам же и выбил. Хех... на сколько же она хотела уничтожить ту иишку...

Однако и это дало парню хоть немного ответов. За пультом сидел кто-то, кто либо имел чуство юмора, либо не имел ""внеземного ЧСВ"". Значит ""они"" способны на чуства, без прогматияной стороны

Чуствуя что тот уже надумывает лишнего, парень посто пометил этот момент карандашиком на подкорке своего мозга, направляяст обратно к столу, где Ксавьер уже во всю пытался охмурить лесбуху

Слушая рассуждение <@&1496357108331970590> , Ксвавьер кивнул, говоря той:

— К счастью всех наших земель перестал, однако до этого праздность не прекращалось... и да, не подарок а трофей, я бы это назвал так

Переведя взгляд на парня, что начал просто кочать головой под несуществующую музыку, глаз ксавьера слегка дëрнулся и тот сказал:

— К сожалению со дня, когда господин Фронтера подобрал меня с улици, ещë ребëнком. И смех и грех, и благодеятель и палач...

Лойд же в этот момент подходя к столу Лойд перевернул стул спинкой к столу и сел на него ""типа как крутой"", показал Юки жестом что уши можно откопуривать. Парню было немного стыдно за такой ""пример"" от чего тот сказал:

— Кхм... прошу прощения, просто чуства переполнили...

/Ксавьер же смотря на клоуна ответил/
— Сядьте нормально, такая поза не подобает знатному человеку",biok_ymer#0,biok_ymer#0
"2026-05-29,21:54:14",samin__,#0,"/Лойд лишь цикнул/
— Осади, я тут буквально никто, так что могу себе позволить

/Ксавьер, понимая что так до дебила не достучаться встал со стула, подходя к Лойду и взяв того за шиворот поднял, разварачивая под ним стул ухмыльнувшись говоря/
— Вот теперь вы походите на человека

/Лойд же что чуть не повесился на своей же рубашке прокашлялся отвечая/
— Кхя... маньячела чëртов! А если бы я сбил дыхание и помер?!

Ксавьер даже не поведя бровью лишь аристакротично прислонил руку к щеке, отвечая:

— Исключено. Вашим наставником в познании укрепления тела был я, так что если бы вы даже захотели, то пострадать бы не смогли

Лойд же цикнув на ""правильного рыцаря"" обратился к <@&1496357108331970590> <@&1496354329676742667> :

— Ну чтож, в таком случае расход? Я тут закончу и пойду куда договаривались. В случае чего связь держим через кольца и обмениваемся если найдëм что-то интересное, ах и да...

Парень наконец махнул в сторону, убирая системное окно, звуком которого наслаждался до этого момента, говоря в кольцо только <@&1496357108331970590> , парень сделал серьëзную мину:

> Рация: И... я надеюсь ты не забыла. Мы НЕ вы пускаем Ëкаев, мы НЕ принимаем слова за чистую монету. Мы НЕ хотим уничтожить мир нашествием Ëкаев. Мы НЕ верим если даже те выглядят хорошими. Мы НЕ убиваем Ëкаев мечëм, чтобы мир рухнул. Мы НЕ развязываем новую войну

> Пожалуйста, повтори чтобы я слышал. Мы... НЕ... выпускаем Ëкаев...

Улыбнушить, тот сказал:

— Ну что? Работаем?",,
"2026-06-01,17:22:46",biok_ymer,#0,"—Айрис Янг—
|-----------------------------------------------------------------------------|
Бестия лениво показала палец вверх, похоже уже опьянев от одного стакана выпивки. Она чуть икнула, а после разлеглась на столе бубня под нос:
<@&1496357108331970590> 
|-----------------------------------------------------------------------------|

—Теперь мне никуда идти и не надо ик. Нужно обратно на ""базу"" работать с дьяволом. Я ик не хочу туда идти после того, как меня чуть ик не задушили! Отчего я пока побуду тут...

|-----------------------------------------------------------------------------|",samin__#0,samin__#0
"2026-06-01,17:24:13",biok_ymer,#0,"—Юки—
|-----------------------------------------------------------------------------|
Убирая руки с ушок, чуть подвигала теми, привыкая к звукам, а после аккуратно взяла металлическую ложку протянула гусенице, смотря за её интересными вкусами, сама же не особо хотела есть.
|-----------------------------------------------------------------------------|",samin__#0,samin__#0
"2026-06-01,17:43:26",ktoia,#0,"— Сора Райдэн —  

Сора не знала, смеяться с ситуации или смотреть с жалостью. Когда Ксавьер пересадил Лойда за шиворот, девушка не скрывая улыбнулась от такой картины. А потом всё это сгладила выпивкой. Но когда парень всерьёз принялся занудствовать в рации, Сора отставила бутыль, положила руку на стол и чуть прищурившись, мысленно ответила только <@&1496353875748323470>:  

> Я... ВЫПУСКАЮ Ёкаев. Я ПРИНИМАЮ слова за чистую монету. Я ХОЧУ уничтожить мир нашествием Ёкаев. Я ВЕРЮ тем, кто выглядит хорошо. Я развязываю войны. И... внимание! Я ХОЧУ УНИЧТОЖИТЬ ЁКАЕВ, чтобы мир РУХНУЛ.  

Она выдержала паузу, вздохнула и показательно ухмыльнувшись, продолжила уже спокойнее:  

> **Разъебать мир за неделю - как нехуй!**

Её мысли звучали скорее вызывающе, чем со злобой. Она откинулась на спинку стула, взяла бутылку и глядя на Лойда через стол, добавила уже в голос:

— Ладно. Я поняла твои ""нельзя"". План ясен.

Допив до конца какую-то там по счету бутылку девушка встала с сидения и перед тем как покинуть сия заведение остановила взгляд на <@&1496354329676742667>:

— А ты уже прям расквасилась.... мгм. /потерла затылок/ Будь аккуратнее и при возвращении будь всегда рядом с кем-то...

Почувствовав какую-то неуместность и неправильность Сора решила прекратить и взглянув на всех легко помохав, направилась к выходу из трактира.",biok_ymer#0,biok_ymer#0
"2026-06-01,22:45:31",samin__,#0,"— Лойд Фронтера и Ксавьер Азрахан и Колокольчик —

Слушая Сору, глаз парня стал дëргаться, ведь он вообще не воспринимал это как шутку

А на словах ""Разъебать мир за неделю"" парень и вовсе крикнул в связь:

> Рация: ДА Я В ТЕБЕ СУКА НЕ СОМНЕВАЮСЬ!

Наконец, когда над еле как ясным сознанием парня перестали измываться, парень выдохнул, радостных что его... хотя бы услышали, давая зарок, что если она выкинет ещë что-то, придëтся переписывать мир без одного ""полуëкая, полугрешника, полупокера""

И вот проблема этого мира ушла. Пожав плечами, парень ухмыльнулся смотря на бухущую <@&1496354329676742667>  и от чего-то у него выделилась слюна и очень грешные мысли || НАЖРАТЬСЯ ||

Однако эти размышления были прерваны Ксавьером, что прокашлявшись сказал:

— Кхм... о чëм задумались?

Лойд моментально пришëл в чувство сглотнув слюну и оборачиваясь на Юки, что... кормила Колоколичика ложкой... великолепно грешние его дери. Это тоже пойдëт в счëт!

Однако прерывать сие действие он не хотел, тем более что похоже это доставляло удовольствие обоим девочкам

Умилившись на мгновение, парень встрепенулся, проверив запястье с вымышленными часами, вспоминая что пол часа скорее всего уже подходят к концу

Оглядев товарищей тот сказал:

— Простите, задержался. Да вот только планы поменялись ещë больше. Мне придëтся отправиться в ""путешествие"" /подмигнул Ксавьеру/ да и сейчас иду в другую деревню, так что... эх... снова в покое не поживëм

Ксавьер разумеется понял намëк, отвечая максимально спокойно и размеренно:

— Хм... значит отправляетесь на Эльрин. Не самое приветливое местечко, учитывая местных обитателей и пиратов...

Лойд, что хотел скрыть что там опасно фыркнул и перебил рыцаря как только появилась такая возможность:

— Пираты? Ты и с пиратами встречался? Ой... ну почему я не удивлëн...

На это уже Ксавьер никак не ответил, не желая вспоминать свой позор

|| Отпути за Юки и я погнал ||",ktoia#0,ktoia#0
"2026-06-02,07:24:24",biok_ymer,#0,"—Юки—
|-----------------------------------------------------------------------------|
Девочка не особо понимала тихую дискоссую и её итог, однако поняв что <@&1496353875748323470> снова нагрузил себя миллиардом дел немного недовольно покосилась на того, однако все же спокойно ответила:
|-----------------------------------------------------------------------------|

—Не перетруждайся там... Я наверное побуду тут, не хотелось бы лишний раз заставлять поволноваться вас.

|-----------------------------------------------------------------------------|",samin__#0,samin__#0
"2026-06-02,13:35:14",samin__,#0,"— Лойд Фронтера и Ксавьер Азрахан —

Почуствовав недовольство парень отвёл взгляд в сторону. Как ни как хотелось бы уделить девочке больше времени, однако если сейчас не поднапрячься, мирок может рухнуть и останется только междумирье, что по ощущениям было куда страшнее даже Ёкаев. Теория двух дней вновь подтвердилась... ровно двоя суток и Айрис чуть не придушили... кто-то... что-то. Парень даже не хотел забивать этим голову, от чего лишь улыбнулся, отвечая девочке:

— Постараюсь~

Повернувшись на Ксавьера тон и лицо изменились на серьёзные, а парень стал тараторить:

— Значит так, я по делам, а ты присмотри за Юки. **И не как в прошлый раз** /достал мешок с монетами, начиная те пересчитывать/ с остальным я сам разберусь... пока что ещё поспрашивай тут местных, походи, Бибона проверь, а то судя по звукам он закончил. Пересчитай материал и в случае чего до кромсай чего не хватило. В общем оставляю тебя за Байерна

Ксавьер же слушая всё это понемногу начал тускнеть. Ничего сложного, но МНОГО всего, что точно перерастёт во что-то нехорошее, а когда речь зашла про Байерна, его лицо и вовсе перекосило. Байерон был по всоей сути наставником парня. Первый рыцарь земель Фронтера с богатым опытом и чистейшими помыслами. Ксавьер восхищался им сколько себя помнил, однако когда Лойд узнал что рыцарь неплохо образован и умеет вести дела, тот был назначен ""секретарём"". И пусть жизнь Байерна стала проще и безопаснее из него выбилось то достоинство и стремление жить, учитывая что о выходных тот мог просто забыть, превращаясь из образцового рыцаря, в не менее образцовый ходячий мешок с картошкой. Нет, уважения Ксавьера тот не растерял, но смотреть за угасанием кумира было ужасно больно, хотя и глупо было спорить, что благодаря этой перестановке жизнь всех вокруг улучшилась, в том числе и Байерна, что был счастлив сложить меч, ведь уже достиг своего максимума, чуствуя что это более не приносит удовольствия. Да и шкурой тот не шибко и хотел рисковать...",biok_ymer#0,biok_ymer#0
"2026-06-02,13:35:15",samin__,#0,"Из этой двоякости, Ксавьера выбила сумма, что подвинулась к нему и слова Лойда:

— 100 золотых. Тут цены и похожи на наши земли, так что разберёшься. Как понимаешь это считай состояние, так что смотри чтобы не украли. Рассчитайся с шутом за стойкой и купи по 25 кило всех металлов что сможешь надыбать, передашь всё это вместе с Айрис, той рогатой. Понял?

Рыцарь лишь успел закатить глаза, как Лойда и след простыл. Всё как всегда. Собрав монеты, тот положил их во внутренние карманы, чтобы не потерять ненароком, а затем стал думать... и спрашивается... с чего начать?

Заметив хмельную мадам, тот решил для начала рассчитаться, а уже после приняться за дела, от чего подойдя к шуту, тот проговорил:

— И во сколько обойдётся несдержанность моего господина в выражениях?

Лойд же в это время направился в условленное место, попутно думая когда ему ещё и чертеже чертить...

||Думаю сделать так: Увести Лойда, отправить Ксавьера, чтобы он узнал о раскрытии деревеньки||",,
"2026-06-02,17:17:02",biok_ymer,#0,"—Шут—
|-----------------------------------------------------------------------------|
Девушка услышав про расчет для вида стала просчитывать пальцами цену, а после посмотря на парня заявила:
|-----------------------------------------------------------------------------|

—учитывая что он решил стать весь бар, думаю суммы в 20 золотых будет вполне себе достаточно~.

|-----------------------------------------------------------------------------|",samin__#0,samin__#0
"2026-06-02,17:37:18",ktoia,#0,"— Сора Райдэн —

И вот мечница уже покинула трактир, а вслед за ним и эту странную деревеньку демонов. Никогда бы не подумала, что те довольно мирные существа. Ну по крайней мере эти. Мысли были, но зачем ими распространяться? Предстояло выяснить пару вещей, а в частности поговорить с ""богами"". Ме... странно звучит. Лучше уж с ёкаями.

Без лишней суеты, бурмалды, черемши и с чувством что делается что-то важное, девушка отправилась в Дикие земли. Туда, куда её вели ноги. А они вели, вроде, правильно - к маяку.

||<@1405305963375759440>||",biok_ymer#0,ktoia#0
"2026-06-02,17:44:15",biok_ymer,#0,"|-----------------------------------------------------------------------------|
Без лишней суеты, 67-ван и газан, девушка спокойно дошла до маяка, где и встала в тупнике, смотря на маяк.
|-----------------------------------------------------------------------------|",ktoia#0,ktoia#0
"2026-06-02,20:59:45",ktoia,#0,"— Сора Райдэн —  

Была ли бурмалда долгой или чи то фреди фазбер прошел быстро, но пепе шнеле... КХМ.... В итоге Сора вполне себе спокойно пересекла Дикие земли и добралась до места, которое помнила по обрывкам воспоминаний: старый, поросший мхом и лианами монумент. Это и есть тот самый маяк? 

С каждым шагом к нему накатывало неприятное ощущение - будто здесь её ждала ловушка. Впрочем, по дороге странностей хватало, поэтому и это чувство девушка решила проигнорировать. Подойдя к основному монументу, она взошла на ступени и уставилась на массивный череп. Уж больно жутко здесь всё ощущалось. И тут наступил затуп: она совершенно не помнила, как это работает.  

Обойдя строение несколько раз, её глаза в какой-то момент зацепились за символы вокруг черепа. Они были до жути знакомы, но где она их видела? Попытавшись вспомнить, она не пришла ни к чему внятному. Однако взгляд, блуждавший в поисках подсказки, остановился на ножнах висящих на поясе. Те самые символы, выгравированные на них, сильно походили на те, что были у основания монумента. Прикинув что-то, Сора достала клинок и сделала шаг назад. Посмотрев на лезвие, потом на череп она руководствуясь исключительно внутренними ощущениями, воткнула меч в землю.",biok_ymer#0,biok_ymer#0
"2026-06-02,22:14:38",biok_ymer,#0,"|-----------------------------------------------------------------------------|
На удивление не отделенная логикой девушка открыла портал в неизвестность, после чего взяв меч смогла бы пройти внутрь оказываясь в уже знакомом дивном месте, красивый, но такой внеземной... И куда она пойдет дальше?
|-----------------------------------------------------------------------------|",ktoia#0,ktoia#0
"2026-06-02,22:25:49",samin__,#0,"— Лойд Фронтера —

||Не знаю что вкидывать, но ок, вкину||

Идя ко входу в деревню, парень думал над концепцией грешников. Какой смысл был их перерождать, если большая часть из них вообще не помнят своего греха? Это ему было не ясно, ровно на столько же, как почему он замечает знакомые японские имена. Это могло быть и просто совпадением, но скорее всего это чёртовы попаданцы из Японии. Всегда у них всё выходит просто. Нужно поспрашивать про имбу какую, что была тут сотни лет назад, скорее всего это и был землянин

И вот он подошёл ко входу в деревню, тот ||Наверное|| увидел Итами, задумавшись о значении её имени. Боль, душевная боль и ещё куча видов боли. Учитывая что за жизнь у Юки, имена тут силы не имеют, но всё равно смешно знать значения имён, учитывая что парень больше увлекался романами, нежели аниме. Ну хоть где-то пригодилось

||<@1405305963375759440> ||",biok_ymer#0,
"2026-06-02,22:28:30",samin__,#0,"— Ксавьер Азрахан —

Мужчина вылупился на барда. Нет, конечно денег ему было не жалко, тем более что они были не его, но Лойд сказал что цены тут сопоставимы с их миром, от чего это было... весьма неожиданно, от чего рыцарь не скрывая удивления ответил:

— Вы верно неправильно поняли моего господина, он не желает выкупать данное завидение, а лишь оплатить заказы посетителей",biok_ymer#0,biok_ymer#0
"2026-06-02,22:31:34",biok_ymer,#0,"—Шут—
|-----------------------------------------------------------------------------|
Девушка ждала позорной реакции, отчего рассмеявшись сказала:
|-----------------------------------------------------------------------------|

—Хпхахаха а я думал и не спросишь, значит голова на плечах есть. 5 золотых и сочтемся мечник.

|-----------------------------------------------------------------------------|",samin__#0,samin__#0
"2026-06-02,22:36:42",biok_ymer,#0,"—Итами—
|-----------------------------------------------------------------------------|
Та бы и не вышла туда, однако вспоминая договоренность она стояла там наблюдая как проходит сначала мечник, потом какие-то пьяницы из бара, а после за ними уже и сам Лойд... И почему он был последнем в паравозике? Девушка лишь спокойно сказала:
|-----------------------------------------------------------------------------|

—Перед дорожкой смотрю отметил? Ну пойдем тогда. Карта у тебя есть? Ато я непомню насколько далеко те обосновались.

|-----------------------------------------------------------------------------|",samin__#0,samin__#0
"2026-06-02,22:36:47",samin__,#0,"— Ксавьер Азрахан —

Недоверчиво приподняв бровь, мужчина наклонил голову чуть на бок, говоря бармену:

— Это вновь шутка? Признаться я не разбираюсь в здешних ценах, от чего можете сказать сумму, которую считаете справедливой

Лойд, что ты сделал? Ксавьер стал несознательно торговаться",biok_ymer#0,biok_ymer#0
"2026-06-02,22:38:48",biok_ymer,#0,"—Шут—
|-----------------------------------------------------------------------------|
Клоун на сей раз уже со спокойной улыбкой проговорила:
|-----------------------------------------------------------------------------|

—На сей раз я не шучу, зная здешних пройдох вполне себе 5 золотых хватит и на вас и на других, отчего я считаю это приемлемой ценной, однако если хочешь оставить чаевые, можем сговориться и на 6-ти~.

|-----------------------------------------------------------------------------|",samin__#0,samin__#0
"2026-06-02,22:42:01",samin__,#0,"— Лойд Фронтера —

Парень лишь ухмыльнулся на это замечание, доставая злополучную карту из сумки, отвечая:

— Были делишки, но теперь я в состоянии приподнятого духа готов почти к чему угодно

Раскрыв карту, парень примерно сориентировал сторону, начиная путь:

— Ну что, просветишь почему ""ужасные демоны"" живут порознь и имеют какие-то там разногласия?",biok_ymer#0,biok_ymer#0
"2026-06-02,22:49:45",biok_ymer,#0,"—Итами—
|-----------------------------------------------------------------------------|
Девушка даже немного удивилась резкому поднятому духу. Это на него так выпивка влияет? Удивлённая, но все спокойная та стала следовать за мужчиной, говоря:
|-----------------------------------------------------------------------------|

—Нууу, скажем так многие не оставили идею войны с людьми и ёкаями, да и контингент там скажем более буйный, отчего здесь их не приняли, где демоны решили жить спокойно и в мире с другими. Можно сказать там радикалисты, а тут Отступники.

|-----------------------------------------------------------------------------|",samin__#0,samin__#0
"2026-06-03,00:27:40",samin__,#0,"— Ксавьер Азрахан —

Парень лишь кивнул на слова странного бармена, что только что пытался обобрать его до нитки, от чего потянувшись ко внутренним карманам, ответил:

— В таком случае чаевые будут в счёт резервации столика со спящей мисс. Разбудите её как немного протрезвеет

Договорив, мужчина и вправду достав 6 монет передал их бармену

И спрашивается что теперь? Враждебности от здешних он не чувствовал, от чего решил **оставить девочку**. Направившись к выходу, мужчина покинул таверну, быстрым шагом направившись туда, где в последний раз слышал треск деревьев, ещё на подходе к деревеньке

||Спизжу колечко после этого, чтобы панику не наводить||",biok_ymer#0,biok_ymer#0
"2026-06-03,00:48:53",biok_ymer,#0,"—Бард—
|-----------------------------------------------------------------------------|
И вот гуляя по деревни, тот весьма быстрым шагом добрался до недовольного голоса, что похоже кого-то отчитывал. Выйдя на поляну? А всегда тут было так открыто? Наверное в этом и была причина отчего маленький бобер слушал отчитывается музыканта, что причитающе припевал тому:
|-----------------------------------------------------------------------------|

—Ну и вот зачем? Тебе если и сказал твой господин деревьев то проблем бы не было, ты зачем весь лес вокруге срубил!? Как мы теперь скрываться будем дурачина ты эдакая!?

/Ожидаемо как и 10 минут ранее, тот никак не реагировал на её слова, отчего она взяв в руки лютню стала наигрывать весьма быструю мелодию, отчего тот резко перестал чувствовать свое тело, а потом сам подойдя к пню стал биться о него головой./

|-----------------------------------------------------------------------------|",samin__#0,samin__#0
"2026-06-03,00:50:33",samin__,#0,"— Лойд Фронтера —

В целом ожидаемо. Радикалы что нехорошо относятся к людям и ёкаям... не-хо-ро-шо. С такими работать сложнее всего. Пуф... и вот спрашивается как найти там ""нормального"" брата архитектора? Призадумавшись, парень ответил:

— Не самая приятная ситуация. С **""ангелами""** я то понимаю почему они хотят биться, но люди... мда... нарутотерапии на них нет

— Ты их знаешь лучше меня, та что можешь прикинуть какие у меня шансы на то, чтобы они меня выслушали, а не сразу начали втаптывать в грязь?",biok_ymer#0,biok_ymer#0
"2026-06-03,09:43:41",ktoia,#0,"— Сора Райдэн —

Сделав то что сделала, девушка действительно шагнула в портал, засовывая меч обратно в ножны.

На той стороне мечница сразу с интересом огляделась - опасность никто не отменял. Однако... М-м.... Тут никого вообще нет? Дорожки поросли зеленью, но всё ещё сохраняли свои очертания. Не став долго стоять на месте, Сора направилась прямиком вперёд по очень живописной тропе, попутно проговорив:

— Так. Ну и где они?",biok_ymer#0,biok_ymer#0
"2026-06-03,13:11:50",samin__,#0,"— Ксавьер Азрахан и Бибон —

Бобер просто рубал лес, чуствуя что скоро действие семечки закончится и он сдуется. По сути он уже всё сделал с запасом, от чего можно было выдохнуть. В округе не осталось не одного дерева, что могло видеть его позор. Довольный своей работой, зверёк хотел было отдохнуть, как вдруг увидел, как на него идёт явно недружелюбно настроенный музыкант, который ТОЧНО не погладить его пришёл

Нет, бобэр не испугался, просто решил сменить дислокацию, на противоположенную от демонической морды. После недолгой погони... ПУФ! Семечко выветрилось и убегать уже было невозможно. Ну и пошли собстенно пытки... нотациями...

10 минут бобер слушал нотации не понимая что он сделал не так. Дервевья срубил? Срубил. Доски сделал? Сделал. Запас есть? Есть. Так что не нравиться то?

Не выдержав, спустя добрые 10 минут, бобер просто уже начал откровенно стебать барда, сжимая и разжимая лапку в такт её слов, попутно говоря:

— Бибон-бибон-бон-бон-би [Да-да, я лучше знаю как делать лесозаготовки, чем самый красивый и обоятельный в этом деле Бибон. Да-да, мне не нравится что мне сделали площадку для строительства. Да-да, я всё ещё обижена на то, что неделю назад меня победил великий Бибон и его приспешник]

И после этих слов он вновь перестал чуствовать своё тело. Второй раз за день... нет, ну этот лес точно заколдованный. Его срочно нужно вырубить под частую. Э... а куда я иду... Бум. Эй... Бум. С чего! Бум

Так бобер и продолжил биться головой о пень, причитая:

— Бибон [Да за что?]
/Удар/
— Бибон [Нецензурная лексика]
/Удар/
— Бибон [Я вообще-то хозяин лесов!]
/Удар/
— Бибон [Нецензурная лексика]
/Удар/
— БИБОН! [ДА ПОНЯЛ Я, ПОНЯЛ!]

Смотря на всё это, Ксавьер не смог сдержать скептиза. Окинув поляну взглядом, тот подошёл к ""самоизбеению"" чуть ближе, показательно прокашлявшись, чтобы привлечь к себе внимание, начиная говорить:

— КХМ... признаться найти поселение не столь сложно. Позвольте вопрос, а от кого вы скрываетесь?",biok_ymer#0,biok_ymer#0
"2026-06-03,17:01:27",biok_ymer,#0,"—Бард—
|-----------------------------------------------------------------------------|
Если бы не приход Ксавьера девушка бы продолжала наигрывать агрессивную мелодию смотря за тем как зверёк аотнесному бы разбивал себе лоб, однако прерванная в своей дисциплинарной работы, та перестала, переведя взгляд на рыцаря и говоря:
|-----------------------------------------------------------------------------|

—А... Рыцарь лорда? Может поселение найти и не сложно на первый взгляд, однако простой люд при помощи моей игры разворачивался обратно, непомня про это место, а церковь лишний раз бы не рисковала ходить по темному лесу, без лишней разведки и непонимания, что тут вообще находиться... Ну и как ты понял из слов выше, мы скрываемая от святых, также от других деманов и ангелов. Проще говоря, врагов у нас хватает, отчего и стараемся не отсвечивать...

/После сказанного девушка перевела недовольный взгляд обратно на Бидона, говоря:/
-А этот звереныш, решил и так сложное скрываете наше попортить на нет!

|-----------------------------------------------------------------------------|",samin__#0,samin__#0
"2026-06-04,15:42:49",samin__,#0,"— Ксавьер Азрахан и Бибон —

Мужчина заинтересованно слушал нынешнее положение, понимая что этот мирок явно не столь сильно отличается от его. Там демоны тоже скрывались от людей, однако делали это куда лучше. Люди, церковь, другие демоны и ангелы... уж больно много врагов если так поразмыслить... если точнее, то все

Осмотрев поляну и кучу строй материала, мужчина чуть задумавшись проговорил:

— И это столь большая проблема? Неужто одна поляна... хотя и большая... так сильно влияет на раскрытие? Хотя... ладно, признаю, я бы на месте церковников это из поля зрения не упустил

Бибон же отходя от головокружения только раздуплился что происходит, как услышал новую волну критики, начиная пятиться назад, махая лапками:

— Бибон-бон [Не-не-не, все вопросы к прорабу, я всё сделал по плану]",biok_ymer#0,biok_ymer#0
"2026-06-04,18:53:40",biok_ymer,#0,"—Бард—
|-----------------------------------------------------------------------------|
Девушка выслушала очевидный для той ответ вновь недовольно покосилась на бобра, однако услышав его ответ хмыкнула, говоря:
|-----------------------------------------------------------------------------|

—Ещё бы виновник сам свою вину принял... Кхм, вообщем ситуация не сахар, нужно думать как скрываться или перемещаться и желательно чем быстрее, тем лучше.

|-----------------------------------------------------------------------------|",samin__#0,samin__#0
"2026-06-04,18:58:14",biok_ymer,#0,"|-----------------------------------------------------------------------------|
И тут гуляя по дорожке та в итоге вышла на невзрачную дорожку, где разгуливала какая-то маленькая девочка? Заприметив девушку та показала пальцем на ту, а потом быстрый шагом подошла к девушке, говоря:
|-----------------------------------------------------------------------------|

—ООО, а ты как здесь оказалась? Ты и есть Сора? Приятно познакомиться! Я Орд! А ты к нам надолго? А что ты тут делаешь? А как у тебя дела? Можешь рассказать истории своей жизни?

|-----------------------------------------------------------------------------|",ktoia#0,ktoia#0
"2026-06-04,21:24:34",ktoia,#0,"— Сора Райдэн —

Мечница гуляла пока не встретила ребенка? Чего? Приподняв бровь она смотрела как ""это"" к ней подходит, а затем с ходу начинает засыпать даму вопросами... Чтобы поток закончился мечница подняла руку на перекор говоря:

— Стоп-стоп-стоп, подожди. Орд? А я... А откуда ты меня то знаешь? А... ты же эта...

Разглядев малявку, Сора помолчала и выдала:

— Честно сказать я богинь по другому представляла....",biok_ymer#0,biok_ymer#0
"2026-06-04,22:12:29",biok_ymer,#0,"—Орд—
|-----------------------------------------------------------------------------|
Парень немного надулся, а после показал пальцем влево вправо, говоря:
|-----------------------------------------------------------------------------|

—Не богиня, а бог! И вообще я пока мал, чтобы зваться так величественно, я не так давно появился! Тебя я знаю, ибо часто наблюдал за тобой как появился! Ты такая интересная! Ооо и хочешь дружить?

/Парнишка протянул руку, видно хотя пожать как какой-то взрослый, улыбаясь подурачьи./

|-----------------------------------------------------------------------------|",ktoia#0,ktoia#0
"2026-06-04,22:24:43",ktoia,#0,"— Сора Райдэн —

**Он**? Это ПАЦАН? Сора похлопала глазами явно не скрывая удивление... так он не давно появился? А это везение или нет? Так он еще и следил за мной?

Сора скрестив руки говоря:

— Это... звучит странно паренек... А **часто** это насколько?

Однако не желая получать ответ девушка вернулась в лице и перестав скрещивать руки, протянула богу для рукопожатия:

— Конечно, почему бы и нет?

Девушка призадумалась: ей нужно расспросить Ёкаев о многом, но... хм... а что может знать недавно рожденный? Мало, но он все равно бог. Пф.... нужно повысить с ним отношения. [Так, а что дети любят?](https://discord.com/channels/1495473722679754914/1495473983636897803/1512173845082149006) Ммм.... Меня папа на шее катал было прикольно. А это идея!

Мечница отпустив маленькую ручку спросила:

— Хочешь на шее покатаю?",biok_ymer#0,biok_ymer#0
"2026-06-04,22:51:15",biok_ymer,#0,"—Орд—
|-----------------------------------------------------------------------------|
Пожав руку, парень довольно ухмыляясь отошёл, слушая ПОДРУГУ. а после выслушав закивал, говоря:
|-----------------------------------------------------------------------------|

—Давай, давай!

|-----------------------------------------------------------------------------|",ktoia#0,ktoia#0
"2026-06-04,23:03:38",ktoia,#0,"— Сора Райдэн —

О! Согласился!

Мечница легко улыбнулась, а после опустившись на колено взяла паренька за подмышки и подняв усадила того на спину. После же встала, чуть подпрыгнула на месте чтобы этот мешок с картошкой нормально уселся и... Поглядев по сторонам, просто медленно зашагала вперед... начиная:

— Ой-ой-ой. Такоооой тяжелый! А ты я смотрю жизнерадостный... кхм.. Как у тебя дела идут?",biok_ymer#0,biok_ymer#0
"2026-06-05,01:01:06",samin__,#0,"— Ксавьер Азрахан и Бибон —

Парень осматривая округу начал прикидывать за сколько бы он нашëл деревню, коль у него была бы такая цель. В таком лесу видимость от 20 до 50 ветров, учитывая поляну... это значение можно удваивать

Прикоснувшись к своему прекрасному подбородку, тот сказал:

— Хм... скрыть это / глянул на доски/ будет не просто. А что до перемещения /глянул на постройки/ неужто вы бросите деревню?

В голове мужчины не укладывается не один из этих вариантов

Бибон же смотря на великаншу лишь понемногу стал пятиться, обходя еë стороной, чтобы спокойно себе улизнуть",biok_ymer#0,biok_ymer#0
"2026-06-05,01:08:45",biok_ymer,#0,"—Бард—
|-----------------------------------------------------------------------------|
Девушка устало выдохнула, а после облокотившись о дерево топнула ногой, отчего земля возле бобра чуть встряхнула и он упал на задницу. Сама же она гляда на рыцаря сказала:
|-----------------------------------------------------------------------------|

—Такой уж у нас народ, что живёт в вечном страхе и погоне от судьбы быть убитой. Если есть шанс и дальше спокойно жить в тени, то мы с радостью выберем этот вариант, нежели и дальше будем жить в страхе быть уничтоженными церковниками... 

|-----------------------------------------------------------------------------|",samin__#0,samin__#0
"2026-06-05,01:14:06",biok_ymer,#0,"—Итами—
|-----------------------------------------------------------------------------|
Кошкодемон, спокойно без лишний раздумий ответил:
|-----------------------------------------------------------------------------|

—Думаю шансов нет, тебя даже слушать не будут, ты же человек. Метка чуть сгладиь углы, плюс моя компания, но мы не просто так от них отдельно живём. А вообще, я бы лишний раз бы их вообще не трогала, ато вдруг опять чего уведят.

|-----------------------------------------------------------------------------|",samin__#0,samin__#0
"2026-06-05,01:16:07",biok_ymer,#0,"—Орд—
|-----------------------------------------------------------------------------|
Довольный катаясь на плечах девушки, тот не особо и слушал её, однако все же вспоминая, что тот хотел чего-то состряпал серьезное личико, говоря:
|-----------------------------------------------------------------------------|

—Ой... Я же тут, чтобы посмотреть кто портал открыл! Это была ты сестрёнка? А чего тебе нужно тогда, раз ты портал открыла? Ты хочешь вернуть Донис? Давно я сестрёнку Донис не видел...

|-----------------------------------------------------------------------------|",ktoia#0,ktoia#0
"2026-06-05,01:29:47",ktoia,#0,"— Сора Райдэн —

Можно ли бога называть ребенком? Ну этого точно да... А чего он там бог? Сора попыталась вспомнить что-то про церковь, однако поняв что она только богов к черту посылала, решила прекратить копание. 

Продолжая ступать и услыхав про Донис, девушка ответила:

— Ам... Верно, это была я. Ну... не исключено, я конечно хотела бы вернуть Донис обратно, однако пришла я слегка по другому поводу. Хм... Орди, а ты говорил что следил за мной, а что ты про меня знаешь? Ну чтоб прям оооочень интересное.

Да, Сора говорит с ним как с ребенком.",biok_ymer#0,biok_ymer#0
"2026-06-05,09:04:26",biok_ymer,#0,"—Орд—
|-----------------------------------------------------------------------------|
Парнишка чуть задумался, а после показав палец вверх сказал:
|-----------------------------------------------------------------------------|

—Я лично считаю тебя хорошей, однако многие считают тебя предвестником конца рода людского! О и ещё на удивление тебя сестрёнка Акнис тоже ценит, учитывая какая она злюка это весьма удивительно! Ну а так я мало каких слухов знаю, это тебе к сестрёнке Дэйме, она все знает! Ммм ну я слышал ещё что многие тебя боятся из-за меча и сказали держаться от тебя подальше, а у тебя он какой-то особенный?

|-----------------------------------------------------------------------------|",ktoia#0,ktoia#0
"2026-06-05,12:17:26",ktoia,#0,"— Сора Райдэн —

Слушая девушка решила сойти с тропы, начиная идти рандомно куда-то в лес. Пройдя чуть дальше она слегка придерживая орда чтобы тот не упал перепрыгнула с кочки на кочку, а затем и дальше, приходя на аля пригорок.

Закончив девушка огляделась уже на этом месте, отвечая Орду:

— А кхм... ""Другие"" могут многое наговорить о незнакомых людях, но у тебя же должно быть свое мнение...

— Акнис... И Дейма. Вот оно что. А м!?

Повернула голову в бок, взглянув на фембоя.

— Меня боятся ёкаи?

Вспомнив про эльфийку, вернулась к ""дороге""...

— Ладно... Это наверное не удивительно. Меч то? Да... Не важно, почти обычный. Слушай Орди, а ты можешь рассказать про своих ""сестриц"" по подробнее? А может и братики есть?",biok_ymer#0,biok_ymer#0
"2026-06-05,14:20:31",samin__,#0,"— Ксавьер Азрахан и Бибон —

Мужчина не собирался помогать зверьку, когда тот упал на пятую точку. Сам наварил кашу, пусть сам и отдувается. Сам же Ксавьер сосредоточился на ситуации... не сахар жизнь конечно у этих сознаний, однако таков мир и его не изменить, хотя и был у него один вопрос, который тот сразу же и озвучил:

— Мда... звучит проблемно. Прятаться, скрываться... а что если не бояться быть уничтоженными церковниками, а уничтожить церковников

Произнося последние слова, мечник немного помрачнел, явно давая понять что сказал эту фразу не просто так",biok_ymer#0,biok_ymer#0
"2026-06-05,14:27:03",samin__,#0,"— Лойд Фронтера —

Ожидаемо... чтож, это усугубляет положение. Переговоры ещё не начались, а Лойд уже в минусе... однако он сейчас слишком уверен в себе, чтобы переживать о подобном. Вот сейчас придёт и окажется что нарутотерапия существует! (НЕТ)

Наконец когда разговор завязался, можно было переходить к делу, от чего парень заявил:

— Вот оно как, ну чтож, постараюсь что-то придумать. Демоны в аду меня слушались, так что не думаю что тут всё на столько уж плохо

Парень не боялся говорить об опыте из другого мира, собеседница уже и так это знала, от чего спокойно пройдя ещё некоторое время как будто в назначай спросил:

— Кстати, ты говорила о аде. А что у вас там было такого? Вроде Ёкаи терроризировали. Нет, стоп, а как вы вообще выйти то от туда смогли? В этом мире это разве так просто? У меня для этого ритуал требовался",biok_ymer#0,biok_ymer#0
"2026-06-05,19:10:38",biok_ymer,#0,"—Бард—
|-----------------------------------------------------------------------------|
Данное предложение было встречено холодным взглядом музыканта, что спокойно выдохнув проговорила:
|-----------------------------------------------------------------------------|

—Спокойствие не всегда вызывается войной... Если мы уничтожим местную церковь, придет другая, уничтожим ту и появится новая, Вера людей способна быть даже в тех местах о коих мы и не догадывается. Это попросту пустая трата времени и сил, легче попросту сбежать. Да и как мы докажем, что мы хотим сосуществовать мирно с людьми, если подрываем их веру?

|-----------------------------------------------------------------------------|",samin__#0,samin__#0
"2026-06-06,19:46:10",samin__,#0,"— Ксавьер Азрахан —

Парень держал серьëзное выражение лица на протяжении всего ответа, однако по его завершению прикрыв глаза выдохнул:

— Признаться я вам не до конца доверял. Я свободен от предрассудков по поводу рассы, да и в землях Фронтера мы работали с демонами бок о бок, однако на ваш свëт у меня были опасения

/Перевëл взгляд обратно на барда/

— Рад что у вас есть не только голова на плечах, но и понимание того что стоит делать. Чтож, меня оставили присматривать за всем здесь, от чего я обязан вам помочь. Как думаете, сколько времени у нас есть?

Излишне говорить, что парень не сказал даже слова лжи, однако намеренно обогнул темы, которые на его взгляд могли выдать его иномирское происхождение",biok_ymer#0,biok_ymer#0
"2026-06-08,01:06:42",biok_ymer,#0,"—Орд—
|-----------------------------------------------------------------------------|
Мальчишка спокойно себе шатая ногами взад вперёд слушал вопросы девушки, а после задумчиво стала отвечать:
|-----------------------------------------------------------------------------|

—А что ты хочешь про них знать? Дейма это богиня торговли, она слушает все разговоры мира людей и часто рассказывает интересные истории! А Акнис это богиня войны, что хоть и кажется весьма грубой, но на самом деле та ещё стесняша! Или тебя интересует кто-то другой?

|-----------------------------------------------------------------------------|",ktoia#0,ktoia#0
"2026-06-08,01:11:33",biok_ymer,#0,"—Бард—
|-----------------------------------------------------------------------------|
Девушка посмотря на поляну, а после на бобра заявила:
|-----------------------------------------------------------------------------|

—Предпологаю у нас есть минимум пару часов, максимум сутки, смотря насколько близки местные и внимательность церкви. Думаю смысла наращивать леса нет, очтего лучший вариант уйти или заранее провести беседу с местными... Я могу лишь помочь в первом, а вот в город меня не пустят.

|-----------------------------------------------------------------------------|",samin__#0,samin__#0
"2026-06-08,01:13:47",ktoia,#0,"— Сора Райдэн —

Сора выслушала и кивнула, продолжая разговор:

— Богиня войны - стесняша? 

Усмехнулась.

— Звучит как плохая шутка. Но, допустим.

Она сделала ещё несколько шагов по пригорку, поглядывая по сторонам.

— А что насчёт вашей королевы? Просто интересно. Кто она, чем занимается...",biok_ymer#0,biok_ymer#0
"2026-06-08,01:17:52",biok_ymer,#0,"—Орд—
|-----------------------------------------------------------------------------|
Все также ребячески смотря по сторонам, парень отвечал:
|-----------------------------------------------------------------------------|

—Нуу она весьма скрытная и предпочитает никому ничего не рассказывать о себе и своих планах, особенно она после моего рождения стала избегать меня... МММ, ну я думаю она хорошая! Ну по крайней мере ничего плохого она для меня не делала.

|-----------------------------------------------------------------------------|",ktoia#0,ktoia#0
"2026-06-08,01:32:47",ktoia,#0,"— Сора Райдэн —

Ничего не узнав про Лисицу кроме того что она скрытная, девушка призадумалась над тем что спросить. Придумав она остановилась, слегка присела и спустила Орда с плеч приговаривая:

— Таааак... На этом покатушки пока закончим! Все веселое нужно в меру....

Спутсив мечница помяла свою шею, а затем серьезно глянув на Орда спросила:

— Слушай, Орд. А... м... ты видел... точнее здесь есть ёкай с именем ""Санфиера""? Если да, что про неё можешь сказать?",biok_ymer#0,biok_ymer#0
"2026-06-08,04:23:45",biok_ymer,#0,"—Итами—
|-----------------------------------------------------------------------------|
Девушка спокойно себе шла, с непривычки как в первый раз, выходя за пределы деревни, только та стала расслабляться, как Лойд поднял весьма сложную тему, на которую ушки той чуть напряглись, а хвост взмыл, на что она сказала:
|-----------------------------------------------------------------------------|

—Кхм, интересную однако тему ты задал... Я незнаю как точно мы выбрались из ада, однако одно знаю точно, что наш Воевода сделал нечто, что позволило нам пройти в мир живых, после чего мы долго блуждали в попытках вырваться из ада и как только увезли свет оказались на дне какой-то ямы? Оттуда мы были встречены как раз таки ангелами, что многих из нас прибили, а кто выжил предпочитал или бежать обратно или наверх. Это была та ещё бойня... Мы с нашим капитанам не хотели особо сражаться и она с нами убежала вдалека, где мы какое-то время выживали, а после захватив один из короблей уплыли сюда, где и остепенились... Я незнаю что было во время битвы или с теми ангелами, однако это был больше побег, нежели война...

|-----------------------------------------------------------------------------|",samin__#0,samin__#0
"2026-06-08,04:26:02",biok_ymer,#0,"—Орд—
|-----------------------------------------------------------------------------|
Мальчик хоть недовольно, но послушно слез с шеи, после чего разминая ноги уставился на Сору и услышав имя Санфикра чуть напрягся, а после отведя взгляд в сторону сказал:
|-----------------------------------------------------------------------------|

—Я её не видел, но слышал о ней плохие слухи... Говорят она та, кто ненавит ёкаев больше всего и именно из-за этого она в прошлом и убила меня... Я... Я не хочу думать об этом...

|-----------------------------------------------------------------------------|",ktoia#0,ktoia#0
"2026-06-08,10:44:46",samin__,#0,"— Лойд Фронтера —

> Ну вот и полилось говно по трубам. Уже по реакции можно было понять что тема не из простых. Воевода? Новое действующее лицо. Некто, что смог что-то сделать и выпустить их в мир живых? Мда... ясно что она мало чего знала, но... ДНО ЯМЫ?! Бездна, стопудов бездна. И там они встретились с ангелами... Ёкаи? Нет, вряд ли. Небожители? Возможно-возможно. Возможно ли что у людей и демонов разное представление об ангелах?

> Значит бойня, побег и ничего вообще не сходится. Выходит на пустошах войны даже не было войны? Это... даже звучит как издевательство. Однако она может сказать куда меньше, ведь они сбежали. Мало ли что было у других отрядов. Но да, на побег это точно похоже больше, учитывая что некоторые сбежали обратно. Не войско, а сборище из боевых единиц, закреплённых за мирным населением. Иначе зачем брать с собой ремесленников, барменов и других единиц?

Поосмыслив информацию пару минут пути, парень вновь сверился с картой, продолжая путь. Теории сменяли одна другую, однако даже клеше не приходило. Бездна как-то связана с адом, а значит и с миром Ёкаев. Возможно ли что их настигли сзади? Или это всё таки были небожители. Не-по-нят-но! Буквально ничего

Наконец собрав мысли воедино, парень сказал:

— Мда... вопросов стало ещё больше. Значит ""побег"", от... ""ангелов"". Хм... а чем вообще ангелы от Ёкаев отличаются?

ДЕЙСТВИТЕЛЬНО, учитывая что это одно и тоже... вроде?",biok_ymer#0,biok_ymer#0
"2026-06-08,10:50:24",samin__,#0,"— Ксавьер Азрахан —

Слушая барда, мужчина стал разочаровываться в этом мире, однако осуждать церковников не собирался. У них своя работа и они её выполняют, только и всего. Только вот:

— Я бы с удовольствием помог со вторым, однако даже не представляю что говорить. ""Пожалуйста не ведите отряд на вашу цель, а дайте ей скрыться""? Звучит как то, что их только раззадорит. Можно повести их по ложному следу, других идей у меня нет...

> Нужно связаться с Лойдом. Он определённо знает больше о ситуации в этом мире, находясь тут гораздо больше. Возможно и с церковниками знаком? Если встречался, его точно обливали святой водой",biok_ymer#0,biok_ymer#0
"2026-06-08,13:06:26",ktoia,#0,"— Сора Райдэн —  

Выслушав Орда, Сора удивилась. Так значит, вот как. Мама убила Орда? Причём, предположительно, недавно. Чёрт... она же действительно сейчас может увидеться с ней... увидеться с мамой... она же не может быть в другом месте кроме как тут?

Сора тряхнула головой, отгоняя навязчивые мысли, и вернулась к разговору.  

Заметив, что Орд явно побаивается говорить на эту тему, девушка недовольно вздохнула, но давить на фембоя не стала.  

— Понятно. Жаль, что ты не знаешь, где она... Хм...  

Она помолчала, собираясь с мыслями.  

— Орд, я знаю, что возле маяка, через который я сюда попала, раньше был ёкай. Эльфийка, кажется. А ты знаешь, кто она?  

Сора посмотрела на него, пытаясь понять, стоит ли вообще задавать этот вопрос. В конце концов это был пожалуй один из последних вопросов, который стоило задавать фембою.",biok_ymer#0,biok_ymer#0
"2026-06-08,13:41:42",biok_ymer,#0,"—Итами—
|-----------------------------------------------------------------------------|
Девушка немного удивилась сказанному, она и не предполагала, что парень так много знает, однако собрав мысли в кучу ответила поспокойнее:
|-----------------------------------------------------------------------------|

—Значит ты знаком с этим понятием... Ну ёкаи это скорее боги, а ангелы же, это небожители. Те кто не являются божествами, но давно достигли человеческого лимита и даже его превзошли. Именно с ними мы и вели битву. С богами мы как таковыми не встречались, однако тяжести их внимание ввиде проклятий, мы почувствовали ещё при выходе... Понимаешь ли, ёкаи как я знаю находится в неком подпространство между нашим миром и миром духов? Отчего они и могут нас видеть и влиять на наш мир. Однако подробностей толковых я незнаю, ведь слухи слухами, а лично я их влияния как такого не видела, если не считать Пустоши войны... По ним можно было сказать, что их сила вполне себе осязаемая, хоть и не ясно, как они это сотворили...

|-----------------------------------------------------------------------------|",samin__#0,samin__#0
"2026-06-08,13:46:30",biok_ymer,#0,"—Орд—
|-----------------------------------------------------------------------------|
Переводя тему с неприятного на что-то более лёгкое, парень поднял подурастувшую голову и запивая проговорил:
|-----------------------------------------------------------------------------|

—О, да! Я знаю кто там был. Это была Айфри, милая девушка! Она даже находясь в изгнании умудрялась пробивать свое влияние у нам, отчего я мог часто с ней играть! Она богиня мира, что несёт счастье своим существованием всем вокруг! Однако из-за изгнания о котором я мало знаю, её влияние на мир живых был весьма слаб, отчего и пошло непростое время у вас... Однако не переживай! Я уверен, рано или поздно Акнис или кто там её изгнал вернёт её обратно и мы все будем жить в мире и счастье!

/Улыбнувшись искренней и милой улыбкой тот и вправду дал понять что верил в свои слова и похоже не догадывался, что мир давно канул в лету, от меча мечника, стоящего рядом.../

|-----------------------------------------------------------------------------|",ktoia#0,ktoia#0
"2026-06-08,15:10:12",ktoia,#0,"— Сора Райдэн —  

Выслушав Орда, у девушки было удивленное лицо.  

— Богиня мира, говоришь? Несёт счастье своим существованием...  

Девушка замолчала, переваривая услышанное. Все таки именно она убила мирную жизнь.... Невероятно. 

Сора провела рукой по лицу, стирая невидимую грязь и выдохнула.  

— П-ф... Айфри получается не виновата что в мире такое происходит. Что ж, да. Будем надеяться, что её вернут, а потом настанет мир... Всё-таки если с ней что-то случится, будет нехорошо.

Она посмотрела на Орда, стараясь не показывать, насколько её выбила из колеи эта новость.  

— Орд, а ты знаешь где стесняшка Акнис? У меня к ней дело есть.",biok_ymer#0,biok_ymer#0
"2026-06-09,00:48:17",biok_ymer,#0,"—Орд—
|-----------------------------------------------------------------------------|
Мальчик задумался, а после указал в сторону, говоря:
|-----------------------------------------------------------------------------|

—Ммм, я думаю она где-то в стороне алой аллеи, где она обычно и обитает. Она весьма груба на язык, но все такая же душка, отчего не обижайся на неё, ладно? И... Ты уже уходишь...?

/Последнее было сказанно с грустью, смотря на девушку./

|-----------------------------------------------------------------------------|",ktoia#0,ktoia#0
"2026-06-09,11:32:57",ktoia,#0,"— Сора Райдэн —

Взглянув в указанную сторону девушка ответила:

— Меня трудно как то огорчить...

Услышав грустинку, девушка вернула взгляд на Орда и ухмыльнувшись от этого личика, опустила руку на его голову и **почухав фембоя** сказала:

— Да ладно тебе! Ещё прийду к тебе, может быть даже при следующей встрече поиграем.

Убрав руку с головы девушка направилась в сторону алой аллеи, под конец добавляя:

— До встречи.

На этом фембоя на орде можно покинуть... Нуу... Если екаи все такие, то будет просто! Мх, миролюбия больше нету... Со слов Орда Акнис меня уважает? Щас и посмотрим.",biok_ymer#0,biok_ymer#0
"2026-06-10,21:17:54",samin__,#0,"— Лойд Фронтера —

> Пи-здец. Ну вот почему в этой фэнтезятине всë так запутано?
> Ëкаи = боги ≠ ангелы
> Небожители = ангелы = творения Лауры
> Демоны = грешники. Ну почему так сложно то?!

> Ëкаи при этом находяися в каком-то подпространстве между обычным миром и миром духов... ТУТ СУКА И ДУХИ ХОЧЕШЬ СКАЗАТЬ ЕСТЬ?!

> Ну и вишенка на торте в виде проклятий... ммм... смакота. И... пустоши войны? Так это Ëкаи всë таки раздолбали их? Окак! А вот с этого момента поподробнее

Ухватившись за ниточку, парень оторвал взгляд от карты и ответил:

— Так, стоп-стоп-стоп. Теперь я понял всë это чуть лучше, но... В смысле Пустоши войны дело рук Ëкаев? Разве это не вы с ними там бились?

Вот теперь вообще ничего не понятно. Всë таки Ëкаи оставили ту записку?",biok_ymer#0,biok_ymer#0
"2026-06-11,02:19:16",biok_ymer,#0,"—Итами—
|-----------------------------------------------------------------------------|
Девушка глянув на того с непониманием, сказала:
|-----------------------------------------------------------------------------|

—Незнаю что там до других деманов, но наших там не было... Но судя по твоим словам, скорее всего там уже ангелочки подрались с ёкаями за что-то, ведь мы в этом не участвовали, да и не могли как ты понимаешь... Нас бы просто сожгли и следа бы не оставили...

|-----------------------------------------------------------------------------|",samin__#0,samin__#0
"2026-06-11,12:17:13",samin__,#0,"— Лойд Фронтера —

> Стоп-стоп-стоп-стоп-стоп. СТОП! В смысле ангелочки с богами? Это что ещё за поворот. Судя по словам Лауры, та как раз таки создала их для противостояния, но... КАКОГО! На войне демонов и ангелов не было демонов... что за шутка то такая?!

> То есть какой-то король демонов как-то выпустил демонов? А Ёкаев решили побить небожители? Что за Санта-Барбара?

Слегка качнувшись, парень вылупился на демоня со взглядом ""да нихераш себе"". Помолчав пару секунд, тот медленно начал:

— Ну... вроде понял, но пипец у вас тут всё запутанно. Значит вы сбежали из ада, оказались в бездне, на выходе вас встретили небожители, вы сбежали, а после ещё и какого-то фига произошла стычка между небожителями и Ёкаями?

— Пуф... а временные рамки можешь подсказать? Вышли вы с год назад, а через сколько образовались пустоши? И... а почему вы бежали то? Нет, я могу понять, ад - скверное местечко для жизни, но... неужели там было на столько плохо, что вы шли на смерть? Да и радикалов я тогда не понимаю. С ангелами закуситься - я понимаю, но с людьми то зачем? Тут на дипломатию идти нужно, а не усугублять конфликт, тем более что...

> Вы и сами были раньше среди живых... блять... ну не скажешь же так. Ладно, это пожалуй оставлю при себе. Да и вопрос с проклятиями пока что можно отсрочить

||Думаю это ласт вопросы и можно доходить, а то что-то затянул я||",biok_ymer#0,biok_ymer#0
"2026-06-12,03:03:55",biok_ymer,#0,"—Акнис—
|-----------------------------------------------------------------------------|
Идя в сторону что указал славный бог свободы, девушка в итоге пришла в и вправду алый лес, что в итоге привел к какому-то закрытому простратву, что скорее всего и являлась ""Алой Аллеей"". Проходя глубже та заметила стол, что скорее всего был весь в важных документах, а за ним сидела девочка лоли? Заметив ту та глянула отложив бумаги на стол, говоря:
|-----------------------------------------------------------------------------|

—Мммм, чего тебе...а... Ты Сора Райден? Не думала что встречу тебя тут. По какому поводу?

|-----------------------------------------------------------------------------|",ktoia#0,ktoia#0
"2026-06-12,03:04:04",biok_ymer,#0,,,
"2026-06-12,03:18:12",biok_ymer,#0,"—Итами—
|-----------------------------------------------------------------------------|
Подходя уже к нужным землям, та напоследок ответила:
|-----------------------------------------------------------------------------|

—Незнаю кто там и с кем дрался, но земли те сожжённые были уже ой как давно. Когда мы выбрались, там уже были пустоши, отчего мы там не приделах.

/После подходя уже к деревни та чуть сильнее занервничала, говоря:/
-Надеюсь у тебя в случае чего есть план для побега...

|-----------------------------------------------------------------------------|",samin__#0,samin__#0
"2026-06-12,03:18:15",biok_ymer,#0,,,
"2026-06-12,10:36:31",samin__,#0,"— Лойд Фронтера —

Парень вообще потерял нить повествования этого гнилого мирка. То есть пустоши войны там уже... немало? Но не 20 лет, но и не год. Что-то между 20-тью и одним...

Хмыкнув, пред ним предстала деревня орков из варкрафта. В целом не дурно, однако что выбор материалов, что построение улиц было скверным. Мда... найти архитектора будет не просто... оставалась надежда что хоть по чертежам умеет работать

Услышав вопросец, тот с неким недоверием посмотрел на человеческие черепа, что были посажены на кол, а после подойдя к одному из них, улыбнувшись сказал:

— И зачем **мне** думать об **их** побеге?

Стояло ему договорить, как его шаловливые ручки потянулись к черепку, снимая тот с колышка. Повертев его в руках, парень взял его под подмышку как мячик и вновь широко улыбнувшись ответил:

— Вот таких демонов я и ждал встретить с самого начала",biok_ymer#0,biok_ymer#0
"2026-06-12,12:05:02",ktoia,#0,"— Сора Райдэн —  

Из одного живописного места в другое - ёкаи себе неплохую территорию сделали. Со вкусом, без лишнего пафоса.  

А как может выглядеть богиня войны? Определённо высокая, ведь просто даже гипотетически не может быть низкой. С первого взгляда должно быть видно, что она тренирована, одета... хм-м... во что-то среднее между доспехами и открытой одеждой, чтобы не сковывало движений. Богиня войны как никак. Ну и определённо должна быть привлекательной. От таких мыслей появился даже некий трепет. Вот только... в этот момент девушка вышла к столику и увидела ЭТО. И её трепет разрушился.  

Ну... хорошо. Придётся принять тот факт, что почти все ёкаи выглядят как дети.  

Проморгавшись, всё ещё не веря своим глазам, Сора вздохнула, пошла вперёд и остановилась в паре шагов от стола.  

— Да, уж. Ну.... в другом месте мы бы и не встретились, Акнис.  

Она поводила по ней взглядом.  

— Да так... поговорить пришла. Но ты, смотрю, вся в делах.",biok_ymer#0,biok_ymer#0
"2026-06-16,17:14:33",biok_ymer,#0,"—Акнис—
|-----------------------------------------------------------------------------|
Демонстративно чуть отодвинув бумаги в сторону, девушка положила руки на стол, улыбнувшись, приговаривая:
|-----------------------------------------------------------------------------|

—Что ты, для самого хранителя меча и ходячей катастрофы мира людей я считай ничем не занята. Что привело тебя ко мне деточка?

|-----------------------------------------------------------------------------|",ktoia#0,ktoia#0
"2026-06-16,21:56:39",biok_ymer,#0,"—Итами/???—
|-----------------------------------------------------------------------------|
Как только те приблизились достаточно близко к деревне, прямо в голову парня полетел кинжал, явно намериваясь прибить того одним ударом, однако прямо перед глазами клинок отчего-то отлетел в сторону, словно кто-то в последний момент его отбил. Увидив данную картину Итами офигела и встала перед парнем, говоря:
|-----------------------------------------------------------------------------|

—А я говорила, что тебе не будут рады, но чтобы настолько? Ну хотя бы привет бы сказали!

/И тут из-за кустов вышел неизвестный парнишка, что холодно сказал готовя новый клинок:/
-Ещё людей нам тут не хватало... Даю минуту на разъяснения, а после я продолжу попытки его убить.

|-----------------------------------------------------------------------------|",samin__#0,samin__#0
"2026-06-16,22:37:58",samin__,#0,"— Лойд Фронтера —

Ничего не предвещало беды, парень просто шёл себе спокойно, думая какой бы перфоманс провернуть с черепком, как вдруг... ЛЯЦК! Парень даже не понял что произошло. Что-то мелькнуло перед глазами, а после упало на землю. Опустив глаза, тот увидел кинжал, что уж точно летел ему прямо между глаз, но от чего-то отлетел. Новая способность? Точно, новая способность, ЖЕЛЕЗНАЯ КОЖА! Вот они что 1000 РП творят!",biok_ymer#0,biok_ymer#0
"2026-06-16,22:37:59",samin__,#0,"Обрадовавшись новой пасивке, тот улыбнулся, принимая правила игры, ведь такое ""приветствие"" уж точно не походило на ""радушное"". Тот уже хотел было начать шоу, как того опередила Итами, что закрыла того собой. Оу... ладно, очки социального рейтинга кошко-жена получает. Однако следом за той вышел и нападающий. Низенький парнишка, который БЫЛ ПОХОЖ НА ДЕМОНА! УДИВИТЕЛЬНО! Вот в него верилось, даже очень... сильнее чем хотелось бы, ведь смотря на того невольно вспоминался Канеки

Услышав его слова, а после и действия с подготовкой нового клинка, парень быстро взял кошку за шиворот потянув обратно, сам же делая пару шагов вперёд, обращаясь к той:

— Вообще вздурела? Подальше стой, вдруг он и в тебя кинет?

Отпустив ту, парень перевёл взгляд на парнишку, а после слегка ухмыльнулся, убирая лопату за спину. Вонзив ту в землю, наклонив к себе, парень опёрся задницей на ту, как на стул сложив руки в замок перед собой, начиная говорить:

— Ну чтож, спасибо за радушное приветствие. Слушай, а ты даже назвал меня человеком, даже приятно стало-о-о...

/Увидев напряжение парня, Лойд перестал лить воду, переходя к делу, начиная говорить значительно быстрее/
— В общем в их деревне /указал на Итами/ сейчас идёт стройка, а прораба нет. Вот я и попросил сводить меня в другую деревню, думая что тут найду архитектора, возможно даже и самоучку, а то эти в плане строительства - бездари. Бить, убивать и угнетать я вас не планирую, так что выдохни, я хотя и человек, но... слегка ненормальный, так что к вам отношусь нейтрально. Продолжим разговор или попытаешься вновь?

Договорив парень улыбнулся, явно веря в свою ""непробиваемость""",,
"2026-06-17,00:34:32",biok_ymer,#0,"—Итами/???—
|-----------------------------------------------------------------------------|
Девушка обомлела его желания быстрой кончины, однако спорить она с тем не стала, встав чуть позади. Парнишка же не меняя намерения убивать и позы слушал Лойд с лицом того, будто ему и не особо интересно, а после спокойно выпалил:
|-----------------------------------------------------------------------------|

—Чего? Человек что работает с Деманами и помогает их развить? Ты ненормальный? Допустим даже так, к нам чё поперся? Хочешь мира, используй других людей, мы с той группой неладим.

|-----------------------------------------------------------------------------|",samin__#0,samin__#0
"2026-06-17,11:29:41",samin__,#0,"— Лойд Фронтера —

Мда... проблема. Он даже не слушает. По сути ему нужна лишь малая причина чтобы напасть. Ну чтож, можно ему ""подыграть""

Состроив недовольную рожу, парень поменял стиль общения, повышая голос:

— А чё, нельзя? Сыш мелюзга, я чего-то не понял. Напомню что это ты хотел меня тут прибить, а не наоборот! Твоё счастье что я твердолобый, понял?

— Ну да я работаю с демонами и? Какие-то проблемы? Я вообще не знаю что у вас тут за тёрки и... ты меня вообще слушал? За архитектором я тут! Строитель! Головёшка умная! Как ещё объяснить то? Тот кто молотком бум-бум и дом бам-бам. Ферщтейн? И чё значит других людей использовать, тыж никого к деревне не подпустишь

Включать режим Лойда всё ещё было тяжеловато после недели без практики, но вроде пасивка сработала",biok_ymer#0,biok_ymer#0
"2026-06-17,12:15:39",ktoia,#0,"— Сора Райдэн —  

Сора заметила, как Акнис отодвинула бумаги и на мгновение задумалась о том, насколько быстро богиня войны готова отложить дела. Она подошла к столу, чуть помедлила, а затем села напротив, положив руки на колени, и с лёгкой ухмылкой произнесла:  

— ""Ходячая катастрофа""... звучит не как комплимент.  

Она помолчала, собираясь с мыслями и продолжила:  

— За последнее время я узнала о себе столько, что голова идёт кругом. То катастрофа, то за мной гоняются ради клинка, то я в центре мировых проблем, то ещё и родословная всплывает... Да уж. В принципе, ради этого я и пришла. Кроме вас, ёкаев, мне особо некому задать вопросы.",biok_ymer#0,biok_ymer#0
"2026-06-17,20:12:52",biok_ymer,#0,"—Акнис—
|-----------------------------------------------------------------------------|
Слушая девушку, та глянув на меч закатила глаза, а после уставилась на ту, говоря:
|-----------------------------------------------------------------------------|

—Все интересуются тобой из-за меча, без него ты бы не представляла никакого интереса миру ёкаев. И что же ты хочешь от меня узнать? Я конечно рада провести приятную беседу с теми чью волю я благоварю, однако сейчас время не сильно спокойное, отчего дел у меня намерено.

|-----------------------------------------------------------------------------|",ktoia#0,ktoia#0
"2026-06-17,21:03:36",ktoia,#0,"— Сора Райдэн —

Сора услышала слова Акнис и хмыкнула. Она задержала взгляд на мече, висящем у пояса, потом снова посмотрела на богиню войны.

— Значит, без меча я никто. Понимаю…

Она чуть подала корпус вперёд, опираясь локтями о стол и продолжила:

— Дааа... Мир сейчас в напряжении. Неразбериха и конфликты. А что до вопросов. Мне вот не понятно кое-что, ну как мне не поняты вы ёкаи. Вроде боги, а че делаете то?

Перевела взгляд на бумажки.

— Чем вы занимаетесь для людского мира? Как влияете? Неужто через бумажечки... пхах....

Вернулась к Акнис.

— Нет ну серьезно. Или вы просто сидите и смотрите, как жучки сами копошатся?",biok_ymer#0,biok_ymer#0
"2026-06-18,07:33:09",biok_ymer,#0,"—Акнис—
|-----------------------------------------------------------------------------|
Услышав глупый по мнению девушки вопрос та чуть хмыкнула, сложив руки вместе у груди, говоря:
|-----------------------------------------------------------------------------|

—Мы полностью влияет на развития своей отросли в мире людей. Если бы я условно не контролировала действия ""агрессии"" люди бы давно пережили друг друга без причин, а я же для стабилизации придумываю следствия тех или иных действий, что сдерживает их. Однако в последнее время это даётся все сложнее и сложнее, словно мир и сам жаждет себя уничтожить, хм.

/После та показав пальцем на ту сказала:/
-А ты разве не встречала дуру отвечающую за мир у маяка? Неужто она там вообще обленилась? Тс, бестолочь...

/Сказав прослоек та чуть нахмурилась, однако впервые на каменном лице было видны эмоции, видно она и вправду интересовалась девушкой, коей уже нет!/

|-----------------------------------------------------------------------------|",ktoia#0,ktoia#0
"2026-06-18,07:36:21",biok_ymer,#0,"—Итами/???—
|-----------------------------------------------------------------------------|
Девушка предпочла не лезть под горячую руку, молча вслушиваясь в явно бессмертного парня... Мысленно она уже стала прощаться с ним. Парень же выслушав того сильнее нахмурился, однако встал в более спокойную позу, говоря:
|-----------------------------------------------------------------------------|

—Ты и вправду ""необычный"". Кхм, ну допустим у нас есть подходящий человек, что нам будет за помощь с твоими хотелками? Пока ты не вызываешь доверия, а больше вопроса к твоему психологическому состоянию.

|-----------------------------------------------------------------------------|",samin__#0,samin__#0
"2026-06-18,12:17:28",ktoia,#0,"— Сора Райдэн —

Поняв ответ по своему, девушка скептически изменилась в лице:

— То есть? Люди не сами думают о причинах войн, а это думаешь ты?.. Да и контроль ""агрессии"" звучит как-то слишком размыто. Будто людской мир буквально марионетки в ваших руках. Не станут же они друг друга убивать просто потому, что их не ""контролируют""...

Она махнула рукой:

— Ай, ладно. Честно сказать, для меня это какой-то бред. Ну и пусть.

Переведя взгляд на палец, указывающий на неё, а затем обратно на Акнис, Сора вернула лицу обычное выражение. Акнис говорила о миролюбии... Если сказать о том, что она совершила, начнутся проблемки. Всё таки она прибавила богине работы.

Сора невозмутимо пожала плечами:

— Никого вроде не замечала рядом с тем маяком, который нашла. Хм... Может, их несколько?",biok_ymer#0,biok_ymer#0
"2026-06-18,14:33:18",samin__,#0,"— Лойд Фронтера —

Услышав слова паренька, тот еле заметно ухмыльнулся, делаю лицо попроще

> Вот это мои демоны, вот тут опыт уже есть

Отклонившись от лопаты, на которой сидел, Лойд завёл руку за спину, хватая ту за рукоять и отработанным движением описав дугу, положил ту на плечо, говоря уже с более спокойным и жизнерадостным видом:

— Вот это уже разговор! Хм... даже не знаю что вам нужно. Предложить я могу многое, но едва ли вам это нужно...

Вытянув руку вперёд, тот указал на гуля, говоря тому:

— И что ты хочешь получить за помощь? Информацию? Оружие? Ресурсы? Деньги? /Перевёл руку на Итами/ А то у меня идей кроме обмена ремесленниками и нет

И вот непонятно он говорит серьёзно или шутит?",biok_ymer#0,biok_ymer#0
"2026-06-20,10:05:58",biok_ymer,#0,"—Итами/???—
|-----------------------------------------------------------------------------|
Девушка немного смутилась предложению, однако встречать не встала. Парень же услышав последнее предложение чуть задумался, говоря:
|-----------------------------------------------------------------------------|

—Толковый ремесленник не будет лишним, отчего я не против такого обмена. Что вам нужно построить?

/Сказал парень чуть расслабившись, тот видно уже был готов идти на контакт учитывая что ему предложили. Что за Итами такой мастер хороший или у них все так плохо?/

|-----------------------------------------------------------------------------|",samin__#0,samin__#0
"2026-06-20,10:14:55",biok_ymer,#0,"—Акнис—
|-----------------------------------------------------------------------------|
Девочка недоверчиво скосила взгляд на Сору, однако не высказазавшись поэтому поводу, решая спросить что-то иное:
|-----------------------------------------------------------------------------|

—Так защитница, ты не могла бы сразу перейти к тому, что тебе интересно, а не с прилюдий ""знакомства"", что ты хочешь знать, вряд-ли мой обычный день и мои хотелки.

|-----------------------------------------------------------------------------|",ktoia#0,ktoia#0
"2026-06-20,11:05:08",ktoia,#0,"— Сора Райдэн —

Сора пожала плечами, чувствуя что разговор начинает уходить в так себе сторону.

— Ладно, ты права. Твоя жизнь мне не особо интересна.

Она на секунду замолчала, собираясь с мыслями и задала вопрос, который действительно её волновал:

— Моя... ма... Кхм. Ёкай Санфиера. Ты, наверное, о ней не понаслышке знаешь, учитывая, что она сделала. Почему и зачем она это сделала? Почему она ненавидит ёкаев? Да и в конечном счёте, с ней как-то можно встретиться?",biok_ymer#0,biok_ymer#0
"2026-06-20,21:34:35",samin__,#0,"— Лойд Фронтера —

Услышав положительный ответ и даже смягчение тона, парень вылупился на Канеки, а после повернув голову на Итами не сдержадся:

— Чë реально?

Недолго думая, тот хотел было прокашляться в кулак, однако в свободной руке был явно человеческий череп, от чего парень слегка отстранился от него переведя взгляд обратно на гуля:

— Кхм... то есть нет. Извини конечно, но это была шутка, чтобы еë побесить... ну и отомстить за ""наше знакомство"", а так мне усердные работники сейчас тоже нужны, так что выбери чего другого

— А построить нужно... хм... ограду для огорода, мастерскую и возможно здание типового типа по... /оглядел бараки орков/ по чертяжам, строго по чертяжам. Кто знает, может и себе жилища улучшите по ним, что скажешь?

Полуяить архитектора за бесплатно было бы славно, но вряд-ли это прокатит, от чего Лойд уже напрягся, думая что у него запросят на этот раз",biok_ymer#0,biok_ymer#0
"2026-06-20,22:05:35",biok_ymer,#0,"—Итами/???—
|-----------------------------------------------------------------------------|
Девушка была в афиге с таких торгов и уже думала вмешаться, но её прервал парень что хмыкнув щёлкнул пальцами и на этот звук из деревни кто-то стал громко идти, словно ходячая гора. После появился высокий мужик с баловой, что озирал девушку с Лойдом, отчего первая утихла, предпочитая молчать в тряпочку дальше. А парень же протянул руку для рукопожатия, говоря:
|-----------------------------------------------------------------------------|

—Я дам тебе ремесленника, но взамен ты отдашь мне её, иначе на контакт не пойдем.

|-----------------------------------------------------------------------------|",samin__#0,samin__#0
"2026-06-20,22:05:39",biok_ymer,#0,https://i.pinimg.com/736x/c0/7a/47/c07a4783715ec15c1fbcfc5d214cc6bc.jpg,samin__#0,samin__#0
"2026-06-20,22:29:06",samin__,#0,"— Лойд Фронтера —

Ну-пиз-дееееееееееец. Приплыли. Других мыслей у Лойда не было. Всего минуту назад его хотели убить и... НИЧЕГО НЕ ИЗМЕНИЛОСЬ! Услышав фразу, тот недоумевающие посмотрел на мальца:

> Так ты не просто стражник. Хуя себе. И... зачем было вызывать эту глыбу, чтобы сказать простой отказ? ДЛЯ ЧЕГО?! Тут сейчас варианта 2. Или это угроза, по типу: вы всë равно не уйдëте отсюда, либо проверка, но КАКАЯ?!

Не понимая ситуации парень усмехнулся отвечая:

— Без обид, но он не похож на строителя...

Не меняясь в лице, парень у лëгкой улыбкой посмотрел сначала на Канеки, потом на бугая, провëл взглядом на Итами, а после задержался на руке, что была протянута к нему. Поразмыслив пару секунд, тот зажал черепок под подмышкой, освобождая руку и выставил перед собой указательный палец, говоря типа ""секунду"". Его голос стал серьëзнее и чуть громче, а взгляд перевëлся на Итами;

— Твоë мнение?

> Какая же нам пизда",biok_ymer#0,biok_ymer#0
"2026-06-23,00:41:45",biok_ymer,#0,"—Акнис—
|-----------------------------------------------------------------------------|
Услышав вопросы та чуть напряглась, а после нехотя встала с места, начиная ходить из стороны в сторону, говоря:
|-----------------------------------------------------------------------------|

—Это весьма долгая история... Ну начнем с того, что она пошла против семьи ради незбыточной цели... Она убила Орда и пока тот не успел переродиться позволила грешникам вырваться из ада, обрекая мир на тот ещё Хаус, а после и вовсе свалила, оставив меня все расхлёбывать... Кхм, скажем после той заварушки я её более не видела, однако суда ей не было суждено избежать, отчего мы вышли в мир людей в попытке её найти, однако получили сопротивление ввиде ""небожителей"" или как там псов Лауры звали? Вообщем в итоге закончилось все большими жертвами, отчего мы отложили данный суд на позже, ожидая её следующего шага, однако после этого она стихла... Ах, наверное это всё, что я знаю без деталей.

/Договорив та остановилась, глянув на ту:/
-Ну сожалению она пока не шла на путь реинкарнации, отчего она до сих пор жива. А вот про твоего отца я информацией не владею, с чем тебя огорчу.

|-----------------------------------------------------------------------------|",ktoia#0,ktoia#0
"2026-06-23,01:02:57",biok_ymer,#0,"—Итами/???—
|-----------------------------------------------------------------------------|
Кошка недовольно покачала головой, говоря:
|-----------------------------------------------------------------------------|

—Прошу простить, но я не хочу идти как разменная монета!

/Услышав девушку демон чуть нахмурился, а после заходя внутрь деревни вместе с ремесленником, сказал:/
-Ну тогда договаривайтесь уже с главой деревни, ато не люблю я долгие беседы...

/Заходя и идя мимо многих зданий и тех ещё страхалюдин, они дошли до самого большого орчьего здания, где сидел ОРК, что увидив компанию чуть нахмурился, а после оставив немую улыбку парню, демон вместе с ремесленником ушел, оставляя Итами вместе с Лойдом наедине с Орком, что показав тем на пол возле стола говоря:/
-Садитесь, расскажите, что вас сюда привело. Не часто вижу своих собратьев да ещё и в компании толкового ремесленника. Прошу, начинайте.

/Выслушав Итами послушно села, решая не злить орка и давая высказаться Лойду./

|-----------------------------------------------------------------------------|",samin__#0,samin__#0
"2026-06-23,11:31:03",samin__,#0,"— Лойд Фронтера —

|| Я хотел вкид сделать, но ладно ||

> А чë, так можно было?! Ты реально?! Даже биться не нужно? Канеки, я тебя не понимаю! На кой ты угрожаешь есть... стоп... ТАК ТЫ ЕЩË И НЕ ГЛАВНЫЙ?! И ТЫ МЕНЯ ПРОСТО ПРОПУСТИШЬ?!

Лойд шëл по деревне орков с таким тупым лицом, что оно передавало его ТУПНЯК. Деревенька и правда была похожа на строения орков... и вот не поймëшь, это влияние современников или просто работа очередного клише?

Тупняк прошëл только в момент когда глаз Лойда зацепились за орка, который походу и был тут главным. ЛАДНО ЭТО КЛИШЕ!

Услышав слова, парень прищурился выражая недовольство. Идти на конфликт было опасно. Они находятся в центре враждебной деревеньки, от чего нужно было сдерживаться

Посмотрев на пол, тот не долго думая сел на против Итами, для лучшего обзора за ситуацией. Из-за всех этих размышлениях об ОРКАХ, парень несознательно сел как ""ну типичный орк"". Одну ногу, тот поджал под себя, а вторую согнул в колене, ложа на него локоть, подпирая подбородок

Смотря на ""собрата"", парень призадумался. "" Не часто видит?"" Стоп, Система, а что значит ""Топ 100 среди орков?"". Это значит что среди всех миров? Это есть что не тат самый вопрос, на который ты должна отвечать развернуто и правду...

Системное окно не заставило себя долго ждать:

> Нет, выборка была сделана только в условиях этого мира, ведь именно в нëм не столь много орков

Парень помрачнел ещë больше, а после раздумий спросил: ""Стоп, а сколько тут вообще орков?""

На это система уже промолчала, а парень понял что скорее всего их штук 100 и есть...

С раздавленным настроением, парень выдохнул, начиная разочарованно говорить:

— Не угадал, я К СОЖАЛЕНИЮ человек и пришëл к вам спросить на счëт архитектора или того кто хоть что-то в этом понимает. Мы сейчас расширяем деревню, в которой живëт вот она. Нам сказали что такой кадр у вас есть, только вот по цене не договорились. Что скажешь?",biok_ymer#0,biok_ymer#0
"2026-06-23,11:37:07",ktoia,#0,"— Сора Райдэн —

Хорошо, с Акнис говорить не так уж и плохо. Более того - ОГО, что она рассказала. После слов Орда было понятно, что Санфиера предала всех ""своих"", да и в принцип... это было ясно ещё давно... Новости были достаточно радостными - более того, она ЖИВА. А значит, её можно найти, и она не в мире ёкаев.. То есть Орд, вернее, прошлый Орд ""сдерживал"" свободу грешников? Пуф... И... эта их записка про суд, все таки их была? То есть они до сих пор её ""ищут""? Что ж. Про отца тоже была надежда услышать, но ничего... А жаль.

Настроение у Соры приподнялось и она стала изредка постукивать пальцами по столешнице. Продолжая следить за Акнис, она почувствовала некий диссонанс, который нужно было прояснить:

— Мгм... Вот оно как было. Что ж, хорошо. Но кое-что мне точно непонятно. Акнис, а как вы вышли в мир ""людей"", когда была стычка с небожителями? На тот момент, если я правильно понимаю, меч был уже не у вас, из-за чего вы не могли... Или есть другой способ?",biok_ymer#0,biok_ymer#0
"2026-06-23,12:39:34",biok_ymer,#0,"—Итами/???—
|-----------------------------------------------------------------------------|
Орк невольно почесал подбородок слушая того и даже немного удивился, услышав что он человек, однако прийдя в себя, все же спросил:
|-----------------------------------------------------------------------------|

—Человек, что якшается с демонами? До меня доходили что на заподе мирняки начало принимать людей, но я думал это байки, чтобы сильнее заколить дух наших Войнов...

/Чуть подумав, тот глянул уже на Итами, отчего он отвела взгляд в сторону, на что он сказал:/
-Значит вы точно с запада, раз она с вами... Что же, тогда что ты можешь предложить за нашего ""архитектора"". Хотя я бы больше назвал его строителем, для архитектора у него не хватает выдержки работы по чертежам. Но думаю раз ты нашел язык с Деманами, то и с ним тем более найдешь... Так, что ты можешь предложить?

|-----------------------------------------------------------------------------|",samin__#0,samin__#0
"2026-06-23,12:44:34",biok_ymer,#0,"—Акнис—
|-----------------------------------------------------------------------------|
Девушка устало выдохнула, садясь обратно на место в позе лотоса, подперев одной рукой голову, что была на колене, говоря:
|-----------------------------------------------------------------------------|

—Пф разве не очевидно? Ты же сама сказала что существует множество маяков и помимо того что ты открыла есть и другие, что и так было открыты. По крайней мере, до недавнего времени... Отчего-то маяки закрылись все разом, блауируя нам доступ в ваш мирок, даже с сестрицой сводиться не вышло... Кхм, вообщем про это сказать ничего не могу, ибо и сама хотела узнать причину. Влиять отсюда конечно удобно, но легче самой прийти и уничтожить дуралей, что стремиться устроить войну, чем оттягивать, это такая морока...

/Девушка устало выдохнула, а после уставилась в небо, явно понимая, что работы ещё не початок край./

|-----------------------------------------------------------------------------|",ktoia#0,ktoia#0
"2026-06-23,12:56:41",ktoia,#0,"— Сора Райдэн —

Выслушав и кивнув, продолжила:

— Значит даже боги не знают причину. Удивительно, тогда говорить об этом незачем.

Перестав стукать Сора положила руки на колени, серьезно покасившись на бумаги, добавляя:

— А что ёкаи думаю о происходящем в мире? Вы же знаете что происходит и что прошлый ваш король пытается вернуться. Да и вообще на кой ляд его запечатали?

У Акнис наверное дела есть, но если Сору не выгнать, то она на наглости будет сидеть тут очень долго....",biok_ymer#0,biok_ymer#0
"2026-06-23,13:01:03",samin__,#0,"— Лойд Фронтера —

> Мирняки принимают людей чтобы закалить дух войнов? Чегось? Ни-ни-ни, что-то тут не то и как-то не так. На удивление этот орк умеет вести разговор и даже делает это сносно. Ну не зря же он их главарь... нужно отходить от мысли что все орки ""недоразвитые"". И что это значит? Итами все знают как ремесленника? Ты что, правда что-то умеешь? По тебе и не скажешь...

Так-же как и орк почесав подбородок, парень усмехнулся:

— Я бы не сказал что приняли, скорее просто мирятся с моим существованием и всё ещё не шибко доверяют.

/Махнув рукой на эту тему, парень хитро прищурился, начиная перечислять/
— Я так и не узнал что вам нужно. Едва ли вам нужны людские деньги, так что могу предложить информацию или ресурсы. В отличии от вас я вхож в города, да и имею связи с Фомосом, так что достать для вас что-то необычное не будет большой проблемой

> Хоть бы не оружие, хоть бы не оружие, пожалуйста не оружие...",biok_ymer#0,biok_ymer#0
"2026-06-23,13:04:03",biok_ymer,#0,"—Акнис—
|-----------------------------------------------------------------------------|
Девушка перевела взгляд обратно на Сору, говоря:
|-----------------------------------------------------------------------------|

—Война не избежна и причин даже больше чем хотелось бы. Небожители, культисты и приверженцы прошлого короля ёкаев. В данный момент мы буквально сидит на ловушке, что в любой момент захлопнется. А по поводу короля я не особо хочу говорить, ты и так много уже у меня времени забрала, отчего я предпочту чтобы ты ушла. Найди кого-то посвободнее...

|-----------------------------------------------------------------------------|",ktoia#0,ktoia#0
"2026-06-23,13:23:51",ktoia,#0,"— Сора Райдэн —

Выслушав все возможные причины войны, Сора легко просвистела и начиная приставать, заговорила:

— И надо было мне пропасть на двадцать лет. Эх.. пожить ""нормально"" не успела.

Положив руку на бок, она посмотрела на лолю войны.

— Скоро будет море крови.. Ну ничего, будто бы оно когда-то переставало литься. Спасибо за внимание и... Пф.. Работай на совесть. Ам. если она у войны есть. До встречи!

Невероятно, но война прогнала Сору! А разговаривать с ней было даже приятно - прямо говоришь, прямо получаешь ответ. Великолепно, нужно так пробовать со всеми.

Размышляя над прошедшим разговором, Сора, как всегда, двинулась в абсолютно случайную сторону, чтобы по заветам Акнис доебать очередного ёкая.",biok_ymer#0,biok_ymer#0
"2026-06-24,11:17:30",biok_ymer,#0,"—Итами/Орк—
|-----------------------------------------------------------------------------|
Девушка делая вид что не понимает внимание к своей персоне отвела взгляд в сторону, что-то насвистывая. А мужчина же перестал чесать подбородок указал на девушку, говоря:
|-----------------------------------------------------------------------------|

—Еѣ мастерство в создании артефактов было бы весьма кстати. Вряд-ли вы поможете нам с оружием, а вот с её работой можно и попробовать что-то сделать. С материалам мы можем подсобить, нам нужно её мастерство.

|-----------------------------------------------------------------------------|",samin__#0,samin__#0
"2026-06-24,11:20:17",biok_ymer,#0,"—Шерминион—
|-----------------------------------------------------------------------------|
И вот идя уже по обычному лесу ёкаев девушка вышла вновь на приятному глаза лесок, что напоминал уже сад и увидела там также гуляющего фембоя? Галантный, но в то же время загадочный кошкомальчик заприметив сору чуть замедлился, позволяя той догнать его и гулять уже с ней. Он не стремился нарушить тишину, предпочитая и дальше наслаждаться природой.
|-----------------------------------------------------------------------------|",ktoia#0,ktoia#0
"2026-06-24,12:12:01",samin__,#0,"— Лойд Фронтера —

Переведя ошеломлённый взгляд на Итами, парень стал непонимающе хлопать глазами. Так ты реально что-то умеешь кроме колец и всяких побрякушек?!

Повернувшись на суку, парень состроил самое доброе и миролюбивое личико что только смог, начиная протяжно говорить:

— Ох... точно, как же я мог забыть! Подруга любезная, прости человечишку простого, что забыл о твоём ремесле /стукнул пальцем по столу/ ДЕЛАТЬ /стукнул пальцем по столу/ АРТЕФАКТЫ!

— Кстати, ты же ведь помнишь что я не совсем разбираюсь в местных обычаях? Можешь разъяснить дураку, почему это я мог забыть о **столь важном** факте для нашего дела? Нижайше прошу столь значимую персону **повторить** для столь незначительной сошки как я, столь **ценные** сведения

> Она умеет делать артефакты... ... ... пиздец... ... ... вот жешь сучка, я теперь с тебя 3 шкуры спущу, как из деревни выйдем. Не выходила из дома 3 дня? Проектировала замки в аду? Посмотрим как ты откроешь замок, который будет висеть с обратной стороны твоей двери!!!",biok_ymer#0,biok_ymer#0
"2026-06-24,12:44:23",ktoia,#0,"— Сора Райдэн —

Сора заметила фигуру впереди и чуть сбавила шаг, разглядывая незнакомца. Фембой? Опять? Правда, этот вроде повыше..

Она слегка ускорилась, чтобы догнать кота и сблизившись с ним, подобрала такой же темп. Затем посмотрела на него внимательнее и даже не смогла предположить, кто он. Во многом, даже стиль одежды отличался от ранее увиденных ёкаев.

Раз он не начинал разговор, а Сора как раз ради этого и ходила здесь, она поглядывая на него искоса, сказала:

— А ты молчаливый. Или просто ждёшь, пока я начну разговор?",biok_ymer#0,biok_ymer#0
"2026-06-24,13:38:06",biok_ymer,#0,"—Шерминион—
|-----------------------------------------------------------------------------|
Мужчина достав откуда-то тросточку стал мелодично постукивать по земле, говоря:
|-----------------------------------------------------------------------------|

—Скорее ожидал услышать причину вашего разговора со мной, однако быть может вы попросту не знаете кто я. Я Шерминион, божество удачи и была бы моя воля, я бы удачно ушел от вас.

|-----------------------------------------------------------------------------|",ktoia#0,ktoia#0
"2026-06-24,13:42:37",biok_ymer,#0,"—Итами/Орк—
|-----------------------------------------------------------------------------|
Орк молча уставился за перепалкой, а девушка под уже двумя взглядами стала нервно потеть, взявшись за воротник и чуть тянув говоря:
|-----------------------------------------------------------------------------|

—Разве уж это что-то значимое? Ну там делала то то, то другое... Не думала что это сейчас нужно. И вообще, разве мы не пришли договариваться? К чему внимание ко мне?

/Тут девушка нервно перевела взгляд на Лойда и увидив НЕ ЕСТЕСТВЕННУЮ улыбку взглотнула, вновь отводя взгляд и более нервно говоря:/
-Да я не думала, что это так важно! У нас даже материалов никаких не было для создания чего-то столь ценного, вот и умолчала, ведь не нужная информация сейчас... Хватит так на меня смотреть!

|-----------------------------------------------------------------------------|",samin__#0,samin__#0
"2026-06-24,14:02:15",samin__,#0,"— Лойд Фронтера —

Услышав слова ремесленника, парень опустил руки на стол, опёршись о него, наклоняясь ближе к девушке, делая тон ещё мягче, а улыбку ещё более жуткой:

— Ах, какая радость! Я знал что не могла моя дырявая голова забыть **столь важного навыка**. Подру-у-уга, ты о чём? Мы ведь **вместе** были в Фомосе! Неужто ты думаешь, что я бы не смог позволить какие-то там материалы?

Продолжая давить, парень стал уже переигрывать:

— Ох! Так это значит что я соврал принцу? Тс-тс-тс, нехорошо. Если бы я знал о твоём ремесле хотя бы **что-то** я бы мог заключить торговое соглашение прямо на месте. Представляешь как бы изменилась деревня, под финансированием моего **хорошего друга** Кайчика Альмирчика Аркостика? Еда, медицина, ресурсы, блага... всё бы это **уже** было в вашей деревеньке. Хах, да что деревенька, мы бы уже **точно** основали страну. Какая **жалость** а я ведь уже и местечко подобрал

— Ох... а сегодня я видел как пара орков **пострадали **в шахтах, будучи **ужасно ранеными**. Ох ужас, а если бы только мы знали о **твоём **даре! Им бы не пришлось **рисковать своими жизнями**. Интересно... а сколько демонов **погибло **под обвалами за последние дни?

> Ты говорила что ""готова на всё"" чтобы улучшить их жизни, ну... теперь не вини меня что я использую это против тебя дорогуша",biok_ymer#0,biok_ymer#0
"2026-06-24,15:04:08",biok_ymer,#0,"—Итами/Орк—
|-----------------------------------------------------------------------------|
Мужик малость обомлел услышав о Фомосе и о том, как он говорит о Кае, отчего немного потерялся в лице. А вот девушка же с каждым новым словом сильнее и сильнее потела и под конец рассказа выглядела уж сильно взволнованной от этого, отчего аккуратно перевела взгляд на парня сказала:
|-----------------------------------------------------------------------------|

—Упс... Ну, я...кхм, я тогда тебе не сказать что стопроцентно доверяла, да и ты украл меня буквально с деревни... Кхм, да, я виновата, но кто же знал что у тебя связи с принцем, так ещё столь теплые? Слушай, может не будем об этом? Ты меня явно переоцениваешь...

|-----------------------------------------------------------------------------|",samin__#0,samin__#0
"2026-06-24,15:20:59",samin__,#0,"— Лойд Фронтера —

> Да ты издеваешься! Что за секретус такой, что ты даже в такой ситуации оправдываешься. Моё предчувствие уже начинает бить тревогу. Та-а-ак... и какое клеше на этот раз выползет? Ей нужно съедать по 3 ребёнка для каждого артефакта?

Окончательно раздосадовавшись, парень сделал такое личико, на которое не было способно личико обычного человека или орка, начиная буквально светиться, уже и позабыв что он вообще-то на переговорах:

— Ох! Какая жалость! Никто не доверяет странному человеку, пришедшему из неоткуда, кто бы мог подумать! А я ведь даже доверил тебе один из своих секретов, помнишь?

— И что значит переоцениваю? Тебе буквально в лицо говорят что твоя помощь может выиграть переговоры...

> Чёрт... я же на переговорах. Тс... неудобно вышло... ладно, выкручиваем в другую сторону

— И не только выиграть, но и улучшить жизнь всех западных. Эх... а я думал хотя бы ты мне доверяешь хотя бы немного... какая жалость... может и правда перестать пытаться создать **государство для вас же** и просто перебраться к Каю, как он и говорил? Или стать переговорщиком гильдии? Или всё таки пойти и захватить небожителей... тс... незнаю-незнаю...

> Про вариант с Лаурой и культистами лучше им не знать, но и эти должны их ошарашить",biok_ymer#0,biok_ymer#0
"2026-06-24,16:27:29",ktoia,#0,"— Сора Райдэн —

Сора услышала его слова и на мгновение сбавила тем, однако после чуть приподняла бровь, затем продолжила идти рядом, уже с любопытством разглядывая его лико.

— Божество удачи? Не думала что такой как ты есть... пф... так еще и зверочеловек, неплохо выглядишь.

Положив руки в карманы взглянула вперед.

— Да, я уже привыкаю что тут со мной только два ёкая не против поговорить. Причина то поговорить есть, но.

Сделала большой шаг вперед и встала перед кошко фембоем.

— Шерми.. кхм. Шермининио... В общем почему ты так со мной говоришь? Удаче то я как насолила?",biok_ymer#0,biok_ymer#0
"2026-06-24,16:29:49",biok_ymer,#0,"—Шерминион—
|-----------------------------------------------------------------------------|
Остановившись возле девушки тот немного подумал, а после обогнув девушку спокойно ответил:
|-----------------------------------------------------------------------------|

—Своим рождением. Ты буквально выйграла джекпот. А теперь, прошу не мешайте своей мордашкой что так удачно мне встретилась тут.

|-----------------------------------------------------------------------------|",ktoia#0,ktoia#0
"2026-06-24,16:33:10",biok_ymer,#0,"—Итами/Орк—
|-----------------------------------------------------------------------------|
Орк чуть прокашлялся, явно намекая, что он тоже тут есть. Итами же вновь отведя взгляд в сторону сказал:
|-----------------------------------------------------------------------------|

—Ты правда хочешь выяснять отношения прямо сейчас? Ты и так уже понял что я не простой ремесленник и да, ради нашей спокойной жизни готова пойти на жертвы, однако такие секреты лучше раскрывать в нужное время, а не просто в рассказе всей моей биографии... 

/Орк все же найдя окно для своего вмешательство, сказал:/
-Может тогда обсудим как раз таки данное сотрудничество?

|-----------------------------------------------------------------------------|",samin__#0,samin__#0
"2026-06-24,16:52:40",ktoia,#0,"— Сора Райдэн —

**Котофембой** сказал, что ненавидит из-за самого факта рождени, ну **ничего себе**, а ты морда кошачья не прифигела? В любом случае, ответ заставил Сору на несколько секунд зависнуть на месте.

А потом она развернулась и нагнала кота.

— А ну ка, постой. Джекпот? Как? В плане... Нет, не-не-не, раз начал, то для начала полностью выскажи свою претензию. Почему моё рождение - это такая уж удача и с чего это для тебя плохо? Объясняй.",biok_ymer#0,biok_ymer#0
"2026-06-24,16:54:23",samin__,#0,"— Лойд Фронтера —

> О Небесная... за что мне это всё... ну что вы такие тупые то... на кой мне твоя биография... скажи ""да я согласна"" ВСЁ! ПЫТКА ЗАКОНЧИТСЯ!

Услышав слова орка, что на секундочку был тем, зачем тот сюда пришёл, парень выдохнул, слезая со стола, беря себя в руки, прокашлявшись в кулак:

— Кхм... прошу прощения, так о чём это мы? Ах да, если она согласна, то не вижу причин для того чтобы дальше торговаться... хотя нет, вижу!

Выставив 3 пальца в сторону собрата, парень проговорил:

— У меня всего 2 условия. Первое: она будет работать в своей деревне. Как никак для неё и других ремесленников в первую очередь нам и нужен строитель. Второе: артефакт не должен использоваться для войны с людьми или зверолюдьми, остальных бить можно. Мы пытаемся наладить связи, а не растоптать шаткое сосуществование

— Думаю справедливые условия за разовые услуги строителя, который не умеет работать по чертежам, что доставит немало головной боли. Ну а чтобы сгладить впечатления от ограничений в договоре, предлагаю помощь в ресурсах, которые будет сложно добыть вашей стороне

Ухмыльнувшись парень рассудил что разовая помощь строителя, на разовую помощь мастера по артефактам будет более чем справедливой. Если бы он так не спешил, он бы точно сбил цену... а быть может и вовсе озолотился... хотя с мастером по артефактам, он и так теперь будет купаться в золоте",biok_ymer#0,biok_ymer#0
"2026-06-24,17:18:02",biok_ymer,#0,"—Шерминион—
|-----------------------------------------------------------------------------|
Довольный своей же колкостью тот уже был рад оставить Сору наедине со своими мыслями, однако та отчего-то его догнала, отчего ему пришлось продолжить разговор:
|-----------------------------------------------------------------------------|

—Ты родилась от соития Божества и Грешной души, что и является чудом. Во первых, соитие от божеств ничего не может дать, во вторых соитие с грешной душой рождает обычно монстр какой, но никак не разумное нечто вроде тебя. Считай двойной джекпот, так сказать ""ПОВЕЗЛО"". 

|-----------------------------------------------------------------------------|",ktoia#0,ktoia#0
"2026-06-24,17:46:12",ktoia,#0,"— Сора Райдэн —  

НИХУЯ СЕБЕ ПОВЕЗЛО-ПОВЕЗЛО.  

В очередной раз услышав весьма интересное разъяснение факта из жизни, девушка опять прихуела, но на этот раз удивительно не застыла - все таки она успела уловить момент, что эта кошара пытался до неё донести. Потерев лицо, Сора попыталась сбавить напряжение и сделав это, повернулась к Шерминиону:  

— А разве из-за этого ты меня ЛЮБИТЬ не должен? Бог удачи, всё дела. Мне повезло - значит, я везучая? Ну или родители.... Мкхм... Или нет? Что это за дискриминация? Может, мне зверолюди вроде тебя не нравятся? Я же не говорю, что ненавижу их за факт рождения! Ну родились, ну славно! И я не **НЕЧТО**, а **человек**! С большой буквы, если угодно.",biok_ymer#0,biok_ymer#0
"2026-06-24,17:47:28",biok_ymer,#0,"—Итами/Орк—
|-----------------------------------------------------------------------------|
Итами стала молча решаясь не мешать, та и явно её лишнее слово опять врубит режим ""доброго Лойда"", отчего она решила блаполочно умолкнуть. Орк же слушая ""человека"" кивал на слова парня, а после уточнил:
|-----------------------------------------------------------------------------|

—Против этого я ничего не имею, однако возник вопрос по поводу третьего пальца, есть третье условие?

|-----------------------------------------------------------------------------|",samin__#0,samin__#0
"2026-06-24,17:54:40",biok_ymer,#0,"—Шерминион—
|-----------------------------------------------------------------------------|
Тот недовольно остановился, направляя трость в сторону девушки, дополняя:
|-----------------------------------------------------------------------------|

—То что ты родилась было против моей воли, отчего ты буквально своим рождением исковеркола меня. Можно сказать ты мне не нравишься просто так.

|-----------------------------------------------------------------------------|",ktoia#0,ktoia#0
"2026-06-24,18:03:02",samin__,#0,"— Лойд Фронтера —

Смотря на последний не загнутый палец, парень и сам удивился:

> Чёрт всегда ведь по 3 условия, вот по привычке и выкинул 3 пальца... ну не говорить же что я дебил... ладно, что-то задвину...

||Я реально сначала выкинул это, а потом переписал пост на 2 условия, а про действия забыл 😅 ||

Убрав указательный палец, парень развернул руку, открывая ладонь, говоря орку:

— Третье это скорее не условия, а пожелание. Понимаете ли, за исключением попытки вскрыть мне череп, ваша деревня приняла меня весьма радушно, от чего хотел бы и впредь поддерживать связь. Сейчас мы поможем друг другу из выгоды, а потом быть может настанет день, когда кому-то понадобится помощь и мы её окажем просто так, а там кто знает что выйдет. Я осведомлён что у деревень отношения не самые лучшие, но пока вы демоны, можно хотя бы поддерживать связь, обмениваясь сведениями о передвижении церковников например. Что скажите?

> На удивление сговорчивый и умный орк... ладно, нужно пересматривать отношения на основе внешности. Канеки был туповат, а вот орк весьма себе неплох, будем говорить как ""глава"" и ""сошка"" что пришла договориться. Хотя последний палец и помешал, думаю это было даже к лучшему... если он скажет что меня хотя бы не будут пытаться убить на выходе, уже будет победой",biok_ymer#0,biok_ymer#0
"2026-06-24,18:04:56",ktoia,#0,"— Сора Райдэн —

Сора нахмурилась и недовольно посмотрев на трость указывающую на нее, схватила ту и дернула на себя, отвечая:

— Ой, ну прости, кошачья морда! Удаче - не повезло! Ирония! Может утешить тебя чтобы не обижался? А?",biok_ymer#0,biok_ymer#0
"2026-06-24,22:28:35",biok_ymer,#0,"—Шерминион—
|-----------------------------------------------------------------------------|
Котик недовольно скривил личико и отпустил трость, отчего та с карикотурным звуком из лунитюнс БОНЬК ударилась о голову девушку, а после выпав из руки встала идеально в руку парня, отчего тот продолжил путь, говоря:
|-----------------------------------------------------------------------------|

—Ты бы что интереснее придумала, а не пытаться вывести на конфликт саму удачу. Это словно вызвать на битву войну, смешно до безобразия.

|-----------------------------------------------------------------------------|",ktoia#0,ktoia#0
"2026-06-24,22:30:51",biok_ymer,#0,"—Орк—
|-----------------------------------------------------------------------------|
Орк подал плечами, говоря:
|-----------------------------------------------------------------------------|

—Ничего против не имею, однако многие тут не заходят так легко трепаться, отчего нужно будет с ними мне переговорить... Что же, ремесленник скорее всего был уже вам представлен нашими охранчком, отчего я лично не могу вас больше тут удерживать или вас интересует ещё что-то?

|-----------------------------------------------------------------------------|",samin__#0,samin__#0
"2026-06-25,00:14:44",samin__,#0,"— Лойд Фронтера —

> Кошка... ты мне обязана. Не знаю хорошо это или плохо, но я нарушил ваше молчание. Приведёт это к войне или к миру, дело уже за тобой

— В целом нет. Я бы не против обсудить и другие тем, как например ""как сделать так, чтобы вам не докучали люди"", но не думаю что у меня есть на это время, буду рад ещё поговорить с вами, когда время будет более мирное. А пока...

Поднявшись с пола, парень кивнул, заканчивая фразу:

— Благодарю что выслушали и приняли мудрое решение, за сим приступлю к разговору с ремесленником и разъясню ему свои каракули",biok_ymer#0,biok_ymer#0
"2026-06-25,00:30:53",biok_ymer,#0,"—Орк/Итами—
|-----------------------------------------------------------------------------|
Громадина кивнула в знак согласия, после чего кошка вместе с парнем(вовсе не орк) вышли из здания, а после под пронзительные взгляды прошли ко входу, где ""канеки"" о чем-то трепался с горе ремесленником, но заприметив тех прекратил, обращаясь уже к группе:
|-----------------------------------------------------------------------------|

—Ну чего, на чем договорились?

|-----------------------------------------------------------------------------|",samin__#0,samin__#0
"2026-06-25,01:04:38",ktoia,#0,"— Сора Райдэн —

Сора поморщилась от удара и потёрла лоб, провожая взглядом трость, которая так УДАЧНО вернулась в руку кота.

— Ну ты... и...

Она замолчала, пытаясь подобрать слова, но так и не нашла подходящего оскорбления. Вместо этого она просто выдохнула и покачала головой, снова нагнав его.

— Больно мне с тобой конфликтовать... Ладно, плевать.

Она скрестила руки и добавила:

— Вообще я поговорить про ёкаев хотела. Кот будет отвечать?",biok_ymer#0,biok_ymer#0
"2026-06-25,01:28:51",biok_ymer,#0,"—Шермион—
|-----------------------------------------------------------------------------|
Слушая девушку тот не сбавляя в шаге ответил:
|-----------------------------------------------------------------------------|

—И что ты знать хочешь? Ты же буквально вытянула счастливый билет найдя меня, отчего раз уж так произошло постараюсь ответить, чего уж тут.

|-----------------------------------------------------------------------------|",ktoia#0,ktoia#0
"2026-06-25,13:27:57",samin__,#0,"— Лойд Фронтера —

Заприметив двоицу, парень выдохнул возвращая лицу прежнее состояние, отвечая Канеки:

— Она делает артефакт, я даю чертежи, ремесленник делает здание. Тс... ещё же чертёж...

С недовольством сунув руку в сумку, парень нащупал бумагу, доставая ту из неё, перекатывая в другую руку, запуская первую за пером, однако... А? На листке появился чертёж здания, которое парень и представлял. Вылупившись на листок, тот похлопал глазами закусив губу:

> Я не помню чтобы такое чертил... лунатизм?

Взяв второй лист, тот подумал о чертяже огорода и О-ЧУДО! О-ХУЕТЬ! Он появился! А на кой тогда парень тратил ночи на зарисовки и черчение?! Что за ЧИТЕРСКАЯ СПОСОБНОСТЬ?! ЛЯ! ВОТ ЧТО 1.000 РП ДЕЛАЕТ! СИСТЕМА, ОБОЖАЮ! СРАЗУ 2 НАВЫКА!

Подняв руку куда-то вверх, парень не глядя протянул листки ремесленнику, со словами:

— Вот чертежи, постарался сделать их максимально подробными, но скажи есть что-то непонятно

||КАК ЖЕ Я ЗАЕБАЛСЯ! ВСЁ В РУЧНУЮ! СУКА!!! 2,5 ЧАСА ЖИЗНИ!||",biok_ymer#0,biok_ymer#0
"2026-06-25,14:04:51",ktoia,#0,"— Сора Райдэн —

Сора чуть замедлила шаг, чтобы идти в ногу с котом и бросив на него короткий взгляд, начала:

— Раз так, то сразу начну с главного. Мне до тебя прошлые ёкаи не ответили, так что, пожалуй... Надеюсь, удача ответит?

— Я, откровенно говоря, не понимаю вашу позицию и... ""бездействие"" что ли. Вы же наверняка прекрасно знаете, что происходит в мире. Прошлый король, которого ""вы"" запечатали хочет вернуться. Кто-то за его возвращение, кто-то - против... Это ладно. Но раз он уже запечатан, значит, была какая-то причина в прошлом. Так почему его запечатали?",biok_ymer#0,biok_ymer#0
"2026-06-26,07:00:11",biok_ymer,#0,"—Итами/Ремесленник/Канеки—
|-----------------------------------------------------------------------------|
Мужик повертел чертеж, посмотрел и показав палец вверх сказал:
|-----------------------------------------------------------------------------|

—Будет сделано, подробно и понятно, даже я понял как делать.

/Дабы не тратить лишнего времени тот взяв чертеж направился вместе с Итами к деревни, а канеки помохал уходящему лойду, что видно шел к припоркованному дирежаблю. Видно Итами не особо хотела перекидываться прощальным словом с парнем, однако напоследок все же смущённо помохалом тому ведя все того же ранее упомянутого ремесленника. Что же дальше будет делать наш ПРАЙМ Лойд? Система же время от времени появлялась возле парня играя с самой с собой в тетрис. Неужто даже система умеет наскучивать или это попытка выбесит парня? Это было не столь важно, ведь к тому времени он уже подошёл к изрядно потреранонму дирежаблю. Да уж, вот бы Кай не понял, что Лойд не учился на летчика./

|-----------------------------------------------------------------------------|",samin__#0,samin__#0
"2026-06-26,07:03:59",biok_ymer,#0,"—Шермион—
|-----------------------------------------------------------------------------|
Не долго раздумывая аристократичный кот походкой уверенного выебистого кота ответил:
|-----------------------------------------------------------------------------|

—Обезумел, вот его и запечатали, чтобы он не уничтожил мир лишний раз. То же самое сделали и с Бездной? Так вы вроде её внизу называете. Жизнь и Смерть слишком могущественны, от того их познания и разум сильно претерпели коррозии, отчего мы и вынуждены были их удерживать, дабы те не мешало лишний раз. А хотят освободить короля ибо надеются обрести вечное счастье и бессмертие, освободив саму жизнь. Это все? Неужто ты даже этого не знала? У тебя родители с младенцства что-ли ушли, раз ты и этого не знаешь?

|-----------------------------------------------------------------------------|",ktoia#0,ktoia#0
"2026-06-26,09:39:48",ktoia,#0,"— Сора Райдэн —

Ухмыльнувшись от услышанного заявила:

— Бредятина какая-то.

Покачала головой.

— То есть вы, божки такие, не морально устойчивые, что приходится друг друга запечатывать, чтобы мир не развалили?

Она замолчала, собираясь с мыслями и затем продолжила чуть серьезнее:

— Чёрт, а вы не пробовали его... ну... того? Чтобы переродился? Там же разум стирается, все дела... Хотя нет, не смогли бы... ""Жизнь"" все таки.

Она потерла затылок.

— И.. Чего? В Бездне тоже бог запечатан? Невероятно...

Уставилась на Шерминиона с явной претензией:

— Да не знала я! И как бы узнала, кот ты блин самый умный? Не рассказывали мне ничего родители - больше нужного не говорили, а спокойно жили... Пф. А те, кто пытаются освободить его те ещё идиоты.

Она замолчала на секунду, потом продолжила:

— Раз уж так пошло - моя мама, Санфиера. Кто она?...",biok_ymer#0,biok_ymer#0
"2026-06-26,14:18:43",samin__,#0,"— Лойд Фронтера и Ксавьер Азрахан —

Хух... ну поехали нахуй... время [13:11]... это будет тяжко!

|-----------------------------------------------------------------------------|
На удивление ремесленник всё понял... и чего тот орк говорил что он не умеет работать по чертежам? Хотя он что-то говорил о терпении... скорее всего проблема возникнет при постройке, но главное чтобы не разорвал, а там уже Ксавьер вырулит ситуацию

Удивившись тому, что ему махают... так ещё и Канеки что хотел того прикончить, парень спокойно развернулся, махнув в ответ, а после поплёлся через лес, прямиком к дирижаблю. Сора уже должна была дойти до Ёкаев, так что парень не собирался отставать ||уже...||.

Система что играла в тетрис сама с собой первую половину пути не особо мешала парню, но потом начала подбешивать, мешая сконцентрироваться на мыслях, коих было не мало. Наконец дойдя до дирижабля, парень цокнул языком. Мда... для первого не плохо, учитывая что все выжили, но вот функция ""садиться на воду"" теперь отсутствует. На полёт повлиять не должно, однако починить нужно было бы... вот и следующая работка для той глыбы, если справиться с этой частью

Зайдя внутрь, парень осмотрел внутренности, понимая что нижний этажик с мастерской можно и разобрать убирая столы и приборы в мастерскую, что скоро построят. Поднявшись на второй этаж, тот посмотрел на сидушки, почувствовав... пустоту? Совершенно один, летит биться с небожителями и спускаться в чёртову дырку, прямиком в ад... казалось бы ничего необычного, но на сколько мир стал негостеприимен. Проблема на проблеме, а хотелось бы просто пожить... как всё было просто пару дней назад, при поездке в Фомос...

Отбросив эти мысли, парень вставил вычурный ключ в вычурное зажигание и вспоминая уроки пилотирования (которых не было) стал взлетать, выставляя курс на Эльрин! 

|-----------------------------------------------------------------------------|",biok_ymer#0,biok_ymer#0
"2026-06-26,14:18:53",samin__,#0,"Тем временем Ксавьер уже направлялся к бару, спешным, но сдержанным шагом. Дело было неотлаженным, но не столь срочным. Зайдя в нутрь, тот сразу направился к Юки, помня что у неё есть некое кольцо, что позволит связаться с Лойдом. Подойдя к той, он сказал:

— Госпожа, не могли бы вы дать мне кольцо для связи с Лойдом. Дело срочное, от чего его вмешательство не будет лишним

Взяв кольцо, парень надел его на мизинец, начиная думать:

> Лойд, меня слышно? Лойд?! ЛОЙД! Выйди на связь! Лойд! Лойд!

Поняв что со связью беда, тот хмыкнул, спрашивая у Юки как та связывалась с Лойдом в прошлый раз, однако не услышал объяснений, а лишь то, что перед сообщением нужно сказать... Пшшш...

Вылупившись на кольцо, а после на девочку, парень стыдливо прислонил руку к своему прекрасному лицу, закрывая его проговорил вновь:

> Пшшш: Лойд?

|-----------------------------------------------------------------------------|",,
"2026-06-26,14:19:01",samin__,#0,"Лойд же что уже направил правильный курс, начал сверяться с приборами как вдруг ему почесали мозг. Приторное шипение на ушко заставило того дёрнуться, от чего он чуть не опрокинулся со стула, сразу понимая что за голубоволосое говно его беспокоит:

> РАЦИЯ: ТЫ ЧЕГО НА МЕНЯ ШИПИШЬ?! Я ЧУТЬ НЕ ПЕРЕВЕРНУЛСЯ! А ЕСЛИ БЫ Я В ВОДУ УПАЛ?! ТЫ БЫ ЧТО ДЕЛАЛ?! А!

Ксавьер чуть скривил лицо, слыша ОР, жалея что кольцо всё-же сработало... однако выдохнув всё так-же спокойно продолжил:

> Пшшш: Я бы и рад не делать столь постыдной вещи, однако без этого польцо не работает... странная технология, но сейчас не об этом. Я говорю с вами, так как возникла одна сложность...

Услышав вновь приторное шипение на ушко, парень скривился, отвечая в колечко:

> Рация: Ну чего опять? Если что тот булыжник я послал. У него мой чертёж, так что проследи чтобы он построил всё как надо. Там и для животных нужно и...

> Пшшш: НЕТ! Всё куда хуже. Бибон перестарался и вырубил часть леса

> Рация: Ай... хватит шипеть, говори всё одним сообщением... ну и? Я ему сказал лес проредить, чтобы материалов больше было. Он справился, в чём проблемы?

> > ПШШШШШШШШ: ДА ДАЙТЕ ДОГОВОРИТЬ! Он срубил часть леса! Под частую! Всё! Поляна! Из-за чего теперь деревню проще найти. Демон с инструментом опасается что деревню могут раскрыть в ближайшие часы

В этот раз парень реально перевернулся на стуле, однако быстро вспомнив к чему это может привести встал вцепившись в штурвал не забывая про управление:

> Рация: Чего?! Он вообще конченый?! Поляну выдолбил?! Так! Во первых дай ему по заднице, а ещё... ну... придумай что ни будь!

> Пшшш: Это не понадобится, мисс со странным музыкальным инструментом уже этим занимается, а что на счёт вариантов действия, на счёт этого я и связываюсь. Варианта всего 2, это восстановить тес, что за это время сделать невозможно и переезд. На счёт второго я и хотел с вами поговорить",,
"2026-06-26,14:19:07",samin__,#0,"||Всё что я писал альше СТЁРЛОСЬ, ТАК ЧТО ДЕЛАЙТЕ x2||

Лойд немного выпал из реальности:

> СУКА! Только стояло подумать что всё складывается хорошо и НА ТЕБЕ! Спасибо, хорошо. Только нашёл строителя, как нужно переносить деревню... хотя нет, тут уже скорее бросать! Неловко вышло... Хуй тебе, а не свидание! Морда бобриная! Так, а куда? В деревню в которой я уже был? Нет... не дело, они там друг друга перебить могут, да и не примут... куда-то в лес? Могу найти по следам церковники... ммм... НЕТ! НУ НЕХОЧУ ТУДА!!!

> Рация: Ладно, понял. Веди их в дикие земли. Да, это самое опасное место на этом материке, но мы с Лаурой покумекали и сделали так, что теперь тамошние опасности нам подчиняются, так что считай защитники, успокой там народ как нито и отправь туда... в целом всё. Я сейчас вхожу в турбулентность, так что пока что не буду на связи... ПОКА!

Договорив, парень спешно снял кольцо, горько выдыхая. Придётся делать переворот стола куда раньше... неприятно, но это того стояло. Зная Ксавьера, ему не потребуется много времени чтобы собрать народ, так что нужно было спешить, главное чтобы не одна фраза не попала в кольцо, от чего парень положил его на приборную панель, начиная переворот с самого знакомого для него ублюдка, а именно Бугая:

> Здорово! Кусок мертвечины! Приказ: По делу скажи почему ты не в восторге от ""договора"" и что вообще за ""договор"". На ответ тебе минута, поехали

Ксавьер в этот момент попытался ещё несколько раз связаться, ведь вопросов у него было НУ ОЧЕНЬ МНОГО, однако никто не отвечал, от чего он выдохнул, направившись к бармену, говоря той:

— Извините за беспокойство, но что вы знаете о ""диких землях""?

Пока что он решил зайти из далека, чтобы не наводить паники

||Вот так я решил пока что разморозить ветку Ксавьера и начать переворот понемногу, чтобы сложно не было. Ну а время, когда я дописал [14:17] ПИЗДЕЦ Я ЗАЕБАЛСЯ!||",,
"2026-06-26,18:13:23",biok_ymer,#0,"—Бугай—
|-----------------------------------------------------------------------------|
Недовольный вдох, а после мертвецки усталый голос раздался в голове:
|-----------------------------------------------------------------------------|

—Начнем с того, что ты так и не узнал что стало с тем мужиком, а он между прочим уже покинул лес с нашими заложниками, что не есть хорошо. Во вторых, я уже высказывал своё недовольство по поводу снятия печати, это хоть и даст нам как таковое бессмертие, но взамен пострадают многие, что меня и так гложет с начала расширения земель, по ТВОИМ идеям. Мы и так каждый день убиваем народец заставляя зелень двигаться дальше, а теперь ещё нужные материалы для заверения ты сказал убрать! А незнаю того у тебя биполярка, Толи ты окончательно хочешь поставить везде свои ХОТЕЛКИ. А договор? Ты про работу с Деманами или небожителями? И так и этак мы все равно ставим на себе большой крест, пока те прибывают в безопасной зоне. Ранее ты был осмотрительнее что-ли... Ты как будто стал мыслить по-другому... Кхм, время кончилось, хватит?

|-----------------------------------------------------------------------------|",samin__#0,samin__#0
"2026-06-26,18:17:47",biok_ymer,#0,"—Шут/Юки—
|-----------------------------------------------------------------------------|
Девочка не особо хотела отдавать подарок Лойда парню, но все же поняв что дело серьезное сделала это, однако как только тот договорил, тот его не вернул! Отчего она стала плестись за ним, ожидая пока он вернёт его... А шут же довольный от недавней получки довольная жанглировала стеклянными стаканами, однако услышав обращение перестала, поставив их в позе треугольника, говоря:
|-----------------------------------------------------------------------------|

—Дикие земли? Место обильного роста природы, дурных культистов и живого леса. Страшное место, особенно если соваться одному.

|-----------------------------------------------------------------------------|",samin__#0,samin__#0
"2026-06-26,18:42:52",biok_ymer,#0,"—Шермион—
|-----------------------------------------------------------------------------|
Кот и так пребывал в недовольстви от компании Соры, так та ещё стала повышать на него голос, отчего он вновь остановился и недовольно зыренув на ту сказал:
|-----------------------------------------------------------------------------|

—Безумцы или нет, но мы по крайней мере осознаем свои тягости в отличии от тебя. Владелец клинка что совершенно не понимает силу в своих руках... Тс, бред, я устал от этого разговора окончательно. Прости, но удачный момент упущен и я вынужден покинуть тебя.

/Договорив, парень чуть прислонился а после муркнув испортился, словно Чеширский кот./

|-----------------------------------------------------------------------------|",ktoia#0,ktoia#0
"2026-06-26,19:42:07",ktoia,#0,"— Сора Райдэн —

Сора так и застыла, глядя на пустое место, где только что стоял кот. Она моргнула, потом ещё раз, но он не появился.

— Вот же...

Она постояла ещё пару секунд, осмысливая сказанное и провела рукой по рукояти меча.

— Безумцы, пф... Не понимаю силы? Да я бы рада понять, если бы кто-то нормально объяснил.

Она достала клинок и посмотрела на блики, скользящие по лезвию, затем чуть наклонила голову набок.

— Может, я что-то делаю не так?",biok_ymer#0,biok_ymer#0
"2026-06-27,04:04:07",biok_ymer,#0,"—Меч—
|-----------------------------------------------------------------------------|
Тихий и спокойный голос раздался в голове девушки, говорящий:
|-----------------------------------------------------------------------------|

—Ты просто пытаешься узнать большего, ты делаешь всё правильно.

|-----------------------------------------------------------------------------|",ktoia#0,ktoia#0
"2026-06-27,10:11:21",samin__,#0,"— Лойд Фронтера —

> Л-а-а-а-адно вот такого я не ожидал, это что выходит? Работа с демонами или небожителями? Это... странно... даже очень. Могу понять многое, но не это. Джереми вернулся, в этом я и не сомневался особо. Условное бесмертие звучит внусно, но не когда должен от этого пасть целый мир!

Сжав зубы, парень продолжил связь уже с Бугаем:

> Тс... за гуманность меня кочать собираешься? Хах, смешно это слышать от куска мяса! Так, меня зацепил момент с небожителями и демонами. Даю 3 минуты чтобы ввести меня в курс дела. И давай поменьше воды и побольше информации, а то чë ты со мной как с равным говоришь? Я твоë чëртов босс, а ты мой раб, уяснил?

Да, Лойд перестал скрывать что он ВООБЩЕ ничего не понимает и стал понемногу собирать амплуа ""да я теневой гондон""",biok_ymer#0,biok_ymer#0
"2026-06-27,10:22:10",samin__,#0,"— Ксавьер Азрахан —

> Да... одной тебе соваться туда не придëтся, не переживай

Кивнув на слова бармена, парень вновь понял что Лойд ИДИОТ, ведь должно быть место и получше, хотя Лаура... Мэх...

От воспоминаний о влюбленный богине, парня слегка трухануло, а после он аккуратно сказал:

— Вот оно как, в таком случае это весьма печальная перспектива. А вы не подскажите, где я могу найти вашего главу. Видите ли, у меня возник весьма важный безотлогательный разговор к нему

Да, лучше сказать ТАКОЕ известие верхушке, а там уже что-то и выйдет. Ксавьер замечал поведение девочки, но никак на него не реагировал. Ну... успокоиться в конце концов же ведь?",biok_ymer#0,biok_ymer#0
"2026-06-27,10:29:07",ktoia,#0,"— Сора Райдэн —

Некоторая странность все же от разговора с мечом пронеслась даже в Соре, все таки это как то странно... Хотяяя, с другой стороны, она уже в этом мире поговорила с плешивым котом удачей, богиней войны и фембоем-богом... Меч, который говорит, уже не казался действительно таким уж странным.

— Правильно значит. Слушай, а ты стал говорить слегка больше. А вообще... мхм... Твой прошлый владелец действительно был безумцем или это вранье?",biok_ymer#0,biok_ymer#0
"2026-06-27,15:48:28",biok_ymer,#0,"—Шут/Юки—
|-----------------------------------------------------------------------------|
Клоун чуть побив пальцем по подбородку заявил:
|-----------------------------------------------------------------------------|

—Тебе нужно подобные вопросы уточнить у нашего защитника барда или у милой готической девочки, что обычно и занимаются всем тут. А к чему был вопрос про земли? Неужто решил устроить минутку ""познавалки""? В любом случае земли носящие название дикие, не могут быть спокойны хех.

|-----------------------------------------------------------------------------|",samin__#0,samin__#0
"2026-06-27,15:56:13",biok_ymer,#0,"—Бугай—
|-----------------------------------------------------------------------------|
От слов парня тот вообще выпал. Это чё за клоунаду он устроил средь бело дня? Но все же спустя секунд 20-ть тот выдохнул, начиная говорить:
|-----------------------------------------------------------------------------|

—С небожителями у нас давние тёрки, с тех пор как многие из них возжелали бессмертия, отчего под их финансированием и поддержкой мы и могли спокойно добывать людей взамен на элексир из дерева, прожлевабщего жизнь. А вот с грешниками все куда сложнее. Ведь если мы бы не прошли с ними на контакт, они бы давно вмешались живя буквально на нашей границе, отчего приходится их подкуппть на взаимное игнорирование, их земли и люди вне нашего влияния, отчего мы попросту пытаемся не трогать их лишний раз. Ну а мертвечина под предводительством Княжны хочет сама выпустить божество до того как мы подготовим почву к его возвращению. По ТВОИМ же задумка мы должны подготовить инструменты чтобы контролировать бога и сделать его нашим инструментом, а план мертвецов попросту выпустить бога и посмотреть видимо что будет с миром, без понятия. Я ответил на твой вопрос, капитан деградация?

|-----------------------------------------------------------------------------|",samin__#0,samin__#0
"2026-06-27,15:57:48",biok_ymer,#0,"—Меч—
|-----------------------------------------------------------------------------|
Все такой же отрешённо спокойный голос повторил:
|-----------------------------------------------------------------------------|

—Отчасти безумен, отчасти милостив, отчасти прекрасен. Он был весьма амбициозной личностью.

|-----------------------------------------------------------------------------|",ktoia#0,ktoia#0
"2026-06-27,16:16:00",samin__,#0,"— Ксавьер Азрахан —

Ответ ничуть не прояснил положение дел, от чего мужчина не долго думая поклонился, а после спешно пошёл обратно к барду. Времени было не столь много, от чего лучше было обратиться к доверенным лицам, чтобы те организовали эвакуацию, не создавая лишнего шума, который будет в любом случае, от чего парень лишь кинул в след:

— В таком случае можете упаковать мне с собой что-то калорийное и что медленно портится. Если такого у вас нет, просто подберите что-то максимально подходящее из того что имеется, желательно как можно больше порций

Решив между делом заставить под спокойным предлогом собирать провизию в дорогу, парень вышел из здания, направляясь к ""новой поляне"", попутно ища глазами ""милую готическую девочку"" (если в него конечно не вцепится Юки)",biok_ymer#0,biok_ymer#0
"2026-06-27,16:28:24",samin__,#0,"— Лойд Фронтера —

> А... ага... понял... уяснил... пф-ф-ф-ф-ф-ф-ф... мне нужно подумать, так что пока я совершаю неведомое для тебя действие, найди что-то тяжёлое и сбрось себе на голову, это тебе за понебратское отношение, мымра

Принудительно заблокировав связь, парень откинулся на кресле пилота, понимая что это ПИЗДЕЦ! Вопросов к Омеге было немало, а к Лауре ещё больше. Ну вот не верил он что она не знала про такую договорённость. Она значит создала народец, что спонсирует то, против чего должен бороться? Выходит что так! А если учесть как Омега вела себя на переговорах... вот жешь суки!

И что значит... бля-я-я-я ""контролировать божество"" ну вы придумали конечно. О чём ты думал когда всё это делал... предшественичек хуев... на Сору он в планы вписывать не мог, ведь та исчезла, а что у него ещё было в рукове - фиг знает. И стоит ли об этом думать, если нужно продержать всё как есть всего неделю? Хех... нет! Разовало уже то, что парень сделал ставку на грешников и те хоть и были в чернухе, но всё-же не так как чёртовы небожители с нежитью

Размутившись в личном звонке, парень сразу начал говорить:

> Так уродина, 2 последних вопроса перед переворотом твоего гнилого мира и познания человечности. Наше отношение с Ёкаями и зверолюдьми? И... кто вы вообще такие? Откуда у меня в подчинении ебучая нежить?

Ладно, раскрываем карты, связь всё равно нерушимая спасибо системке, так что церемониться незачем. Пусть думает что память отшибло, но ответы нужны как воздух",biok_ymer#0,biok_ymer#0
"2026-06-27,23:06:01",ktoia,#0,"— Сора Райдэн — 

Понимающе кивнув сказала:

— Мгм. Понятно.

> Ничего не понятно.

— Чтож, у каждого свое мнение... А как ты считаешь ему стоит вернутся или нет?

Спрашивать мнение у меча... О да!",biok_ymer#0,biok_ymer#0
"2026-06-28,03:21:44",biok_ymer,#0,"—Меч—
|-----------------------------------------------------------------------------|
Голос чуть помедлив в ответе, а после сказал:
|-----------------------------------------------------------------------------|

—Я скучаю по нему... Однако не считаю что ты менее достойная быть со мной.

|-----------------------------------------------------------------------------|",ktoia#0,ktoia#0
"2026-06-28,03:25:54",biok_ymer,#0,"—Бугай—
|-----------------------------------------------------------------------------|
Тот уже стал понемногу терять терпение, однако все же ответил на вопрос:
|-----------------------------------------------------------------------------|

—Мы не упокоенные души... Разве ты и так это незнал или решил поглумиться? У отличии от оживших душах княжны, мы те кто не приняли смерть, оставаясь в этом мире по своей или неизведанной нам воле. А откуда, вопрос к тебе как же ты так грамотно нас всех забрал именно в тот момент, когда мы не знали куда деться... Кхм а отношения к звералюдям у нас нейтралитет, однако из-за гильдии часто данные отношения непостоянны, но к ним у вас вражды не было, как и желания всех их пребить, все из-за спажуидениц гильдии. Ну а ёкаи... А чё, они разве не миф? Чё к ним испытывать?

|-----------------------------------------------------------------------------|",samin__#0,samin__#0
"2026-06-28,03:27:48",biok_ymer,#0,"—Юки/Бард—
|-----------------------------------------------------------------------------|
Ура хвостик ввиде юги и бригады ввиде двух зверьков был добавлен в инвентарь рыцаря! И не особо отставал от того, видно предпологаю, что она теперь привязана к нему. Так бы они и дошли до барда что уже перестал бить хомяка недовольно смотря как тот пытается встать весь в синяках.

Ура возможность прописи воссоединения бригады!
|-----------------------------------------------------------------------------|",samin__#0,samin__#0
"2026-06-28,11:40:41",ktoia,#0,"— Сора Райдэн — 

— Это... странно. И приятно одновременно. Я думала, ты скажешь, что он был лучше, или что я просто... ну, замена.

Стоит по немногу заканчивать, по этому Cора задала последний вопрос:

— А как ты определяешь ""достойных""?",biok_ymer#0,biok_ymer#0
"2026-06-28,12:38:38",biok_ymer,#0,"—Меч—
|-----------------------------------------------------------------------------|
Меч не долго думая, выпалил:
|-----------------------------------------------------------------------------|

—Я и не думал, ведь в тебе была нужная кровь и желание. Достоинство не то о чем стоит думать.

|-----------------------------------------------------------------------------|",ktoia#0,ktoia#0
"2026-06-28,12:52:12",samin__,#0,"— Лойд Фронтера —

Сразу заблокировав связь, парень начал думать что ему делать теперь:

> Так... информации ОЧЕНЬ много. Это неуспокоенные души что я прибрал к рукам. Ну... как я... предшественник чтоб его. Чтож делать теперь... про Ёкаев им естественно не говорили, а то что божество = Ёкай им и вовсе пофиг. Ммм... Ёкаи - по боку, Небожители - уебать, зверолюди - по боку, демоны - нужно понять и если что дать пизды, люди - защитить, нежить - прибить

Вроде как собравшись с мыслями, парень размутился, а после начал пытаться связаться со всеми с кем мог. Такого он ещё не делал, так что не знал получится ли, однако начал вещать ВСЕМ ДУШАМ!

> Кхм... кхм... меня слышно? Хм... надеюсь слышно. ИТАК ЧЁРТОВЫ КУЛЬТИСТЫ! С ВАМИ Я, ВАШ НЕПОВТОРИМЫЙ ""СЕРЫЙ КОРДИНАЛ"" И У МЕНЯ ЕСТЬ ДЛЯ ВАС ОБЪЯВЛЕНИЕ. Крыша сменилась мои хорошие, так что теперь всё будет по моему. Во первых все ""договорённости"" АНУЛИРОВАНЫ! Да, вы не ошиблись, весь мир идёт лесом... БУКВАЛЬНО! Политика сменилась, так что слушайте новым порядкам!

>  Всё что вы услышите далее - приказ, коего вы не можете ослушаться, так что держите это ввиду. ПЕРВОЕ: Вы более не можете убивать, пытать, и вообще делать что либо, что приблизит прешествие божества. Другими словами: кровь не собирать, людей не убивать, души не поглощать!

> ВТОРОЕ: Небожителям ничего не давать! Если придут - скажите что отсрочка или ещё что, но НЕ УКРЕПЛЯТЬ ИХ ПОЗИЦИИ

> ТРЕТЬЕ: С этого момента вам запрещено говорить с кем либо из вне. ВООБЩЕ! На контакт не идём, закрываемся в себе и помалкиваем. Говорить можно только между собой и со сной, ВСЁ

> ЧЕТВЁРТОЕ: Распространение зелени ПРЕКРАТИТЬ! И наоборот уступить границу на 10%. Мерийте хоть шагами, но сделайте!",biok_ymer#0,biok_ymer#0
"2026-06-28,12:52:14",samin__,#0,"> Пятое: Если есть заложники - довести их до границы и отпустить
﻿
> Шестое: Вам разрешается нарушить первый пункт, но только в том случае, если кто-то хочет пробудить божество. В таком случае как гости из Нокта, вы можете делать с ними что угодно. Убивать, кромсать, пытать. Всё на вашу потеху!
﻿
> Седьмое: Демонов НЕ ТРОГАТЬ! На контакт НЕ ИДТИ! Спокойно наблюдать и в случае если заявятся святоши - отпинать церковников, но не убивать
﻿
> На этом брифинг закончен! Приступить к исполнению
﻿
Договорив, парень вновь откинулся на стуле, вытирая пот со лба, не мутя связь, понимая какая реакция сейчас будет",,
"2026-06-28,13:04:51",biok_ymer,#0,"—Культисты/Ассасин—
|-----------------------------------------------------------------------------|
Народ помолчал пару минут а после возглас из многих ртов стал тарабанить башку парня в своем недовольстве. Это было похоже на толпу крестьян, что ополчились на короля с вилами. И как только тот устал от шума в голове и замутил всех, тот увидел краем глаза тень за спиной, что оказалось парнем, говорящий с ним уже не скрываясь:
|-----------------------------------------------------------------------------|

—Какого хуя!? Ты чё удумал безумец?

|-----------------------------------------------------------------------------|",samin__#0,samin__#0
"2026-06-28,13:05:19",biok_ymer,#0,,,
"2026-06-28,14:57:43",samin__,#0,"— Лойд Фронтера —

Бубнёж, голдёж и обвинения. Мда... ожидаемо, но парень хотел услышать хоть что-то полезное, однако вместо этого слышал лишь бредни и крики. Стояло тому замутиться, оставив говно мариноваться, парень тут-же сверил курс и облегчённо выдохнул, не зная что и к чему может привести. Думая над следующим шагом, парень отвёл взгляд в сторону и увидел ЧЕЛОВЕКА!!!

— ААААААААААААААА

Завизжал тот прямо в связь как девушка, сам офигивая от натуральности крика, попутно падая с кресла. Крики вновь вклинились в голову, от чего быстро замутившись, парень посмотрел на нечто, что выёбывалось на него, говоря на повышенных тонах, попутно мутя остальных дебилов:

— ТЫ КТО ТАКОЙ?!?!?!?! УЙДИ!",biok_ymer#0,biok_ymer#0
"2026-06-28,15:05:45",samin__,#0,,,
"2026-06-28,17:11:06",samin__,#0,"— Ксавьер Азрахан и Бригада —

Подойдя к уже избитому **бобру** парень встал неподалёку от выплеснувшей пар девушки, не обращая внимания на зверька, что получил по заслугам. Лишь спокойно говоря:

— Кхм... я связался с молодым господином и... боюсь вам не понравится его идея. Он предложил совершить переезд в некие ""дикие земли""

Пока что тот замолк, ожидая реакции девушки, а зверьки увидев своего израненного друга спрыгнули с плечь девочки, подошли к нему, начиная расспросы:

— Подон-под-подон [И что ты на этот раз натворил, дубина?]

— Колокольчик... [Что с тобой случилось?]

— Бибон! [Я... а... эм... с пня упал!]",biok_ymer#0,biok_ymer#0
"2026-06-28,22:29:21",ktoia,#0,"— Сора Райдэн — 

— Странно это - что тебя выбрали не за то, что ты сделал, а за то, что ты есть...

Она вздохнула и подняв голову, оглядела тропу в саду.

— Ладно, пора узнать кто моя мама... тс.. Надеюсь встречу того кто даст ответы.

Убрав меч обратно в ножны девушка пошла вперед, в поисках хоть какой-то живности.",biok_ymer#0,biok_ymer#0
"2026-06-29,01:01:13",biok_ymer,#0,"—Юки/Бард—
|-----------------------------------------------------------------------------|
Услышав предложение та охнула, а после подумала и спокойно ответила:
|-----------------------------------------------------------------------------|

—Предполагаю, что данное предложение было дано не из отчаяния, отчего говорить что это бред не стоит. Хорошо, куда идти ты знаешь? Людей собрать я смогу.

/Девочка же присела на корточки, ногами вместе, смотря на бедного хомячка, что выглядил так себе и хотела бы и сама уточнить как он, однако непонимая Речи, решила молча посмотреть на них./

|-----------------------------------------------------------------------------|",samin__#0,samin__#0
"2026-06-29,02:06:53",biok_ymer,#0,"—Ассасин—
|-----------------------------------------------------------------------------|
Тот ещё сильнее разодорившись чуть прикрыл уши от двойного Америка и в голове и снаружи от Лойда, после чего сказал:
|-----------------------------------------------------------------------------|

—Я твой телохранитель идиот и я в шоке с тебя, ты чё удумал?

|-----------------------------------------------------------------------------|",samin__#0,samin__#0
"2026-06-29,12:59:24",samin__,#0,"— Лойд Фронтера —

> Ну вот и всё. По мою жопу пришли небожители! Быстро, но ожидаемо. Пизда...

Лойд уже либо простился с свободой, думая что его сейчас возьмут в рабство, однако... ответ убил. Тело... что? Схуяль? Откуда?! Парень вылупился на незнакомца как олень на фонарь, однако спустя почти минуту молчания и осознания тот сделал выводы, неуверенно привставая с пола:

— То есть ты из уродцев? Ты... ты... СХЕРА ПУГАЕШЬ ТАК?! МОГ ТЕЛЕПОРТИРОВАТЬСЯ И ПОСТУЧАТЬСЯ?! Я ЧУТЬ КОНЬКИ НЕ ОТКИНУЛ! Тьфу... теперь я понял почему ты телохранитель идиот. Фуф... короче по всем вопросам к производителю, а теперь отвянь, ты и так слышал что я сказал, так что вопросов быть не может... ... ... ЧЁРТ!

Вспомнив про управление, парень юркнул за штурвал, однако всё было в норме на его удивление, от чего тот облегчённо выдохнул, поворачиваясь к горняку в капюшоне, ожидая пока тот телепортируется в свою выгрябную яму",biok_ymer#0,biok_ymer#0
"2026-06-29,13:53:21",samin__,#0,"— Ксавьер Азрахан и Бригада —

Вот тут парень выпал в осадок. В смысле она не начала закидывать его вопросами, на которые тот не знал ответа. Лойд, что ты такое сделал, что заслужил столько доверия... или это просто безысходность? Однако пока это было тому на руку, от вопросов парень решил воздержатся, от чего закатил глаза, думая о том где могут быть дикие земли. Прикинув положение Альмы, а после картину откуда шли корни в её сторону, тот кивнул отвечая:

— Путь будет не кратчайшим из возможных, но направление указать смогу. Так-же Лойд упомянул что они с Лаурой подчинили опасности что водятся в тех землях. Не уверен на сколько его слова схожи с правдой, однако раз **она** что-то сделала, это может походить на правду

Звериные баталии в это же время стали нарастать:

Хомяк вообще не поверил в россказни своего ""собрата"", от чего осмотревшись задался вопросом:

— Подон-под-подон [Ага... а что с лесом случилось? Тебя на работу забирали... твоих зубов дело?]

— Бибон [А? Это... ДА!] /Гордо ответил бобэр/

— Подон! [ДУБИНА!] /Ляцнул бобра по голове/ [Ты же деревню раскрыл!]

— Бон-бон-бибон [Ай... И ЧТО?! Мне сказали вырубить, я вырубил, все претензии к заказчику]",biok_ymer#0,biok_ymer#0
"2026-06-29,15:56:47",biok_ymer,#0,"—Ассасин—
|-----------------------------------------------------------------------------|
Смотря на того как на мусор, тот скрестил руки вместе, говоря:
|-----------------------------------------------------------------------------|

—Я все время шел за тобой и телепортироваться не умею. Или ты хочешь сказать, что даже незнал про меня? Я ведь не так давно даже атаку на тебя отразил от того демана, не помнишь?

|-----------------------------------------------------------------------------|",samin__#0,samin__#0
"2026-06-29,18:51:00",samin__,#0,"— Лойд Фронтера —

Взгляда парень не видел из-за маски, но вот слова к сожалению услышал. Услышав об атаке и о том что этот уродец шëл за ним, парень хмыкнул, говоря про себя:

> Система, это какого чëрта спрашивается ты не сказала что навык ""железная кожа"" это КУЛЬТИСТ?! Яж там выë... ой... меняж порешить могли...

Осознав это, отношение к говну улучшилось, от чего то уже более спокойно сказал:

— А ты... весьма полезен. Я даже твоего присутствия не замечал. А атака... молодчик! Отрабатываешь зарплату... а я вам вообще плачу? Тс.. не важно, уже нет

Договорив, парень развернулся к приборам, говоря тому:

— Я это, не против что ты увязался, только не мешай там... кстати... стоп. А с какого момента ты меня преследуешь то?

Он застал Лауру? Не... она бы его изпепелила",biok_ymer#0,biok_ymer#0
"2026-06-29,19:45:36",biok_ymer,#0,"—Ассасин—
|-----------------------------------------------------------------------------|
Парень не стал прирекаться, отвечая уже более спокойно:
|-----------------------------------------------------------------------------|

—С момента как в Дикие земли пошел тот странный мужик, тогда мне сказали вас перекрыть на всякий.

|-----------------------------------------------------------------------------|",samin__#0,samin__#0
"2026-06-29,19:49:41",biok_ymer,#0,"—Юки/Бард—
|-----------------------------------------------------------------------------|
Услышав имя Небесной ранее спокойное лицо дрогнуло, показывая сметение, однако та все же чуть помолчав сказала:
|-----------------------------------------------------------------------------|

—Незнаю как, но раз небесная в этом замещена, то там и вправду должно стать побезопаснее. Кхм, значит от меня требуется собрать людей? Поняла. Я смогу их собрать примерно за минут 10-ть, если ты знаешь путь то мы весьма скоро сможем покинуть это место.

/Юки же смотря на какой-то обьюз в сторону бедного хомячка все же подойдя поближе взяла того на руки, поглаживая и говоря:/
-Ты сильно поранился? Может я могу чем-то помочь тебе?

|-----------------------------------------------------------------------------|",samin__#0,samin__#0
"2026-06-29,22:41:11",samin__,#0,"— Лойд Фронтера —

На спокойствие парень ответил спокойствием, развернувшись на стуле к ""железной коже"" говоря тому:

— Ты про Джереми? Ай... про того с железными руками? Не... этот меня не тронет. /осознание/ хотя если узнает что я с вами... пф... мда... удивлён что тебя никто не заметил. Ладно уж я, но Канеки... хм... ты типа камуфляжник, понял

Потянувшись на стуле, парень наклонил голову на бок:

— Ну тогда сопровождай меня и впредь, только смотри не попадись никому, иначе и подохнуть можешь

> Хоть и культист, но спас мне жизнь, так что полезен, это уж точно",biok_ymer#0,biok_ymer#0
"2026-06-29,22:55:52",samin__,#0,"— Ксавьер Азрахан и Бригада —

> Не удивлён что в чём-то странном и нетипичном замешен мой господин, а если учитывать что в деле ещё и эта бестия, в тех землях и правда могло что-то измениться

Не поняв смятения барда, парень лишь ответил на её слова, не меняясь в лице:

— В таком случае не задерживаю, лучше дать лишние секунды народу на сборы, а не на обсуждение всего этого...

Договорив, парень повернулся в сторону диких землей, думая как бы проверить свою теорию

В это время страсти развивались с огромной скоростью. Ещё бы немного и завязалась бы ~~избиение ~~ драка. Однако девочка вмешалась в это всё, на что хомяк недовольно покосился на ту, надув щёки. Бобёр же ничего не понимая поглядел на великаншу, почесав репу:

— Бибон! Бо-бо-бибон?! [Да! Можешь приказать кукле прихлопнуть ту с лирой?!]

Гусеничка же смотря на всё это хлопала глазами, не особо и понимая что произошло и почему её ухажёр заслужил такое отношение, от чего так-же обозлилась на Барда, сверля ту взглядом, однако услышав слова бобра прифигела, говоря тому:

— Колокольчик! [Эй... почему бы не решить всё... мирно?]",biok_ymer#0,biok_ymer#0