Date,Username,User tag,Content,Mentions,Reply to
"20.04.2026 16:55:43","samin__","#2997","","","1494262418312925264"
"20.04.2026 17:14:20","samin__","#2997","— Лойд Фронтера —

Парень кивнул на заявление ""бедствия"", понимая её чувства, ведь и ему было о ком беспокоиться. Не из привязанности, скорее от ответственности, что сам на себя и взволил. Решил не игнорировать вопрос, парень зашёл из далека, чтобы дать себе время на раздумья:

— Про полуангелов не уверен, но со слов небесной так и есть. Странно, не спорю, тем более понимая что церковь двигает иную повесточку, но пока что на это можно забить ибо этот вопрос нам ничего не даёт. Меня смущает только то, что мы на материке зверолюдей и если среди них есть группировка, которая хочет воскресить прошлую - она точно скрывается где-то здесь...

Подняв взгляд на потолок, парень занёс руки за голову, уставившись в перекрытия:

— Помнишь глава говорила что ёкаи слышат если о них говорить? Судя по тому сколько мы всего уже сделали, они с нас глаз не сводят. Да и готов поспорить прошлая тоже так или иначе может влиять на мир, так что может слышать всё, о чём мы говорим, поэтому важных сведений не говорим

После парень опустил взгляд на Сору и сказал в кольцо:

> Рация: не уверен на сколько, но через это будет сказать безопаснее. Против нас добрая половина мира, а некоторые даже знают кого им нужно ""убрать"" чтобы пробудить прошлую королеву Ёкаев. А вот союзнички шаткие... так что придётся как-то выкручиваться. Лаура пока что на нашей стороне, но на сколько долго, не уверен. Культисты пока что связаны по рукам и ногам. Им нельзя убивать, от чего там и относительно безопасно. Скажем... небесная немного их припугнула. Уничтожить их она не может из-за законов мира, но им об этом знать не обязательно. А вот с остальными будут сложности... большие сложности

> Кстати, прошлую запечатали лет 300 назад или того больше. Откуда у тебя мечик вообще взялся?


Мыслил парень не меняясь в лице, чтобы со стороны не было понятно, что идёт разговор, от чего по завершению кивнул и сказал:

— Передавай привет Айрис. Да и остальным тоже. Кроме Адама, его можешь просто пнуть...

<@815329322881646622>","ktoia","1495785038589985040"
"20.04.2026 17:16:46","samin__","#2997","","","1494102642564137011"
"20.04.2026 17:17:00","samin__","#2997","","","1494242749673639936"
"20.04.2026 17:23:44","samin__","#2997","— Бибон —

Бобер неподдельно удивился, что девочка из другого мира узнала в нём царя леса, коим он был в прошлом мире, пока Лойд его НАСИЛЬНО не уменьшил. Вторая часть фразы была конечно странной, однако поняв что нужно продолжать работу, Бибон поднял лапку, собираясь указать в рандомную сторону, чтобы от него отвяли, однако тут в него прилетела ОПЛЕВУХА.

Стоп?! ЕГО НАЧАЛИ ДУШИТЬ!!! Так это был хитрый план по его убийству?! Заболтать, а после свернуть шею?! Моментально изменив мордашку на КРАЙНЕ недовольную, бобер со всего размаху какого мог прыгнул спиной к ближайшуму дереву, чтобы прижучить того, что пытался его задушить, попутно крича, выпуская последний оставшийся воздух:

— БИБОН!!! [* * *    * * * * *   * * * *   * * * * *]

||<@815329322881646622> <@1405305963375759440> ||","biok_ymer; ktoia",""
"20.04.2026 19:31:33","ktoia","#6622","— Сора Райдэн —

Слушая Лойда, мечница скрестила руки перед собой и откинулась на спинку скамьи. Она задумалась о возможных группировках зверолюдей, особенно среди авантюристов, но ничего подходящего не вспомнила и просто приняла информацию к сведению.

— Уверена, за тобой следят сверху и снизу и темболее те, кто живёт на этой земле. Даже я бы удивилась, если бы после собрания королей к тебе бы не приставили наблюдателей... удивительно что с этой деревней еще ничего не сделали. 

Она пожала плечами.

— Стоит задуматься о своём окружении...

Положила руки на колени, мельком глянула на барную стойку... хочестя пойти выпить, но вместо этого активировала кольцо.

> Триггер: Хорошо. Ты выиграл нам время и нашёл сомнительных, но союзников. Хоть земля под ногами есть.

Сора покосилась на ножны, затем снова на Лойда.

> Триггер: Этот меч был в семье... скажем так, ""семейной реликвией"". У всех же семей такие есть? Ну, вот и у меня была. После того как семьи не стало, он остался на континенте без присмотра - и на удивление, его даже не украли. Когда я отомстила - забрала то что мне причиталось, включая меч и покинула континент, больше не возвращаясь. 

> В общем предполагаю что мама забрала его с собой, покидая мир ёкаев...  Слушай... Меч ведь не мог взяться из ниоткуда. Не думаю, что прошлая его сделала. Значит существует кузнец, способный создать **разумное** оружие, убивающее ёкаев. Нынешняя сказала мне, что прошлую убить не получится - верить или нет, без разницы. Пытаться сейчас - почти самоубийство. Но думаю пока что стоит найти того, кто создал это оружие. Уверена, что это был не обычный человек: либо ёкай, либо... ... это существо давно в преисподней. Найти его в теории можно с помощью разумности клинка. В общем, что скажешь? Если идея имеет смысл, займусь поисками после возвращения из междумирья. Всё равно у нас пока есть безопасное время.

Закончив, девушка кивнула и ответила вслух:

— Конечно передам привет... и Адаму тоже. Кстати, а где твой голубоволосый?","samin__","1495789724487520437"
"20.04.2026 19:48:59","ktoia","#6622","— Лина —

Лина ждала, когда огромный БОБЕР поделится заветными координатами еды, главное чтобы кладем оказался не уродом. Но когда акула влетела ему в спину, Лина от неожиданности подпрыгнула и отшатнулась назад. Видя нешуточную перепалку и понимая, что Лилит собирается обезглавить бедолагу, она сначала хотела помочь бобру... но потом вспомнила, что сама хочет есть. И слегка замешкалась, наблюдая за картиной.

Однако, увидев как бедного бобра душат, она замахала руками и стала осторожно приближаться к перепалке - но не слишком близко, чтобы самой не получить.

Сделав несколько маленьких шажков вперёд, она достаточно громко сказала:

— Але! АЛЕ! У НАС ТУТ ДОГОВОРНИЧЕК БЫЛ!!! Эй! Стоп-стоп, хватит!!!!

Её НАВЕРНОЕ конечно никто бы не слушал - кто она такая, чтобы её слушались? Ничего не оставалось, кроме как попросить настойчивее прекратить пускать бобра на мясо. Да и бобру надо было дать успокоиться.

— Так, нет-нет! Просто **ЗАМРИТЕ**!!! БРЕЙК, БРЕЙК!

И бобёр и Лилит ни с того ни с сего застыли в том положении котором сейчас были - их конечности перестали слушаться.

||<@1405305963375759440>||","biok_ymer; samin__","1495792088606965860"
"20.04.2026 21:41:43","biok_ymer","#9440","—Лиллит—
|-----------------------------------------------------------------------------|
Рыбка хоть и получила сильно по голове от Бобра, она хотела  продолжить настойчиво душить, ведь рано или поздно бы у него сдали силы, отчего стоило подражать как вдруг... Она перестала чувствовать тело!? Она кубереи упала на землю, не в силах шалахнуться и смотря в сторону бобра, что не могла тронуть, она проговорила(не думая, что это дело рук Лины):
|-----------------------------------------------------------------------------|

—Похоже это зверьё магическое какое... Не могу шевелиться, беги отсюда иначе он нас обоих сожрёт.

|-----------------------------------------------------------------------------|","ktoia","1495828643614687243"
"21.04.2026 13:34:59","samin__","#2997","— Лойд Фронтера —

И тут Лойда переиграли. Он и думать забыл про то, что за ним следят. Слишком много всего навалилось, а теперь есть относительно свободное время чтобы это уладить. Слежка... вряд ли на него обращено столько внимания чтобы каждый материк следил за ним, однако небожители точно что-то вынюхивали, но с ними вопрос уже считай решён. Кай точно кротко наблюдает и получает информацию. Не удивлюсь если он уже сделал систему связи, которую я ему предложил на собрании королев. А вот остальные... вряд ли. Если бы кто-то наблюдал, Лаура бы испепелила его при нашем разговоре... значит церковники пока что про меня не прознали, а это сейчас самое важное насущное. В прошлом мире церкви как таковой не было, а тут она может оказаться куда хуже...

Дальше слушая Сору, парень удивился её прозорливости. Неужели она умеет **думать**!? Это было удивительно, учитывая что она вытворяла вчера?! Кузнец... и меч как семейная реликвия. Звучит как объявление тому, как родители Соры вырвались в мир смертных, однако видно ещё несколько несостыковок. Тем более что прошлая по сути своей бесмертна. Убивать её бессмысленно и опасно для самого мира, так что придётся лучше прописывать изменение. Мир пока что перестал вредить мне, ведь я вписал себя как того, кто как раз хочет идти по сюжету, однако на сколько долго это продлится - вопрос со звёздочкой. Да и я не уверен что прошлая - зло. Всё указывает на это, однако по законам всех возможных жанров это может оказаться заманухой. От решения зависит множество судеб... сложно...","ktoia","1495824256079233095"
"21.04.2026 13:35:00","samin__","#2997","Вновь отклонившись на стуле, парень проговорил:

> Рация: Понял, значит попробуем найти создателя мечика. Думаю он сможет пролить свет на происходящее, а быть может и ""пробудет"" меч. И... он разумный значит... занятно конечно, но на сколько понимаю он тебе не отвечает ||иначе бы отговорил выпускать ёкая||. В таком случае так и поступим, а я пока что разберусь с насущными проблемами. Понять бы как ёкаи и грешники вышли в мир без твоего мечика... хм... думаю как разойдёмся поспрашиваю у местных

После парень покосился за барную стойку, за которой стоял шут и проговорил:

— На счёт слежки это ты хорошо подметила. За мной и вправду следят, а я их даже не замечаю. Ксавьер остался в городе ""приглядывает"" за Юки, от чего спокойнее не становится. Нужно закончить здесь и вернуться к ним, пока что план такой. Там ещё Бибон лес валит. Пока нет места для строительства государства, нужно облагораживать это местечко. Ещё и шахта на мою голову... и **заказ** от одной демоници, что называет себя ангелом

/Голова парня повернулась на собеседницу/
— В таком случае мы закончили? Просто ты так настаивала на разговоре, что я уж подумал что ты меня прибить хочешь

Сказа это, уголок губы Лойда приподнялся","",""
"21.04.2026 13:43:41","samin__","#2997","— Бибон —

Бобер просто хотел ВЫЖИТЬ, от чего уже хотел прыгнуть спиной вниз, чтобы размазать нападающего, однако после первой же атаки тот перестал чувствовать своё тело. Из-за комплекции тот немного пошатался из стороны в сторону как неваляшка, а после с грохотом рухнул набок. Услышав ""лестный"" комментарий нападающей, тот фыркнул и сказал:

— БИ-БИБИ-БОН БА-А-А!!! [Я?! ЭТО ТЫ НА МЕНЯ НАПАЛА КОНЧЕНАЯ! ЭТО БЫЛ ВАШ ПЛАН?! СНАЧАЛА ЗАГОВОРИТЬ МНЕ ЗУБЫ, А ПОСЛЕ ПУСТИТЬ МОЙ ПОТРЯСАЮЩИЙ ХВОСТ НА МЯСО?!]

||<@815329322881646622> ||","biok_ymer; ktoia","1495857011860963430"
"21.04.2026 14:09:00","ktoia","#6622","— Сора Райдэн —

> Триггер: Значит, так и поступим.

Закончив, Сора подалась вперёд, отклонившись от спинки скамьи и дослушав Лойда ответила:

— Понятно, весь в делах... ну, не удивительно.

Пожав плечами, она встала из-за стола и добавила:

> Триггер: Постараюсь хоть как-то тебе помочь. Как минимум подарю Айри кольцо, чтобы ты мог с ней связаться в случае чего. Она у меня умная, да и вы вроде в ладах, так что сможет помочь советом.

Наконец выйдя из-за стола, мечница сказала на прощание:

— Прибить тебя хотела только вчера... благо не сделала. Мкхм... И всё же спасибо за то, что делаешь.

Пауза. Разворот в сторону выхода из таверны.

— Ещё свидимся.

И - молчаливый выход из здания. Сора не стала задерживаться в деревне демонов: стоило побыстрее вернуться в междумирье...","samin__","1496096912741236826"
"21.04.2026 14:21:44","ktoia","#6622","— Лина —

Лина продолжала настойчиво трясти ручками из стороны в сторону, надеясь, что её заметят и прекратят, но увы. Две невольные участницы рухнули на пол. Во дела... Похлопав глазами, она посмотрела на них, а затем слегка хмыкнула - ситуация была одновременно смешной и страшной. Вернув личику обычное выражение, Лина поглядела на упавшую акулку и бобра и стала подходить, говоря:

— Ам... э-э-э... Лиллит, а бобрик тоже упал... АЙ, да не ори!!!

Потерев уши от бобриных криков, Лина подошла чуть ближе - уже к Лилит и косясь то на бобра, принялась нагло врать, придумывая несусветный бред, лишь бы разрешить конфликт. Присев на корточки рядом с акулой, она заговорила:

— Лиллит... я кажется поняла. На этого бобра НЕЛЬЗЯ нападать, а то он замораживает обидчиков. И себя тоже - это типо как... э... оплату за защиту... вот. Тебе нужно перестать думать о том, как его убить и тогда ты наверняка разморозишься. Я уверена что права.....

Если та действительно поверит и перестанет думать как расчленить и зажарить бобра, то чувство собственного тела вернется, а после нее у бобра тоже.
||<@1405305963375759440>||","biok_ymer; samin__","1496099099966181516"
"21.04.2026 18:43:35","biok_ymer","#9440","—Лиллит—
|-----------------------------------------------------------------------------|
Непонимая о чём та, та хмыкнула, но все же послушалась, отчего почувствовала своё тело вновь и вставая с места стала отходить от зверья, приговаривая:
|-----------------------------------------------------------------------------|

—Если тут всё зверьё такое, то охотой будет сложно добыть нам еды...

|-----------------------------------------------------------------------------|","ktoia","1496108674723217469"
"22.04.2026 01:45:20","samin__","#2997","— Лойд Фронтера —

Парень осталбинел. Тот надеялся немного пособачиться, чтобы выплеснуть накопившейся за сегодня негатив к этому мирку, однако... ему не дали этого сделать. Напротив, поблагодарили и пообещали облегчить бремя. Данное изместие поставила парня в ступор на столько, что тот пртшëл в себя, когда девушки уже и след простыл. Щëки горели, а сам он с ошарашеным лицом смотрел в сторону где ещë минуту назад стояла та, кто насмехалась над его сознанием. Проморгавшись, парень слегка побил по румяным щекам, не понимая от чего его это так задело

Встав из-за стола, тот кинув многозначительнвй взгляд на дверь. Итогом сегодняшних переговоров можно было считать победу Соры || Отсылка на госпожу кашую ||

Опомнившись, парень быстро выдохнул, возвращая сознание в тело и пошëл к стойке, чтобы докапаться до шута. Сейчас ему было интересно узнать про войну и про то, кто в этой деревеньке главный

|| <@1405305963375759440> ||","biok_ymer; ktoia","1496105472338559106"
"22.04.2026 06:32:31","biok_ymer","#9440","—Шут—
|-----------------------------------------------------------------------------|
Та всю беседу мечницы с дипломатом разговаривала с другими клиентами, однако время от времени, та все же кидала мимолётный любопытный взгляд на парочку и как та разошлась стала подглядывать на одинокую тушку, что похоже не осознала, что её отшили... Той даже на секунду стала жаль его, однако увидив что он двинул к стойке, те не придумала ничего лучше как не налить кружку Эля и поставить на стойку, говоря:
|-----------------------------------------------------------------------------|

—Ну не печалься, все воительницы живут битвой, а не личной жизнью, в другой раз повезёт.

|-----------------------------------------------------------------------------|","samin__","1496280707671134341"
"22.04.2026 11:16:42","samin__","#2997","— Бибон —

На удивление бобра, его не попытались прикончить... СНОВА! Тот медленно поднялся, ОЧЕНЬ недовольно смотря на парочку, а после сказал:

— Бон... Бон-би Ба! [Сама ты зверьё... Сначала нападают, а потом обзываются. Что вам нужно! Я работаю!]

Так трудоголик и продолжил смотреть на парочку, примечая что одна из них определённо не человек. Тут до бобрика дошло что его ОПЯТЬ не поймут, от чего думая как бы передать своё КРАЙНЕЕ негодование сжал лапку, показывая средний палец

||<@815329322881646622>||","biok_ymer; ktoia","1496174571425103872"
"22.04.2026 11:42:09","samin__","#2997","— Лойд Фронтера —

Парень думал какой вопрос бы задать первым, однако в коммуникации его опередили, вновь ставя его в тупик. Растерянно смотря на БУХЛО, тот выслушал бармена, а после вылупившись на неё, обернулся на дверь, потом вновь на шута, опять на дверь и наконец опять на БУХЛО! Сглотнув слюну, тот прикрыл глаза поджав губы, а после садясь за стойку отодвинул кружку от себя, указывая второй рукой на дверь, отвечая:

— Это НЕ вариант. Тем более что она лесбуха. И да, спасибо, но я в завязке. Есть что-то без алкогольное?

Угрюмо покосившись на кружку, парень вновь тяжело выдохнув, проклиная тот факт, что его перенесло в тело именно ЭТОГО бухающего урода, понимая что если он сделает хотя бы глоток, придётся проводить ""магическое кодирование"" чтобы выйти из запоя. Выдержав паузу, тот добавил:

— Давненько не виделись, похоже у вас тут всё паршивенько

Бармен - человек... или в этом случае грешник, который знает всех чертей в деревне и точно вертит слухами и разными проблемами, что сочатся изо рта бухущих существ любых мастей. Нужно было изначально идти сюда, а не шататься по деревеньке, распугивая всех своим видом","biok_ymer","1496352981266993294"
"22.04.2026 21:43:33","biok_ymer","#9440","—Шут—
|-----------------------------------------------------------------------------|
Непонимая от чего тот отказался от бесплатного алкоголя та взяла кружку и сама отпила залпом, убирая уже пустую кружку под стойку. После она достала из стойки бутыль воды и наливая его подвинула к парню, слушая и тут же отвечая:
|-----------------------------------------------------------------------------|

—Незнаю что такое ""лесбуха"", но я так полагаю ничего хорошего это не значит, печально. А у нас тут все не так плохо, я бы сказала спокойно. Сейчас наша защитница загружена больше обычного и ремесленники, отчего у меня работает прибавилось, что даже плюс, ведь скучно сидеть в целом баре без дела!

|-----------------------------------------------------------------------------|","samin__","1496430903528788080"
"22.04.2026 23:24:54","samin__","#2997","— Лойд Фронтера —

Суровая девица. Залпом опрокинуть эльчика... воу. А быть может у демонов всё иначе? Больше склоняюсь к первому. Посмотрев на воду, парень взял кружку, слегка покрутив ту в руках, чтобы вода за малым не выливалась за края и сказал:

— Это значит что она по бабам... мда... значит спокойно? А я видел что много раненых. Был я в вашей шахнёнке и кто её вообще строил? Теперь понимаю почему там обвалы происходят. Перестроить бы их по хорошему. Я вот пришёл со стройкой помочь. У тебя есть на примете кто-то, кто пойдёт на роль прораба?

Договорив, парень поднёс стакан ко рту и сделал глоток","biok_ymer","1496582249313865890"
"22.04.2026 23:25:00","ktoia","#6622","— Лина —

Лина выпрямилась вслед за Лилит, но отошла от бобра недалеко - встала примерно посередине между ними. Пока двухметровая туша поднималась, она успела сказать акуле:

— Да... Если тут все такие, еды нам не найти. Ам... слушай, а ты...

И тут в голове оглушительно раздался чужой голос. Лина дёрнулась так сильно, что чуть не упала и выпалила:

— АААА! ЭТО БОБЁР ВСЕ ЖЕ ГОВОРИТ?! ОТКУДА ТЫ ЗНАЕШЬ, КАК МЕНЯ ЗОВУТ? Э... э...

Тут до неё дошло: это не бобёр. Понимание пришло одновременно с тем, как бобёр показал ей фак. Лина тупо уставилась на его лапку, пытаясь осмыслить происходящее и параллельно сообразить, как ответить Дейви.

Вспомнив, что она назначала какое-то умное кодовое слово, она начала лихорадочно перебирать варианты:

> Лучшая, Легенда, Герой, Визенок, Попаданка, Любимка, Еда, Йоу: раз, два, три... так. НЕ ОРИ МНЕ В ГОЛОВУ! Я УЖЕ ПОДУМАЛА, ЧТО НА МЕНЯ ОГРОМНЫЙ ДВУХМЕТРОВЫЙ БОБЁР БЫЧИТЬ НАЧАЛ.

Она взглянула на фак.

> Лучшая, Легенда, Герой, Визенок, Попаданка, Любимка, Еда, Йоу: Кхм... ДА, ДОБРЫЙ ДЕНЬ! Я ПРЕКРАСНАЯ, ОХОТНИЦА, КОРМИЛИЦА И ЕЩЁ НОВУЮ СИЛЬНУЮ ПОДРУГУ ПСИХА НАШЛА! СЕЙЧАС В ТОМ МИРЕ, ГДЕ МЫ БЫЛИ. В ЛЕСУ, КОТОРЫМ УПРАВЛЯЕТ ГИГАНТСКИЙ БОБЁР... Я НА ОХОТЕ И НАДЕЮСЬ, МЕНЯ НЕ СКУШАЮТ! ЭЙ ТЫ, ДА ХВАТИТ ПОКАЗЫВАТЬ ПАЛЕЦ!

Лина потрясла головой, перестала общаться с Дейви и глядя на бобра, заговорила:

— Бобёр, давай МИРНЯК! Ты покажешь, где в лесу ЕДА, а мы спокойно разойдёмся. А? А? Хороший же выход!
||<@1405305963375759440> ||","biok_ymer; samin__","1496424497459232808"
"24.04.2026 10:38:45","biok_ymer","#9440","—Шут—
|-----------------------------------------------------------------------------|
Та не сильно долго думая чем заняться как в любом клише взяла тот самый стакан с под Эля и начала его протирать, попутно слушая недовольства человека, удивляюсь понятию ""лесбуха"", после чего добавила:
|-----------------------------------------------------------------------------|

—Ого, а по ней и не скажешь, что она такого рода приключениц... Ну видно воин до крови костей, любит завоёвывать и свою любовь, ха?

-Хм шахтенка? Да её и разработала то в попыхах, в попытках найти чего ценного, дабы иметь возможность торговать с людьми. Да и у нас тут мало умельцев способных что-то самим взрастить, отчего и приходиться пологаться на ремеслинов, что работают с металлами. А вот прораб хмм, не уверена что знаю такого человека ""в этой"" деревне, иначе бы и шахта у нас была более хорошее, не так ли?

|-----------------------------------------------------------------------------|","samin__","1496607755484528791"
"24.04.2026 14:39:21","samin__","#2997","— Бибон —

Смотря на придурковатость парочки, бобрик состроил непонимающую мордашку, а после заметил колечко, что красовалось на пальце девочки. Припоминая данный фасончик и понимая как долго та молчала, бобрик так-же вспомнил и её голосочек, вспоминая что та ушла вместе с ""маньяком"" выводы были сделаны довольно быстро, от чего фак опустился сам собой, он ОЧЕНЬ бысто захотел вернуться, когда было услышано предложение ""мирно разойтись"". Тот стал махать культяпками, крича:

— Бибон! Бибон-бон-бон! [Да какой мирно! Она меня чуть не кокнула, а теперь вы ходите на мирняк выйти?! Я УЖЕ В СРОК НЕ УКЛАДЫВАЮСЬ! Культурно не получится!]

Вновь поняв что тот останется не понятым, бобер выдохнул просто указывая в рандомную сторону, чтобы от него уже отстали в конце то концов. Правда разворачиваться спиной к этим двум конченым, тот не спешил, ожидая подвоха

||<@1405305963375759440> ||","biok_ymer; ktoia","1496607781564846201"
"24.04.2026 14:52:41","samin__","#2997","— Лойд Фронтера —

Услышав неутешительные новости, парень сделал ещё пару глотков, опустив стакан на стойку. Переведя дыхание, того вновь мурашнуло после воспоминания о ""шахте"". Немного потупив в воду, тот стал рассуждать в слух:

— Дерьмово. Значит даже искать бессмысленно? Ммм... учить кого-то с нуля будет долговато... да и на примере ничего не показать. И вот спрашивается где профиль свой применить?

Тут к парню пришло осознание, тот поднял взгляд на шута и сказал:

— Ты сказала ""в этой""? А в других? Эм... нет, стоп-стоп. А почему вы вообще вместе не живёте?

Действительно. Их ненавидят почти во всём мире, а значит им незачем расселяться, тем более что разногласий не должно быть много, ведь война закончилась чуть более года назад. Хотя если бы кто-то увидел что они собираются в одном месте, против них точно бы вызвали инквизицию, собранную со всех материков","biok_ymer","1497139722785521734"
"24.04.2026 15:13:29","ktoia","#6622","— Лина —

> КУДА ТЫ ВЫДВИГАЕШЬСЯ? ЧЕГО Э... ладно!

Лина решила пока забить на Дейви - дебаты с бобром и акулой ещё не закончены. Она развела руками и открыла рот, чтобы начать выдавать базу, но бобёр затряс лапами и очень настойчиво объяснил, где найти еду. Лина опустила руки и стала внимательно слушать его ""бибоны"", делая вид, что ТОЧНО ВСЁ ПОНИМАЕТ.

Когда он закончил и указал направление, она энергично закивала и переглянувшись с акулой, сказала:

— Ну ВОТ! Вот! Ещё посидим! Ой, кхм. ДА! Спасибо, бобёр! Я рада, что мы поняли друг друга. И больше, пожалуйста, не заставляй мою подругу терять чувствительность тела! Ммм... Всё изи бриджи, бай-бай!

Лина развернулась в указанную сторону и зашагала, бросив акуле:

— Вот так решаются дела с магическими зверюгами! Ха! Магия - 0, я - 1!

Она уверенно двинулась вперёд - в ту самую рандомную сторону, куда указал бобёр. Ей даже в голову не пришло, что он мог их обмануть.

||<@1405305963375759440>||","biok_ymer; samin__","1497200270348652665"
"24.04.2026 16:26:56","biok_ymer","#9440","—Шут—
|-----------------------------------------------------------------------------|
Клоун хмыкнул услышав вопрос, отчего перестав натирать стакан убрала его а после подлив из кувшина ещё воды для парня оставила новую порцию возле парня, а после нятанув кривую улыбку отвела взгляд в сторону, говоря:
|-----------------------------------------------------------------------------|

—Нуууу сам понимаешь не все выжившие демоны после войны собрались бы в одном месте... Да и многие недопонимания в группах присутствовали, отчего и поселений то несколько и там скорее всего есть кто-то, кто может тебе в этом помочь. Однако не особо и хочу в тебе убивать уверенность, но не думаю, что тебя там примут, как тут. Отчего, я бы на твоём месте взял бы кого из местных, если вдруг захочешь порвтать счастья договориться с кем.

|-----------------------------------------------------------------------------|","samin__","1497203625574010941"
"24.04.2026 16:32:05","biok_ymer","#9440","—Лиллит—
|-----------------------------------------------------------------------------|
Зверь непонимающе глянул в сторону девушки, а после на бобра и непонимая как на этой реогировать, та повторила знак, что он показывал, не особо понимая смысла среднего пальца, а после пошла следом за <@&1496356379513061526> , все ещё время от времени поглядывая на зверя( <@&1496353875748323470> ).
|-----------------------------------------------------------------------------|","ktoia","1497208863202607145"
"24.04.2026 16:35:53","samin__","#2997","— Бибон —

Бобрик в шоке от наглости акулихи хотел было выйти на продолжение конфликта, ведь была задета его честь, как ""хозяина леса"", однако припомнив что его чуть не придушили сдержался. В любом случае об этом позоре никто не узнает кроме деревьев, от чего тот принял волевое решение ""избавиться от свидетелей его позора"" продолжив валить лес, а после относить доски в стопку, которую тот старательно складывал, попутно контролируя идеальную влажность древесины (облизывая её) или наоборот дыша смотря от дерева","biok_ymer","1497228644312023070"
"24.04.2026 16:51:43","samin__","#2997","— Лойд Фронтера —

Парень молча покосился на воду, которую ему обильно подливали, думая стоит ли это пить... однако не увидев подвоха пригубил ещё немного, обдумывая слова Шута. Хотелось выпить хоть что-то более вкусное, однако брусничный энергосик нужен был ему для дня X, чтобы побыстрее восстановиться, от чего приходилось довольствоваться и этим. Он уже давно привык к воде, что в других фентези мирах была куда вкуснее и чище, чем в Сеуле, от чего тот стал неспешно утолять жажду

Она точно что-то скрывает, а точнее недоговаривает. Хотелось узнать что, однако давить тот не видел смысла. Это уже сегодня сыграло с ним злую шутку, от чего тот решил просто отпустить этот момент. Закончив пить, парень сказал:

— Значит даже у вас разногласий достаточно. Могу понять почему. Значит походить по деревенькам. Хм...

/Парень посмотрел на тыльную сторону ладони смотря на место, где должна была быть метка/
— Ну... убить сразу не должны. Правда мало кто согласится пойти в другую деревню, вместе со странным человеком. Да чего говорить, я просто своим видом чуть до слёз вашего лекаря не довёл. Варианта всего 2. Либо найти кого-то достаточно отбитого, кто согласится пойти на такую авантюру, либо просить Итами

Договорив, парень взял кувшин доливая воды. А... сколько он уже выпил? Ему халява желудок расширяет или что?","biok_ymer","1497227346288185417"
"24.04.2026 21:52:32","ktoia","#6622","— Лина —

Проходя сквозь лесные дебри Лина то и дело получала веткой по лицу и громко айкала на всю округу. В какой-то момент она задалбалась получать по лицу и развернулась на свою спутницу. Потерев затылок та недовольно глянула на акулу и провзагласила:

— Лилит слуууушай. Я конечно там охотница все дела, но... мммм... Мне кажется нас обманули!","biok_ymer","1497228644312023070"
"27.04.2026 17:34:37","biok_ymer","#9440","—Лиллит—
|-----------------------------------------------------------------------------|
Слепая не особо понимала куда они идут, однако лишний раз думала вопросов не задавать и как только ей сказали, что она и не знает куда идёт недовольно нахмурились, идя уже в другую сторону и говоря:
|-----------------------------------------------------------------------------|

—Ты глупая что-ли, верить животине? Давай тогда найдем другого зверя и пустим его на фарш.

|-----------------------------------------------------------------------------|","ktoia","1497309286810779768"
"27.04.2026 17:46:53","biok_ymer","#9440","—Шут—
|-----------------------------------------------------------------------------|
Девушка не стала лишний раз продлевать воды или говорить что-то, отчего оставила размышления на парне, лишь ухмыляясь на его переживания.
|-----------------------------------------------------------------------------|","samin__","1497233581154635867"
"27.04.2026 18:15:51","ktoia","#6622","— Лина —

Лина возмущенно, резко выдала:

— Чегооо? Я - глупая?!

— Это я то?! Да **я между прочим единственная, кто в этой компании пытается мыслить позитивно и верить в добро!**

Уперев руки в боки, продолжила: 

— **Бобер разумный!**  Он разговаривал, он показывал жестами, он даже считай на пальцах что-то объяснял!... /вспомнила про фак/ э.... на своем языке. Он такой же разумный как и ты! Только пушистее и без твоих закидонов! И вообще, Лилит **это дискриминация по видовому признаку**! **Ты что, расистка?** Да-да я серьёзно! **Ты не веришь бобру потому что он бобер?!** А он между прочим был таким добрым! Пока ты не влетела ему в спину!!! **Я почти уже тогда оформила договорняк!!!**

— КХМ.... Ну подумаешь, обманул. А вдруг нет? Вдруг мы сейчас выйдем на поляну, полную вкуснятины?!

Глянула из-за плеча назад.

— Или нет... ам....

Хмыкнув она обернулась обратно и выдала:

— Раз не веришь бобру и мне то давай будет по твоему! Веди ты, а я следом.","biok_ymer","1498331542324383917"
"27.04.2026 21:44:48","samin__","#2997","— Лойд Фронтера —

Кивнув своим-же рассуждениям, парень допил халяву, что осталась в стакане проговорив про себя ""не капли врагу"". Отпитый вдоволь, тот прикинул варианты: С бардом идти стрёмно, да и прирезать может, шут вроде вариант, но малознакомый, лекарь... точно нет. Видно не зря она так боится людей, так что если предложу пойти в деревню с демонами, **на едине, по лесу**, та и вовсе завизжит. Итами - вроде как и вариант хорошо, но разошлись в прошлый раз мы не на самой приятной ноте. С другой стороны она единственная кто знает про то что я из другого мира, так что можно будет и странные темы поднять. В общем то варианта 2. Итами и шут. Ни ту, ни ту не хочется отрывать от работы, однако если выбирать, то определённо кошко-демон будет безопаснее

С этими мыслями парень засунул руку в сумку и достав от туда пару серебряных положил их на стол, рассудив что лучше задать остальные вопросы спутнице, чтобы не спалиться на какой-то мелочи. Улыбнувшись с лёгкой усталостью, тот проговорил:

— Спасибо за интересную мысль. Не знаю в ходу ли у вас тут монеты, но рано или поздно пригодятся. Попробую что-то придумать с архитектором, но а пока пойду. Чем раньше тут управлюсь, тем раньше вернусь домой

Слегка придурковато подвигнув парень спрыгнул с барного стула на пол, погрузив лопату на правое плечо, с чётким ощущением, что скоро на нём останется вмятина от рукоятки. Сделав пару шагов в сторону двери тот проговорил:

— Кто знает, может потом научу тебя делать газировку с шотиками и стану завсегдатым

Махнув рукой на прощание, тот вышел из бара, а после направился... а куда? Где тут живёт Итами? Пу-пу-пу... и спрасить же не у кого. Не возвращаться же к Шуту... ладно, разберёмся по ходу, когда не разбирались

||Вкинь КошОчку как нито, я подстроюсь||","biok_ymer","1498334631169228800"
"28.04.2026 11:54:37","biok_ymer","#9440","—Кошочка—
|-----------------------------------------------------------------------------|
И тут нежданно негаданно тот вновь почувствовал пронзительный взгляд на себе, но на сей раз ближе, чем прошлый раз. Осмотревшись вокруге, тот увидил что буквально в метре от него стояла миниатюрная девочка кошечка, что не сводила глаз с него... И что с ней не так?
|-----------------------------------------------------------------------------|","samin__","1498394504909291661"
"28.04.2026 12:42:23","samin__","#2997","— Лойд Фронтера —

Парень приспокойнейше шёл, думая до кого бы до колебаться. На примете было парочка друзей орков, но тому резко стало не по себе, учитывая что он и сам уже начал сравнивать себя с ними. Самооценочку нужно **приподнять**. С этой мыслью, что нужно возвращаться в прайм, парень остановился на месте, потирая глаза

И тут сработал фактор того, что система сделала его недо-магом. Лойд уловил на себе чей-то взгляд. Оглядевшись, тот опустил взгляд вниз и увидел... ОЙ БЛЯ

Отшатнувшись назад, парень сориентировался, сосредоточив взгляд на чёрном нечто перед собой. Это была... та девочка? Эм... что ей... от неожиданности парень выдал самое логичное (на его взгляд) что мог:

— Ой, привет, ты заблудилась?

Осознание пришло моментально. КАКОЙ ЗАБЛУДИЛАСЬ, ОНА ТУТ ЖИВЁТ. Ты что сука несёшь?!","biok_ymer","1498608367508262992"
"28.04.2026 20:41:33","biok_ymer","#9440","—Кошочка—
|-----------------------------------------------------------------------------|
Девочка пожала плечами, а после подойдя поближе сказала:
|-----------------------------------------------------------------------------|

—Не сказала бы, но спасибо за беспокойство. Вам нужна помощь~?

|-----------------------------------------------------------------------------|","samin__","1498620386454143129"
"28.04.2026 21:05:47","biok_ymer","#9440","—Лиллит—
|-----------------------------------------------------------------------------|
Девушка не поняла к чему та стала придираться, да и не особо слушала её россказни про возможный интеллект у животного переростка, отчего стала спокойно себе обнюхивать окружение и в какой-то момент остановилась, ""осматриваясь"" в разные стороны, показывая пальцем в одну и говоря:
|-----------------------------------------------------------------------------|

—Там есть что-то маленькое, группа, скорее всего кролики или другая магическая живность. Будешь пытаться выйти на контакт или все же дашь мне поохотиться?

|-----------------------------------------------------------------------------|","ktoia","1498341920202821853"
"28.04.2026 21:23:42","ktoia","#6622","— Лина —

Лина пожала плечами и повернула голову в ту сторону, куда указывала Лилит. Вгляделась в лесную чащу, будто могла там что-то разглядеть и ответила:

— Кролички... Блии-и-и-ин..

Она замялась. В голове мгновенно пронеслась умильная картинка: пушистые комочки, длинные уши, крошечные носы... Она почти хотела придумать способ задефать малышей, но желудок предательски заурчал

Лина отрицательно покачала головой и махнула рукой в сторону леса.

— Да ладно уже... Их песенка спета. Иди охотница!","biok_ymer","1498747073540001832"
"28.04.2026 23:08:53","samin__","#2997","— Лойд Фронтера —

Придя в себя парень заприметил, что ребëнок его не боится. Списав это чудо на то, что его СНОВА приняли за орка, тот на своë же удивление обрадовался такой реакции. Что-что, а пугать детей тот не планировал, от чего облегчëнно выдохнув, тот рассудил что вот и объект, который подскажет ему дорогу

Миловидно улыбнувшись, тот понизил тон голоса, отвечая девочке:

— Ой, ну раз ты спрашиваешь~, то я и вправду хотел бы спросить, не знаешь ли где тут дом Итами~?

Благо парень уже наученный горьким опытом общения с Юки, знал как найти подход к детям","biok_ymer","1498740972744478880"
"29.04.2026 01:48:20","biok_ymer","#9440","—Кошочка—
|-----------------------------------------------------------------------------|
Девочка не особо поняла отчего с ней так милы, однако приняла это как должное взяв парня за руку и ведя его по улице в сторону домов, говоря:
|-----------------------------------------------------------------------------|

—Хорошо, я вам с радостью помогу с этим. Я знаю где живёт нужная вам кошка и покажу.

|-----------------------------------------------------------------------------|","samin__","1498778053189570560"
"29.04.2026 11:32:11","samin__","#2997","— Лойд Фронтера —

Когда парня взяли за руку, тот слегка напрягся, однако воспринял это как должное. Продолжая путь, парень свыкся с мыслью что он тут в роли ведомого решил немного пораспрашивать ребёнка. Перед тем как что-то сказать, тот вспомнил свою теорию, что дети УЖЕ рождаются грешниками, однако та могла не знать о своей принадлежности. Взвесив все за и против, тот рассудил, что не стоит спрашивать о таком готическую лолю и задал вопрос, который хотел задать изначально:

— Слу-у-ушай, а кто у вас тут главный. Сколько тут не брожу, а такое ощущение что все сами по себе

Парень специально притворился имбицилом, чтобы сойти за орка что пришёл из другой деревни, благо нормальная отмазка была подогнана шутом","biok_ymer","1498818180393603213"
"30.04.2026 13:18:45","biok_ymer","#9440","—Кошочка—
|-----------------------------------------------------------------------------|
Девочка продолжая вести того, через удочку спокойно ответила:
|-----------------------------------------------------------------------------|

—Ммм, главный? А зачем тебе главный? Мне кажется и без него все хорошо. Или у тебя есть конкретный вопросик, могу передать~.

|-----------------------------------------------------------------------------|","samin__","1498965107554910338"
"30.04.2026 14:43:02","samin__","#2997","— Лойд Фронтера —

Парень не замечая подвоха вновь спокойно, но уже не наиграно произнёс:

— Ой... вопросиков у меня много. У вас тут всё иначе, чем я представлял, так что хотелось бы переговорить с глазу на глаз. Да и мысль интересную подкинуть на счёт улучшения жизни. Кхм... в общем да, вопросики определённые уже созрели","biok_ymer","1499354316467863606"
"30.04.2026 19:17:00","biok_ymer","#9440","—Кошочка—
|-----------------------------------------------------------------------------|
Та уже подводя парня к невзрачно у дому все же отпустила руку парня и обернувшись к нему ухмыльнулась, говоря:
|-----------------------------------------------------------------------------|

—Ммм, ну тогда я тебя слушаю, вроде как меня тут считают ""лидером"", отчего могу помочь тебе с твоим желанием~.

|-----------------------------------------------------------------------------|","samin__","1499375526542835804"
"30.04.2026 19:39:30","biok_ymer","#9440","—Лиллит—
|-----------------------------------------------------------------------------|
И вот началась охота! Рыбалюдка тут же ухмыльнувшись побежала в сторону, в кою указала и как только девушка поняла что происходит, её уже и след простыл. Чуть погодя или идя следом она в итоге бы увидела девушку державшую во рту трёх кроликов за уши. Судя по всему уже мертвых. Как только она заметила девушку, она опустила кроликов на руки, а после закинула в капюшон, дабы не пугать девчонку и спросила:
|-----------------------------------------------------------------------------|

—Хватит или ещё поищем чего? И кстати, а где это, природа живая? Чёт я её ""не вижу"" 

|-----------------------------------------------------------------------------|","ktoia","1498751581334667395"
"30.04.2026 21:21:42","samin__","#2997","— Лойд Фронтера —

От услышанного парень встал как вкопанный. Он то думал что перестал читать этот чëртов мир, но нет. Мысли подобные у него конечно были, но чтобы они сбылись... такого он не чувствовал давненько

Похлопав глазами пару раз, тот тяжело выдохнул вновь осматривая ребëнка с ног до головы, отвечая:

— И вот почему я не удивлëн? У меня точно есть дар предвидения... мда... неловко вышло

/Почесав затылок тот отвëл взгляд в сторону/
— Так, учитывая всë, про меня ты уже знаешь, но всë равно представлюсь. Меня зовут Лойд Фронтера и я человек

Заприметив что это уже звучит как начало террады из клуба анонимных алкоголиков тот усмехнулся вновь опуская взгляд на девочку:

— Мда... я представлял тебя... ммм... немного иначе, но чтож, повторюсь **не удивлëн**. Ну чтож, мне есть о чëм с тобой поговорить. Как могу обращаться?

Можно было начать разговор сразу, но парень решил немного прощупать почву, не будучи уверенным стоит ли раскрывать карты при первой же возможности, даже не зная какая самая сильная, то что он из другого мира или то что он знает о ""Грешниках"" что то что то при раскрытии вызвало не самые положительные эмоции, от чего он решил пока что даже не заикаться об этом, учитывая что похоже Итами выполнила его просьбу и никому не рассказывала о услышанном","biok_ymer","1499444471853486100"
"30.04.2026 21:40:01","ktoia","#6622","— Лина —

Лина не успела и глазом моргнуть как Лилит уже скрылась в чаще. Она растерянно похлопала ресницами, сделала шаг в ту сторону, остановилась, потом ещё один и поняла что потеряла акулу из виду.

Вздохнув, она отправилась следом, продираясь сквозь кусты и старательно обходя грязные лужи. К тому моменту как она вышла на поляну Лилит уже держала трёх кроликов. Лина замерла, глядя на эту картину и её лицо выразило смесь восхищения и лёгкого ужаса.

— Ничего себе... ты как... ну в общем быстро.

Она проводила взглядом кроликов, исчезающих в капюшоне и поёжилась.

— На сегодня хватит. Мне жалко всех их вырезать. Да и столько в один котелок не влезет...

Лина замялась, почесала затылок.

— Корни, наверное, уползли. Точно нас испугались! Мы же такая крутая команда охотников... Кхм... Кстати корни - корнями, но меня другое БОЛЬШЕ интересует...

Она сделала жест 👉🏻 👈🏻 и отвела взгляд в сторону.

— А ты потом... ну, когда готовить будем... сама их ощипывать будешь? Или мы вместе? Потому что я в этом не специалист. Я вообще больше по.. эм... подбадриванию и дегустации.

Девушка медленно направилась обратно к порталу в Междумирье.","biok_ymer","1499450132557725739"
"30.04.2026 21:50:45","biok_ymer","#9440","—Лиллит—
|-----------------------------------------------------------------------------|
Охотница не стала как-то докапываться до девушки, отчего идя следом за ней сказала:
|-----------------------------------------------------------------------------|

—Не проблема, освеживать зверьё я умею. А вот с готовкой можешь и ты подходить, ато я обычно ем сырое.

-Ну а корни... Жаль конечно, хотела побадаться с ними. Ладно, в другой раз.

|-----------------------------------------------------------------------------|","ktoia","1499480465223192790"
"30.04.2026 22:48:05","ktoia","#6622","— Лина —

Лина шла вперёд, стараясь не споткнуться о корни, которые, к счастью, были обычными и неживыми. Покосившись на Лилит.

— Ты ешь сырое? Ну... ладно, дело твоё. Но я буду готовить. Знаешь ли...

Лина гордо вздёрнула голову вверх и продолжила уже с неподдельной гордостью:

— Я вообще то в своём мире лучший шеф повар! Да-да-да! О моих блюдах сложили не одну легенду и каждый мечтал, чтобы я приготовила именно для него. Никакой там Гордон Рамзи в подмётки мне не годится! В общем да тебе повезло дорогая. Я приготовлю тебе такую бомбалеульно вкуснятину, что ты захочешь пойти на охоту снова и снова.

Она весело подпрыгнула на ходу, явно воодушевлённая предстоящим процессом.

— Кстати, ты любишь специи?","biok_ymer","1499483165130227874"
"01.05.2026 19:00:28","biok_ymer","#9440","—Лиллит—
|-----------------------------------------------------------------------------|
Под словом ""специи"" девушка задумалась, пытаясь понять о чем та, не поняв, она почесал а голову и сказала первое, о чём подумала:
|-----------------------------------------------------------------------------|

—Специи? Ты имеешь ввиду соль? Соль зесцтствттельно красит блюдо, однако если переборщить то еда полностью теряет вкус... Ну мне без разницы какую еду есть, чаще всего я предпочитаю кровь, однако не думаю что у вас есть кто-то как Охотник, который выдержит мою жаждут. 

|-----------------------------------------------------------------------------|","ktoia","1499497591338045550"
"01.05.2026 19:10:16","biok_ymer","#9440","—Кошочка—
|-----------------------------------------------------------------------------|
Девочка игриво виляя хвостом подняла рукав платья к лицу, прикрывая ухмылку и говоря:
|-----------------------------------------------------------------------------|

—Хохо, такой уж обычный человек~? Я бы сказала, вы весьма обоятельны и интересный человек, что на равных говорит с нами демонами~.

-Можете пока обращаться ко мне как вам удобно, любое произвище приемлимо. И ммм, по поводу улучшения жизни. Я конечно распорядилась тебе дать свободу тут, однако пока ты для меня большая загадка, может поведуешь, отчего ты принялся за ""нашу"" деревню, а не другие? Раз ты хотел сделать ""равноправие"" и ""мир во всем мире"", где у таких как мы будет свое место, ты должен как минимум знать, что ""демоны"" получили такое название не за красивые глазки. И хоть тут все и ""милы"" с тобой, другие не будут такими же милыми с тобой и людьми в целом. Да и тут весьма цивильно, в отличии от других мест... Так вот, повторюсь, почему тут вырос идол ввиде героя? Какая твоя цель от всего этого в долгосрочной перспективе? Все люди, демоны, ангелы... Абсолютно все существа полочных до своих желаний и я уверена что ты...

/На этом моменте девочка стала подходить поближе и прижавшись к нему подняла голову наверх, убирая руку и улыбаясь говоря:/
-Такой же ублюдок как и все тут. Отчего мне нужно твоё истинное лицо~

|-----------------------------------------------------------------------------|","samin__","1499475852931498097"
"01.05.2026 21:45:14","ktoia","#6622","— Лина —

Лина на мгновение замерла услышав про соль и чуть заметно скривилась - её кулинарное эго укололи тупой вилкой.

Девушка начала размахивать руками как истинная итальянка со словами:

— Соль... ну да, соль - это база. Но специи - это не только соль! Это перец, паприка, корица, базилик, розмарин, тимьян, чёрт возьми лавровый лист!  Ты что, ни разу не ела нормально приправленное мясо?

Она вздохнула, покачала головой, но потом вдруг снова оживилась.

— Ладно, ничего! **Я из тебя гурмана сделаю!** Будешь знать, что такое настоящий вкус!... а не просто соленое-несоленое. ам.... Стоп, охотник? Аэ.... это ты охотник? Или это другой человек? не поняла.","biok_ymer","1499802699040948444"
"01.05.2026 22:00:20","samin__","#2997","— Лойд Фронтера —

Парень явно не ожидая такого разгрома по своей личности выпал из реальности на пару мгновений. Недоверие в его сторону понятно, однако не слишком ли много она разузнала? С одной стороны это было логично, но чтобы на столько помнить трактовки... было жутковато, тем более слышать это буквально от ребёнка, что на вид был примерно одного возраста с Юки

И вот к парню буквально прижались, говоря в лицо что тот ублюдок. Да какого чёрта? Это не он нуждается в них, а они в нём. Недоверие недоверием, но это уже своего рода провокация с проверкой! Да какого чёрта?! Парень нахмурился, принимая тот факт, что перед ним уж точно не ребёнок, а после взяв ту за плечо настойчиво, но при этом медленно отлепил от себя, очень тщательно взвешивая слова:

— Ну, быть может и необычный человек, чего греха таить. Рад что мы оба понимаем что я подозрительный, меньше проблем для разъяснений, но пожалуйста не зови меня героем, а то даже как-то неловко

/Выдавив свою исконно дьявольскую ухмылку, тот убирал руку в карман брюк/
— Как бы сказать. Вчера я уже убедился, что вас зовут демонами просто так. Ведь вы на самом деле не более чем **грешники**. Учитывая что ты их лидер, ты должна понимать значение этого слова, не правда ли? Я до сих пор не знаю как к вам относиться ибо не понимаю одного момента. От чего вы тут нормальные то? Защитница ваша вполне нормальная, если опустить момент, когда та хотела меня сегодня убить, так и не скажешь что ""демон зависти""","biok_ymer","1499805165207949342"
"01.05.2026 22:00:21","samin__","#2997","/Приподняв взгляд, парень повернулся в сторону вновь упавшего дерева/
— Интересно почему я взялся за вашу деревню? Всё просто, я ещё не был в других. Как и что будет в других - не знаю, но собираюсь как раз таки это узнать. Не подскажешь почему я уже третий раз замечаю что ""тут"" все нормальные, но вот про остальные деревни вы такого не говорите. Неужто именно там все маньяки?

/Вернув взгляд на кошочку, тот убрал ухмылку, начиная говорить совершенно спокойно, без каких либо эмоций/
— Отвечая же на твой вопрос я просто хочу создать спокойный и процветающий мир для девочки, что сейчас воспитываю. Неужели это такая ужасная причина?

/Не меняясь в лице тот добавил/
— Ну и разумеется создание своего государства с моими законами, культом личности, налогами, облигациями, офертами, маленьким шрифтом в трудовом договоре и разумеется копеечкой в мой личный кармашек

Вообще тут была лож смешанная с правдой, примерно 60/40, но ей это знать было не обязательно. Первая причина звучала как отмазка, а вот вторая как истинные мысли ублюдка Вряд ли у всех тут такая-же способность как у барда. Да и скрывать то, что парень знает о грешниках, было бесполезно. Та бы узнала это в любом случае, это был лишь вопрос времени. А тут какой никакой, но козырь","",""
"01.05.2026 22:00:39","samin__","#2997","","",""
"01.05.2026 22:55:52","biok_ymer","#9440","—Лиллит—
|-----------------------------------------------------------------------------|
Непонимая про что та, она молча шла следом, однако услышав про охотника чуть погоустнела, говоря:
|-----------------------------------------------------------------------------|

—Тот, от кого я захотела стать охотником... Кхм, неважно. Вкуснее свежего мяса и крови я пока ничего не пробовала, отчего буду рада вкусить что-то новое.

|-----------------------------------------------------------------------------|","ktoia","1499844164970479676"
"04.05.2026 12:24:46","ktoia","#6622","— Лина —

Лина удовлетворённо кивнула.

— Ну вот и отлично! Значит в дом, а там уже будет настоящая магия!

Она решила пока не поднимать вопрос об охотнике - лучше будет поинтересоваться этим уже в доме. Хм... Стоп, а они пересекутся с Джоном?

Время от времени поднимая рандомные темы, Лина пошла дальше вместе с Лилит.

||Скип до портала?||","biok_ymer","1499861938279026870"
"05.05.2026 19:06:07","biok_ymer","#9440","—Кошочка—
|-----------------------------------------------------------------------------|
(Пинга не было, в 14 написал, переотправил)
Убрав рукав с лица, та уже перестала ухмыляться, надев простую улыбку. Чуть отойдя она выслушала парня, а после закатив глаза 🙄 , она отошла ещё дальше, смотря по сторонам и говоря уже более спокойно:
|-----------------------------------------------------------------------------|

—Хмм, в ты подготовился, молодец. По сути ответ лежал на поверхности, просто хотела послушать, что скажешь ты. И ""демон"" зависти не обязан быть тем, кого ты представляешь в своей голове, не мы знаешь ли грехи свои выбирали и поверь, у каждого человека как минимум есть по 3 греха, если не все, отчего и по ним понять человека попросту невозможно.

/И тут наскучив от своего же рассказа, та направила свой взгляд в глаза парня, добавляя:/
-Ну а так ты мне попросту стал интересен! Отчего если захочешь поговорить уже в более личной обстановке с радостью буду ждать. А теперь я пожалуй пойду, не буду мешать ""переговорам"" с другой кошкой. А я и не знала, что ты по кошачьим~, уже целых три в твоём внимании.

/Договорив последную фразу та ухмыльнулась и стала медленно исчезать, словно дух испустила, оставляя парня одного у неизвестного дома./

|-----------------------------------------------------------------------------|","samin__","1499847967220432926"
"06.05.2026 00:33:33","samin__","#2997","— Лойд Фронтера —

Парень смотрел на всю эту картину без единой эмоции, пытаясь сохранять покер фейс. Его определëнно проверяли, но и он выбил почву из под ног собеседници. Думая что бы сказать дальше, тот АФИГЕЛ! Собеседница просто СМЫЛАСЬ! Такого поворота тот не ожидал, от чего выратащив глаза на место где та стояла он постоял пару секунд, а после подойдя к нему провëл рукой там где стояла девочка. Не почуствовав ничего, кроме как то, что он выглядит как кретин, парень сказал себе под нос:

— Вообще-то я хотел обсудить кое что, но ладно-ладно, кому вообще интересно моë мнение, да и на вопрос ты не ответила...

Призадумавшись парень и так понял что безгрешных в этом мире не бывает, но нашрешить так, чтобы переродиться в аду... звучит как довольно жалкая отмазка, как минимум с Итами поднимать эту тему тот не намеревался

И что значит ""по кошачьим""? Ты Юн что ли? Что поделать если этот мир мене подкидывает только полулюдей? Мэх... да и вообще какой гик не мечтал бы увидеть кошко-девочку. Даже иследование спонсировали в 2018, только это скам был, а я всë это вижу в аочию, только вот восторога ""уже"" нет

Поняв что рассуждения завели его куда-то не туда, парень просмеялся про себя, думая что пора возвращаться в форму, а то иначе так и нить Лойдовости можно растерять. От осознания этого факта, тот стал выбирать жертву и ей **естественно** стала Итами

Подойдя к дому, парень приподнял кулак, а после со средней силой потарабанив по двери проговорил:

— Кушать подано!

Тот понимал что это была шутка, но постебать еë за это никто не запрещал","biok_ymer","1501253672833646733"
"08.05.2026 15:20:57","biok_ymer","#9440","—Итами—
|-----------------------------------------------------------------------------|
И вот спустя пару минут затишья из-за двери раздался грохот, а после нервные перемещения, которые в итоге закончились простым:
|-----------------------------------------------------------------------------|

—А э... Чего?... ТОЕСТЬ, можешь заходить...

/Заходя внутрь парень увидит весьма неприбраннуб хибару, в которой то тут то там валялись всякие схемы, простылы и прочие материалы для создания бижутерии, что судя по всему были раскинуты по всему помещению. А в эпицентре стояла девушка, что пыталась впихнуть стопку бумаг в комод, что и так был заполнен множеством бумаг, что выглядело весьма... Забавно? И жалко одновременно./

|-----------------------------------------------------------------------------|","samin__","1501336073681371156"
"08.05.2026 15:46:27","samin__","#2997","— Лойд Фронтера —

Стоя перед дверью и слушая мелодичные звуки разгрома, парень призадумался. Юки, Итами, у двух кошек имена прямо как у японок. Неужели тут всё таки были люди с земли? Хорошо было бы об этом узнать, однако вряд ли это что-то даст. Письменность тут корейская, так что ""тайное послание на неизвестном языке"" уж точно не встретить. Если так подумать, значение имени Юки - Счастье, удача, надежда... да... у этого мира весьма странное чувство юмора. А Итами...

Стояло ему задуматься над значениями слов, ему ответили, разрешая входить. По привычке из дешёвого аниме, тот открыл дверь со словами:

— Простите за беспокойство-о-о-хуеть...

Увидев взрыв сознания девушки, парень прикусив губу осмотрел пол, мебель и вообще весь бардак, понимая что даже когда Лойд был в своей лучшей форме, такого свинарника тот не устраивал. Потупив так пару секунд, тот поставил лопату, облокотив ту о стену и доставая бумагу с пером из сумки начал делать вид что что-то пишет проговаривая в слух:

— Ага... добавить 3 стеллажа в мастерскую из остатков материалов...

Остановившись, тот поднял взгляд, наклоняясь слегка в сторону, чтобы разглядеть что находится позади Итами. Увидив ещё бумаги, тот покивал и с важным видом сделал вид что зачёркивает что-то в бумаге, проговаривая чуть тише:

— Поправка... 5 стеллажей и профсоюз для обездоленных в ходе творческого порыва чертежей. Да-да-да...

Приподняв глаза, тот обратился к ювелиру:

— Я так понимаю случился взрыв? Или просто творческий припадок?

Упоминать о том, что у него при разработке строений было ещё хуже, тот не стал, думая как же он выглядел после трёх бессонных ночей черчения с помощью системы, учитывая что его продуктивность была в раз 5 больше чем у обычного человека","biok_ymer","1502284172851679373"
"11.05.2026 21:31:02","biok_ymer","#9440","—Итами—
|-----------------------------------------------------------------------------|
Девушка закончив попытки впихнуть бумагу, что не впихается хмыкнула, а после переведя взгляд на парня, сказала:
|-----------------------------------------------------------------------------|

—Можно и так сказать... Несколько дней не выходила,вот и захломила тут всё... Кхм, а ты какими судьбами сюда?

/Девушка все же встала более ровно, смотря с неким смущением и ожиданием на парня, виду ту застали не в лучшее время./

|-----------------------------------------------------------------------------|","samin__","1502290589121642658"
"21.05.2026 22:13:11","ktoia","#6622","— Сора Райдэн —

Сора уже хотела идти следом за Айрис, но тут же почувствовала, как меч в ножнах вдруг дрогнул. Лёгкая, едва уловимая вибрация прошла по лезвию и отозвалась в плече. Она на мгновение замерла, прислушиваясь к себе и с удивлением уставилась на клинок.

— ...Что?

Голос в голове прозвучал отчётливо, но как будто издалека. Сора нахмурилась, машинально сжимая рукоять.

— Эльрин? Мх... Ладно, я была не права!

Каким образом и почему, вопрос конечно хороший. Но больше Сору сейчас волнует информация что им на Эльрин... А Эльрин слегка недоступные земли для открытого посещения, если так подумать то попасть туда... а как?

|-----------------------------------------------------------------------------|

Думая над этим девушка зашла в портал, а выйдя из него резко провозгласила:

— <@&1496354329676742667> нам нужно на Эльрин!","",""
"22.05.2026 02:37:22","biok_ymer","#9440","—Айрис Янг—
|-----------------------------------------------------------------------------|
Девушка с непониманием поправляя юбку спросила:
|-----------------------------------------------------------------------------|

—Что? А разве ты не говорила, что нам нужно на Абисус?

|-----------------------------------------------------------------------------|","ktoia","1507098954582589670"
"22.05.2026 08:51:14","ktoia","#6622","— Сора Райдэн —

— Да, тут возник один факт и теперь, как оказалось, нам нужно на Эльрин. Вот только вопрос - как туда попасть?

Мечница подняла руку, высвободив кисти из рукавов, так что накидка теперь держалась только на плечах. Она медленно зашагала вперёд по тропинке.

— Эльрин - это множество летающих островов, закрытых для обычных людей. А под этими островами... Бездна. Так что вопрос стоит остро. Может, всё-таки придется пойти на Абисус, но только за знаниями, как туда попасть...","biok_ymer","1507165438436442185"
"22.05.2026 10:10:14","biok_ymer","#9440","—Айрис Янг—
|-----------------------------------------------------------------------------|
От ответа девушки у Ученого появилось больше вопросов, однако решая лишний раз не докапываться до бедолаги та направилась следом, осматриваясь и говоря:
|-----------------------------------------------------------------------------|

—Что же, могу подсабить с короблем и экипажем, а вот направление я врятли смогу понять, отчего тут будет проблема. Точно следует идти сразу туда?

|-----------------------------------------------------------------------------|","ktoia","1507259526397558815"
"22.05.2026 10:36:41","ktoia","#6622","— Сора Райдэн —  

Сора замедлила шаг, услышав предложение Айрис. Обернувшись, мечница пожала плечами.  

— Ну... есть, конечно, некоторые опасения, что мы идём туда просто так. Но я не знаю других вариантов, как попасть на Эльрин. Что Абисус - я знаю по касательной, а Эльрин - тем более. Мм... да и, насколько я помню, если мы действительно захотим плыть на Абисус, обычной команды не хватит - нужны те, кто с тех вод и знают их...  

Вновь повернулась к тропе.  

— Трудно принять окончательное решение. А может действительно к демонам...","biok_ymer","1507279405540577380"
"22.05.2026 16:40:52","biok_ymer","#9440","—Айрис Янг—
|-----------------------------------------------------------------------------|
Не сильно думая о пути, та сказала:
|-----------------------------------------------------------------------------|

—Хммм, почему бы сначала не зайти в деревню, там как раз должен быть Лойд если я не ошибаюсь... А ты его то помнишь? Ах, не суть, наш друг. Обменяемся планами и быть может он подскажет с чего начать, все же тут чаще нас остаётся.

|-----------------------------------------------------------------------------|","ktoia","1507286061531791392"
"22.05.2026 20:52:08","ktoia","#6622","— Сора Райдэн —  

— Лойд... м-м... Кто-то знакомый.  

Утвердительно кивнув, Сора зашагала за Айрис.  

— Хорошо, раз ты говоришь, то наверное так будет проще всего. Демоны действительно могут многое знать. Кстати, может, расскажешь что-то об этом Лойде? Вдруг что в голову придёт.","biok_ymer","1507377712124399717"
"23.05.2026 13:02:27","biok_ymer","#9440","—Айрис Янг—
|-----------------------------------------------------------------------------|
Девушка осматриваясь по сторонам вспоминая в какую сторону идти направила к деревне деманов, говоря:
|-----------------------------------------------------------------------------|

—Ну он славный парень, самокритичный конечно, но человек слова. Если сказал что сделает, хоть мир перевернет, но сделает. Он даже не совсем мужлан, мне он и вправду нравится хех. Как я понимаю он был Толи дипломатом, Толи архитекторам у себя в мире, вот он и весьма умный, отчего с ним приятно вести беседу. Но ты не переживай, он вроде как этот... Магический воин? Вроде да, типо магию впитывают и с ней сражается. У него ещё подручный есть, сильный мечник такой, но как по мне вылезаный он аристократ, нежели воин как ты! Хех, ты вообще эталон чести и красоты! Хехе.. мм вообще на него можно положиться, но не говори что я о нём такого хорошего мнения, кто мало ли, зазнается~. А деманов там помнишь? Я с ними не особо общалась, отчего ты про них знаешь более.

|-----------------------------------------------------------------------------|","ktoia","1507440946218930256"
"23.05.2026 13:38:48","ktoia","#6622","— Сора Райдэн —

Сора слушала Айрис, отмечая про себя детали. Самокритичный, человек слова, умный, магический воин... звучало почти как описание кого-то, с кем можно иметь дело. Особенно если он держит слово. Однако! Когда она пыталась что-либо вспомнить, накатывала неприятная нотка... Ладно, увидит его на деле и тогда поймёт, какие отношения будут.

— Эталон чести и красоты? Ты это брось... так прямо.

Она слегка поправила воротник, чувствуя, как сказанное Айрис задело что-то внутри. Не то чтобы неловкость - скорее странное, непонятное ощущение.

— Ладно. Про демонов... Хм... Деревня, демоны... /сделала паузу, пытаясь припомнить/ А знаешь, что-то припоминаю... музыкант какой-то там был, клоун. мм... Слушай, всех демонов, которых я по жизни встречала, выглядели так себе. Да и то очень не часто, только по заказу гильдии. Но именно эти фигуры в памяти более отчётливы.

Взглянула на Айрис и спросила:

— Кстати, а далеко идти?","biok_ymer","1507685136097873960"
"23.05.2026 20:54:15","samin__","#2997","— Лойд Фронтера —

Ооо... творческий припадок... ясно-ясно... Лойд вспомнил свои потуги в создании бетона, которые отняли у него добрые 3 недели жизни, а ещё систему орошения, что смывалась на макетах раз за разом из-за переполнения русла... и мост что никак не хотел держаться... ДА МНОГО ВСЕГО ОН ПРОЕКТИРОВАЛ! С неким состраданием посмотрев на демона, тот выдохнул, а после ухмыльнувшись сказал:

— Естественно чтобы тебя развеять! Кхм... ну и конечно попросить кое о чëм

Опустив взгляд чуть ниже, тот увидел их... ЦЕПИ || (а ты о чëм подумал) ||. И вот спрашивается как развидеть теперь их ""смысл""? Парень лишь задержал взгляд на них чуть дольше обычного, однако всë равно почувствовал себя каким-то маньяком, от чего сместив взор в сторону проговорил:

— Меня тут запрягли сделать кое что для вас, но вот только прораба тут не найдëшь, вот мне и предложили поинтересоваться о таких ""демонах"" в других деревнях

— А ты понимаешь что со мной сделают если я покажу нос где-то кроме этого местечка

/Перевëл ехидный взгляд на Итами/
— Напомню что тут меня грозились сожрать~

Явно довольный что упомнил этот момент, парень наклонил голову в сторону, перемещая чëлку с глаза и дополнил:

— Так что по хорошему мне нужен поручитель. Из вариантов - ваша целительница, что боится людей, так что мимо. Защитница, что камень мне не даст, да и в принципе не против моей кончины. Бармен, что явно не горит желанием, ну и ты!

Про готическую лолю тот решил умолчать. Как ни как стояло тоже про неë разузнать, перед тем как идти на ""личный разговор"", ведь та по видимому знала о нëм не мало","biok_ymer","1503464467680202832"
"23.05.2026 22:31:15","biok_ymer","#9440","—Итами—
|-----------------------------------------------------------------------------|
Девушка нервно перебирая прядь волос своими пальцами слушала, в надежде что там ничего важного, однако понимая что тема все же серьезная выдохнула, говоря:
|-----------------------------------------------------------------------------|

—Это была простая попытка запугать...кхм, нужно пойти с тобой в другую деревню? Я не против, все равно нужно развеяться, однако зачем тебе понадобится прораб? Разве ты сам не мастак на подобное управство?

|-----------------------------------------------------------------------------|","samin__","1507803868069888171"
"24.05.2026 00:09:51","samin__","#2997","— Лойд Фронтера —

Парень удивлённый что это была на столько просто кивнул, начиная жестикулировать:

— Ты думаешь я бы не хотел сам контролировать стройку? Это было бы отлично! Но... времени у меня не на столько много, так что придётся просто передать чертежи с несколькими премудростями. Ну и соответственно нужно чтобы хоть кто-то хоть как-то знал хоть что-то про строительство. По сути ничего сложного там нет, так что подойдёт и дилетант

/Отвёл взгляд в окно/
— Да и вашу чёртову пещерку перестроить нужно

/Переведя взгляд назад на девушку, парень сделал максимально серьёзный вид/
— Мне тут уже троя из вас намекали что другие деревеньки тут... отличаются от вас. Не просветишь?","biok_ymer","1507828277400571915"
"24.05.2026 00:51:01","samin__","#2997","— Ксавьер Азрахан —

Просидев в ресторанчике ещё с пол часа, мужчина прикинул время, а после обратился к девочке:

— Полагаю Лойд опять нарушает ожидания. Быть может пойдём ему на встречу?

Ксавьеру уже надоело потеть от познания здешней маны, от чего нужно было сменить дислокацию. Быть может подоставать Лойда, пока тот пытается кого-то обмануть или вновь посмеяться с реакции демонов на него. Хах, они же его за своего принять так могут!

||322 хули, идей как это нормально подвязать у меня не нашлось <@1405305963375759440>  ||","biok_ymer",""
"24.05.2026 02:07:51","biok_ymer","#9440","—Итами—
|-----------------------------------------------------------------------------|
Девушка при упоминании шахты чуть помрачнело, однако услышав логику в словах кивнула, говоря:
|-----------------------------------------------------------------------------|

—Шахта и вправду весьма сомнительная... Кхм, другие деревни? Я лишь знаю, что туда отправляли буйных, что дос хор жили мыслей о войне. И в отличии от нас, скорее всего тебя бы они попросту загрызли ещё у входа. Поэтому ты правильно поступил, что решил взять кого-то из местных, попытаюсь сгладить углы. Сейчас отправимся или поздней?

|-----------------------------------------------------------------------------|","samin__","1507853092870164560"
"24.05.2026 02:10:02","biok_ymer","#9440","—Юки—
|-----------------------------------------------------------------------------|
Девочка уже насладившись стейки и дождавшись пока зверьки тоже надеяться стала и сама думать о уходе, однако услышав слова Ксавьера та кивнула, говоря:
|-----------------------------------------------------------------------------|

—Думаю у него и вправду появились дела... Давай тогда пойдем к нему, узнаем как он там? И я слышала ты ему что-то принес, может по пути и это возьмём занесем?

|-----------------------------------------------------------------------------|","samin__","1507863451605663885"
"24.05.2026 02:13:02","biok_ymer","#9440","—Айрис Янг—
|-----------------------------------------------------------------------------|
Девушка устало потягиваясь стала подходить к деревне, где на удивление не было сторожа, отчего та чуть напряглась, говоря:
|-----------------------------------------------------------------------------|

—Ммм, вот и пришли. Раньше тут вроде был на входе как раз музыкант, на защите, однако я её отчего-то не вижу... Думаю свяжусь с Лойдом, нужно уточнить этот момент..

/И тут устало глянув на кольцо и проговорив ""пончик"" связалась с <@&1496353875748323470> , говоря:/
""-Эй колека король, где твоя охрана на деревне и где ты сам? Мы тут к тебе пришли, планы обсуждать.""

|-----------------------------------------------------------------------------|","ktoia","1507694280779763762"
"24.05.2026 02:53:32","ktoia","#6622","— Сора Райдэн —

И вот... подход к деревне. Вот только да... чувство странновсти не покидало, да и камень посередине дороги выглядел до боли знакомо. Выслушав спутницу Сора кажется начала понимать почему тот ей так сильно запал в душу, однако все таки та не решилась идти в глубь, предпочитая дождаться пока Айрис поговорит с Лойдом. Интересно а какой Лойд демон? По рассказам довольно интеллигентный.","biok_ymer","1507884092463779961"
"24.05.2026 09:26:14","samin__","#2997","— Лойд Фронтера —

Буйные... значит и такие есть... но это конечно не столь удивительные, да вот только почему ""мысли о войне""? Толи я тупой, толи лыжи не едут. Цели же были достигнуты, какие могут ещë быть войны? С ëкаями или... людьми?

Пытаясь задать ещë один вопрос, в голове раздался спокойный голос Айрис, что стал говорить что-то странное. В смысле "" Охраны нет"". Нет, он конечно не думал что она постоянно там, но чтобы вообще никого не было...

Лойд изменился в лице, прищурив взгляд, выдавив кислую мину:

> Рация: Привет псих 22-го века. Таки дали тебе колечко. Я в деревне, как раз хотел кое куда отлучиться. И... всмысле охрана? Барда на мечте нет?

Договорив, парень тяжело выдохнул и вернув взгляд на Итами сказал:

— Только что появились дела, так что предлогаю встретиться примерно через пол часика

/Посмотрел на листки/
— Приведи пока что себя в порядок, а я улажу свои дела

/Развернувшись в сторону двери, тот пошëл на выход/

— Встретимся у входа, что скажешь?","biok_ymer","1507884092463779961"
"24.05.2026 09:40:50","samin__","#2997","— Ксавьер Азрахан и Бригада —

Зверьки, услышав что бони идут к Лойду обрадовались, от чего Подон перестал крыть гусеницу, а та перестала грызть стакан. Зверьки уже сами запрыгнули на плечи девочки, явно довольные тем что их катает ещë один великан

Кивнув на данное предложение мужчина направился на выход вмечте с ""ну очень молодой госпожой"", попутно присматоиваясь к окружению. Всë тут было весьма странно, учитывая что он замечал многозначительные взгляды. Стараясь не подавать виду, тот всë-же не мог раслабиться держав руку около клинка

Люди в этом мире координально не отличались от родного мирка Ксавьера, от чего тот понимал что ждать от них можно чего угодно. Лойд вëл игру с огромными ставками, а это не могло не привлечь внимание разных слоëв населения

Ну или мужчина себя просто накручивал. Быть может это была лишь чëрная зависть его внешности, что по видимому и вправду была ""сносной"", учитывая что тому призналась сама "" какая-то там Лаура""

|| Вода воды, но просто пытаюсь прочуствовать новые вайбы ||

Дойдя до гильдии, тот зашëл внутрь, говоря девочке:

— Прошу, подождите здесь

Сказав это, мужчина направился по коридору, заходя в служебное помещение. На удивление парочки работников гильдии, тот лишь кивнул им, проходя весю комнату. Тот лишь засунул руку за скамью, вытаскивая из-за неë мешок, взваливая тот на плечо и столь-же вальяжно покинул комнату как и зашëл в неë. Сделано это было с такой долей уверенности и нерастаропности, что работники не особо и задались вопросом что это было, пеняя на то, что так и должно было быть

Выйдя в холл, мечник вновь обратился к Юки:

— Чтож, можем отправляться","biok_ymer","1507883335991689416"
"24.05.2026 19:47:54","biok_ymer","#9440","—Юки—
|-----------------------------------------------------------------------------|
Кивая на слова мечница та молча следовала за ним с гвардией верных пушистиков, а после дождавшись его направились на выход из города, направляясь к деревни и говоря:
|-----------------------------------------------------------------------------|

—Незнаю что у него там случилась, но явно что-то срочное, раз не пришел в обеденное время. Надеюсь мы ему там не помешаем...

|-----------------------------------------------------------------------------|","samin__","1507996782930563102"
"24.05.2026 19:50:14","biok_ymer","#9440","—Итами/Айрис Янг—
|-----------------------------------------------------------------------------|
Девушка кивнула на Егор предложение, отчего парень спокойно смог покинуть темную обитель направляясь на выход, где встретил <@&1496357108331970590> с <@&1496354329676742667> , вторая которого заприметив того помохала, говоря:
|-----------------------------------------------------------------------------|

—Ну вот и ты... Я смотрю дела плохи раз даже музыканты перестали вас охранять. Приветствую аристократичный Айри и изменённую Сору! Ко второму я не причастна...

|-----------------------------------------------------------------------------|","samin__","1507993110133870674"
"24.05.2026 21:36:52","ktoia","#6622","— Сора Райдэн —

Сора всё время ожидания постукивала носком по земле, рассеянно глядя куда-то в лесную даль. Это занятие прервали замашки Айрис, которая вдруг уставилась в сторону. Обернувшись туда же, Сора сделала пару шагов к спутнице, положила руку на бок и наклонив голову прищурилась на приближающуюся фигуру.

Когда орк подошёл ближе, она с лёгким любопытством заметила:

— А я думала, Лойд - это демон... а он орк. Мм... Привет?

Она с интересом окинула его взглядом с ног до головы.

||<@&1496353875748323470>||","biok_ymer","1508150143747227830"
"25.05.2026 00:20:29","samin__","#2997","— Лойд Фронтера —

Подходя ко входу в деревню, парень сначала напрягся, смотря на странные фигуры, что ранее не видел, однако подойдя ближе понял что это... АЙРИС?!

На его лице впервые за долгое время натянулась широченая улыбка, сама по себе, даже без его желания. И чем ближе тот приближался, тем шире становилась улыбка на лице парня

Подойдя к двоице, тот увидел как Айрис выглядела в наряде знатной дамы, что даже в мире Лойда никто так не одевался. Выслушав подругу-лесбуху, улыбка понемногу спала с его лица. Всмысле это Сора?

Думая что бы такое спросить, тот начал оглядывать ""Сору"" с ног до головы, явно не желая верить что это она, однако услышав ""Ну очень оригинальное замечание"" парень цикнул, наклонившись к <@&1496354329676742667> :

— Подруга, мне кажется тебя жесточайше так нагрели, так ещë и не я! Ты уверена что это Сора? Я конечно всë понимаю, но чтобы кто-то мог забыть моë рыло - нонсенс. Да и волосы... и формы... да и сама она... другая что-ли?

Попутно парень запреметил и мечик, что был при лже-Соре. Что-то тут было не чисто и что-то уж точно шло не так и пока ему необъяснят, тот не успокоится. Оглядываясь по сторонам, парень и впрямь не нашëл Барда. Этот камень без неë выглядел как-то... пусто что-ли?

На верочку, тот так-же обратился к системе, что не думал делать как минимум пару ближайших дней, однако ситуация заставляла:

> Сообщенька, а это кто такая? И почему Айрис думает что это Сора? Вмешательство в память или иллюзия?","ktoia","1508176980183613562"
"25.05.2026 00:40:43","biok_ymer","#9440","—Айрис Янг—
|-----------------------------------------------------------------------------|
Девушка не поняла что в Соре так сильно изменилось, что её в притык не понимал Лойд, отчего достала из рюкзака проклятую маску, показывая парню и говоря: 
<@&1496357108331970590> .
|-----------------------------------------------------------------------------|

—Незнаю что в этой маске не так, однако как только моя эмоциональная подруга надела её, та тут же взбеленилась, принимая на себя внимание электрического угря и падая заметво, после чего появилась она... Судя по всему эта та же Сора но немного потерявшая память и поменявшее немного мировоззрение? Я и сама пока толком не понимаю, однако в одном уверовала точно, в том мире ПИЗДЕЦ как не безопасно. Только сора от меня ушла, как на меня напала какая-то кикимора, а после и сора чуть там не подохла от тупой подставы демона... Именно она дала ей эту проклятую маску.

/Договорив это, девушка спрятала маску в рюкзак, а после чего предоставила возможность уже высказаться соре, поправляя чёртову юбку, которая судя по всему бесила девушку./

|-----------------------------------------------------------------------------|","samin__","1508218154411626517"
"25.05.2026 00:46:16","biok_ymer","#9440","—Система—

-её слышит только <@&1496353875748323470> -
|-----------------------------------------------------------------------------|
И вот назойливый голос нарушил тишину, саркастично говоря:
|-----------------------------------------------------------------------------|

—Обиды закончились? Что же королева драмы, хочу заверить, что перед тобой биологически верная проблема этого мира ввиде Соры Райден и девушки что полюбила камень. Надеюсь твоё улыбчивые лицо испугает их и они и дальше покинут этот мир, тем самым спасая его как от себя, так и от твоего общества.

|-----------------------------------------------------------------------------|","samin__","1508218154411626517"
"25.05.2026 09:46:34","ktoia","#6622","— Сора Райдэн —

Сора молча слушала перепалку, скрестив руки на груди и чуть прищурившись. Когда <@&1496353875748323470>  начал разглядывать её с ног до головы, как подозрительный товар на рынке, она не выдержала и усмехнулась.

— Ну, спасибо. Приятно, что меня так внимательно изучают. Прямо чувствую себя ценной...

Она посмотрела на Айрис, когда та объясняла, потом снова перевела взгляд на Лойда.

— Дело говорит. Бурда какая-то происходит, без понятия, чё и почему, однако жива - уже хорошо.

Она развела руками, чуть приподняв бровь.

— А что касается меня... хочешь проверить? Могу дать пощупать. Или треснуть чем-нибудь по голове - вдруг иллюзия рассыплется.

Она усмехнулась и добавила:

— Лицо твоё, кстати, действительно незабываемое. Так что не переживай, я тебя точно запомнила.","biok_ymer","1508223246838009897"
"25.05.2026 12:43:49","samin__","#2997","— Лойд Фронтера —

Скривив лицо от ответа системы, парень разочарованно выдохнул, отвечая той:

> Нет не закончились система чёртова. Я всё ещё не забыл как ты меня главным злом этого мира сделала. И ты сука знаешь почему я к тебе не обращался, мысли то ты все мои читаешь и знаешь что мне вся эта ситуация не нравится. КХе... хер бы с тобой. Значит Сора... это всё усложняет

И вправду, это всё усложняло, с той то парень уже было нашёл общий язык, как тут... изменение... так ещё и Айрис показала маску сатаны, от чего парень даже сделал шаг назад. От неё так и веяло ""Я проклята нахер!"", от чего любитель гик культуры скривил лицо ещё сильнее, говоря системе:

> Понял, прости-прости. Можешь провести анализ этого говна. Не знаю из-за тебя или нет, но у меня чувство, как будто эта херабора уж точно не должна была попасть в руки психа

Не успел тот договорить, как Айрис спрятала маску обратно, говоря о том что в том мирке происходил тот ещё пиздец. Не долго думая, парень топнул ногой, говоря:

— А я говорил! Теория двух дней работает! Кхм... ладно, я стал звучать как псих /посмотрел на Айрис/ ой, извини...

Тут уже и ""Сора 2.0"" подключилась к разговору, что начала доказывать что она поменялась. От прошлой Соры, парень такого ожидать не мог, однако моменты подбуливания дали тому прозреть и он ухмыльнувшись повернулся к <@&1496354329676742667> и ответил:

— Ладно, твоя правда, это ""Сора"". Про ""пощупать"" я пожалуй пропущу мимо ушей, но вот предложение долбануть чем-то по голове определённо в её стиле. И похоже мой великолепный ум разгадал загадку, эта маска даёт чувство юмора, не так ли?

После этой шутки не хватало только звука барабана из дешёвых ток шоу, однако парень видел в этом и вправду что-то смешное. Не отвлекаясь, тот продолжил:

— И чем-же такой непримечательный аристократ как я, заслужил честь лицезреть столь статную даму в богом забытой деревушке?","ktoia","1508360613666095164"
"25.05.2026 13:17:20","samin__","#2997","— Ксавьер Азрахан —

Мужчина шёл с взваленным мешком на плече, как будто тот ничего не весил, однако тот был не просто увесистый, а ОЧЕНЬ тяжёлый, учитывая что в нём было. Услышав детские переживая девочки, тот даже улыбнулся, отвечая той:

— Уверен что молодой господин вновь вляпался в неприятности, на сколько мне известно, эта его черта была у него с самого рождения. Так что скорее он будет счастлив если мы придём

||ДА КСАВЬЕР СТАЛ ХОТЬ СКОЛЬКО НИБУДЬ ИМПАТИЧНЫМ||

Замолкнув, на горизонте показались очертания деревни, а следом и силуэты людей и одного орка. Подойдя чуть ближе, мужчина встал чуть сзади Лойда, да ещё и так, что парень и вовсе не замечал пришедших, продолжая язвить <@&1496354329676742667> 

||<@&1496357108331970590> ||","biok_ymer","1508149558251618365"
"25.05.2026 17:45:56","biok_ymer","#9440","—Айрис Янг—
|-----------------------------------------------------------------------------|
Девушка перестав поправлять юбку, что продолжала лишний раз двигаться, нервируя девушку, на что она решила отвлечься на вопрос парня, говоря:
<@&1496357108331970590> 
|-----------------------------------------------------------------------------|

—Как бы холодно это не звучала, но мы пришли и вправду по делу. Дело в том, что Сора потеряв память смогла посмотреть на ситуацию с другого угла, отчего появился весьма логичный вопрос.

/Тут она показала взглядом на меч, говоря:/
-Что эта за хрень и кто её сделал. Меч способный даровать владельцу силы, имеют разум, хоть я в этом и не уверена и имеющая небывалую прочность с возможностью разрезать что угодно весьма странно, даже для такого обширного мира. А чему я веду? А к тому, что нам нужно узнать больше о нём, кто его создал, что о нём известно, да и банально нужно узнать больше подробностей о войне, что произошла между Деманами и Раем. Проще говоря, нам нужно закрыть гештальт в вопросах которые связаны с временем, в коем не было Соры.

/Закончив свою мысль, та заприметила подошедших <@&1496354080472305678> с Юки, на которых та чуть улыбнувшись помохала, в особенности девочке, на что та чуть улыбнувшись помохала в ответ./

|-----------------------------------------------------------------------------|","samin__","1508405219674034287"
"25.05.2026 17:50:35","biok_ymer","#9440","—Система—

-её слышит только <@&1496353875748323470> -
|-----------------------------------------------------------------------------|
Голос в голове на удивления парня не умолк, а продолжил язвительно говорить:
|-----------------------------------------------------------------------------|

—Не я сделала тебя злом, а ты сознательно пошел на этот шаг. Да и тот факт, что ты глупый и не думаешь о завтрашнем дне для тебя разве не очевидно? Мы думали, что об этом ты должен был догодатьсч ещё после ситуации с знакомства с главным героем этого мира... А маска? Это проклятый артефакт меняющий сознание, тело и свойства существ, что его наденут. Работает скорее всего один раз на объекте, а также эффект может быть совершенно случайным, отчего и считается проклятым, нежели благословенным. Но я не думаю что ваша внешность от неё измениться, однако вы всегда можете обратиться к Айрис или Азазель в надежде, что они сделают вам хирургическую операцию.

|-----------------------------------------------------------------------------|","samin__","1508405219674034287"
"26.05.2026 00:11:41","ktoia","#6622","— Сора Райдэн —  

Что ж, добавлять тут особо и нечего - Айрис уже полностью объяснила, зачем они сюда пришли. Разве что можно с уверенностью сказать, что Сору по непонятной причине подбешивала натура Лойда. Это было видно по тому, как она на него ""криво"" смотрит. Ну ничего, привыкнет. А по делу - верно, поговорить нужно.  

Сора не успела сказать заключительные слова, как к ним стали подходить две чужие персоны. Что очень не вписывалось в этот лес. Переведя взгляд на них, она подметила одно - красивейшего мужика. Да и выглядит тот как аристократ, но с мешком за плечами - странная картина. Мм... Раз Айрис ему помахала, то логично предположить, что это тот самый рыцарь Лойда?

Сразу после этого мечница перевела взгляд на Юки. Стоп. Ребёнок? В лесу? Приподняв бровь от некоторого непонимания ситуации, она взглянула на Лойда.  

— А зачем вы ребёнка в поселение демонов привели?

Данная картина действительно озадачила мечницу...","biok_ymer","1508481252783554580"
"26.05.2026 10:23:08","samin__","#2997","— Лойд Фронтера и Ксавьер Азрахан и Бригада —

Слушая систему, парень ещё сильнее скривился в отвращении. И когда спрашивается он сознательно пошёл на этот шаг? Ошибся - да, сознательно прописывал - нет. Просто вновь убедился что системе нет смысла слепо верить, только и всего. В целом она предупреждала, но перекладывать ответственность с себя благо Лойд умел лучше чем кто либо ещё, от чего и возникал. Про маску стало занятно, учитывая что её можно использовать как оружие моментального поражения, но вот предсказать результат невозможно. Стояло парню над этим задуматься, система ОПЯТЬ начала заниматься лукизмом, от которого парня уже тошнило, от чего аристократичный орк цикнув плюнул куда-то в сторону, теряя свою аристократичность, оставаясь посто орком

Слушая слова Айрис, парень призадумался. Это Сора и говорила ему перед уходом, так что ничего кардинально нового, но вот что она изменилась было и хорошо и плохо одновременно. Она забыла свои проёбы, так что может совершить ещё чего, поэтому нужно напомнить что она - говно, а если не поверит... заставить поверить. Однако услышав умозаключение Айрис, парень состроял задумчивую мордашку, потирая подбородок рукой и задумчиво добавил:

— Не только время отсутствия, но и порядка мира в целом. У меня уже есть пара идей и очень странно совпавших временных отрезков исчезновения Соры и происходящими странностями в мире. Плюс нужно больше узнать про ""Рай"" и ""Ад"" в целом, так-же как и про прошлую. Сейчас благо время у нас есть, так что можем этим занять, только...","ktoia","1508578326283944016"
"26.05.2026 10:23:13","samin__","#2997","Тут парень примолк, вспоминая что их подслушивают, от чего хотел было предложить перейти в более спокойное место, однако newSora его перебила, задавая странный вопрос. В смысле ребёнок? Ты дурная? Тут же он заметил и странное поведение Айрис, что махала смотря мимо него, от чего парень со скрипом повернулся, ожидая увидеть главу сие поселения, однако увидел <@&1496354080472305678> , что стоял в притык к тому вообще не издавая шума, а рядом с тем была и Юки с хомяком на плече, что махали <@&1496354329676742667> . Гусенечка же отвернулась в сторону, всё ещё держав обиду на розово-волосую

От неожиданности парень дёрнулся теряя равновесие приземляясь прямо на задницу с характерным ""Ух тыж!"". Придя в себя, парень посмотрел снизу вверх на неожиданно пришедшую двоицу, а после уже посмотрел на небо, которое подсказывало, что тот откровенно под задержался. Опустив взгляд назад, парень протянул:

— Ладно, моя ошибка. Чутка заигрался в цивилизацию...

Ксавьер же довольный такой реакцией ухмыльнулся, осматривая незнакомок. Розово-волосую тот до сели не видел, однако смекнул что это некая знатная дама ||Да, Ксавьер с Айрис не встречались, я в шоке||. А вот со второй всё было проще. Это была <@&1496357108331970590> . Как парень до этого догадался? По стойке, которую заприметил ещё в первую встречу. Держалась та молодцом, прямо как закалённый воин, от чего забыть этого Ксавьер никак не мог

Присмотревшись, тот протянул руку, чтобы помочь встать орку. Приведя себя в порядок и изрядно отряхнув штаны, Лойд осмотрелся и сказал:

— Не думаю что это лучшее место для разговором, так что пойдём обратно в бар","",""
"26.05.2026 10:23:14","samin__","#2997","Услышав знакомое слово, рыцарь нахмурился, перенося флешбеки, которые нахлынули на него. В них было то, как Лойд вёл себя выпевшим и огромное количество жалоб, которые Ксавьеру приходилось выслушивать ЕЖЕДНЕВНО, от чего тот с серьёзным видом сказал:

— Молодой господин, вы опять за своё

/Лойд лишь цикнул, с досады пнув камень, лежавший на земле/
— Ты же знаешь что я в завязке. Просто там тихо и стол есть, хотя не отрицаю что хотелось бы выпустить пар и опрокинуть пару стопок

Вообще не поверив Лойду, Ксавьер лишь насторожился, чтобы отхлестать того по рукам, если он потянется к алкоголю. Зверьки же в свою очередь забыв обиду друг на друга устремили недовольный взгляд уже на Ксавьера, который уже изрядно тех подбешивал своим поведением

Махнув рукой, Лойд поманил группу за собой, меняя дислокацию, говоря на последок:

— В любом случае, идёмте. Это не лучшее место для разговоров, да и местных тревожить это моя забота","",""
"26.05.2026 18:44:40","biok_ymer","#9440","—Айрис Янг—
|-----------------------------------------------------------------------------|
Девушка не стала сопротивляться перемещению, отчего всей толпой они прошли по деревеньке в бар, где многие пускали на них взгляды, однако не решались подойти к толпе. И вот заняв свободное место подальше, та сказала:
<@&1496357108331970590> 
|-----------------------------------------------------------------------------|

—Ну предпологаю стоит начать с того, что следует нам перейти в общение о красивых кольцах! Вот только не уверена, можно ли сделать там совместную беседу...

/Для проверки девушка обратилась в кольцо, связываясь с <@&1496357108331970590> и <@&1496353875748323470> , говоря:/
-Проверка, раз два. О, похоже работает. Что же, с чего начнем дискуссию?

|-----------------------------------------------------------------------------|","samin__","1508732229998743663"
"26.05.2026 19:44:33","ktoia","#6622","— Сора Райдэн —  

Сора молча слушала перепалку Лойда с Ксавьером, не вмешиваясь. Она не понимала, о чём они говорят, но чувствовала - что-то тут не так, да и ей не ответили на кой черт те притащили ребенка. Когда Лойд поманил группу за собой, Сора не стала спорить. Она просто пошла следом, оглядываясь по сторонам. Деревня была тихой, но взгляды местных нельзя было назвать добрыми.  

Пройдя через бар, девушка задержала взгляд на стойке, а именно на шуте. Затем, заняв место за столом, она закинула ногу на ногу и откинулась, облокотившись на спинку сиденья. Взглянув на кольцо, подумала, подумала и... Триггер? Следует начать.  

> Триггер: Работает… С чего? Ам... Можете вообще объяснить общее положение дел? Что знаем, что не знаем.

||<@&1496353875748323470>||","biok_ymer","1508858419891798066"
"26.05.2026 21:27:12","samin__","#2997","— Лойд Фронтера —

Идя к бару парень думал о том как сука ОПЯТЬ донести до новой Соры, что выпускать Ёкаев плохо, а спасать мир - хорошо. Да и мировоззрение у неё могло кардинально поменяться, от чего стояло наладить контакт... ОПЯТЬ!

Зайдя в бар, парень махнул рукой шуту, опять приветствуя ту, только в большой компании. Подойдя к столу, парень занял стул на против Соры, пристально смотря на ту, ожидая действий. Сказать скептис повис в воздухе - ничего не сказать. Перед тем как говорить, парень на всякий случай решил перестраховаться, от чего обратился к Юки:

— Ангелочек мой, можешь снять колечко на время?

Дождавшись пока та снимет его, парень успокоился, понимая что лучше не распространять эту информацию во вне, тем более девочке незачем было это знать, а даже обрывок фразы полетевший не туда может привести к неопределённым последствиям. Взглянув на ""групповой созвон"" парень кивнул, говоря про себя:

> Чего вы так на меня так смотрите? Лучше перестраховаться, учитывая что я про неё буду думать во время разговора. И да, отвечая на твой вопрос, тут возможно безопаснее чем в городе, особенно учитывая всё что происходило... особенно из-за этого

> Та-а-ак... с чего начать то? Пф... ладно, расскажу что знаю, так что смотри не усни и попытайся вспомнить чего. Ты жила в этом мире, а потом попала в междумирье. Ммм... тот снежный лес, который ты видела. Там в принципе мы и познакомились. После открытия портала, мы пошли его исследовать и оказалось что это твой мир, только есть загвоздка пока тебя не было, тут прошло 20 лет, за которые многое произошло. В особенности уничтожение материка на котором ты жила и война Рая и Ада, а так-же разрастание диких земель","ktoia","1508873491347149031"
"26.05.2026 21:27:29","samin__","#2997","> **А НУКА НЕ СПАТЬ!** Кхм... профилактическая проверка, я просто не хочу всё это повторять, думаю ты понимаешь. Так вот, небольшое отступление. Рай и Ад не существуют в привычном понимании, на самом деле это просто мир Ёкаев, что являются богами этого мирка, каждый из которых за что-то отвечает, но об этом... ой блять... позже... главное что нужно уяснить - прошлая королева ёкаев сейчас запечатана в дереве по середине диких земель и если она выйдет - всему каюк. Она кстати твоим мечиком и владела, но это пол беды. Её освобождения желают Ёкаи, Нежить, Культисты и некоторые зверолюди, так что мы в жопе, ибо против нам большая часть мира. Но забегая вперёд скажу, что с культистами вопрос удалось уладить, найдя рычаги давления, так что с ними ещё 50/50
﻿
> В общем мы тут немного побродили, поисследовали дикие земли и ты там прикончила **мечём какого-то Ёкая**. Чёрт его знает что это было, но ладно. Тут интересно другое. Ёкаев невозможно убить, даже в теории. Слабые могут исчезнуть если люди их забудут, но вообще они просто бессмертие в привычном понимании, но твой меч может их убивать. **И НЕТ, НЕ НАДО ЭТОГО ДЕЛАТЬ**
﻿
> Кхм... так вот, на чём я... а точно. Проблема с дикими землями усугублялась всё сильнее и когда ты нашла какой-то там портал в диких землях при помощи меча, ты переместилась к Ёкаям, а тут начался пиздец. На Альму напали и я еле как отбил город. Это было буквально вчера кстати. Как я это сделал не спрашивай, самому бы понять. Но тут интересно другое, после того как я это сделал, прилетела Лаура. Да, которая правит небожителями. Я с ней немного поболтал и немного понял этого мира, но всё равно большую часть информации надыбала ты в мире Ёкаев","",""
"26.05.2026 21:27:40","samin__","#2997","> В общем тебе там лапши навешали, но правду тоже накинули. Демоны, это грешники. Буквально грешные души, что в прошлой жизни что-то натворили, что переродились... этим. Ангелы же - это Ёкаи, на этом всё. Остальная информация не проверена, так что чтобы не сбивать тебя, просто замолчу, а лучше подкину пищи для размышлений
﻿
> Когда ты вместе с мечиком покинула мир, Ёкаи перестали терроризировать демонов, да и выйти в мир живых без его помощи они не могут, но каким-то образом год назад они вышли в этот мир и развязали войну, чтобы выйти из ада
﻿
> Ну и самое вкусное... фуф... спокойно Лойд, спокойно... **ТЫ ВЫПУСТИЛА ЕБАНОГО ЁКАЯ ЗА БУХЛО СУКА!** Кхм... прости, у меня птср... **НО НАХУЯ?!** Ай... пф... ладно, это мы с тобой уже обговаривали 3 раза, но придётся четвёртый... Сорочка, пожалуйса, не нужно выпускать богов в мир живых, даже если они выглядят хорошими и сут тебе в уши, что будут помогать
﻿
> Живой к сожалению пример. Донис, которая умеет телепортироваться и сейчас вставляет палки в колёса. Договорились? 🥹﻿ 
﻿
Договорив, парень отклонился на стуле, определённо устав так много думать...
||<@&1496354329676742667> ||","",""
"26.05.2026 21:59:33","biok_ymer","#9440","—Айрис Янг—
|-----------------------------------------------------------------------------|
Девушка молча слушала объяснения Лойда и немного удивилась некоторым фактам, отчего сделав задумчивый вид посмотрела на <@&1496357108331970590> , говоря:
|-----------------------------------------------------------------------------|

—""Пончик"": выходит ты вроде как наполовину божество? А я знал что ты тот ещё ангелок! Хех... Кхм, а если серьезно это странно. Меч способный убить не абы Каво, а божеств звучит весьма страшно. А особенно сам факт того, что он до сих пор у Соры, а не у кого-то другого. Но на этой почве сразу возникает следующий вопрос, а что за божества собственно эти ваши ёкаи? И кого убила сора? Хммм, без конкретики нам тут не уехать...

/Чуть покопавшись на стуле, та посмотрела на <@&1496353875748323470> , говоря:/
-Если слухи рождают богов, то мы можем в теории поспрашивать людей про всех божеств, да и про тех кого мы знаем. Условно кто такая донис и кем была матушка Соры, раз она так спокойно смогла спереть меч у самой королевы. Однако хммм, тогда я не понимаю как работает ""ад"", ведь отчего-то грешники выбрались оттуда, да и судя по логики один из них охмурил божество? У нас явно отсвует какой-то фрагмент истории...

/Девушка отклонилась о стуле, закидывая ногу на ногу, немного поменая платье(что та игнорировала), говоря смотря в потолок:/
-Вобщем у нас сейчас считай и нет информации, от которой строить планы,.нам нужна разведка...

|-----------------------------------------------------------------------------|","samin__","1508899438754664649"
"26.05.2026 22:01:12","biok_ymer","#9440","—Юки—
|-----------------------------------------------------------------------------|
Девочка послушно сняла кольцо, наблюдая на серьезные мины <@&1496357108331970590> , <@&1496354329676742667> и <@&1496353875748323470> , обращаясь к <@&1496354080472305678> :
|-----------------------------------------------------------------------------|

—Мне кажется мы им немного мешаем... Может тогда закажем что-то для них? Им явно сейчас не до окружения.

|-----------------------------------------------------------------------------|","samin__","1508899438754664649"
"26.05.2026 23:04:36","samin__","#2997","— Ксавьер Азрахан —

Смотря как люди сосредоточено молчат, то и дело изменяясь в лице, мужчина понял что тут ему и вправду делать нечего. Услышав предложение девочки, парень посмотрел на шута, что стоял за стойкой. Да уж... местечко было откровенно странным, в особенности местные обитатели, но имеем что имеем, от чего мужчина кивнув направился к стойке

Подойдя к той, мужчина пытаясь не обращать внимания что перед ним находится бармен в костюме шута сказал:

— Добрый день, не могли бы вы предложить что-то для компании за тем столом? Думаю лёгкого застолья будет достаточно

Договорив, парень указал себе за плечо большим пальцем, указывая на нетипичную компанию для этого места, попутно с неким интересом рассматривая остальных отродий, что тут водились","biok_ymer","1508907877778063451"
"27.05.2026 01:47:56","ktoia","#6622","— Сора Райдэн —

||Ёбаный рот как на это структурированно отвечать. Я ЗАПУТАЮСЬ||

Сора слушала, но её поза менялась по мере того, как Лойд выдавал очередные откровения.

Она посмотрела, как Лойд попросил девочку снять кольцо и нахмурилась. Её взгляд скользнул по ребёнку, потом снова вернулся к Лойду. Дочь? Ангелочек? Она отложила этот странный вопрос в сторону....

**Лойд начал говорить.**

Сначала спокойно, но чем дальше, тем больше его голос наполнялся нервозностью! Двадцать лет. Она отсутствовала двадцать лет. Сора почувствовала, как внутри что-то ёкнуло. Её не было два десятилетия, а для неё прошло всего ничего. Она вспомнила тот снежный лес, портал, Айрис. Да, это было похоже на правду.

Война Рая и Ада, уничтожение материка, дикие земли... Она слышала эти слова раньше, но теперь они звучали иначе, более знакомо... Но тут она вздрогнула, когда Лойд внезапно повысил голос и положила руку на стол, готовая в любой момент его перевернуть, если он снова сорвётся.

**Потом пошло самое странное.**

Рай и Ад - это не правда, а правда это ёкаи и грешни. Ёкаи - это боги. Прошлая королева владела её мечом. А если она выйдет из заточения - всему конец. Сора нахмурилась. Зачем богу уничтожать свой мир? И зачем его вообще освобождать, если это приведёт к катастрофе? Это звучало как минимум нелогично. Врагов которые выступают против них будто собрали из всех мастей - ёкаи, нежить, культисты, зверолюди... Нууу.. Зашибись! Это много. Но культистов удалось перетянуть на свою сторону, хоть и ненадёжно. Сора сделала мысленную пометку. 

**Потом Лойд сказал, что она убила ёкая.**

Сора на секунду замерла. Она? Убила бога? Она понимала, что меч необычный, но чтобы настолько... Она бросила короткий взгляд на клинок, висящий на поясе. Джигоку ты оказывается тот ещё зверь! Ёкаи бессмертны, но её меч может их убивать. И Лойд сказал: ""Не надо этого делать"". Сора на это лишь скептически кивнула.

**Портал.**

Она переместилась к Ёкаям с помощью меча? Она помнила тот момент примерно.... Эльфийка у маяка. Странная была, запуганная что ли? И на нее же тогда напали? Кхм. допустим. Лойд отбил город. А потом прилетела Лаура. Королева небожителей? Ох.. ё... хорошо.

**Донис.**","",""
"27.05.2026 01:48:06","ktoia","#6622","Она выпустила её за бухло? Сора почувствовала, как внутри поднимается раздражение. Будто бы этот разговр уже был, и он ей не нравится.... М... Когда Лойд снова заорал по поводу не выпускать ёкаев, она достаточно сильно качнула стол в его сторону, чтобы тот примолк. Мысленно говоря ""Приму к сведению.""

**Тут заговорила Айрис.**

Сора и так всю жизнь знала что не совсем является человеком. Все таки её родители ОПРЕДЕЛЕННО на других родителей не похадили, однако говорить что один грешник, а второй бог странно. Это звучало и хорошо, и плохо одновременно. Она особо не знала, что с этим делать. Чтож... Айрис задавала правильные вопросы! На которые следовало получить ответы! 

НАКОНЕЦ дослушав обоих девушка опять откинулась назад погруженная в кашу которую ей сейчас приподнесли, уж простите но слишком много информации разом, да и голова разгуделась от умозаключений и некоторых воспоминаний. Посмотрев в потолок с десятка секунд, та вернула взгляд на собеседников и наконец начала говорить:

> Триггер: Значит так. Меня не было двадцать лет. За это время мир успел полететь к чертям. У меня в руках оружие прошлой королевы которое хотели получить Ёкаи, отсылая на меня нежить. А ещё я наполовину какая-то херня и выпустила какую-то тварь. Ах.. ну да еще и бога убила... Зашибись.

Она замолчала, постукивая пальцем по столу.

> Так, ну... согласна с тобой Айри... Информации - куча. Ясности - ноль. На холодную голову с ней не справится. Кхм.

Села ровнее, перестав задирать голову.

> Что бы я добавила... Сколько себя помню в детстве Джигоку - это мечь коий сейчас при мне, был семейной реликвией, даже не вспомню чтобы мои родители его с полки снимали, как висел, так и всел до дня пока я его не забрала... Что до моих родителей... Ну понятное дело я не слепая! Естественно они слегка отличались от родителей из других семей... Однако ничего координального не было, семья как семья, любящяя и добрая. Мпф... Значит отец грешник? нихера себе... А мама божок. Скажу честно, ни разу не слышала ничего как за время скитаний как про маму, так и про отца. Оберон и Санфиера. Да! Правда не интересовалась, потому что блять грустно поднимать скелеты из шкафа... Пожалуй если позволите переведу тему.","",""
"27.05.2026 01:48:22","ktoia","#6622","Вздохнув потерла шею, продолжая:

> В диких землях я убила Ёкая... Помню... это была... Эльфийка? До ужаса замученную эльфийка. В цепях и очень запуганная. Твердила что ""Быть может прошло достаточно времени... Она вернётся за своим мечом..."", пугалась моего любого действия, говорила что клинок не должен был оказаться в руках людей и... так далее... м.. А если подумать именно она рассказала про ""маяки"" которые связывают оба мира. Пуф... в конечном счете я её прикончила, из жалости наверное, по крайней мере в памяти именно это. За этим после её смерти пришли ""каратели"", две нежити что работают на Ёкаев.

> Если говорить о том что было в мире Ёкаев, то там уже совсем муть какая-то.... Да я пила с Донис! Поговорила с нынешней королевой и нихера особого не узнала. На кой фиг получается к ним приходила? Мм... ладно, СОГЛАСНА. Ну может есть небольшой проеб!

> С этой дурой Донис нужно что-то делать, как и искать дальше инфу. Что еще в копилку к вопросам можно добавить, так это то что мы же до сих пор не знает кто точно УНИЧТОЖИЛ континент. Да была какая-то блядская записка, но глаза на это событие особо не открыло, а на самом деле знать это нужно. Пф... Значит так. положение дел ясно, мы почти в жопе, но не совсем. Все таки наверное нужно построить маленькие планы, без них тяжко будет... м... Лойд ты чем сейчас заниматься планируешь? Если говорить за нас с Айрис, мы вроде как хотели отправиться либо на Абисус, либо Эльрин, дабы узнать про кузнеца что сделал меч, а от него уже попытаться что-то узнать про прошлую или мою семейку... Но слыша все что было выше, планы можно и поменять, может и к Ёкаям наведаться... пуф.... Ваше мнение?

Девушка переглянулась с Айрис и Лойдом, не особо придавая вниманию то что Ксавьер и Юки отошли.

||Ради бога сбавьте обороты я запутался нахуй. <@&1496353875748323470> <@&1496354329676742667> ||","",""
"27.05.2026 10:55:44","samin__","#2997","— Лойд Фронтера —

Парень, довольный тем что разговор пошёл в удивительно правильное и продуктивное русло почувствовал, как стол понемногу наклоняется в его сторону, смекнув что кто-то тут ловит обежулькин, парень решил ответить, взявшись за стол рукой и невзначай отодвинул его чуть дальше чем тот был изначально

Слушая Айрис с Сорой, тот смекнул что наконец сражается не один, хотя на счёт Соры уверенности было всё меньше и меньше. Сделав грязное дело, тот отклонился на стуле, смекая что сутки почти  уже прошли, так что осталось жить-пожить ~6 дней, только вот что конкретно менять тот так и не знал. Был общий план просто сделать печать на прошлой королеве нерушимой, но к чему это могло привести... ммм... <@&1496354329676742667> права, нужно больше информации о Ёкаях и их устройстве

> Айрис дело говорит, мы по сути знаем чуть более чем обычный обыватель, так что действовать наверняка... сложновато

/Положив руку на стол, парень стал постукивать пальцем, то и дело меняя ритм, чтобы хоть сколько ни будь разрядить обстановку/
> 7 дней... мирку осталось примерно 7 дней. Судя по тому что Лаура сказала, печать держится из последних сил и если так и продолжиться, то мирок попросту рухнет. По сути Сора может выйти раз на раз против прошлой, но я бы до этого не доводил. Как минимум это будет проблематичный соперник, а возможно и непосильный... мэх...

/Почувствовав момент, чтобы вновь косвенно подъебать <@&1496357108331970590> , парень решил не отказывать в удовольствии/
> И да, это если активно противодействовать. Вообще пробуждение должно было произойти вчера, но благо они проебались. Если бы не Донис, было бы куда проще, но сейчас она в сговоре с нежитью, что и так доставляли проблем... Чтож за выродок это делал...","",""
"27.05.2026 10:55:50","samin__","#2997","/Поняв что мысль пошла в русло раздумий о том ублюдке, которого заменил Лойд, парень оборвал мысль, продолжая мысль/
> В общем да! Единственно что я знаю о Донис, что это Ёкай перерождений. Душами в общем вертит, но я на неё Лауру натравил, так что палки в колёса та ей поставляет это уж точно. Судя по всему Ёкаев можно убить и те просто переродятся, НО!!! Только если не... эм... Джигоку...

> Мда... информации много, но вся обрывочная, нужно связать всю картину воедино... выделю основные вопросы:
> Почему прошлая королева Ёкаев хочет уничтожить мир и как ту запечатали?
> Как родители Соры смогли провернуть **такое** и вообще кем они на самом деле были?
> Каким образом Ёкаи и гришники вышли в мир живых без помощи Джигоку?
> Кто создал Джигоку?
> Кем был та эльфийка, что кокнула Сора?
> Кто и почему уничтожил материк?

/Договорив, парень отклонился, уставившись в потолок, начиная качаться на стуле/
> Что до меня... хм... я тут как раз начал разбираться с демонами... ну... которые грешники. Меня тут не то чтобы жалуют, но пока что не пришибли, так что всё нормуль. Как раз займусь вопросом, как они выбрались в мир живых год назад, да и развивать их нужно, а то инквизиция скоро за моей головушкой придёт, учитывая что на мне метка демонов и связь с Лаурой, так что с кем с кем, а с церковью я нерукопожатный. Спасает только то, что они не знают о моём существовании

/Опустив взгляд обратно, парень цикнул в слух, смотря с немым вопросом на собеседниц/
> И? Я что-то упустил? Ах да, а зачем в Абисус или Эльрин? Что-то не улавливаю связи этих материков и кузнеца что создал Джигоку

||Я пытался сбавить темп, но чёт не вышло, сорян||","",""
"28.05.2026 04:28:12","biok_ymer","#9440","—Айрис Янг—
|-----------------------------------------------------------------------------|
Девушка слушала поток информации от двух героев своих историй, не особо и понимая как с такой рнформацией и работать, однако к тому моменту на их стол на удивление клоунская дама стала ставить еду с неизвестными напитками. Глянув на напиток, а после на Сору, та выдохнула протягивая ей целую бутылку, а сама же взяв кусок хлеба стала жевать, говоря в кольцо:
<@&1496357108331970590> .
|-----------------------------------------------------------------------------|

—Пончик: Значит вопросы не только у божкам, но и к черни, да уж... Ну по поводу ёкаев могу заявить точно, что туда я или Лойд вряд-ли смогут попасть без участия Соры, отчего я предположила бы спорное, но единственное решение отправить в мир ёкаев её вновь, дабы она смогла разузнать больше информации из первых уст. Не думаю что у нас будет достаточно времени чтобы ходить по всем церквям и расспрашивать в какого уличного скибиди туалета они верят...

/Дожевывач хлеб, та все же взяв кружку налила себе немного воды, запивая и говоря вновь:/
-По поводу Абисуса и Эльрина все куда проще. В Адиссусе обитают Пираты, что колесят по всему белу свету, собирая информацию про что угодно, отчего они могут знать что-то про меч. А Эльрин... Я и сама не знаю отчего Сора хочет туда, однако могу предположить, что из-за наличия там ""небожителей"", там также может быть информация, касательно меча.

/Чуть подумав над продолжением, та поставила стакан на стол, говоря:/
-Нам нужно разделить обязанности. По ощущениям везде нужно побывать Соре, а времени ввиде 6-ти дней нам не хватит. Если она отправиться к ёкаем, то нам придется колесить по миру в поисках информации о мече и грешниках? Или... А зачем нам вообще куда-то Идти, если у нас тут буквально деревня грешников? Что-то я упустила этот момент...

|-----------------------------------------------------------------------------|","samin__","1509102821583097937"
"28.05.2026 04:29:52","biok_ymer","#9440","—Шут—
|-----------------------------------------------------------------------------|
Девушка кивнула на слова парня, начиная готовить блюда для праздниства, попутно говоря:
|-----------------------------------------------------------------------------|

—Никогда не думала что буду обслуживать консилиум молчаливых людей. Обычно хотя бы обсуждают что-то, а вы какие-то тихони. Я все доставлю на стол, есть ещё какие пожелания милашка~?

|-----------------------------------------------------------------------------|","samin__","1508923833548275813"
"28.05.2026 11:11:48","samin__","#2997","— Ксавьер Азрахан —

Уставши от женского внимания, парень уже давно научился пропускать комплименты мимо ушей, однако в этот раз слова к сожалению достигли его ушей. Шут отвешивает комплименты... ну вот честно слово, в каком моменте своей жизни от повернул на тропу безумия? Ответ вертелся на языке и уж точно был связан с Лойдом, однако выдохнув мужчина просто принял реальность как должное, просто смирившись со своим статусом экспоната для любого живого существа... и даже божеств...

От воспоминаний о Лауре, мужчину закалённого тренировками слегка перетрясло, от чего уводя мысль в сторону, тот покосился на остальных посетителей кивнув головой в их сторону:

— Особых пожеланий нет, но что с остальными посетителями, что они буквально пилят взглядом нашу молчаливую компанию?","biok_ymer","1509368077567922256"
"28.05.2026 13:50:37","ktoia","#6622","— Сора Райдэн —

Видя ответную реакцию Лойда на стол, дёрнула его на того по сильнее, но тут же одёрнула назад ставя ровно.

Слушая обоих, Сора посмотрела на бутыль, протянутый Айрис, кивнула, взяла его и отпила содержимое, поставив обратно. Приятное пощипывание разлилось по языку. Чтож, теперь можно слушать.

Когда её попытались поддеть, она вместо того, чтобы ответить и перебить, лишь потянулась опять к бутылке и показательно сделала пару глотков. Да-да. Прямо как с Донис!

Дальнейшие рассуждения Лойда и Айрис мечница выслушала спокойно, а затем начала отвечать:

> Триггер: Насчёт прошлой - хер знает, что с ней делать. По большей части лучше её пока просто не трогать и не давать культистам и другим её воскресить. А, ты это уже делаешь. Ну, молодец.

Она помолчала, поразмышляла и продолжила:

> Мх. Разделить обязанности звучит действительно разумно. Чтобы попасть к ёкаям, мне особо напрягаться не нужно - всего то пройтись до маяка. Скорее другое меня интересует: что мне точно спросить у них? Про эльфийку - это понятно, как они ""устроены"" - тоже могла бы узнать, но... Ммм, у вас есть точечные вопросы?

Остальное решила не поднимать, ибо за ее это сделала Айри.

||<@&1496353875748323470> ||","biok_ymer","1509367658569531432"
"28.05.2026 14:18:39","biok_ymer","#9440","—Шут—
|-----------------------------------------------------------------------------|
Девушка заканчивая готовку стала заносить блюда и напитки за стол, попутно обдумывая вопрос и отвечая:
|-----------------------------------------------------------------------------|

—Ммм, думаю дело в том, что люди тут редкие гости, особенно в такой большой компании. Не все ещё привыкли к ним, а тем более к тому, что их спокойно пропустили сюда.

|-----------------------------------------------------------------------------|","samin__","1509469226560258209"
"28.05.2026 15:20:25","samin__","#2997","— Лойд Фронтера —

Нет, ну это уже какое-то свинство. Сора ТОЧНО не поменялась. Стол что и то с ничего сорвался с места хотел было полететь, однако вовремя остановился. Если так и продолжится, то стол точно полетит кому-то в лицо и Лойд уж точно не был дураком, так что понимал что тягаться с погибелью целого мира в прямом столкновении он не сможет. Положение выровняло то, что на стол принесли хавчик, так что теперь трогать его было опрометчиво

На удивление эта Сора как минимум была ""несгибаемой"", а не ""неподатливой"", так ещё и вроде как имела на одну извилины больше, так что дело ладилось

Взяв со стола какую-то фигню, что выглядела съедобно, парень начал ту жевать, вспоминая что сегодня ещё не ел, от чего голод уж точно накопился. Говорить с набитым ртом было бы неправильно, от чего он и не говорил, а думал:

> На удивление, на этот раз, мне даже не чем возразить. Мы к Ёкаям никак не попадём, так что выхода нет...

Но сука... опять Сору посылать к Ёкаям, чтобы она кого-то выпустила... ой ля...

> По поводу Эльрина и Абисуса... понял. В любом случае хотел к ним наведаться на днях, по личным вопросам, но можно будет и поспрашивать о мече, да и слухи с легендами лишними не будут. Не уверен как идёт время в мире Ёкаев относительно этого, однако не думаю что стоит строить долгосрочные планы

> Что на счёт грешников - никуда идти я и не планирую, просто нужно будет развязать язык парочке из них и дело с концом. У нас тут есть как минимум одна особа, которая точно что-то знает, но хочет меня укокошить, так что посмотрим что смогу из неё вытянуть. Кстати не говорите им что они Грешники. Это вроде как секрет, даже для части из них, так что реакция может быть весьма... агрессивной","ktoia","1509509194263564358"
"28.05.2026 15:20:58","samin__","#2997","> Что до вопросов Ёкаям... они уж точно появятся по ходу дела, но что нужно сейчас... хм...
> Как они смогли прокинуть ту эльфийку в обычный мир
> Как они вообще появляются и что им от этой ""веры""
> Любая информация про их прошлую королеву
> Узнать как они влияют на мир и зачем вообще нужны
> Выяснить истинные планы
> Спросить про войну год назад с их стороны, чтобы сравнить показания, в особенность как они вышли в мир живых
> Разузнать про меч
> И обязательно узнать по какой такой причине мать Соры покинула тот мир, делая... что сделала. В общем разберись там в своих корнях, быть может что-то откроется
﻿
Парень уже примерно понимал что Сора просто на просто должна была родиться чтобы кокнуть мир, однако кто сподвиг это всё равно не ясно. Сама судьба, которая свела генерала грешников и не последнего Ёкая или нечто более конкретное? Сюжет этой книги был куда более запутанный чем в романе ""Рыцари железа и крови""
﻿
Выдержав паузу, парень вновь размутился в групповом звонке:
﻿
> Ну и разделение. Сора пока что идёт к Ёкаям, я тогда возьму Эльрин, тем более что они давали мне крайний срок... хм... неделю назад? Да, примерно так. Мне там одной суке отомстить нужно, так что с радостью возьмусь за это дельце, хм... у меня ведь Ксавьер там ещё был вроде... можно у него поспрашивать что он там видел. А Айрис тогда... ну, выбор у тебя не велик
﻿
Домыслив послание, парень доживал кусок вполне вкусного хрючева, повернувшись на стуле в сторону <@&1496354080472305678>﻿ ,  что всё это время стоял с мешком за спиной и сказал тому:
﻿
— Горе рыцарь, нужен твой опыт, айда сюда
﻿
||Думаю что самое время, учитывая что мы договорили, поэтому НАКОНЕЦ КУЛЬМИНАЦИЯ С ПОДАРОЧКАМИ! Оставлю вам круг, чтобы устаканить сказанное или поднять ещё темы, а пока Ксавьера подержу в подвешенном состоянии <@&1496354329676742667> ||","",""
"28.05.2026 17:17:32","biok_ymer","#9440","—Айрис Янг—
|-----------------------------------------------------------------------------|
Девушка недовольно буркнула, а после перестав говорить в кольцо забирая яблочко с миски и чуть откусив заявила:
<@&1496357108331970590> .
|-----------------------------------------------------------------------------|

—Мне так-то нужны материалы на совместный проект с шваброй по имени Азазель, отчего мой путь идёт на Фомос или Сохер где есть нужные мне материалы. Отчего я бы оставила разбойников на потом, может вместе их и распросим... Кстати, а чё за мешок у твоего слащавого мечника?

/Договорив та продолжила жевать яблоко, поглядывая на мешок./

|-----------------------------------------------------------------------------|","samin__","1509531933825175702"
"28.05.2026 21:58:45","ktoia","#6622","— Сора Райдэн —  

Мечница слушала предложения и мысли обоих, попутно беря что-то самое привлекательное из съестного со стола и смешивая это с алкоголем. Она не перебивала, не задавала вопросов - просто кивала время от времени, давая понять, что всё слышит и принимает к сведению.  

Когда Лойд и Айрис закончили, Сора отодвинула тарелку, вытерла губы тыльной стороной ладони и встретившись взглядами с обоими, просто кивнула. Мол, договорились.  

Она взяла бутылку, сделала ещё один глоток и откинулась на спинку стула, наконец говоря:

> Значит так и поступим. Я честно сказать не думаю что настолько долго буду у Ёкаев, по этому чуть закончу, сообщу вам и к кому-то приду на помощь...

В след за этим обратила внимание на привлекательного мечника с МЕШКОМ.

||<@&1496354329676742667>||","samin__","1509531933825175702"
"28.05.2026 22:02:43","samin__","#2997","— Ксавьер Азрахан & Лойд Фронтера—

Ксавьер вообще не понимал устройство общества, однако то что люди и демоны живут порознь стало понятно сразу. Но и... ""такая неприметная кампания"" не могла не привлечь внимание своим молчанием. Да и вряд ли им бы позволили так вольно расхаживать, если бы та с лирой была бы на стрёме, однако эти мысли тот решил оставить при себе, лишь спокойно отвечая:

— Понимаю. Но можете не переживать, вредить вам не в наших планах

/Зыркнул на молчащую компашку/
— Хотя что они сейчас делают мне неизвестно, но думаю вас это не касается

/Усмехнувшись, парень поправил воротник/
— Во всяком случае я знаю не больше вашего

В этот момент неприятный голос Лойда, что опять пристал к рыцарю, только когда ему что-то понадобилось, а следом и вопрос от маленькой мисс, что поинтересовалась у него на счёт содержимого мешка. Не долго думая, тот на последок сказал шуту:

— А вот сейчас по всей видимости сейчас и узнаю, прошу прощения, но вынужден покинуть вашу компанию

Глубоко кивнув головой, поклонившись таким способом, парень развернулся и направился обратно к столику, снимая мешочек с плеча, отвечая группе:

— Рад что ваше застолье было плодотворным. Раз ""разговоры"" вас уже утомили, отвечу на вопрос, который дожидается своего часа вот уже более суток. Ранее, когда по пробуждению, я не застал господина Лойда в его кровати, я был уверен что его выкрали небожители, от чего /перевёл взгляд на Юки/ кхм... я отправился на материк под названием Эльрин и было хотел слегка укоротить их материк

/Лойд в этот момент прифигев с трактовок рыцаря перебил/
— Стоп-стоп-стоп. ТЫ ЧТО?! Это буквально полубоги, ты вообще...

/Перебив господина Ксавьер лишь спокойно парировал/
— Возможно я и вправду был опрометчив в тот момент, однако я уже бился с ангелом, так что...

Тут Лойд посмотрел на демонов с лицом ""заткнись нахуй, тут это иначе звучит""! Но благо Ксавьер перестал и продолжил ближе к теме:","biok_ymer","1509516248252416141"
"28.05.2026 22:02:48","samin__","#2997","— Кхм... так вот. Я встретил местного, который заверил меня, что не видел полудохлого орка. Я же ему разумеется не поверил, начиная исследовать всё снизу, спустившись в какую-то дыру и найдя в руинах...

/Лойд не ожидая ТАКОГО откровения вновь перебил/
— Эээ... дыра? ДЫРА?! Ты про бездну сейчас? Т..ты...

Ксавьер же не понимая что Лойд раздувает из мухи слона вновь продолжил повествование:

— Ну... яма... глубокая, только и всего. Кстати я нашёл там пару предметов, которые выделяются, даже по меркам того места. Можете посмотреть

Лойд привстав со стула с вылупленными глазами прошёл около Ксавьера, смотря на него как на ""дарование"". Охмурить бога, побывать в самом опасном месте этого мира и сказать ""глубокая яма?!""... даже для него это было слишком, от чего Лойд начал прикатать, попутно развязывая мешок, заглядывая внутрь:

— Ну ты конечно даёшь... за последние 3 дня ты сделал больше чем многие за целую жизнь, тебе бы извиниться за то, что обесцениваешь жизни людей... ну честное слово, ты...

# — АХУЕТЬ!!!

Казалось бы чему так мог удивиться Лойд, что привлёк к себе столько внимания, так ещё и нарушал табу ""не материться при Юки"". По началу парень и вовсе не понял что там в этом злосчастном мешке, однако опустив туда руку и ухватившись за что-то металлическое, парень с немалым усилием вытащил нечто похожее на руку из сумки, тут же вспоминая чья это рука... ЭТО БЫЛА РУКА ЕБАНОГО АДАМА. А внизу ещё виднелась и личико, что уж точно было не похоже на живое","",""
"28.05.2026 22:02:49","samin__","#2997","Осознав что КСАВЬЕР каким-то образом нашёл АДАМА и кокнул его, даже не зная что тот враг, да и от самого осознания что эта тушка валялась примерно сутки в гильдии, заставило парня потерять равновесье, опрокинувшись на пол, слегка отползая от мешка с телом, что опрокинулся, оголяя безжизненное тело Адама, что покинуло мешок почти по пояс, распластавшись на полу, с протянутой рукой в сторону Лойда. Вылупив взгляд на Ксавьера парень проорал:

— Ты... это... а... ОТКУДА БЛЯТЬ?! ТЫ ГДЕ ЭТО ОТРЫЛ?! НЕТ, КАК ТЫ ЕГО КОКНУЛ?! ПУФ... НЕ... КАК ТЫ УЗНАЛ... ДА... блять... спасибо конечно, хорошая работа, все дела, но СУКА! Ты чего не сказал что ты ТАКОЕ С СОБОЙ ТАСКАЕШЬ?!

Договорив, парень с силой толкнул груду в сторону, от чего тельце отлетело на пару метров, прибившись к стене. Парень и сам не ожидал что силушка богатырская вернётся к нему в полном объёме, в такой то момент, однако это него смущало не столь сильно, как ТРУП главного гада, которого тот знал, что валялся в углу бара. Рыцарь же стоял полностью без эмоций, лишь непонимающе смотря на Лойда, даже не зная как реагировать на такой поток сознания, да и судя по всему Лойд знал этого странного человека, что запутывало ситуацию ещё больше","",""
"28.05.2026 22:39:30","biok_ymer","#9440","—Айрис Янг—
|-----------------------------------------------------------------------------|
Девушка спокойно себе кушала травы, как какая-то травница, однако на моменте представление повела бровью, а после увидив тела охнула чуть дернвушись, да и дальше игры с телом заставили её чуть скривится, однако когда представление закончилось и взглянув повнимательнее на тело, а именно вспоминая чье оно и из чего состоит та вновь приоткрыла рот и в ней открылся научный интерес, из-за которого та вскочила с места подходя к телу и убедившись, что то мертво, стала копашиться на нём как какой-то падальщик, говоря:
|-----------------------------------------------------------------------------|

—Оу, Вау, да это же то что мне было нужно! Чтоже, незнаю нужно ли тебе тела этого киберсолдата, однако если отдашь его мне, я могу применить это куда с большей пользой. Боже, какой качественный металл, а какой он крепкий~. Пупупу, можно его забрать? Пожалуйста пожалуйста пожалуйста!

/Девушка стала смотреть на <@&1496353875748323470> с горящими глазами ученого./

|-----------------------------------------------------------------------------|","samin__","1509633059694317729"
"28.05.2026 22:40:44","biok_ymer","#9440","—Юки—
|-----------------------------------------------------------------------------|
Девочка с непонимаеи сидела на месте, смотря на странную ситуацию, однако понимая, что происходит что-то странное, та молча переглядываясь прикрыла ушки руками, смотря на тех с непониманием.
|-----------------------------------------------------------------------------|","","1509642293337129080"
"28.05.2026 22:43:19","biok_ymer","#9440","—Система—

-её слышит лишь <@&1496353875748323470> -
|-----------------------------------------------------------------------------|
И тут внезапно на радостях объявилась и система, что включив победаносную музыку и запустив виртуальные фейерверки заявила:
|-----------------------------------------------------------------------------|

—Поздравляю, говно ввиде подобия первого божественного человека было уничтожена, отчего вы поистине стали вершиной говна среди всех! Если тебе нужна лишь похвала поздравляю, однако дашь ли ты согласие уничтожить вражеский ПО?

ДА.          ИЛИ.                НЕТ

|-----------------------------------------------------------------------------|","","1509642604378198246"
"28.05.2026 23:43:15","ktoia","#6622","— Сора Райдэн —

Сора отставила бутылку и медленно села ровно, оторвавшись от спинки стула. Её лицо, ещё секунду назад расслабленное, застыло в выражении, которое можно было описать только одним словом: НЕПОНИМАНИЕ. Она переводила взгляд с Ксавьера на Лойда, с Лойда на мешок, с мешка на тело, которое с глухим стуком вывалилось на пол. Её брови медленно поползли вверх, а рот чуть приоткрылся. Когда Айрис с горящими глазами ринулась к трупу и начала его ощупывать, Сора чуть отодвинулась на стуле, **боясь что это заразно**. Она посмотрела на Юки, которая закрыла уши руками и почувствовала с ней странное родство. 

Она провела рукой по лицу, пытаясь собрать мысли, но они разбегались, как тараканы на свету. Мечница сидела, глядя на этот абсурд и пыталась понять, какого чёрта происходит в этой компании.

||<@&1496354329676742667> ||","samin__","1509633059694317729"
"29.05.2026 00:15:45","samin__","#2997","— Лойд Фронтера и Ксавьер Азрахан —

Всë пытаясь осознать происходящее, парень начал переходить из смятения в праздность. Ну хоть что-то по немного начало налаживаться! Да, мирку всë ещë кабзда, но демоны вроде понемногу обживаются, Юки привыкает, Лаура помогает, Сора изменилась, даже шатхое подобие команды выискалось и АДАМ ПОДОХ!

Разумеется последняя новость была самой животрепещущей, от чего смятение на лице парня понемногу начало меняться широкой, жуткой улыбкой

Ксавьер же наблюдая за всем этим цирком понял что только что открыл ящик Пандоры, от чего скривив лицо попятился к столу, садясь около Юки с <@&1496357108331970590> и оглядывая <@&1496354329676742667> и <@&1496353875748323470> как каких-то дикарей обратился к девушке:

— Быть может я чего-то не понимаю, но разве в других мирах принято издеваться над бездыханными телами?

Лойд же в этот момент уже поднялся, отрихая рубашку, сам не заметив, как из его рта стал вырываться смешок:

— Ха... ха-ха... подох, и вправду эта кровопийца сдохла... АХАХАХХАХАХАХАХХА

Вскочив на соседний столик (плевать будь тот пустой или нет), парень обратился ко всем, кто был в этот момент в баре:

— ДРУЗЬЯ! СЕГОДНЯ В ЭТОМ МИРЕ СТАЛО НА ОДНУ УГРОЗУ МЕНЬШЕ! ТАК ЧТО ПРЕДЛАГАЮ ЭТО ОТПРАЗДНОВАТЬ! СЕГОДНЯ ВСЕ СЧЕТА ЗА МОЙ СЧËТ! НЕ СТЕСНЯЙТЕСЬ И РАЗДЕЛИТЕ СО МНОЙ ЭТУ РАДОСТЬ!

Что же такое стряслось с Лойдом, что он даже **оплатил счета** демонюгам? Но в целом он убил двух зайцев. И народец успокоил, после этой сцены и социальный рейтинг повысил, хоть и ценой бабла

Услышав слова Айрис, тот не слезая со стола крикнул той:","ktoia","1509658337233342639"
"29.05.2026 00:15:47","samin__","#2997","— Конечно Айри! Забирай этот кусок метала! Переплавь, разрежь, делай что хочешь! Свою дозу я уже получил!

И тут же появилось системное окно, что сделало это на столь резко, что парень чуть не опрокинулся со стола, однако махая руками всë- же удержался на верхатуре, слушая сообщение и смотря на две монящие кнопки

Мерзко улыбнувшись, тот сказал про себя:

> Ой, а что это такое? Я вершина говна говоришь. Ой-ой-ой. Детка, я его пользователь!

/Подумав, парень не придумал ничего лучше чем ответить последним мемом, который помнил в своëм мире/
> Ну и? Что ты мне дашь за этот попыт?","",""
"29.05.2026 01:42:22","biok_ymer","#9440","—Айрис Янг—
|-----------------------------------------------------------------------------|
Девушка довольная и также разделяя радость парня спустила рюкзак со спины и стала засовывать труп так, словно это сладкая вата, что так хотелось съесть в детстве. Закончив с данным деянием та довольная вернулась за места и также налила себе в кружку какой-то алкоголь попивая и смотря за представлением от Лойда. Похоже у той также повысилась настроение от того, что ей не придется идти за три версты за материалом для суки, что чуть не убила сору.
<@&1496357108331970590> 
|-----------------------------------------------------------------------------|","samin__","1509666525672509532"
"29.05.2026 01:47:59","biok_ymer","#9440","—Система—

-её слышит лишь <@&1496353875748323470> -
|-----------------------------------------------------------------------------|
Система чуть задумалась, а после подставила цену ввиде 1000 очков Рп, говоря:
|-----------------------------------------------------------------------------|

—За данную возможность поглащения, Лойд получит 1000 очков а также возможность задать вопрос, на который система не сможет умолчать и увернуться.

|-----------------------------------------------------------------------------|","samin__","1509666525672509532"
"29.05.2026 08:24:54","ktoia","#6622","— Сора Райдэн —

Ладно. Нет. Тут уже появилась некая мерзкая нотка даже у Соры, когда Лойд начал ржать и орать на всю таверну. Взяв бутыль, девушка слегка потрясла её, но поняв, что та уже опустела, потянулась за следующей. Как раз в этот момент Ксавьер задал хороший вопрос, поэтому Сора, сделав пару глотков, ответила:

— Ах... Ну, я просто убиваю. А издеваться над трупом - такое себе удовольствие. Не, конечно, твари всякие бывают, но чтоб настолько.

Глоток.

— Мои тебе соболезнования, как говорится... господин у тебя херовый.

Она перестала смотреть на собеседника и снова уставилась на свистопляску.

— Хотя... один раз я чувствовала что-то похожее. Тогда я тоже... ну, не скакала конечно по столам, но внутри всё ликовало.","samin__","1509666516969459803"
"29.05.2026 16:04:48","samin__","#2997","— Ксавьер Азрахан —

Мужчина смотря на еду лишь выдохнул, ведь буквально недавно поел, от чего услышав мнение воительницы перевёл взгляд на Лойда, что всё ещё кривлялся стоя на столе прикрывая глаза рукой, потирая глаза от стыда, отвечая той:

— Он так не радовался, даже когда мы некроманта убили... что же я такое принёс в этот раз. А что до господина

/Украдкой поднял взгляд, видя как Лойд начинает пританцовывать/
— А это он ещё трезвый... не повезло - не то слово...

Отклонившись на стуле, мужчина запрокинул голову, предпочитая смотреть на деревянные перекрытия, чем на Лойда:

— И? Что решили в своём кругу молчания? Полагаю ничего хорошего?","ktoia","1509789614364168303"
"29.05.2026 16:22:11","samin__","#2997","— Лойд Фронтера —

Парень усмехнувшись решил уж было вытрясти из системы побольше на этот раз, за бесполезность, отведя взгляд на группу, однако услышав сумму его глаза стали ещё больше, прямо как у кота в сапогах и повернувшись к окну, парень присмотрелся к ноликам. 1000! За задание давали 100! Куда это?! Как это?!

Протерев глаза, улыбка парня стала ещё шире. Не рискуя жизнью, он просто так получит СОСТОЯНИЕ! Так ещё и система прогнулась. Начиная пританцовывать какой-то стрёмный танец, парень вдруг остановился

> Хм... 1000... так ещё и вопрос над которым я смогу подумать... сука... эта иишка всё-же с тобой как-то связана, иначе ты бы так не пеклась. И по какой-то причине ты не можешь уничтожить её самостоятельно. Слушай, сообщенька... ты палишься...

Торговаться было опасно... система уже слишком долго наблюдала за Лойдом и точно знала все его приёмчики, так что и сама научилась гнуть цену, от чего итоговая могла упасть даже ниже нынешней, однако всё-же соглашаться сразу Лойду не позволило бы его гнилое нутро, от чего призадумавшись, тот спрыгнул со стола, питирая подбородок:

> Хорошо, я согласен на это условие, но только хочу дополнить одну формулировку договора. Я оставляю за собой право отсрочить оглашение вопроса на неопределённый срок, чтобы обдумать что лучше задать, а так-же хочу увидеть в твоём интерфейсе ""Простите прекрасный Ким Су Хо, я была не права, когда делала вас мировым злом"". Если согласна, можешь забирать иишку этого бездаря в пожизненное рабство, уничтожать... в общем она твоя

Парень пытался не думать о том зачем просит такое странное условие, чтобы система не прознала, но та уж точно поняла что в этой просьбе скрыто нечто большее чем просто ""обида"". Скорее какой-то странный план, что по сути ничего парню и не давал и стояло парню об этом задуматься, как он оборвал мысль, заливая:

> Ну а пока ты думаешь, я попробую докопаться. Ранее ты говорила что эта ии никак не связана с тобой, но теперь хочешь её уничтожить, так что

||[прерви]||","biok_ymer","1509689725592535230"
"29.05.2026 17:58:07","biok_ymer","#9440","—Система—

-её слышит лишь <@&1496353875748323470> -
|-----------------------------------------------------------------------------|
Система недовольно бробунила звук колоколов, а после вывода сообщение:
|-----------------------------------------------------------------------------|

—Хорошо, оглашения оставлено на потом. ""Простите прекрасный Ким Су Хо, я была неправа, когда делала вас мировым злом"", ""Простите прекрасный Ким Су Хо, я была неправа, когда делала вас мировым злом"", ""Простите прекрасный Ким Су Хо, я была неправа, когда делала вас мировым злом"", ""Простите прекрасный Ким Су Хо, я была неправа, когда делала вас мировым злом"".

/Повторив ещё пару раз, система включила зацикливание данного звука, будто воспитание множеств голосов для парня, а после когда бы тот устал, она бы перестала./ 

|-----------------------------------------------------------------------------|","samin__","1509909725465153578"
"29.05.2026 20:29:17","ktoia","#6622","— Сора Райдэн —

— А он что пьёт? За столом ни к чему не притрагивался. мх.

Махнув рукой на это дело, она потянулась, отхлебнула ещё и добавила, глядя на рыцаря:

— А ты?

Она глянула на его руку, потом на свою, не увидела кольца и продолжила:

— Кто куда - только и всего. В остальном... ""подарок"" прервал. Хотя уже закончили. Про тебя разговор не заходил. Кстати, а ты с какого момента этому служить то начал?

Вопрос между делом, а потом за работу.","samin__","1509905351179239616"
"29.05.2026 21:54:09","samin__","#2997","— Лойд Фронтера и Ксавьер Азрахан—

Парень был доволен таким исходом, как ни как  было приятно почуствовать себя живым. От той иишки он бы мог получить и больше, но сам факт что она связана с Адамом, делала еë уничтожение таки-же приятным бонусом, в добавок к КУЧЕ РП! Теперь и не столь нужно было лезть в чëртову шахту к чëртовым жукам... фу бля...

Слушая недовольный голосок системы, парень качал головой в такт извинений, которые сам же и выбил. Хех... на сколько же она хотела уничтожить ту иишку...

Однако и это дало парню хоть немного ответов. За пультом сидел кто-то, кто либо имел чуство юмора, либо не имел ""внеземного ЧСВ"". Значит ""они"" способны на чуства, без прогматияной стороны

Чуствуя что тот уже надумывает лишнего, парень посто пометил этот момент карандашиком на подкорке своего мозга, направляяст обратно к столу, где Ксавьер уже во всю пытался охмурить лесбуху

Слушая рассуждение <@&1496357108331970590> , Ксвавьер кивнул, говоря той:

— К счастью всех наших земель перестал, однако до этого праздность не прекращалось... и да, не подарок а трофей, я бы это назвал так

Переведя взгляд на парня, что начал просто кочать головой под несуществующую музыку, глаз ксавьера слегка дëрнулся и тот сказал:

— К сожалению со дня, когда господин Фронтера подобрал меня с улици, ещë ребëнком. И смех и грех, и благодеятель и палач...

Лойд же в этот момент подходя к столу Лойд перевернул стул спинкой к столу и сел на него ""типа как крутой"", показал Юки жестом что уши можно откопуривать. Парню было немного стыдно за такой ""пример"" от чего тот сказал:

— Кхм... прошу прощения, просто чуства переполнили...

/Ксавьер же смотря на клоуна ответил/
— Сядьте нормально, такая поза не подобает знатному человеку","biok_ymer","1509933868998987848"
"29.05.2026 21:54:14","samin__","#2997","/Лойд лишь цикнул/
— Осади, я тут буквально никто, так что могу себе позволить

/Ксавьер, понимая что так до дебила не достучаться встал со стула, подходя к Лойду и взяв того за шиворот поднял, разварачивая под ним стул ухмыльнувшись говоря/
— Вот теперь вы походите на человека

/Лойд же что чуть не повесился на своей же рубашке прокашлялся отвечая/
— Кхя... маньячела чëртов! А если бы я сбил дыхание и помер?!

Ксавьер даже не поведя бровью лишь аристакротично прислонил руку к щеке, отвечая:

— Исключено. Вашим наставником в познании укрепления тела был я, так что если бы вы даже захотели, то пострадать бы не смогли

Лойд же цикнув на ""правильного рыцаря"" обратился к <@&1496357108331970590> <@&1496354329676742667> :

— Ну чтож, в таком случае расход? Я тут закончу и пойду куда договаривались. В случае чего связь держим через кольца и обмениваемся если найдëм что-то интересное, ах и да...

Парень наконец махнул в сторону, убирая системное окно, звуком которого наслаждался до этого момента, говоря в кольцо только <@&1496357108331970590> , парень сделал серьëзную мину:

> Рация: И... я надеюсь ты не забыла. Мы НЕ вы пускаем Ëкаев, мы НЕ принимаем слова за чистую монету. Мы НЕ хотим уничтожить мир нашествием Ëкаев. Мы НЕ верим если даже те выглядят хорошими. Мы НЕ убиваем Ëкаев мечëм, чтобы мир рухнул. Мы НЕ развязываем новую войну

> Пожалуйста, повтори чтобы я слышал. Мы... НЕ... выпускаем Ëкаев...

Улыбнушить, тот сказал:

— Ну что? Работаем?","",""
"01.06.2026 17:22:46","biok_ymer","#9440","—Айрис Янг—
|-----------------------------------------------------------------------------|
Бестия лениво показала палец вверх, похоже уже опьянев от одного стакана выпивки. Она чуть икнула, а после разлеглась на столе бубня под нос:
<@&1496357108331970590> 
|-----------------------------------------------------------------------------|

—Теперь мне никуда идти и не надо ик. Нужно обратно на ""базу"" работать с дьяволом. Я ик не хочу туда идти после того, как меня чуть ик не задушили! Отчего я пока побуду тут...

|-----------------------------------------------------------------------------|","samin__","1509993287333969930"
"01.06.2026 17:24:13","biok_ymer","#9440","—Юки—
|-----------------------------------------------------------------------------|
Убирая руки с ушок, чуть подвигала теми, привыкая к звукам, а после аккуратно взяла металлическую ложку протянула гусенице, смотря за её интересными вкусами, сама же не особо хотела есть.
|-----------------------------------------------------------------------------|","samin__","1509993287333969930"
"01.06.2026 17:43:26","ktoia","#6622","— Сора Райдэн —  

Сора не знала, смеяться с ситуации или смотреть с жалостью. Когда Ксавьер пересадил Лойда за шиворот, девушка не скрывая улыбнулась от такой картины. А потом всё это сгладила выпивкой. Но когда парень всерьёз принялся занудствовать в рации, Сора отставила бутыль, положила руку на стол и чуть прищурившись, мысленно ответила только <@&1496353875748323470>:  

> Я... ВЫПУСКАЮ Ёкаев. Я ПРИНИМАЮ слова за чистую монету. Я ХОЧУ уничтожить мир нашествием Ёкаев. Я ВЕРЮ тем, кто выглядит хорошо. Я развязываю войны. И... внимание! Я ХОЧУ УНИЧТОЖИТЬ ЁКАЕВ, чтобы мир РУХНУЛ.  

Она выдержала паузу, вздохнула и показательно ухмыльнувшись, продолжила уже спокойнее:  

> **Разъебать мир за неделю - как нехуй!**

Её мысли звучали скорее вызывающе, чем со злобой. Она откинулась на спинку стула, взяла бутылку и глядя на Лойда через стол, добавила уже в голос:

— Ладно. Я поняла твои ""нельзя"". План ясен.

Допив до конца какую-то там по счету бутылку девушка встала с сидения и перед тем как покинуть сия заведение остановила взгляд на <@&1496354329676742667>:

— А ты уже прям расквасилась.... мгм. /потерла затылок/ Будь аккуратнее и при возвращении будь всегда рядом с кем-то...

Почувствовав какую-то неуместность и неправильность Сора решила прекратить и взглянув на всех легко помохав, направилась к выходу из трактира.","biok_ymer","1511012138112782517"
"01.06.2026 22:45:31","samin__","#2997","— Лойд Фронтера и Ксавьер Азрахан и Колокольчик —

Слушая Сору, глаз парня стал дëргаться, ведь он вообще не воспринимал это как шутку

А на словах ""Разъебать мир за неделю"" парень и вовсе крикнул в связь:

> Рация: ДА Я В ТЕБЕ СУКА НЕ СОМНЕВАЮСЬ!

Наконец, когда над еле как ясным сознанием парня перестали измываться, парень выдохнул, радостных что его... хотя бы услышали, давая зарок, что если она выкинет ещë что-то, придëтся переписывать мир без одного ""полуëкая, полугрешника, полупокера""

И вот проблема этого мира ушла. Пожав плечами, парень ухмыльнулся смотря на бухущую <@&1496354329676742667>  и от чего-то у него выделилась слюна и очень грешные мысли || НАЖРАТЬСЯ ||

Однако эти размышления были прерваны Ксавьером, что прокашлявшись сказал:

— Кхм... о чëм задумались?

Лойд моментально пришëл в чувство сглотнув слюну и оборачиваясь на Юки, что... кормила Колоколичика ложкой... великолепно грешние его дери. Это тоже пойдëт в счëт!

Однако прерывать сие действие он не хотел, тем более что похоже это доставляло удовольствие обоим девочкам

Умилившись на мгновение, парень встрепенулся, проверив запястье с вымышленными часами, вспоминая что пол часа скорее всего уже подходят к концу

Оглядев товарищей тот сказал:

— Простите, задержался. Да вот только планы поменялись ещë больше. Мне придëтся отправиться в ""путешествие"" /подмигнул Ксавьеру/ да и сейчас иду в другую деревню, так что... эх... снова в покое не поживëм

Ксавьер разумеется понял намëк, отвечая максимально спокойно и размеренно:

— Хм... значит отправляетесь на Эльрин. Не самое приветливое местечко, учитывая местных обитателей и пиратов...

Лойд, что хотел скрыть что там опасно фыркнул и перебил рыцаря как только появилась такая возможность:

— Пираты? Ты и с пиратами встречался? Ой... ну почему я не удивлëн...

На это уже Ксавьер никак не ответил, не желая вспоминать свой позор

|| Отпути за Юки и я погнал ||","ktoia","1511017336960979135"
"02.06.2026 07:24:24","biok_ymer","#9440","—Юки—
|-----------------------------------------------------------------------------|
Девочка не особо понимала тихую дискоссую и её итог, однако поняв что <@&1496353875748323470> снова нагрузил себя миллиардом дел немного недовольно покосилась на того, однако все же спокойно ответила:
|-----------------------------------------------------------------------------|

—Не перетруждайся там... Я наверное побуду тут, не хотелось бы лишний раз заставлять поволноваться вас.

|-----------------------------------------------------------------------------|","samin__","1511093359475822642"
"02.06.2026 13:35:14","samin__","#2997","— Лойд Фронтера и Ксавьер Азрахан —

Почуствовав недовольство парень отвёл взгляд в сторону. Как ни как хотелось бы уделить девочке больше времени, однако если сейчас не поднапрячься, мирок может рухнуть и останется только междумирье, что по ощущениям было куда страшнее даже Ёкаев. Теория двух дней вновь подтвердилась... ровно двоя суток и Айрис чуть не придушили... кто-то... что-то. Парень даже не хотел забивать этим голову, от чего лишь улыбнулся, отвечая девочке:

— Постараюсь~

Повернувшись на Ксавьера тон и лицо изменились на серьёзные, а парень стал тараторить:

— Значит так, я по делам, а ты присмотри за Юки. **И не как в прошлый раз** /достал мешок с монетами, начиная те пересчитывать/ с остальным я сам разберусь... пока что ещё поспрашивай тут местных, походи, Бибона проверь, а то судя по звукам он закончил. Пересчитай материал и в случае чего до кромсай чего не хватило. В общем оставляю тебя за Байерна

Ксавьер же слушая всё это понемногу начал тускнеть. Ничего сложного, но МНОГО всего, что точно перерастёт во что-то нехорошее, а когда речь зашла про Байерна, его лицо и вовсе перекосило. Байерон был по всоей сути наставником парня. Первый рыцарь земель Фронтера с богатым опытом и чистейшими помыслами. Ксавьер восхищался им сколько себя помнил, однако когда Лойд узнал что рыцарь неплохо образован и умеет вести дела, тот был назначен ""секретарём"". И пусть жизнь Байерна стала проще и безопаснее из него выбилось то достоинство и стремление жить, учитывая что о выходных тот мог просто забыть, превращаясь из образцового рыцаря, в не менее образцовый ходячий мешок с картошкой. Нет, уважения Ксавьера тот не растерял, но смотреть за угасанием кумира было ужасно больно, хотя и глупо было спорить, что благодаря этой перестановке жизнь всех вокруг улучшилась, в том числе и Байерна, что был счастлив сложить меч, ведь уже достиг своего максимума, чуствуя что это более не приносит удовольствия. Да и шкурой тот не шибко и хотел рисковать...","biok_ymer","1511223939421179904"
"02.06.2026 13:35:15","samin__","#2997","Из этой двоякости, Ксавьера выбила сумма, что подвинулась к нему и слова Лойда:

— 100 золотых. Тут цены и похожи на наши земли, так что разберёшься. Как понимаешь это считай состояние, так что смотри чтобы не украли. Рассчитайся с шутом за стойкой и купи по 25 кило всех металлов что сможешь надыбать, передашь всё это вместе с Айрис, той рогатой. Понял?

Рыцарь лишь успел закатить глаза, как Лойда и след простыл. Всё как всегда. Собрав монеты, тот положил их во внутренние карманы, чтобы не потерять ненароком, а затем стал думать... и спрашивается... с чего начать?

Заметив хмельную мадам, тот решил для начала рассчитаться, а уже после приняться за дела, от чего подойдя к шуту, тот проговорил:

— И во сколько обойдётся несдержанность моего господина в выражениях?

Лойд же в это время направился в условленное место, попутно думая когда ему ещё и чертеже чертить...

||Думаю сделать так: Увести Лойда, отправить Ксавьера, чтобы он узнал о раскрытии деревеньки||","",""
"02.06.2026 17:17:02","biok_ymer","#9440","—Шут—
|-----------------------------------------------------------------------------|
Девушка услышав про расчет для вида стала просчитывать пальцами цену, а после посмотря на парня заявила:
|-----------------------------------------------------------------------------|

—учитывая что он решил стать весь бар, думаю суммы в 20 золотых будет вполне себе достаточно~.

|-----------------------------------------------------------------------------|","samin__","1511317266229366954"
"02.06.2026 17:37:18","ktoia","#6622","— Сора Райдэн —

И вот мечница уже покинула трактир, а вслед за ним и эту странную деревеньку демонов. Никогда бы не подумала, что те довольно мирные существа. Ну по крайней мере эти. Мысли были, но зачем ими распространяться? Предстояло выяснить пару вещей, а в частности поговорить с ""богами"". Ме... странно звучит. Лучше уж с ёкаями.

Без лишней суеты, бурмалды, черемши и с чувством что делается что-то важное, девушка отправилась в Дикие земли. Туда, куда её вели ноги. А они вели, вроде, правильно - к маяку.

||<@1405305963375759440>||","biok_ymer","1511017336960979135"
"02.06.2026 17:44:15","biok_ymer","#9440","|-----------------------------------------------------------------------------|
Без лишней суеты, 67-ван и газан, девушка спокойно дошла до маяка, где и встала в тупнике, смотря на маяк.
|-----------------------------------------------------------------------------|","ktoia","1511378179812622488"
"02.06.2026 20:59:45","ktoia","#6622","— Сора Райдэн —  

Была ли бурмалда долгой или чи то фреди фазбер прошел быстро, но пепе шнеле... КХМ.... В итоге Сора вполне себе спокойно пересекла Дикие земли и добралась до места, которое помнила по обрывкам воспоминаний: старый, поросший мхом и лианами монумент. Это и есть тот самый маяк? 

С каждым шагом к нему накатывало неприятное ощущение - будто здесь её ждала ловушка. Впрочем, по дороге странностей хватало, поэтому и это чувство девушка решила проигнорировать. Подойдя к основному монументу, она взошла на ступени и уставилась на массивный череп. Уж больно жутко здесь всё ощущалось. И тут наступил затуп: она совершенно не помнила, как это работает.  

Обойдя строение несколько раз, её глаза в какой-то момент зацепились за символы вокруг черепа. Они были до жути знакомы, но где она их видела? Попытавшись вспомнить, она не пришла ни к чему внятному. Однако взгляд, блуждавший в поисках подсказки, остановился на ножнах висящих на поясе. Те самые символы, выгравированные на них, сильно походили на те, что были у основания монумента. Прикинув что-то, Сора достала клинок и сделала шаг назад. Посмотрев на лезвие, потом на череп она руководствуясь исключительно внутренними ощущениями, воткнула меч в землю.","biok_ymer","1511379930766770195"
"02.06.2026 22:14:38","biok_ymer","#9440","|-----------------------------------------------------------------------------|
На удивление не отделенная логикой девушка открыла портал в неизвестность, после чего взяв меч смогла бы пройти внутрь оказываясь в уже знакомом дивном месте, красивый, но такой внеземной... И куда она пойдет дальше?
|-----------------------------------------------------------------------------|","ktoia","1511429131202596944"
"02.06.2026 22:25:49","samin__","#2997","— Лойд Фронтера —

||Не знаю что вкидывать, но ок, вкину||

Идя ко входу в деревню, парень думал над концепцией грешников. Какой смысл был их перерождать, если большая часть из них вообще не помнят своего греха? Это ему было не ясно, ровно на столько же, как почему он замечает знакомые японские имена. Это могло быть и просто совпадением, но скорее всего это чёртовы попаданцы из Японии. Всегда у них всё выходит просто. Нужно поспрашивать про имбу какую, что была тут сотни лет назад, скорее всего это и был землянин

И вот он подошёл ко входу в деревню, тот ||Наверное|| увидел Итами, задумавшись о значении её имени. Боль, душевная боль и ещё куча видов боли. Учитывая что за жизнь у Юки, имена тут силы не имеют, но всё равно смешно знать значения имён, учитывая что парень больше увлекался романами, нежели аниме. Ну хоть где-то пригодилось

||<@1405305963375759440> ||","biok_ymer",""
"02.06.2026 22:28:30","samin__","#2997","— Ксавьер Азрахан —

Мужчина вылупился на барда. Нет, конечно денег ему было не жалко, тем более что они были не его, но Лойд сказал что цены тут сопоставимы с их миром, от чего это было... весьма неожиданно, от чего рыцарь не скрывая удивления ответил:

— Вы верно неправильно поняли моего господина, он не желает выкупать данное завидение, а лишь оплатить заказы посетителей","biok_ymer","1511373082630033552"
"02.06.2026 22:31:34","biok_ymer","#9440","—Шут—
|-----------------------------------------------------------------------------|
Девушка ждала позорной реакции, отчего рассмеявшись сказала:
|-----------------------------------------------------------------------------|

—Хпхахаха а я думал и не спросишь, значит голова на плечах есть. 5 золотых и сочтемся мечник.

|-----------------------------------------------------------------------------|","samin__","1511451464520962209"
"02.06.2026 22:36:42","biok_ymer","#9440","—Итами—
|-----------------------------------------------------------------------------|
Та бы и не вышла туда, однако вспоминая договоренность она стояла там наблюдая как проходит сначала мечник, потом какие-то пьяницы из бара, а после за ними уже и сам Лойд... И почему он был последнем в паравозике? Девушка лишь спокойно сказала:
|-----------------------------------------------------------------------------|

—Перед дорожкой смотрю отметил? Ну пойдем тогда. Карта у тебя есть? Ато я непомню насколько далеко те обосновались.

|-----------------------------------------------------------------------------|","samin__","1511450790521344001"
"02.06.2026 22:36:47","samin__","#2997","— Ксавьер Азрахан —

Недоверчиво приподняв бровь, мужчина наклонил голову чуть на бок, говоря бармену:

— Это вновь шутка? Признаться я не разбираюсь в здешних ценах, от чего можете сказать сумму, которую считаете справедливой

Лойд, что ты сделал? Ксавьер стал несознательно торговаться","biok_ymer","1511452234683121854"
"02.06.2026 22:38:48","biok_ymer","#9440","—Шут—
|-----------------------------------------------------------------------------|
Клоун на сей раз уже со спокойной улыбкой проговорила:
|-----------------------------------------------------------------------------|

—На сей раз я не шучу, зная здешних пройдох вполне себе 5 золотых хватит и на вас и на других, отчего я считаю это приемлемой ценной, однако если хочешь оставить чаевые, можем сговориться и на 6-ти~.

|-----------------------------------------------------------------------------|","samin__","1511453546850291924"
"02.06.2026 22:42:01","samin__","#2997","— Лойд Фронтера —

Парень лишь ухмыльнулся на это замечание, доставая злополучную карту из сумки, отвечая:

— Были делишки, но теперь я в состоянии приподнятого духа готов почти к чему угодно

Раскрыв карту, парень примерно сориентировал сторону, начиная путь:

— Ну что, просветишь почему ""ужасные демоны"" живут порознь и имеют какие-то там разногласия?","biok_ymer","1511453526625095881"
"02.06.2026 22:49:45","biok_ymer","#9440","—Итами—
|-----------------------------------------------------------------------------|
Девушка даже немного удивилась резкому поднятому духу. Это на него так выпивка влияет? Удивлённая, но все спокойная та стала следовать за мужчиной, говоря:
|-----------------------------------------------------------------------------|

—Нууу, скажем так многие не оставили идею войны с людьми и ёкаями, да и контингент там скажем более буйный, отчего здесь их не приняли, где демоны решили жить спокойно и в мире с другими. Можно сказать там радикалисты, а тут Отступники.

|-----------------------------------------------------------------------------|","samin__","1511454867242094662"
"03.06.2026 00:27:40","samin__","#2997","— Ксавьер Азрахан —

Парень лишь кивнул на слова странного бармена, что только что пытался обобрать его до нитки, от чего потянувшись ко внутренним карманам, ответил:

— В таком случае чаевые будут в счёт резервации столика со спящей мисс. Разбудите её как немного протрезвеет

Договорив, мужчина и вправду достав 6 монет передал их бармену

И спрашивается что теперь? Враждебности от здешних он не чувствовал, от чего решил **оставить девочку**. Направившись к выходу, мужчина покинул таверну, быстрым шагом направившись туда, где в последний раз слышал треск деревьев, ещё на подходе к деревеньке

||Спизжу колечко после этого, чтобы панику не наводить||","biok_ymer","1511454055497601035"
"03.06.2026 00:48:53","biok_ymer","#9440","—Бард—
|-----------------------------------------------------------------------------|
И вот гуляя по деревни, тот весьма быстрым шагом добрался до недовольного голоса, что похоже кого-то отчитывал. Выйдя на поляну? А всегда тут было так открыто? Наверное в этом и была причина отчего маленький бобер слушал отчитывается музыканта, что причитающе припевал тому:
|-----------------------------------------------------------------------------|

—Ну и вот зачем? Тебе если и сказал твой господин деревьев то проблем бы не было, ты зачем весь лес вокруге срубил!? Как мы теперь скрываться будем дурачина ты эдакая!?

/Ожидаемо как и 10 минут ранее, тот никак не реагировал на её слова, отчего она взяв в руки лютню стала наигрывать весьма быструю мелодию, отчего тот резко перестал чувствовать свое тело, а потом сам подойдя к пню стал биться о него головой./

|-----------------------------------------------------------------------------|","samin__","1511481452691329096"
"03.06.2026 00:50:33","samin__","#2997","— Лойд Фронтера —

В целом ожидаемо. Радикалы что нехорошо относятся к людям и ёкаям... не-хо-ро-шо. С такими работать сложнее всего. Пуф... и вот спрашивается как найти там ""нормального"" брата архитектора? Призадумавшись, парень ответил:

— Не самая приятная ситуация. С **""ангелами""** я то понимаю почему они хотят биться, но люди... мда... нарутотерапии на них нет

— Ты их знаешь лучше меня, та что можешь прикинуть какие у меня шансы на то, чтобы они меня выслушали, а не сразу начали втаптывать в грязь?","biok_ymer","1511456813675974686"
"03.06.2026 09:43:41","ktoia","#6622","— Сора Райдэн —

Сделав то что сделала, девушка действительно шагнула в портал, засовывая меч обратно в ножны.

На той стороне мечница сразу с интересом огляделась - опасность никто не отменял. Однако... М-м.... Тут никого вообще нет? Дорожки поросли зеленью, но всё ещё сохраняли свои очертания. Не став долго стоять на месте, Сора направилась прямиком вперёд по очень живописной тропе, попутно проговорив:

— Так. Ну и где они?","biok_ymer","1511447975224934582"
"03.06.2026 13:11:50","samin__","#2997","— Ксавьер Азрахан и Бибон —

Бобер просто рубал лес, чуствуя что скоро действие семечки закончится и он сдуется. По сути он уже всё сделал с запасом, от чего можно было выдохнуть. В округе не осталось не одного дерева, что могло видеть его позор. Довольный своей работой, зверёк хотел было отдохнуть, как вдруг увидел, как на него идёт явно недружелюбно настроенный музыкант, который ТОЧНО не погладить его пришёл

Нет, бобэр не испугался, просто решил сменить дислокацию, на противоположенную от демонической морды. После недолгой погони... ПУФ! Семечко выветрилось и убегать уже было невозможно. Ну и пошли собстенно пытки... нотациями...

10 минут бобер слушал нотации не понимая что он сделал не так. Дервевья срубил? Срубил. Доски сделал? Сделал. Запас есть? Есть. Так что не нравиться то?

Не выдержав, спустя добрые 10 минут, бобер просто уже начал откровенно стебать барда, сжимая и разжимая лапку в такт её слов, попутно говоря:

— Бибон-бибон-бон-бон-би [Да-да, я лучше знаю как делать лесозаготовки, чем самый красивый и обоятельный в этом деле Бибон. Да-да, мне не нравится что мне сделали площадку для строительства. Да-да, я всё ещё обижена на то, что неделю назад меня победил великий Бибон и его приспешник]

И после этих слов он вновь перестал чуствовать своё тело. Второй раз за день... нет, ну этот лес точно заколдованный. Его срочно нужно вырубить под частую. Э... а куда я иду... Бум. Эй... Бум. С чего! Бум

Так бобер и продолжил биться головой о пень, причитая:

— Бибон [Да за что?]
/Удар/
— Бибон [Нецензурная лексика]
/Удар/
— Бибон [Я вообще-то хозяин лесов!]
/Удар/
— Бибон [Нецензурная лексика]
/Удар/
— БИБОН! [ДА ПОНЯЛ Я, ПОНЯЛ!]

Смотря на всё это, Ксавьер не смог сдержать скептиза. Окинув поляну взглядом, тот подошёл к ""самоизбеению"" чуть ближе, показательно прокашлявшись, чтобы привлечь к себе внимание, начиная говорить:

— КХМ... признаться найти поселение не столь сложно. Позвольте вопрос, а от кого вы скрываетесь?","biok_ymer","1511486792568930436"
"03.06.2026 17:01:27","biok_ymer","#9440","—Бард—
|-----------------------------------------------------------------------------|
Если бы не приход Ксавьера девушка бы продолжала наигрывать агрессивную мелодию смотря за тем как зверёк аотнесному бы разбивал себе лоб, однако прерванная в своей дисциплинарной работы, та перестала, переведя взгляд на рыцаря и говоря:
|-----------------------------------------------------------------------------|

—А... Рыцарь лорда? Может поселение найти и не сложно на первый взгляд, однако простой люд при помощи моей игры разворачивался обратно, непомня про это место, а церковь лишний раз бы не рисковала ходить по темному лесу, без лишней разведки и непонимания, что тут вообще находиться... Ну и как ты понял из слов выше, мы скрываемая от святых, также от других деманов и ангелов. Проще говоря, врагов у нас хватает, отчего и стараемся не отсвечивать...

/После сказанного девушка перевела недовольный взгляд обратно на Бидона, говоря:/
-А этот звереныш, решил и так сложное скрываете наше попортить на нет!

|-----------------------------------------------------------------------------|","samin__","1511673764277125162"
"04.06.2026 15:42:49","samin__","#2997","— Ксавьер Азрахан и Бибон —

Мужчина заинтересованно слушал нынешнее положение, понимая что этот мирок явно не столь сильно отличается от его. Там демоны тоже скрывались от людей, однако делали это куда лучше. Люди, церковь, другие демоны и ангелы... уж больно много врагов если так поразмыслить... если точнее, то все

Осмотрев поляну и кучу строй материала, мужчина чуть задумавшись проговорил:

— И это столь большая проблема? Неужто одна поляна... хотя и большая... так сильно влияет на раскрытие? Хотя... ладно, признаю, я бы на месте церковников это из поля зрения не упустил

Бибон же отходя от головокружения только раздуплился что происходит, как услышал новую волну критики, начиная пятиться назад, махая лапками:

— Бибон-бон [Не-не-не, все вопросы к прорабу, я всё сделал по плану]","biok_ymer","1511731546975899731"
"04.06.2026 18:53:40","biok_ymer","#9440","—Бард—
|-----------------------------------------------------------------------------|
Девушка выслушала очевидный для той ответ вновь недовольно покосилась на бобра, однако услышав его ответ хмыкнула, говоря:
|-----------------------------------------------------------------------------|

—Ещё бы виновник сам свою вину принял... Кхм, вообщем ситуация не сахар, нужно думать как скрываться или перемещаться и желательно чем быстрее, тем лучше.

|-----------------------------------------------------------------------------|","samin__","1512074146903756830"
"04.06.2026 18:58:14","biok_ymer","#9440","|-----------------------------------------------------------------------------|
И тут гуляя по дорожке та в итоге вышла на невзрачную дорожку, где разгуливала какая-то маленькая девочка? Заприметив девушку та показала пальцем на ту, а потом быстрый шагом подошла к девушке, говоря:
|-----------------------------------------------------------------------------|

—ООО, а ты как здесь оказалась? Ты и есть Сора? Приятно познакомиться! Я Орд! А ты к нам надолго? А что ты тут делаешь? А как у тебя дела? Можешь рассказать истории своей жизни?

|-----------------------------------------------------------------------------|","ktoia","1511621377839464478"
"04.06.2026 21:24:34","ktoia","#6622","— Сора Райдэн —

Мечница гуляла пока не встретила ребенка? Чего? Приподняв бровь она смотрела как ""это"" к ней подходит, а затем с ходу начинает засыпать даму вопросами... Чтобы поток закончился мечница подняла руку на перекор говоря:

— Стоп-стоп-стоп, подожди. Орд? А я... А откуда ты меня то знаешь? А... ты же эта...

Разглядев малявку, Сора помолчала и выдала:

— Честно сказать я богинь по другому представляла....","biok_ymer","1512123326649073734"
"04.06.2026 22:12:29","biok_ymer","#9440","—Орд—
|-----------------------------------------------------------------------------|
Парень немного надулся, а после показал пальцем влево вправо, говоря:
|-----------------------------------------------------------------------------|

—Не богиня, а бог! И вообще я пока мал, чтобы зваться так величественно, я не так давно появился! Тебя я знаю, ибо часто наблюдал за тобой как появился! Ты такая интересная! Ооо и хочешь дружить?

/Парнишка протянул руку, видно хотя пожать как какой-то взрослый, улыбаясь подурачьи./

|-----------------------------------------------------------------------------|","ktoia","1512160150469742713"
"04.06.2026 22:24:43","ktoia","#6622","— Сора Райдэн —

**Он**? Это ПАЦАН? Сора похлопала глазами явно не скрывая удивление... так он не давно появился? А это везение или нет? Так он еще и следил за мной?

Сора скрестив руки говоря:

— Это... звучит странно паренек... А **часто** это насколько?

Однако не желая получать ответ девушка вернулась в лице и перестав скрещивать руки, протянула богу для рукопожатия:

— Конечно, почему бы и нет?

Девушка призадумалась: ей нужно расспросить Ёкаев о многом, но... хм... а что может знать недавно рожденный? Мало, но он все равно бог. Пф.... нужно повысить с ним отношения. [Так, а что дети любят?](https://discord.com/channels/1495473722679754914/1495473983636897803/1512173845082149006) Ммм.... Меня папа на шее катал было прикольно. А это идея!

Мечница отпустив маленькую ручку спросила:

— Хочешь на шее покатаю?","biok_ymer","1512172210998083614"
"04.06.2026 22:51:15","biok_ymer","#9440","—Орд—
|-----------------------------------------------------------------------------|
Пожав руку, парень довольно ухмыляясь отошёл, слушая ПОДРУГУ. а после выслушав закивал, говоря:
|-----------------------------------------------------------------------------|

—Давай, давай!

|-----------------------------------------------------------------------------|","ktoia","1512175288811917413"
"04.06.2026 23:03:38","ktoia","#6622","— Сора Райдэн —

О! Согласился!

Мечница легко улыбнулась, а после опустившись на колено взяла паренька за подмышки и подняв усадила того на спину. После же встала, чуть подпрыгнула на месте чтобы этот мешок с картошкой нормально уселся и... Поглядев по сторонам, просто медленно зашагала вперед... начиная:

— Ой-ой-ой. Такоооой тяжелый! А ты я смотрю жизнерадостный... кхм.. Как у тебя дела идут?","biok_ymer","1512181966835814411"
"05.06.2026 01:01:06","samin__","#2997","— Ксавьер Азрахан и Бибон —

Парень осматривая округу начал прикидывать за сколько бы он нашëл деревню, коль у него была бы такая цель. В таком лесу видимость от 20 до 50 ветров, учитывая поляну... это значение можно удваивать

Прикоснувшись к своему прекрасному подбородку, тот сказал:

— Хм... скрыть это / глянул на доски/ будет не просто. А что до перемещения /глянул на постройки/ неужто вы бросите деревню?

В голове мужчины не укладывается не один из этих вариантов

Бибон же смотря на великаншу лишь понемногу стал пятиться, обходя еë стороной, чтобы спокойно себе улизнуть","biok_ymer","1512122174964629554"
"05.06.2026 01:08:45","biok_ymer","#9440","—Бард—
|-----------------------------------------------------------------------------|
Девушка устало выдохнула, а после облокотившись о дерево топнула ногой, отчего земля возле бобра чуть встряхнула и он упал на задницу. Сама же она гляда на рыцаря сказала:
|-----------------------------------------------------------------------------|

—Такой уж у нас народ, что живёт в вечном страхе и погоне от судьбы быть убитой. Если есть шанс и дальше спокойно жить в тени, то мы с радостью выберем этот вариант, нежели и дальше будем жить в страхе быть уничтоженными церковниками... 

|-----------------------------------------------------------------------------|","samin__","1512214641831317534"
"05.06.2026 01:14:06","biok_ymer","#9440","—Итами—
|-----------------------------------------------------------------------------|
Кошкодемон, спокойно без лишний раздумий ответил:
|-----------------------------------------------------------------------------|

—Думаю шансов нет, тебя даже слушать не будут, ты же человек. Метка чуть сгладиь углы, плюс моя компания, но мы не просто так от них отдельно живём. А вообще, я бы лишний раз бы их вообще не трогала, ато вдруг опять чего уведят.

|-----------------------------------------------------------------------------|","samin__","1511487214352203967"
"05.06.2026 01:16:07","biok_ymer","#9440","—Орд—
|-----------------------------------------------------------------------------|
Довольный катаясь на плечах девушки, тот не особо и слушал её, однако все же вспоминая, что тот хотел чего-то состряпал серьезное личико, говоря:
|-----------------------------------------------------------------------------|

—Ой... Я же тут, чтобы посмотреть кто портал открыл! Это была ты сестрёнка? А чего тебе нужно тогда, раз ты портал открыла? Ты хочешь вернуть Донис? Давно я сестрёнку Донис не видел...

|-----------------------------------------------------------------------------|","ktoia","1512185080016142591"
"05.06.2026 01:29:47","ktoia","#6622","— Сора Райдэн —

Можно ли бога называть ребенком? Ну этого точно да... А чего он там бог? Сора попыталась вспомнить что-то про церковь, однако поняв что она только богов к черту посылала, решила прекратить копание. 

Продолжая ступать и услыхав про Донис, девушка ответила:

— Ам... Верно, это была я. Ну... не исключено, я конечно хотела бы вернуть Донис обратно, однако пришла я слегка по другому поводу. Хм... Орди, а ты говорил что следил за мной, а что ты про меня знаешь? Ну чтоб прям оооочень интересное.

Да, Сора говорит с ним как с ребенком.","biok_ymer","1512218423252357223"
"05.06.2026 09:04:26","biok_ymer","#9440","—Орд—
|-----------------------------------------------------------------------------|
Парнишка чуть задумался, а после показав палец вверх сказал:
|-----------------------------------------------------------------------------|

—Я лично считаю тебя хорошей, однако многие считают тебя предвестником конца рода людского! О и ещё на удивление тебя сестрёнка Акнис тоже ценит, учитывая какая она злюка это весьма удивительно! Ну а так я мало каких слухов знаю, это тебе к сестрёнке Дэйме, она все знает! Ммм ну я слышал ещё что многие тебя боятся из-за меча и сказали держаться от тебя подальше, а у тебя он какой-то особенный?

|-----------------------------------------------------------------------------|","ktoia","1512221862997004299"
"05.06.2026 12:17:26","ktoia","#6622","— Сора Райдэн —

Слушая девушка решила сойти с тропы, начиная идти рандомно куда-то в лес. Пройдя чуть дальше она слегка придерживая орда чтобы тот не упал перепрыгнула с кочки на кочку, а затем и дальше, приходя на аля пригорок.

Закончив девушка огляделась уже на этом месте, отвечая Орду:

— А кхм... ""Другие"" могут многое наговорить о незнакомых людях, но у тебя же должно быть свое мнение...

— Акнис... И Дейма. Вот оно что. А м!?

Повернула голову в бок, взглянув на фембоя.

— Меня боятся ёкаи?

Вспомнив про эльфийку, вернулась к ""дороге""...

— Ладно... Это наверное не удивительно. Меч то? Да... Не важно, почти обычный. Слушай Орди, а ты можешь рассказать про своих ""сестриц"" по подробнее? А может и братики есть?","biok_ymer","1512336278245343282"
"05.06.2026 14:20:31","samin__","#2997","— Ксавьер Азрахан и Бибон —

Мужчина не собирался помогать зверьку, когда тот упал на пятую точку. Сам наварил кашу, пусть сам и отдувается. Сам же Ксавьер сосредоточился на ситуации... не сахар жизнь конечно у этих сознаний, однако таков мир и его не изменить, хотя и был у него один вопрос, который тот сразу же и озвучил:

— Мда... звучит проблемно. Прятаться, скрываться... а что если не бояться быть уничтоженными церковниками, а уничтожить церковников

Произнося последние слова, мечник немного помрачнел, явно давая понять что сказал эту фразу не просто так","biok_ymer","1512216568711614585"
"05.06.2026 14:27:03","samin__","#2997","— Лойд Фронтера —

Ожидаемо... чтож, это усугубляет положение. Переговоры ещё не начались, а Лойд уже в минусе... однако он сейчас слишком уверен в себе, чтобы переживать о подобном. Вот сейчас придёт и окажется что нарутотерапия существует! (НЕТ)

Наконец когда разговор завязался, можно было переходить к делу, от чего парень заявил:

— Вот оно как, ну чтож, постараюсь что-то придумать. Демоны в аду меня слушались, так что не думаю что тут всё на столько уж плохо

Парень не боялся говорить об опыте из другого мира, собеседница уже и так это знала, от чего спокойно пройдя ещё некоторое время как будто в назначай спросил:

— Кстати, ты говорила о аде. А что у вас там было такого? Вроде Ёкаи терроризировали. Нет, стоп, а как вы вообще выйти то от туда смогли? В этом мире это разве так просто? У меня для этого ритуал требовался","biok_ymer","1512217915749957743"
"05.06.2026 19:10:38","biok_ymer","#9440","—Бард—
|-----------------------------------------------------------------------------|
Данное предложение было встречено холодным взглядом музыканта, что спокойно выдохнув проговорила:
|-----------------------------------------------------------------------------|

—Спокойствие не всегда вызывается войной... Если мы уничтожим местную церковь, придет другая, уничтожим ту и появится новая, Вера людей способна быть даже в тех местах о коих мы и не догадывается. Это попросту пустая трата времени и сил, легче попросту сбежать. Да и как мы докажем, что мы хотим сосуществовать мирно с людьми, если подрываем их веру?

|-----------------------------------------------------------------------------|","samin__","1512415821106778113"
"06.06.2026 19:46:10","samin__","#2997","— Ксавьер Азрахан —

Парень держал серьëзное выражение лица на протяжении всего ответа, однако по его завершению прикрыв глаза выдохнул:

— Признаться я вам не до конца доверял. Я свободен от предрассудков по поводу рассы, да и в землях Фронтера мы работали с демонами бок о бок, однако на ваш свëт у меня были опасения

/Перевëл взгляд обратно на барда/

— Рад что у вас есть не только голова на плечах, но и понимание того что стоит делать. Чтож, меня оставили присматривать за всем здесь, от чего я обязан вам помочь. Как думаете, сколько времени у нас есть?

Излишне говорить, что парень не сказал даже слова лжи, однако намеренно обогнул темы, которые на его взгляд могли выдать его иномирское происхождение","biok_ymer","1512488833290342680"
"08.06.2026 01:06:42","biok_ymer","#9440","—Орд—
|-----------------------------------------------------------------------------|
Мальчишка спокойно себе шатая ногами взад вперёд слушал вопросы девушки, а после задумчиво стала отвечать:
|-----------------------------------------------------------------------------|

—А что ты хочешь про них знать? Дейма это богиня торговли, она слушает все разговоры мира людей и часто рассказывает интересные истории! А Акнис это богиня войны, что хоть и кажется весьма грубой, но на самом деле та ещё стесняша! Или тебя интересует кто-то другой?

|-----------------------------------------------------------------------------|","ktoia","1512384849263198258"
"08.06.2026 01:11:33","biok_ymer","#9440","—Бард—
|-----------------------------------------------------------------------------|
Девушка посмотря на поляну, а после на бобра заявила:
|-----------------------------------------------------------------------------|

—Предпологаю у нас есть минимум пару часов, максимум сутки, смотря насколько близки местные и внимательность церкви. Думаю смысла наращивать леса нет, очтего лучший вариант уйти или заранее провести беседу с местными... Я могу лишь помочь в первом, а вот в город меня не пустят.

|-----------------------------------------------------------------------------|","samin__","1512860162384461955"
"08.06.2026 01:13:47","ktoia","#6622","— Сора Райдэн —

Сора выслушала и кивнула, продолжая разговор:

— Богиня войны - стесняша? 

Усмехнулась.

— Звучит как плохая шутка. Но, допустим.

Она сделала ещё несколько шагов по пригорку, поглядывая по сторонам.

— А что насчёт вашей королевы? Просто интересно. Кто она, чем занимается...","biok_ymer","1513303217444884641"
"08.06.2026 01:17:52","biok_ymer","#9440","—Орд—
|-----------------------------------------------------------------------------|
Все также ребячески смотря по сторонам, парень отвечал:
|-----------------------------------------------------------------------------|

—Нуу она весьма скрытная и предпочитает никому ничего не рассказывать о себе и своих планах, особенно она после моего рождения стала избегать меня... МММ, ну я думаю она хорошая! Ну по крайней мере ничего плохого она для меня не делала.

|-----------------------------------------------------------------------------|","ktoia","1513304998010687519"
"08.06.2026 01:32:47","ktoia","#6622","— Сора Райдэн —

Ничего не узнав про Лисицу кроме того что она скрытная, девушка призадумалась над тем что спросить. Придумав она остановилась, слегка присела и спустила Орда с плеч приговаривая:

— Таааак... На этом покатушки пока закончим! Все веселое нужно в меру....

Спутсив мечница помяла свою шею, а затем серьезно глянув на Орда спросила:

— Слушай, Орд. А... м... ты видел... точнее здесь есть ёкай с именем ""Санфиера""? Если да, что про неё можешь сказать?","biok_ymer","1513306025178955986"
"08.06.2026 04:23:45","biok_ymer","#9440","—Итами—
|-----------------------------------------------------------------------------|
Девушка спокойно себе шла, с непривычки как в первый раз, выходя за пределы деревни, только та стала расслабляться, как Лойд поднял весьма сложную тему, на которую ушки той чуть напряглись, а хвост взмыл, на что она сказала:
|-----------------------------------------------------------------------------|

—Кхм, интересную однако тему ты задал... Я незнаю как точно мы выбрались из ада, однако одно знаю точно, что наш Воевода сделал нечто, что позволило нам пройти в мир живых, после чего мы долго блуждали в попытках вырваться из ада и как только увезли свет оказались на дне какой-то ямы? Оттуда мы были встречены как раз таки ангелами, что многих из нас прибили, а кто выжил предпочитал или бежать обратно или наверх. Это была та ещё бойня... Мы с нашим капитанам не хотели особо сражаться и она с нами убежала вдалека, где мы какое-то время выживали, а после захватив один из короблей уплыли сюда, где и остепенились... Я незнаю что было во время битвы или с теми ангелами, однако это был больше побег, нежели война...

|-----------------------------------------------------------------------------|","samin__","1512417468776185956"
"08.06.2026 04:26:02","biok_ymer","#9440","—Орд—
|-----------------------------------------------------------------------------|
Мальчик хоть недовольно, но послушно слез с шеи, после чего разминая ноги уставился на Сору и услышав имя Санфикра чуть напрягся, а после отведя взгляд в сторону сказал:
|-----------------------------------------------------------------------------|

—Я её не видел, но слышал о ней плохие слухи... Говорят она та, кто ненавит ёкаев больше всего и именно из-за этого она в прошлом и убила меня... Я... Я не хочу думать об этом...

|-----------------------------------------------------------------------------|","ktoia","1513309780104450100"
"08.06.2026 10:44:46","samin__","#2997","— Лойд Фронтера —

> Ну вот и полилось говно по трубам. Уже по реакции можно было понять что тема не из простых. Воевода? Новое действующее лицо. Некто, что смог что-то сделать и выпустить их в мир живых? Мда... ясно что она мало чего знала, но... ДНО ЯМЫ?! Бездна, стопудов бездна. И там они встретились с ангелами... Ёкаи? Нет, вряд ли. Небожители? Возможно-возможно. Возможно ли что у людей и демонов разное представление об ангелах?

> Значит бойня, побег и ничего вообще не сходится. Выходит на пустошах войны даже не было войны? Это... даже звучит как издевательство. Однако она может сказать куда меньше, ведь они сбежали. Мало ли что было у других отрядов. Но да, на побег это точно похоже больше, учитывая что некоторые сбежали обратно. Не войско, а сборище из боевых единиц, закреплённых за мирным населением. Иначе зачем брать с собой ремесленников, барменов и других единиц?

Поосмыслив информацию пару минут пути, парень вновь сверился с картой, продолжая путь. Теории сменяли одна другую, однако даже клеше не приходило. Бездна как-то связана с адом, а значит и с миром Ёкаев. Возможно ли что их настигли сзади? Или это всё таки были небожители. Не-по-нят-но! Буквально ничего

Наконец собрав мысли воедино, парень сказал:

— Мда... вопросов стало ещё больше. Значит ""побег"", от... ""ангелов"". Хм... а чем вообще ангелы от Ёкаев отличаются?

ДЕЙСТВИТЕЛЬНО, учитывая что это одно и тоже... вроде?","biok_ymer","1513352807091277825"
"08.06.2026 10:50:24","samin__","#2997","— Ксавьер Азрахан —

Слушая барда, мужчина стал разочаровываться в этом мире, однако осуждать церковников не собирался. У них своя работа и они её выполняют, только и всего. Только вот:

— Я бы с удовольствием помог со вторым, однако даже не представляю что говорить. ""Пожалуйста не ведите отряд на вашу цель, а дайте ей скрыться""? Звучит как то, что их только раззадорит. Можно повести их по ложному следу, других идей у меня нет...

> Нужно связаться с Лойдом. Он определённо знает больше о ситуации в этом мире, находясь тут гораздо больше. Возможно и с церковниками знаком? Если встречался, его точно обливали святой водой","biok_ymer","1513304435630014554"
"08.06.2026 13:06:26","ktoia","#6622","— Сора Райдэн —  

Выслушав Орда, Сора удивилась. Так значит, вот как. Мама убила Орда? Причём, предположительно, недавно. Чёрт... она же действительно сейчас может увидеться с ней... увидеться с мамой... она же не может быть в другом месте кроме как тут?

Сора тряхнула головой, отгоняя навязчивые мысли, и вернулась к разговору.  

Заметив, что Орд явно побаивается говорить на эту тему, девушка недовольно вздохнула, но давить на фембоя не стала.  

— Понятно. Жаль, что ты не знаешь, где она... Хм...  

Она помолчала, собираясь с мыслями.  

— Орд, я знаю, что возле маяка, через который я сюда попала, раньше был ёкай. Эльфийка, кажется. А ты знаешь, кто она?  

Сора посмотрела на него, пытаясь понять, стоит ли вообще задавать этот вопрос. В конце концов это был пожалуй один из последних вопросов, который стоило задавать фембою.","biok_ymer","1513353380481859686"
"08.06.2026 13:41:42","biok_ymer","#9440","—Итами—
|-----------------------------------------------------------------------------|
Девушка немного удивилась сказанному, она и не предполагала, что парень так много знает, однако собрав мысли в кучу ответила поспокойнее:
|-----------------------------------------------------------------------------|

—Значит ты знаком с этим понятием... Ну ёкаи это скорее боги, а ангелы же, это небожители. Те кто не являются божествами, но давно достигли человеческого лимита и даже его превзошли. Именно с ними мы и вели битву. С богами мы как таковыми не встречались, однако тяжести их внимание ввиде проклятий, мы почувствовали ещё при выходе... Понимаешь ли, ёкаи как я знаю находится в неком подпространство между нашим миром и миром духов? Отчего они и могут нас видеть и влиять на наш мир. Однако подробностей толковых я незнаю, ведь слухи слухами, а лично я их влияния как такого не видела, если не считать Пустоши войны... По ним можно было сказать, что их сила вполне себе осязаемая, хоть и не ясно, как они это сотворили...

|-----------------------------------------------------------------------------|","samin__","1513448690730143804"
"08.06.2026 13:46:30","biok_ymer","#9440","—Орд—
|-----------------------------------------------------------------------------|
Переводя тему с неприятного на что-то более лёгкое, парень поднял подурастувшую голову и запивая проговорил:
|-----------------------------------------------------------------------------|

—О, да! Я знаю кто там был. Это была Айфри, милая девушка! Она даже находясь в изгнании умудрялась пробивать свое влияние у нам, отчего я мог часто с ней играть! Она богиня мира, что несёт счастье своим существованием всем вокруг! Однако из-за изгнания о котором я мало знаю, её влияние на мир живых был весьма слаб, отчего и пошло непростое время у вас... Однако не переживай! Я уверен, рано или поздно Акнис или кто там её изгнал вернёт её обратно и мы все будем жить в мире и счастье!

/Улыбнувшись искренней и милой улыбкой тот и вправду дал понять что верил в свои слова и похоже не догадывался, что мир давно канул в лету, от меча мечника, стоящего рядом.../

|-----------------------------------------------------------------------------|","ktoia","1513484341467025498"
"08.06.2026 15:10:12","ktoia","#6622","— Сора Райдэн —  

Выслушав Орда, у девушки было удивленное лицо.  

— Богиня мира, говоришь? Несёт счастье своим существованием...  

Девушка замолчала, переваривая услышанное. Все таки именно она убила мирную жизнь.... Невероятно. 

Сора провела рукой по лицу, стирая невидимую грязь и выдохнула.  

— П-ф... Айфри получается не виновата что в мире такое происходит. Что ж, да. Будем надеяться, что её вернут, а потом настанет мир... Всё-таки если с ней что-то случится, будет нехорошо.

Она посмотрела на Орда, стараясь не показывать, насколько её выбила из колеи эта новость.  

— Орд, а ты знаешь где стесняшка Акнис? У меня к ней дело есть.","biok_ymer","1513494424384962641"
"09.06.2026 00:48:17","biok_ymer","#9440","—Орд—
|-----------------------------------------------------------------------------|
Мальчик задумался, а после указал в сторону, говоря:
|-----------------------------------------------------------------------------|

—Ммм, я думаю она где-то в стороне алой аллеи, где она обычно и обитает. Она весьма груба на язык, но все такая же душка, отчего не обижайся на неё, ладно? И... Ты уже уходишь...?

/Последнее было сказанно с грустью, смотря на девушку./

|-----------------------------------------------------------------------------|","ktoia","1513515488569987112"
"09.06.2026 11:32:57","ktoia","#6622","— Сора Райдэн —

Взглянув в указанную сторону девушка ответила:

— Меня трудно как то огорчить...

Услышав грустинку, девушка вернула взгляд на Орда и ухмыльнувшись от этого личика, опустила руку на его голову и **почухав фембоя** сказала:

— Да ладно тебе! Ещё прийду к тебе, может быть даже при следующей встрече поиграем.

Убрав руку с головы девушка направилась в сторону алой аллеи, под конец добавляя:

— До встречи.

На этом фембоя на орде можно покинуть... Нуу... Если екаи все такие, то будет просто! Мх, миролюбия больше нету... Со слов Орда Акнис меня уважает? Щас и посмотрим.","biok_ymer","1513660967668678768"
"10.06.2026 21:17:54","samin__","#2997","— Лойд Фронтера —

> Пи-здец. Ну вот почему в этой фэнтезятине всë так запутано?
> Ëкаи = боги ≠ ангелы
> Небожители = ангелы = творения Лауры
> Демоны = грешники. Ну почему так сложно то?!

> Ëкаи при этом находяися в каком-то подпространстве между обычным миром и миром духов... ТУТ СУКА И ДУХИ ХОЧЕШЬ СКАЗАТЬ ЕСТЬ?!

> Ну и вишенка на торте в виде проклятий... ммм... смакота. И... пустоши войны? Так это Ëкаи всë таки раздолбали их? Окак! А вот с этого момента поподробнее

Ухватившись за ниточку, парень оторвал взгляд от карты и ответил:

— Так, стоп-стоп-стоп. Теперь я понял всë это чуть лучше, но... В смысле Пустоши войны дело рук Ëкаев? Разве это не вы с ними там бились?

Вот теперь вообще ничего не понятно. Всë таки Ëкаи оставили ту записку?","biok_ymer","1513493217088110787"
"11.06.2026 02:19:16","biok_ymer","#9440","—Итами—
|-----------------------------------------------------------------------------|
Девушка глянув на того с непониманием, сказала:
|-----------------------------------------------------------------------------|

—Незнаю что там до других деманов, но наших там не было... Но судя по твоим словам, скорее всего там уже ангелочки подрались с ёкаями за что-то, ведь мы в этом не участвовали, да и не могли как ты понимаешь... Нас бы просто сожгли и следа бы не оставили...

|-----------------------------------------------------------------------------|","samin__","1514332799140626527"
"11.06.2026 12:17:13","samin__","#2997","— Лойд Фронтера —

> Стоп-стоп-стоп-стоп-стоп. СТОП! В смысле ангелочки с богами? Это что ещё за поворот. Судя по словам Лауры, та как раз таки создала их для противостояния, но... КАКОГО! На войне демонов и ангелов не было демонов... что за шутка то такая?!

> То есть какой-то король демонов как-то выпустил демонов? А Ёкаев решили побить небожители? Что за Санта-Барбара?

Слегка качнувшись, парень вылупился на демоня со взглядом ""да нихераш себе"". Помолчав пару секунд, тот медленно начал:

— Ну... вроде понял, но пипец у вас тут всё запутанно. Значит вы сбежали из ада, оказались в бездне, на выходе вас встретили небожители, вы сбежали, а после ещё и какого-то фига произошла стычка между небожителями и Ёкаями?

— Пуф... а временные рамки можешь подсказать? Вышли вы с год назад, а через сколько образовались пустоши? И... а почему вы бежали то? Нет, я могу понять, ад - скверное местечко для жизни, но... неужели там было на столько плохо, что вы шли на смерть? Да и радикалов я тогда не понимаю. С ангелами закуситься - я понимаю, но с людьми то зачем? Тут на дипломатию идти нужно, а не усугублять конфликт, тем более что...

> Вы и сами были раньше среди живых... блять... ну не скажешь же так. Ладно, это пожалуй оставлю при себе. Да и вопрос с проклятиями пока что можно отсрочить

||Думаю это ласт вопросы и можно доходить, а то что-то затянул я||","biok_ymer","1514408642126938132"
"12.06.2026 03:03:55","biok_ymer","#9440","—Акнис—
|-----------------------------------------------------------------------------|
Идя в сторону что указал славный бог свободы, девушка в итоге пришла в и вправду алый лес, что в итоге привел к какому-то закрытому простратву, что скорее всего и являлась ""Алой Аллеей"". Проходя глубже та заметила стол, что скорее всего был весь в важных документах, а за ним сидела девочка лоли? Заметив ту та глянула отложив бумаги на стол, говоря:
|-----------------------------------------------------------------------------|

—Мммм, чего тебе...а... Ты Сора Райден? Не думала что встречу тебя тут. По какому поводу?

|-----------------------------------------------------------------------------|","ktoia","1513823205503275029"
"12.06.2026 03:04:04","biok_ymer","#9440","","",""
"12.06.2026 03:18:12","biok_ymer","#9440","—Итами—
|-----------------------------------------------------------------------------|
Подходя уже к нужным землям, та напоследок ответила:
|-----------------------------------------------------------------------------|

—Незнаю кто там и с кем дрался, но земли те сожжённые были уже ой как давно. Когда мы выбрались, там уже были пустоши, отчего мы там не приделах.

/После подходя уже к деревни та чуть сильнее занервничала, говоря:/
-Надеюсь у тебя в случае чего есть план для побега...

|-----------------------------------------------------------------------------|","samin__","1514559118835449857"
"12.06.2026 03:18:15","biok_ymer","#9440","","",""
"12.06.2026 10:36:31","samin__","#2997","— Лойд Фронтера —

Парень вообще потерял нить повествования этого гнилого мирка. То есть пустоши войны там уже... немало? Но не 20 лет, но и не год. Что-то между 20-тью и одним...

Хмыкнув, пред ним предстала деревня орков из варкрафта. В целом не дурно, однако что выбор материалов, что построение улиц было скверным. Мда... найти архитектора будет не просто... оставалась надежда что хоть по чертежам умеет работать

Услышав вопросец, тот с неким недоверием посмотрел на человеческие черепа, что были посажены на кол, а после подойдя к одному из них, улыбнувшись сказал:

— И зачем **мне** думать об **их** побеге?

Стояло ему договорить, как его шаловливые ручки потянулись к черепку, снимая тот с колышка. Повертев его в руках, парень взял его под подмышку как мячик и вновь широко улыбнувшись ответил:

— Вот таких демонов я и ждал встретить с самого начала","biok_ymer","1514785859579154482"
"12.06.2026 12:05:02","ktoia","#6622","— Сора Райдэн —  

Из одного живописного места в другое - ёкаи себе неплохую территорию сделали. Со вкусом, без лишнего пафоса.  

А как может выглядеть богиня войны? Определённо высокая, ведь просто даже гипотетически не может быть низкой. С первого взгляда должно быть видно, что она тренирована, одета... хм-м... во что-то среднее между доспехами и открытой одеждой, чтобы не сковывало движений. Богиня войны как никак. Ну и определённо должна быть привлекательной. От таких мыслей появился даже некий трепет. Вот только... в этот момент девушка вышла к столику и увидела ЭТО. И её трепет разрушился.  

Ну... хорошо. Придётся принять тот факт, что почти все ёкаи выглядят как дети.  

Проморгавшись, всё ещё не веря своим глазам, Сора вздохнула, пошла вперёд и остановилась в паре шагов от стола.  

— Да, уж. Ну.... в другом месте мы бы и не встретились, Акнис.  

Она поводила по ней взглядом.  

— Да так... поговорить пришла. Но ты, смотрю, вся в делах.","biok_ymer","1514782266080104478"
"16.06.2026 17:14:33","biok_ymer","#9440","—Акнис—
|-----------------------------------------------------------------------------|
Демонстративно чуть отодвинув бумаги в сторону, девушка положила руки на стол, улыбнувшись, приговаривая:
|-----------------------------------------------------------------------------|

—Что ты, для самого хранителя меча и ходячей катастрофы мира людей я считай ничем не занята. Что привело тебя ко мне деточка?

|-----------------------------------------------------------------------------|","ktoia","1514918444183846993"
"16.06.2026 21:56:39","biok_ymer","#9440","—Итами/???—
|-----------------------------------------------------------------------------|
Как только те приблизились достаточно близко к деревне, прямо в голову парня полетел кинжал, явно намериваясь прибить того одним ударом, однако прямо перед глазами клинок отчего-то отлетел в сторону, словно кто-то в последний момент его отбил. Увидив данную картину Итами офигела и встала перед парнем, говоря:
|-----------------------------------------------------------------------------|

—А я говорила, что тебе не будут рады, но чтобы настолько? Ну хотя бы привет бы сказали!

/И тут из-за кустов вышел неизвестный парнишка, что холодно сказал готовя новый клинок:/
-Ещё людей нам тут не хватало... Даю минуту на разъяснения, а после я продолжу попытки его убить.

|-----------------------------------------------------------------------------|","samin__","1514896164821012501"
"16.06.2026 22:37:58","samin__","#2997","— Лойд Фронтера —

Ничего не предвещало беды, парень просто шёл себе спокойно, думая какой бы перфоманс провернуть с черепком, как вдруг... ЛЯЦК! Парень даже не понял что произошло. Что-то мелькнуло перед глазами, а после упало на землю. Опустив глаза, тот увидел кинжал, что уж точно летел ему прямо между глаз, но от чего-то отлетел. Новая способность? Точно, новая способность, ЖЕЛЕЗНАЯ КОЖА! Вот они что 1000 РП творят!","biok_ymer","1516516879014035568"
"16.06.2026 22:37:59","samin__","#2997","Обрадовавшись новой пасивке, тот улыбнулся, принимая правила игры, ведь такое ""приветствие"" уж точно не походило на ""радушное"". Тот уже хотел было начать шоу, как того опередила Итами, что закрыла того собой. Оу... ладно, очки социального рейтинга кошко-жена получает. Однако следом за той вышел и нападающий. Низенький парнишка, который БЫЛ ПОХОЖ НА ДЕМОНА! УДИВИТЕЛЬНО! Вот в него верилось, даже очень... сильнее чем хотелось бы, ведь смотря на того невольно вспоминался Канеки

Услышав его слова, а после и действия с подготовкой нового клинка, парень быстро взял кошку за шиворот потянув обратно, сам же делая пару шагов вперёд, обращаясь к той:

— Вообще вздурела? Подальше стой, вдруг он и в тебя кинет?

Отпустив ту, парень перевёл взгляд на парнишку, а после слегка ухмыльнулся, убирая лопату за спину. Вонзив ту в землю, наклонив к себе, парень опёрся задницей на ту, как на стул сложив руки в замок перед собой, начиная говорить:

— Ну чтож, спасибо за радушное приветствие. Слушай, а ты даже назвал меня человеком, даже приятно стало-о-о...

/Увидев напряжение парня, Лойд перестал лить воду, переходя к делу, начиная говорить значительно быстрее/
— В общем в их деревне /указал на Итами/ сейчас идёт стройка, а прораба нет. Вот я и попросил сводить меня в другую деревню, думая что тут найду архитектора, возможно даже и самоучку, а то эти в плане строительства - бездари. Бить, убивать и угнетать я вас не планирую, так что выдохни, я хотя и человек, но... слегка ненормальный, так что к вам отношусь нейтрально. Продолжим разговор или попытаешься вновь?

Договорив парень улыбнулся, явно веря в свою ""непробиваемость""","",""
"17.06.2026 00:34:32","biok_ymer","#9440","—Итами/???—
|-----------------------------------------------------------------------------|
Девушка обомлела его желания быстрой кончины, однако спорить она с тем не стала, встав чуть позади. Парнишка же не меняя намерения убивать и позы слушал Лойд с лицом того, будто ему и не особо интересно, а после спокойно выпалил:
|-----------------------------------------------------------------------------|

—Чего? Человек что работает с Деманами и помогает их развить? Ты ненормальный? Допустим даже так, к нам чё поперся? Хочешь мира, используй других людей, мы с той группой неладим.

|-----------------------------------------------------------------------------|","samin__","1516527279226753095"
"17.06.2026 11:29:41","samin__","#2997","— Лойд Фронтера —

Мда... проблема. Он даже не слушает. По сути ему нужна лишь малая причина чтобы напасть. Ну чтож, можно ему ""подыграть""

Состроив недовольную рожу, парень поменял стиль общения, повышая голос:

— А чё, нельзя? Сыш мелюзга, я чего-то не понял. Напомню что это ты хотел меня тут прибить, а не наоборот! Твоё счастье что я твердолобый, понял?

— Ну да я работаю с демонами и? Какие-то проблемы? Я вообще не знаю что у вас тут за тёрки и... ты меня вообще слушал? За архитектором я тут! Строитель! Головёшка умная! Как ещё объяснить то? Тот кто молотком бум-бум и дом бам-бам. Ферщтейн? И чё значит других людей использовать, тыж никого к деревне не подпустишь

Включать режим Лойда всё ещё было тяжеловато после недели без практики, но вроде пасивка сработала","biok_ymer","1516556610808578261"
"17.06.2026 12:15:39","ktoia","#6622","— Сора Райдэн —  

Сора заметила, как Акнис отодвинула бумаги и на мгновение задумалась о том, насколько быстро богиня войны готова отложить дела. Она подошла к столу, чуть помедлила, а затем села напротив, положив руки на колени, и с лёгкой ухмылкой произнесла:  

— ""Ходячая катастрофа""... звучит не как комплимент.  

Она помолчала, собираясь с мыслями и продолжила:  

— За последнее время я узнала о себе столько, что голова идёт кругом. То катастрофа, то за мной гоняются ради клинка, то я в центре мировых проблем, то ещё и родословная всплывает... Да уж. В принципе, ради этого я и пришла. Кроме вас, ёкаев, мне особо некому задать вопросы.","biok_ymer","1516445887381901413"
"17.06.2026 20:12:52","biok_ymer","#9440","—Акнис—
|-----------------------------------------------------------------------------|
Слушая девушку, та глянув на меч закатила глаза, а после уставилась на ту, говоря:
|-----------------------------------------------------------------------------|

—Все интересуются тобой из-за меча, без него ты бы не представляла никакого интереса миру ёкаев. И что же ты хочешь от меня узнать? Я конечно рада провести приятную беседу с теми чью волю я благоварю, однако сейчас время не сильно спокойное, отчего дел у меня намерено.

|-----------------------------------------------------------------------------|","ktoia","1516733051902886078"
"17.06.2026 21:03:36","ktoia","#6622","— Сора Райдэн —

Сора услышала слова Акнис и хмыкнула. Она задержала взгляд на мече, висящем у пояса, потом снова посмотрела на богиню войны.

— Значит, без меча я никто. Понимаю…

Она чуть подала корпус вперёд, опираясь локтями о стол и продолжила:

— Дааа... Мир сейчас в напряжении. Неразбериха и конфликты. А что до вопросов. Мне вот не понятно кое-что, ну как мне не поняты вы ёкаи. Вроде боги, а че делаете то?

Перевела взгляд на бумажки.

— Чем вы занимаетесь для людского мира? Как влияете? Неужто через бумажечки... пхах....

Вернулась к Акнис.

— Нет ну серьезно. Или вы просто сидите и смотрите, как жучки сами копошатся?","biok_ymer","1516853147518238782"
"18.06.2026 07:33:09","biok_ymer","#9440","—Акнис—
|-----------------------------------------------------------------------------|
Услышав глупый по мнению девушки вопрос та чуть хмыкнула, сложив руки вместе у груди, говоря:
|-----------------------------------------------------------------------------|

—Мы полностью влияет на развития своей отросли в мире людей. Если бы я условно не контролировала действия ""агрессии"" люди бы давно пережили друг друга без причин, а я же для стабилизации придумываю следствия тех или иных действий, что сдерживает их. Однако в последнее время это даётся все сложнее и сложнее, словно мир и сам жаждет себя уничтожить, хм.

/После та показав пальцем на ту сказала:/
-А ты разве не встречала дуру отвечающую за мир у маяка? Неужто она там вообще обленилась? Тс, бестолочь...

/Сказав прослоек та чуть нахмурилась, однако впервые на каменном лице было видны эмоции, видно она и вправду интересовалась девушкой, коей уже нет!/

|-----------------------------------------------------------------------------|","ktoia","1516865915076087928"
"18.06.2026 07:36:21","biok_ymer","#9440","—Итами/???—
|-----------------------------------------------------------------------------|
Девушка предпочла не лезть под горячую руку, молча вслушиваясь в явно бессмертного парня... Мысленно она уже стала прощаться с ним. Парень же выслушав того сильнее нахмурился, однако встал в более спокойную позу, говоря:
|-----------------------------------------------------------------------------|

—Ты и вправду ""необычный"". Кхм, ну допустим у нас есть подходящий человек, что нам будет за помощь с твоими хотелками? Пока ты не вызываешь доверия, а больше вопроса к твоему психологическому состоянию.

|-----------------------------------------------------------------------------|","samin__","1516721484599394334"
"18.06.2026 12:17:28","ktoia","#6622","— Сора Райдэн —

Поняв ответ по своему, девушка скептически изменилась в лице:

— То есть? Люди не сами думают о причинах войн, а это думаешь ты?.. Да и контроль ""агрессии"" звучит как-то слишком размыто. Будто людской мир буквально марионетки в ваших руках. Не станут же они друг друга убивать просто потому, что их не ""контролируют""...

Она махнула рукой:

— Ай, ладно. Честно сказать, для меня это какой-то бред. Ну и пусть.

Переведя взгляд на палец, указывающий на неё, а затем обратно на Акнис, Сора вернула лицу обычное выражение. Акнис говорила о миролюбии... Если сказать о том, что она совершила, начнутся проблемки. Всё таки она прибавила богине работы.

Сора невозмутимо пожала плечами:

— Никого вроде не замечала рядом с тем маяком, который нашла. Хм... Может, их несколько?","biok_ymer","1517024347821441034"
"18.06.2026 14:33:18","samin__","#2997","— Лойд Фронтера —

Услышав слова паренька, тот еле заметно ухмыльнулся, делаю лицо попроще

> Вот это мои демоны, вот тут опыт уже есть

Отклонившись от лопаты, на которой сидел, Лойд завёл руку за спину, хватая ту за рукоять и отработанным движением описав дугу, положил ту на плечо, говоря уже с более спокойным и жизнерадостным видом:

— Вот это уже разговор! Хм... даже не знаю что вам нужно. Предложить я могу многое, но едва ли вам это нужно...

Вытянув руку вперёд, тот указал на гуля, говоря тому:

— И что ты хочешь получить за помощь? Информацию? Оружие? Ресурсы? Деньги? /Перевёл руку на Итами/ А то у меня идей кроме обмена ремесленниками и нет

И вот непонятно он говорит серьёзно или шутит?","biok_ymer","1517025153828130926"
"20.06.2026 10:05:58","biok_ymer","#9440","—Итами/???—
|-----------------------------------------------------------------------------|
Девушка немного смутилась предложению, однако встречать не встала. Парень же услышав последнее предложение чуть задумался, говоря:
|-----------------------------------------------------------------------------|

—Толковый ремесленник не будет лишним, отчего я не против такого обмена. Что вам нужно построить?

/Сказал парень чуть расслабившись, тот видно уже был готов идти на контакт учитывая что ему предложили. Что за Итами такой мастер хороший или у них все так плохо?/

|-----------------------------------------------------------------------------|","samin__","1517130082181972009"
"20.06.2026 10:14:55","biok_ymer","#9440","—Акнис—
|-----------------------------------------------------------------------------|
Девочка недоверчиво скосила взгляд на Сору, однако не высказазавшись поэтому поводу, решая спросить что-то иное:
|-----------------------------------------------------------------------------|

—Так защитница, ты не могла бы сразу перейти к тому, что тебе интересно, а не с прилюдий ""знакомства"", что ты хочешь знать, вряд-ли мой обычный день и мои хотелки.

|-----------------------------------------------------------------------------|","ktoia","1517095899820462141"
"20.06.2026 11:05:08","ktoia","#6622","— Сора Райдэн —

Сора пожала плечами, чувствуя что разговор начинает уходить в так себе сторону.

— Ладно, ты права. Твоя жизнь мне не особо интересна.

Она на секунду замолчала, собираясь с мыслями и задала вопрос, который действительно её волновал:

— Моя... ма... Кхм. Ёкай Санфиера. Ты, наверное, о ней не понаслышке знаешь, учитывая, что она сделала. Почему и зачем она это сделала? Почему она ненавидит ёкаев? Да и в конечном счёте, с ней как-то можно встретиться?","biok_ymer","1517789832674279496"
"20.06.2026 21:34:35","samin__","#2997","— Лойд Фронтера —

Услышав положительный ответ и даже смягчение тона, парень вылупился на Канеки, а после повернув голову на Итами не сдержадся:

— Чë реально?

Недолго думая, тот хотел было прокашляться в кулак, однако в свободной руке был явно человеческий череп, от чего парень слегка отстранился от него переведя взгляд обратно на гуля:

— Кхм... то есть нет. Извини конечно, но это была шутка, чтобы еë побесить... ну и отомстить за ""наше знакомство"", а так мне усердные работники сейчас тоже нужны, так что выбери чего другого

— А построить нужно... хм... ограду для огорода, мастерскую и возможно здание типового типа по... /оглядел бараки орков/ по чертяжам, строго по чертяжам. Кто знает, может и себе жилища улучшите по ним, что скажешь?

Полуяить архитектора за бесплатно было бы славно, но вряд-ли это прокатит, от чего Лойд уже напрягся, думая что у него запросят на этот раз","biok_ymer","1517787580333031576"
"20.06.2026 22:05:35","biok_ymer","#9440","—Итами/???—
|-----------------------------------------------------------------------------|
Девушка была в афиге с таких торгов и уже думала вмешаться, но её прервал парень что хмыкнув щёлкнул пальцами и на этот звук из деревни кто-то стал громко идти, словно ходячая гора. После появился высокий мужик с баловой, что озирал девушку с Лойдом, отчего первая утихла, предпочитая молчать в тряпочку дальше. А парень же протянул руку для рукопожатия, говоря:
|-----------------------------------------------------------------------------|

—Я дам тебе ремесленника, но взамен ты отдашь мне её, иначе на контакт не пойдем.

|-----------------------------------------------------------------------------|","samin__","1517960878518177924"
"20.06.2026 22:05:39","biok_ymer","#9440","https://i.pinimg.com/736x/c0/7a/47/c07a4783715ec15c1fbcfc5d214cc6bc.jpg","samin__","1517960878518177924"
"20.06.2026 22:29:06","samin__","#2997","— Лойд Фронтера —

Ну-пиз-дееееееееееец. Приплыли. Других мыслей у Лойда не было. Всего минуту назад его хотели убить и... НИЧЕГО НЕ ИЗМЕНИЛОСЬ! Услышав фразу, тот недоумевающие посмотрел на мальца:

> Так ты не просто стражник. Хуя себе. И... зачем было вызывать эту глыбу, чтобы сказать простой отказ? ДЛЯ ЧЕГО?! Тут сейчас варианта 2. Или это угроза, по типу: вы всë равно не уйдëте отсюда, либо проверка, но КАКАЯ?!

Не понимая ситуации парень усмехнулся отвечая:

— Без обид, но он не похож на строителя...

Не меняясь в лице, парень у лëгкой улыбкой посмотрел сначала на Канеки, потом на бугая, провëл взглядом на Итами, а после задержался на руке, что была протянута к нему. Поразмыслив пару секунд, тот зажал черепок под подмышкой, освобождая руку и выставил перед собой указательный палец, говоря типа ""секунду"". Его голос стал серьëзнее и чуть громче, а взгляд перевëлся на Итами;

— Твоë мнение?

> Какая же нам пизда","biok_ymer","1517968680452100297"
"23.06.2026 00:41:45","biok_ymer","#9440","—Акнис—
|-----------------------------------------------------------------------------|
Услышав вопросы та чуть напряглась, а после нехотя встала с места, начиная ходить из стороны в сторону, говоря:
|-----------------------------------------------------------------------------|

—Это весьма долгая история... Ну начнем с того, что она пошла против семьи ради незбыточной цели... Она убила Орда и пока тот не успел переродиться позволила грешникам вырваться из ада, обрекая мир на тот ещё Хаус, а после и вовсе свалила, оставив меня все расхлёбывать... Кхм, скажем после той заварушки я её более не видела, однако суда ей не было суждено избежать, отчего мы вышли в мир людей в попытке её найти, однако получили сопротивление ввиде ""небожителей"" или как там псов Лауры звали? Вообщем в итоге закончилось все большими жертвами, отчего мы отложили данный суд на позже, ожидая её следующего шага, однако после этого она стихла... Ах, наверное это всё, что я знаю без деталей.

/Договорив та остановилась, глянув на ту:/
-Ну сожалению она пока не шла на путь реинкарнации, отчего она до сих пор жива. А вот про твоего отца я информацией не владею, с чем тебя огорчу.

|-----------------------------------------------------------------------------|","ktoia","1517802470234001409"
"23.06.2026 01:02:57","biok_ymer","#9440","—Итами/???—
|-----------------------------------------------------------------------------|
Кошка недовольно покачала головой, говоря:
|-----------------------------------------------------------------------------|

—Прошу простить, но я не хочу идти как разменная монета!

/Услышав девушку демон чуть нахмурился, а после заходя внутрь деревни вместе с ремесленником, сказал:/
-Ну тогда договаривайтесь уже с главой деревни, ато не люблю я долгие беседы...

/Заходя и идя мимо многих зданий и тех ещё страхалюдин, они дошли до самого большого орчьего здания, где сидел ОРК, что увидив компанию чуть нахмурился, а после оставив немую улыбку парню, демон вместе с ремесленником ушел, оставляя Итами вместе с Лойдом наедине с Орком, что показав тем на пол возле стола говоря:/
-Садитесь, расскажите, что вас сюда привело. Не часто вижу своих собратьев да ещё и в компании толкового ремесленника. Прошу, начинайте.

/Выслушав Итами послушно села, решая не злить орка и давая высказаться Лойду./

|-----------------------------------------------------------------------------|","samin__","1517974596014309487"
"23.06.2026 11:31:03","samin__","#2997","— Лойд Фронтера —

|| Я хотел вкид сделать, но ладно ||

> А чë, так можно было?! Ты реально?! Даже биться не нужно? Канеки, я тебя не понимаю! На кой ты угрожаешь есть... стоп... ТАК ТЫ ЕЩË И НЕ ГЛАВНЫЙ?! И ТЫ МЕНЯ ПРОСТО ПРОПУСТИШЬ?!

Лойд шëл по деревне орков с таким тупым лицом, что оно передавало его ТУПНЯК. Деревенька и правда была похожа на строения орков... и вот не поймëшь, это влияние современников или просто работа очередного клише?

Тупняк прошëл только в момент когда глаз Лойда зацепились за орка, который походу и был тут главным. ЛАДНО ЭТО КЛИШЕ!

Услышав слова, парень прищурился выражая недовольство. Идти на конфликт было опасно. Они находятся в центре враждебной деревеньки, от чего нужно было сдерживаться

Посмотрев на пол, тот не долго думая сел на против Итами, для лучшего обзора за ситуацией. Из-за всех этих размышлениях об ОРКАХ, парень несознательно сел как ""ну типичный орк"". Одну ногу, тот поджал под себя, а вторую согнул в колене, ложа на него локоть, подпирая подбородок

Смотря на ""собрата"", парень призадумался. "" Не часто видит?"" Стоп, Система, а что значит ""Топ 100 среди орков?"". Это значит что среди всех миров? Это есть что не тат самый вопрос, на который ты должна отвечать развернуто и правду...

Системное окно не заставило себя долго ждать:

> Нет, выборка была сделана только в условиях этого мира, ведь именно в нëм не столь много орков

Парень помрачнел ещë больше, а после раздумий спросил: ""Стоп, а сколько тут вообще орков?""

На это система уже промолчала, а парень понял что скорее всего их штук 100 и есть...

С раздавленным настроением, парень выдохнул, начиная разочарованно говорить:

— Не угадал, я К СОЖАЛЕНИЮ человек и пришëл к вам спросить на счëт архитектора или того кто хоть что-то в этом понимает. Мы сейчас расширяем деревню, в которой живëт вот она. Нам сказали что такой кадр у вас есть, только вот по цене не договорились. Что скажешь?","biok_ymer","1518738091144249394"
"23.06.2026 11:37:07","ktoia","#6622","— Сора Райдэн —

Хорошо, с Акнис говорить не так уж и плохо. Более того - ОГО, что она рассказала. После слов Орда было понятно, что Санфиера предала всех ""своих"", да и в принцип... это было ясно ещё давно... Новости были достаточно радостными - более того, она ЖИВА. А значит, её можно найти, и она не в мире ёкаев.. То есть Орд, вернее, прошлый Орд ""сдерживал"" свободу грешников? Пуф... И... эта их записка про суд, все таки их была? То есть они до сих пор её ""ищут""? Что ж. Про отца тоже была надежда услышать, но ничего... А жаль.

Настроение у Соры приподнялось и она стала изредка постукивать пальцами по столешнице. Продолжая следить за Акнис, она почувствовала некий диссонанс, который нужно было прояснить:

— Мгм... Вот оно как было. Что ж, хорошо. Но кое-что мне точно непонятно. Акнис, а как вы вышли в мир ""людей"", когда была стычка с небожителями? На тот момент, если я правильно понимаю, меч был уже не у вас, из-за чего вы не могли... Или есть другой способ?","biok_ymer","1518732756241350678"
"23.06.2026 12:39:34","biok_ymer","#9440","—Итами/???—
|-----------------------------------------------------------------------------|
Орк невольно почесал подбородок слушая того и даже немного удивился, услышав что он человек, однако прийдя в себя, все же спросил:
|-----------------------------------------------------------------------------|

—Человек, что якшается с демонами? До меня доходили что на заподе мирняки начало принимать людей, но я думал это байки, чтобы сильнее заколить дух наших Войнов...

/Чуть подумав, тот глянул уже на Итами, отчего он отвела взгляд в сторону, на что он сказал:/
-Значит вы точно с запада, раз она с вами... Что же, тогда что ты можешь предложить за нашего ""архитектора"". Хотя я бы больше назвал его строителем, для архитектора у него не хватает выдержки работы по чертежам. Но думаю раз ты нашел язык с Деманами, то и с ним тем более найдешь... Так, что ты можешь предложить?

|-----------------------------------------------------------------------------|","samin__","1518896158489968784"
"23.06.2026 12:44:34","biok_ymer","#9440","—Акнис—
|-----------------------------------------------------------------------------|
Девушка устало выдохнула, садясь обратно на место в позе лотоса, подперев одной рукой голову, что была на колене, говоря:
|-----------------------------------------------------------------------------|

—Пф разве не очевидно? Ты же сама сказала что существует множество маяков и помимо того что ты открыла есть и другие, что и так было открыты. По крайней мере, до недавнего времени... Отчего-то маяки закрылись все разом, блауируя нам доступ в ваш мирок, даже с сестрицой сводиться не вышло... Кхм, вообщем про это сказать ничего не могу, ибо и сама хотела узнать причину. Влиять отсюда конечно удобно, но легче самой прийти и уничтожить дуралей, что стремиться устроить войну, чем оттягивать, это такая морока...

/Девушка устало выдохнула, а после уставилась в небо, явно понимая, что работы ещё не початок край./

|-----------------------------------------------------------------------------|","ktoia","1518897682582736986"
"23.06.2026 12:56:41","ktoia","#6622","— Сора Райдэн —

Выслушав и кивнув, продолжила:

— Значит даже боги не знают причину. Удивительно, тогда говорить об этом незачем.

Перестав стукать Сора положила руки на колени, серьезно покасившись на бумаги, добавляя:

— А что ёкаи думаю о происходящем в мире? Вы же знаете что происходит и что прошлый ваш король пытается вернуться. Да и вообще на кой ляд его запечатали?

У Акнис наверное дела есть, но если Сору не выгнать, то она на наглости будет сидеть тут очень долго....","biok_ymer","1518914659435020448"
"23.06.2026 13:01:03","samin__","#2997","— Лойд Фронтера —

> Мирняки принимают людей чтобы закалить дух войнов? Чегось? Ни-ни-ни, что-то тут не то и как-то не так. На удивление этот орк умеет вести разговор и даже делает это сносно. Ну не зря же он их главарь... нужно отходить от мысли что все орки ""недоразвитые"". И что это значит? Итами все знают как ремесленника? Ты что, правда что-то умеешь? По тебе и не скажешь...

Так-же как и орк почесав подбородок, парень усмехнулся:

— Я бы не сказал что приняли, скорее просто мирятся с моим существованием и всё ещё не шибко доверяют.

/Махнув рукой на эту тему, парень хитро прищурился, начиная перечислять/
— Я так и не узнал что вам нужно. Едва ли вам нужны людские деньги, так что могу предложить информацию или ресурсы. В отличии от вас я вхож в города, да и имею связи с Фомосом, так что достать для вас что-то необычное не будет большой проблемой

> Хоть бы не оружие, хоть бы не оружие, пожалуйста не оружие...","biok_ymer","1518913400841699428"
"23.06.2026 13:04:03","biok_ymer","#9440","—Акнис—
|-----------------------------------------------------------------------------|
Девушка перевела взгляд обратно на Сору, говоря:
|-----------------------------------------------------------------------------|

—Война не избежна и причин даже больше чем хотелось бы. Небожители, культисты и приверженцы прошлого короля ёкаев. В данный момент мы буквально сидит на ловушке, что в любой момент захлопнется. А по поводу короля я не особо хочу говорить, ты и так много уже у меня времени забрала, отчего я предпочту чтобы ты ушла. Найди кого-то посвободнее...

|-----------------------------------------------------------------------------|","ktoia","1518917706215325778"
"23.06.2026 13:23:51","ktoia","#6622","— Сора Райдэн —

Выслушав все возможные причины войны, Сора легко просвистела и начиная приставать, заговорила:

— И надо было мне пропасть на двадцать лет. Эх.. пожить ""нормально"" не успела.

Положив руку на бок, она посмотрела на лолю войны.

— Скоро будет море крови.. Ну ничего, будто бы оно когда-то переставало литься. Спасибо за внимание и... Пф.. Работай на совесть. Ам. если она у войны есть. До встречи!

Невероятно, но война прогнала Сору! А разговаривать с ней было даже приятно - прямо говоришь, прямо получаешь ответ. Великолепно, нужно так пробовать со всеми.

Размышляя над прошедшим разговором, Сора, как всегда, двинулась в абсолютно случайную сторону, чтобы по заветам Акнис доебать очередного ёкая.","biok_ymer","1518919559183335556"
"24.06.2026 11:17:30","biok_ymer","#9440","—Итами/Орк—
|-----------------------------------------------------------------------------|
Девушка делая вид что не понимает внимание к своей персоне отвела взгляд в сторону, что-то насвистывая. А мужчина же перестал чесать подбородок указал на девушку, говоря:
|-----------------------------------------------------------------------------|

—Еѣ мастерство в создании артефактов было бы весьма кстати. Вряд-ли вы поможете нам с оружием, а вот с её работой можно и попробовать что-то сделать. С материалам мы можем подсобить, нам нужно её мастерство.

|-----------------------------------------------------------------------------|","samin__","1518918805525369054"
"24.06.2026 11:20:17","biok_ymer","#9440","—Шерминион—
|-----------------------------------------------------------------------------|
И вот идя уже по обычному лесу ёкаев девушка вышла вновь на приятному глаза лесок, что напоминал уже сад и увидела там также гуляющего фембоя? Галантный, но в то же время загадочный кошкомальчик заприметив сору чуть замедлился, позволяя той догнать его и гулять уже с ней. Он не стремился нарушить тишину, предпочитая и дальше наслаждаться природой.
|-----------------------------------------------------------------------------|","ktoia","1518924542670536804"
"24.06.2026 12:12:01","samin__","#2997","— Лойд Фронтера —

Переведя ошеломлённый взгляд на Итами, парень стал непонимающе хлопать глазами. Так ты реально что-то умеешь кроме колец и всяких побрякушек?!

Повернувшись на суку, парень состроил самое доброе и миролюбивое личико что только смог, начиная протяжно говорить:

— Ох... точно, как же я мог забыть! Подруга любезная, прости человечишку простого, что забыл о твоём ремесле /стукнул пальцем по столу/ ДЕЛАТЬ /стукнул пальцем по столу/ АРТЕФАКТЫ!

— Кстати, ты же ведь помнишь что я не совсем разбираюсь в местных обычаях? Можешь разъяснить дураку, почему это я мог забыть о **столь важном** факте для нашего дела? Нижайше прошу столь значимую персону **повторить** для столь незначительной сошки как я, столь **ценные** сведения

> Она умеет делать артефакты... ... ... пиздец... ... ... вот жешь сучка, я теперь с тебя 3 шкуры спущу, как из деревни выйдем. Не выходила из дома 3 дня? Проектировала замки в аду? Посмотрим как ты откроешь замок, который будет висеть с обратной стороны твоей двери!!!","biok_ymer","1519255134327275641"
"24.06.2026 12:44:23","ktoia","#6622","— Сора Райдэн —

Сора заметила фигуру впереди и чуть сбавила шаг, разглядывая незнакомца. Фембой? Опять? Правда, этот вроде повыше..

Она слегка ускорилась, чтобы догнать кота и сблизившись с ним, подобрала такой же темп. Затем посмотрела на него внимательнее и даже не смогла предположить, кто он. Во многом, даже стиль одежды отличался от ранее увиденных ёкаев.

Раз он не начинал разговор, а Сора как раз ради этого и ходила здесь, она поглядывая на него искоса, сказала:

— А ты молчаливый. Или просто ждёшь, пока я начну разговор?","biok_ymer","1519255833777541291"
"24.06.2026 13:38:06","biok_ymer","#9440","—Шерминион—
|-----------------------------------------------------------------------------|
Мужчина достав откуда-то тросточку стал мелодично постукивать по земле, говоря:
|-----------------------------------------------------------------------------|

—Скорее ожидал услышать причину вашего разговора со мной, однако быть может вы попросту не знаете кто я. Я Шерминион, божество удачи и была бы моя воля, я бы удачно ушел от вас.

|-----------------------------------------------------------------------------|","ktoia","1519277001431715942"
"24.06.2026 13:42:37","biok_ymer","#9440","—Итами/Орк—
|-----------------------------------------------------------------------------|
Орк молча уставился за перепалкой, а девушка под уже двумя взглядами стала нервно потеть, взявшись за воротник и чуть тянув говоря:
|-----------------------------------------------------------------------------|

—Разве уж это что-то значимое? Ну там делала то то, то другое... Не думала что это сейчас нужно. И вообще, разве мы не пришли договариваться? К чему внимание ко мне?

/Тут девушка нервно перевела взгляд на Лойда и увидив НЕ ЕСТЕСТВЕННУЮ улыбку взглотнула, вновь отводя взгляд и более нервно говоря:/
-Да я не думала, что это так важно! У нас даже материалов никаких не было для создания чего-то столь ценного, вот и умолчала, ведь не нужная информация сейчас... Хватит так на меня смотреть!

|-----------------------------------------------------------------------------|","samin__","1519268852964524203"
"24.06.2026 14:02:15","samin__","#2997","— Лойд Фронтера —

Услышав слова ремесленника, парень опустил руки на стол, опёршись о него, наклоняясь ближе к девушке, делая тон ещё мягче, а улыбку ещё более жуткой:

— Ах, какая радость! Я знал что не могла моя дырявая голова забыть **столь важного навыка**. Подру-у-уга, ты о чём? Мы ведь **вместе** были в Фомосе! Неужто ты думаешь, что я бы не смог позволить какие-то там материалы?

Продолжая давить, парень стал уже переигрывать:

— Ох! Так это значит что я соврал принцу? Тс-тс-тс, нехорошо. Если бы я знал о твоём ремесле хотя бы **что-то** я бы мог заключить торговое соглашение прямо на месте. Представляешь как бы изменилась деревня, под финансированием моего **хорошего друга** Кайчика Альмирчика Аркостика? Еда, медицина, ресурсы, блага... всё бы это **уже** было в вашей деревеньке. Хах, да что деревенька, мы бы уже **точно** основали страну. Какая **жалость** а я ведь уже и местечко подобрал

— Ох... а сегодня я видел как пара орков **пострадали **в шахтах, будучи **ужасно ранеными**. Ох ужас, а если бы только мы знали о **твоём **даре! Им бы не пришлось **рисковать своими жизнями**. Интересно... а сколько демонов **погибло **под обвалами за последние дни?

> Ты говорила что ""готова на всё"" чтобы улучшить их жизни, ну... теперь не вини меня что я использую это против тебя дорогуша","biok_ymer","1519291655818182786"
"24.06.2026 15:04:08","biok_ymer","#9440","—Итами/Орк—
|-----------------------------------------------------------------------------|
Мужик малость обомлел услышав о Фомосе и о том, как он говорит о Кае, отчего немного потерялся в лице. А вот девушка же с каждым новым словом сильнее и сильнее потела и под конец рассказа выглядела уж сильно взволнованной от этого, отчего аккуратно перевела взгляд на парня сказала:
|-----------------------------------------------------------------------------|

—Упс... Ну, я...кхм, я тогда тебе не сказать что стопроцентно доверяла, да и ты украл меня буквально с деревни... Кхм, да, я виновата, но кто же знал что у тебя связи с принцем, так ещё столь теплые? Слушай, может не будем об этом? Ты меня явно переоцениваешь...

|-----------------------------------------------------------------------------|","samin__","1519296593541464244"
"24.06.2026 15:20:59","samin__","#2997","— Лойд Фронтера —

> Да ты издеваешься! Что за секретус такой, что ты даже в такой ситуации оправдываешься. Моё предчувствие уже начинает бить тревогу. Та-а-ак... и какое клеше на этот раз выползет? Ей нужно съедать по 3 ребёнка для каждого артефакта?

Окончательно раздосадовавшись, парень сделал такое личико, на которое не было способно личико обычного человека или орка, начиная буквально светиться, уже и позабыв что он вообще-то на переговорах:

— Ох! Какая жалость! Никто не доверяет странному человеку, пришедшему из неоткуда, кто бы мог подумать! А я ведь даже доверил тебе один из своих секретов, помнишь?

— И что значит переоцениваю? Тебе буквально в лицо говорят что твоя помощь может выиграть переговоры...

> Чёрт... я же на переговорах. Тс... неудобно вышло... ладно, выкручиваем в другую сторону

— И не только выиграть, но и улучшить жизнь всех западных. Эх... а я думал хотя бы ты мне доверяешь хотя бы немного... какая жалость... может и правда перестать пытаться создать **государство для вас же** и просто перебраться к Каю, как он и говорил? Или стать переговорщиком гильдии? Или всё таки пойти и захватить небожителей... тс... незнаю-незнаю...

> Про вариант с Лаурой и культистами лучше им не знать, но и эти должны их ошарашить","biok_ymer","1519312170389733426"
"24.06.2026 16:27:29","ktoia","#6622","— Сора Райдэн —

Сора услышала его слова и на мгновение сбавила тем, однако после чуть приподняла бровь, затем продолжила идти рядом, уже с любопытством разглядывая его лико.

— Божество удачи? Не думала что такой как ты есть... пф... так еще и зверочеловек, неплохо выглядишь.

Положив руки в карманы взглянула вперед.

— Да, я уже привыкаю что тут со мной только два ёкая не против поговорить. Причина то поговорить есть, но.

Сделала большой шаг вперед и встала перед кошко фембоем.

— Шерми.. кхм. Шермининио... В общем почему ты так со мной говоришь? Удаче то я как насолила?","biok_ymer","1519290516653740042"
"24.06.2026 16:29:49","biok_ymer","#9440","—Шерминион—
|-----------------------------------------------------------------------------|
Остановившись возле девушки тот немного подумал, а после обогнув девушку спокойно ответил:
|-----------------------------------------------------------------------------|

—Своим рождением. Ты буквально выйграла джекпот. А теперь, прошу не мешайте своей мордашкой что так удачно мне встретилась тут.

|-----------------------------------------------------------------------------|","ktoia","1519333143918678058"
"24.06.2026 16:33:10","biok_ymer","#9440","—Итами/Орк—
|-----------------------------------------------------------------------------|
Орк чуть прокашлялся, явно намекая, что он тоже тут есть. Итами же вновь отведя взгляд в сторону сказал:
|-----------------------------------------------------------------------------|

—Ты правда хочешь выяснять отношения прямо сейчас? Ты и так уже понял что я не простой ремесленник и да, ради нашей спокойной жизни готова пойти на жертвы, однако такие секреты лучше раскрывать в нужное время, а не просто в рассказе всей моей биографии... 

/Орк все же найдя окно для своего вмешательство, сказал:/
-Может тогда обсудим как раз таки данное сотрудничество?

|-----------------------------------------------------------------------------|","samin__","1519316409505550427"
"24.06.2026 16:52:40","ktoia","#6622","— Сора Райдэн —

**Котофембой** сказал, что ненавидит из-за самого факта рождени, ну **ничего себе**, а ты морда кошачья не прифигела? В любом случае, ответ заставил Сору на несколько секунд зависнуть на месте.

А потом она развернулась и нагнала кота.

— А ну ка, постой. Джекпот? Как? В плане... Нет, не-не-не, раз начал, то для начала полностью выскажи свою претензию. Почему моё рождение - это такая уж удача и с чего это для тебя плохо? Объясняй.","biok_ymer","1519333733080109257"
"24.06.2026 16:54:23","samin__","#2997","— Лойд Фронтера —

> О Небесная... за что мне это всё... ну что вы такие тупые то... на кой мне твоя биография... скажи ""да я согласна"" ВСЁ! ПЫТКА ЗАКОНЧИТСЯ!

Услышав слова орка, что на секундочку был тем, зачем тот сюда пришёл, парень выдохнул, слезая со стола, беря себя в руки, прокашлявшись в кулак:

— Кхм... прошу прощения, так о чём это мы? Ах да, если она согласна, то не вижу причин для того чтобы дальше торговаться... хотя нет, вижу!

Выставив 3 пальца в сторону собрата, парень проговорил:

— У меня всего 2 условия. Первое: она будет работать в своей деревне. Как никак для неё и других ремесленников в первую очередь нам и нужен строитель. Второе: артефакт не должен использоваться для войны с людьми или зверолюдьми, остальных бить можно. Мы пытаемся наладить связи, а не растоптать шаткое сосуществование

— Думаю справедливые условия за разовые услуги строителя, который не умеет работать по чертежам, что доставит немало головной боли. Ну а чтобы сгладить впечатления от ограничений в договоре, предлагаю помощь в ресурсах, которые будет сложно добыть вашей стороне

Ухмыльнувшись парень рассудил что разовая помощь строителя, на разовую помощь мастера по артефактам будет более чем справедливой. Если бы он так не спешил, он бы точно сбил цену... а быть может и вовсе озолотился... хотя с мастером по артефактам, он и так теперь будет купаться в золоте","biok_ymer","1519334575971635352"
"24.06.2026 17:18:02","biok_ymer","#9440","—Шерминион—
|-----------------------------------------------------------------------------|
Довольный своей же колкостью тот уже был рад оставить Сору наедине со своими мыслями, однако та отчего-то его догнала, отчего ему пришлось продолжить разговор:
|-----------------------------------------------------------------------------|

—Ты родилась от соития Божества и Грешной души, что и является чудом. Во первых, соитие от божеств ничего не может дать, во вторых соитие с грешной душой рождает обычно монстр какой, но никак не разумное нечто вроде тебя. Считай двойной джекпот, так сказать ""ПОВЕЗЛО"". 

|-----------------------------------------------------------------------------|","ktoia","1519339482934018198"
"24.06.2026 17:46:12","ktoia","#6622","— Сора Райдэн —  

НИХУЯ СЕБЕ ПОВЕЗЛО-ПОВЕЗЛО.  

В очередной раз услышав весьма интересное разъяснение факта из жизни, девушка опять прихуела, но на этот раз удивительно не застыла - все таки она успела уловить момент, что эта кошара пытался до неё донести. Потерев лицо, Сора попыталась сбавить напряжение и сделав это, повернулась к Шерминиону:  

— А разве из-за этого ты меня ЛЮБИТЬ не должен? Бог удачи, всё дела. Мне повезло - значит, я везучая? Ну или родители.... Мкхм... Или нет? Что это за дискриминация? Может, мне зверолюди вроде тебя не нравятся? Я же не говорю, что ненавижу их за факт рождения! Ну родились, ну славно! И я не **НЕЧТО**, а **человек**! С большой буквы, если угодно.","biok_ymer","1519345864118763700"
"24.06.2026 17:47:28","biok_ymer","#9440","—Итами/Орк—
|-----------------------------------------------------------------------------|
Итами стала молча решаясь не мешать, та и явно её лишнее слово опять врубит режим ""доброго Лойда"", отчего она решила блаполочно умолкнуть. Орк же слушая ""человека"" кивал на слова парня, а после уточнил:
|-----------------------------------------------------------------------------|

—Против этого я ничего не имею, однако возник вопрос по поводу третьего пальца, есть третье условие?

|-----------------------------------------------------------------------------|","samin__","1519339915572281405"
"24.06.2026 17:54:40","biok_ymer","#9440","—Шерминион—
|-----------------------------------------------------------------------------|
Тот недовольно остановился, направляя трость в сторону девушки, дополняя:
|-----------------------------------------------------------------------------|

—То что ты родилась было против моей воли, отчего ты буквально своим рождением исковеркола меня. Можно сказать ты мне не нравишься просто так.

|-----------------------------------------------------------------------------|","ktoia","1519352953050234931"
"24.06.2026 18:03:02","samin__","#2997","— Лойд Фронтера —

Смотря на последний не загнутый палец, парень и сам удивился:

> Чёрт всегда ведь по 3 условия, вот по привычке и выкинул 3 пальца... ну не говорить же что я дебил... ладно, что-то задвину...

||Я реально сначала выкинул это, а потом переписал пост на 2 условия, а про действия забыл 😅 ||

Убрав указательный палец, парень развернул руку, открывая ладонь, говоря орку:

— Третье это скорее не условия, а пожелание. Понимаете ли, за исключением попытки вскрыть мне череп, ваша деревня приняла меня весьма радушно, от чего хотел бы и впредь поддерживать связь. Сейчас мы поможем друг другу из выгоды, а потом быть может настанет день, когда кому-то понадобится помощь и мы её окажем просто так, а там кто знает что выйдет. Я осведомлён что у деревень отношения не самые лучшие, но пока вы демоны, можно хотя бы поддерживать связь, обмениваясь сведениями о передвижении церковников например. Что скажите?

> На удивление сговорчивый и умный орк... ладно, нужно пересматривать отношения на основе внешности. Канеки был туповат, а вот орк весьма себе неплох, будем говорить как ""глава"" и ""сошка"" что пришла договориться. Хотя последний палец и помешал, думаю это было даже к лучшему... если он скажет что меня хотя бы не будут пытаться убить на выходе, уже будет победой","biok_ymer","1519353271435792594"
"24.06.2026 18:04:56","ktoia","#6622","— Сора Райдэн —

Сора нахмурилась и недовольно посмотрев на трость указывающую на нее, схватила ту и дернула на себя, отвечая:

— Ой, ну прости, кошачья морда! Удаче - не повезло! Ирония! Может утешить тебя чтобы не обижался? А?","biok_ymer","1519355084536807455"
"24.06.2026 22:28:35","biok_ymer","#9440","—Шерминион—
|-----------------------------------------------------------------------------|
Котик недовольно скривил личико и отпустил трость, отчего та с карикотурным звуком из лунитюнс БОНЬК ударилась о голову девушку, а после выпав из руки встала идеально в руку парня, отчего тот продолжил путь, говоря:
|-----------------------------------------------------------------------------|

—Ты бы что интереснее придумала, а не пытаться вывести на конфликт саму удачу. Это словно вызвать на битву войну, смешно до безобразия.

|-----------------------------------------------------------------------------|","ktoia","1519357670245793792"
"24.06.2026 22:30:51","biok_ymer","#9440","—Орк—
|-----------------------------------------------------------------------------|
Орк подал плечами, говоря:
|-----------------------------------------------------------------------------|

—Ничего против не имею, однако многие тут не заходят так легко трепаться, отчего нужно будет с ними мне переговорить... Что же, ремесленник скорее всего был уже вам представлен нашими охранчком, отчего я лично не могу вас больше тут удерживать или вас интересует ещё что-то?

|-----------------------------------------------------------------------------|","samin__","1519357190434193458"
"25.06.2026 00:14:44","samin__","#2997","— Лойд Фронтера —

> Кошка... ты мне обязана. Не знаю хорошо это или плохо, но я нарушил ваше молчание. Приведёт это к войне или к миру, дело уже за тобой

— В целом нет. Я бы не против обсудить и другие тем, как например ""как сделать так, чтобы вам не докучали люди"", но не думаю что у меня есть на это время, буду рад ещё поговорить с вами, когда время будет более мирное. А пока...

Поднявшись с пола, парень кивнул, заканчивая фразу:

— Благодарю что выслушали и приняли мудрое решение, за сим приступлю к разговору с ремесленником и разъясню ему свои каракули","biok_ymer","1519424587324985485"
"25.06.2026 00:30:53","biok_ymer","#9440","—Орк/Итами—
|-----------------------------------------------------------------------------|
Громадина кивнула в знак согласия, после чего кошка вместе с парнем(вовсе не орк) вышли из здания, а после под пронзительные взгляды прошли ко входу, где ""канеки"" о чем-то трепался с горе ремесленником, но заприметив тех прекратил, обращаясь уже к группе:
|-----------------------------------------------------------------------------|

—Ну чего, на чем договорились?

|-----------------------------------------------------------------------------|","samin__","1519450732703776939"
"25.06.2026 01:04:38","ktoia","#6622","— Сора Райдэн —

Сора поморщилась от удара и потёрла лоб, провожая взглядом трость, которая так УДАЧНО вернулась в руку кота.

— Ну ты... и...

Она замолчала, пытаясь подобрать слова, но так и не нашла подходящего оскорбления. Вместо этого она просто выдохнула и покачала головой, снова нагнав его.

— Больно мне с тобой конфликтовать... Ладно, плевать.

Она скрестила руки и добавила:

— Вообще я поговорить про ёкаев хотела. Кот будет отвечать?","biok_ymer","1519424018711580891"
"25.06.2026 01:28:51","biok_ymer","#9440","—Шермион—
|-----------------------------------------------------------------------------|
Слушая девушку тот не сбавляя в шаге ответил:
|-----------------------------------------------------------------------------|

—И что ты знать хочешь? Ты же буквально вытянула счастливый билет найдя меня, отчего раз уж так произошло постараюсь ответить, чего уж тут.

|-----------------------------------------------------------------------------|","ktoia","1519463290923651072"
"25.06.2026 13:27:57","samin__","#2997","— Лойд Фронтера —

Заприметив двоицу, парень выдохнул возвращая лицу прежнее состояние, отвечая Канеки:

— Она делает артефакт, я даю чертежи, ремесленник делает здание. Тс... ещё же чертёж...

С недовольством сунув руку в сумку, парень нащупал бумагу, доставая ту из неё, перекатывая в другую руку, запуская первую за пером, однако... А? На листке появился чертёж здания, которое парень и представлял. Вылупившись на листок, тот похлопал глазами закусив губу:

> Я не помню чтобы такое чертил... лунатизм?

Взяв второй лист, тот подумал о чертяже огорода и О-ЧУДО! О-ХУЕТЬ! Он появился! А на кой тогда парень тратил ночи на зарисовки и черчение?! Что за ЧИТЕРСКАЯ СПОСОБНОСТЬ?! ЛЯ! ВОТ ЧТО 1.000 РП ДЕЛАЕТ! СИСТЕМА, ОБОЖАЮ! СРАЗУ 2 НАВЫКА!

Подняв руку куда-то вверх, парень не глядя протянул листки ремесленнику, со словами:

— Вот чертежи, постарался сделать их максимально подробными, но скажи есть что-то непонятно

||КАК ЖЕ Я ЗАЕБАЛСЯ! ВСЁ В РУЧНУЮ! СУКА!!! 2,5 ЧАСА ЖИЗНИ!||","biok_ymer","1519454794337488937"
"25.06.2026 14:04:51","ktoia","#6622","— Сора Райдэн —

Сора чуть замедлила шаг, чтобы идти в ногу с котом и бросив на него короткий взгляд, начала:

— Раз так, то сразу начну с главного. Мне до тебя прошлые ёкаи не ответили, так что, пожалуй... Надеюсь, удача ответит?

— Я, откровенно говоря, не понимаю вашу позицию и... ""бездействие"" что ли. Вы же наверняка прекрасно знаете, что происходит в мире. Прошлый король, которого ""вы"" запечатали хочет вернуться. Кто-то за его возвращение, кто-то - против... Это ладно. Но раз он уже запечатан, значит, была какая-то причина в прошлом. Так почему его запечатали?","biok_ymer","1519469383729287309"
"26.06.2026 07:00:11","biok_ymer","#9440","—Итами/Ремесленник/Канеки—
|-----------------------------------------------------------------------------|
Мужик повертел чертеж, посмотрел и показав палец вверх сказал:
|-----------------------------------------------------------------------------|

—Будет сделано, подробно и понятно, даже я понял как делать.

/Дабы не тратить лишнего времени тот взяв чертеж направился вместе с Итами к деревни, а канеки помохал уходящему лойду, что видно шел к припоркованному дирежаблю. Видно Итами не особо хотела перекидываться прощальным словом с парнем, однако напоследок все же смущённо помохалом тому ведя все того же ранее упомянутого ремесленника. Что же дальше будет делать наш ПРАЙМ Лойд? Система же время от времени появлялась возле парня играя с самой с собой в тетрис. Неужто даже система умеет наскучивать или это попытка выбесит парня? Это было не столь важно, ведь к тому времени он уже подошёл к изрядно потреранонму дирежаблю. Да уж, вот бы Кай не понял, что Лойд не учился на летчика./

|-----------------------------------------------------------------------------|","samin__","1519650350708162634"
"26.06.2026 07:03:59","biok_ymer","#9440","—Шермион—
|-----------------------------------------------------------------------------|
Не долго раздумывая аристократичный кот походкой уверенного выебистого кота ответил:
|-----------------------------------------------------------------------------|

—Обезумел, вот его и запечатали, чтобы он не уничтожил мир лишний раз. То же самое сделали и с Бездной? Так вы вроде её внизу называете. Жизнь и Смерть слишком могущественны, от того их познания и разум сильно претерпели коррозии, отчего мы и вынуждены были их удерживать, дабы те не мешало лишний раз. А хотят освободить короля ибо надеются обрести вечное счастье и бессмертие, освободив саму жизнь. Это все? Неужто ты даже этого не знала? У тебя родители с младенцства что-ли ушли, раз ты и этого не знаешь?

|-----------------------------------------------------------------------------|","ktoia","1519659638444920882"
"26.06.2026 09:39:48","ktoia","#6622","— Сора Райдэн —

Ухмыльнувшись от услышанного заявила:

— Бредятина какая-то.

Покачала головой.

— То есть вы, божки такие, не морально устойчивые, что приходится друг друга запечатывать, чтобы мир не развалили?

Она замолчала, собираясь с мыслями и затем продолжила чуть серьезнее:

— Чёрт, а вы не пробовали его... ну... того? Чтобы переродился? Там же разум стирается, все дела... Хотя нет, не смогли бы... ""Жизнь"" все таки.

Она потерла затылок.

— И.. Чего? В Бездне тоже бог запечатан? Невероятно...

Уставилась на Шерминиона с явной претензией:

— Да не знала я! И как бы узнала, кот ты блин самый умный? Не рассказывали мне ничего родители - больше нужного не говорили, а спокойно жили... Пф. А те, кто пытаются освободить его те ещё идиоты.

Она замолчала на секунду, потом продолжила:

— Раз уж так пошло - моя мама, Санфиера. Кто она?...","biok_ymer","1519916111611564183"
"26.06.2026 14:18:43","samin__","#2997","— Лойд Фронтера и Ксавьер Азрахан —

Хух... ну поехали нахуй... время [13:11]... это будет тяжко!

|-----------------------------------------------------------------------------|
На удивление ремесленник всё понял... и чего тот орк говорил что он не умеет работать по чертежам? Хотя он что-то говорил о терпении... скорее всего проблема возникнет при постройке, но главное чтобы не разорвал, а там уже Ксавьер вырулит ситуацию

Удивившись тому, что ему махают... так ещё и Канеки что хотел того прикончить, парень спокойно развернулся, махнув в ответ, а после поплёлся через лес, прямиком к дирижаблю. Сора уже должна была дойти до Ёкаев, так что парень не собирался отставать ||уже...||.

Система что играла в тетрис сама с собой первую половину пути не особо мешала парню, но потом начала подбешивать, мешая сконцентрироваться на мыслях, коих было не мало. Наконец дойдя до дирижабля, парень цокнул языком. Мда... для первого не плохо, учитывая что все выжили, но вот функция ""садиться на воду"" теперь отсутствует. На полёт повлиять не должно, однако починить нужно было бы... вот и следующая работка для той глыбы, если справиться с этой частью

Зайдя внутрь, парень осмотрел внутренности, понимая что нижний этажик с мастерской можно и разобрать убирая столы и приборы в мастерскую, что скоро построят. Поднявшись на второй этаж, тот посмотрел на сидушки, почувствовав... пустоту? Совершенно один, летит биться с небожителями и спускаться в чёртову дырку, прямиком в ад... казалось бы ничего необычного, но на сколько мир стал негостеприимен. Проблема на проблеме, а хотелось бы просто пожить... как всё было просто пару дней назад, при поездке в Фомос...

Отбросив эти мысли, парень вставил вычурный ключ в вычурное зажигание и вспоминая уроки пилотирования (которых не было) стал взлетать, выставляя курс на Эльрин! 

|-----------------------------------------------------------------------------|","biok_ymer","1519915152827224175"
"26.06.2026 14:18:53","samin__","#2997","Тем временем Ксавьер уже направлялся к бару, спешным, но сдержанным шагом. Дело было неотлаженным, но не столь срочным. Зайдя в нутрь, тот сразу направился к Юки, помня что у неё есть некое кольцо, что позволит связаться с Лойдом. Подойдя к той, он сказал:

— Госпожа, не могли бы вы дать мне кольцо для связи с Лойдом. Дело срочное, от чего его вмешательство не будет лишним

Взяв кольцо, парень надел его на мизинец, начиная думать:

> Лойд, меня слышно? Лойд?! ЛОЙД! Выйди на связь! Лойд! Лойд!

Поняв что со связью беда, тот хмыкнул, спрашивая у Юки как та связывалась с Лойдом в прошлый раз, однако не услышал объяснений, а лишь то, что перед сообщением нужно сказать... Пшшш...

Вылупившись на кольцо, а после на девочку, парень стыдливо прислонил руку к своему прекрасному лицу, закрывая его проговорил вновь:

> Пшшш: Лойд?

|-----------------------------------------------------------------------------|","",""
"26.06.2026 14:19:01","samin__","#2997","Лойд же что уже направил правильный курс, начал сверяться с приборами как вдруг ему почесали мозг. Приторное шипение на ушко заставило того дёрнуться, от чего он чуть не опрокинулся со стула, сразу понимая что за голубоволосое говно его беспокоит:

> РАЦИЯ: ТЫ ЧЕГО НА МЕНЯ ШИПИШЬ?! Я ЧУТЬ НЕ ПЕРЕВЕРНУЛСЯ! А ЕСЛИ БЫ Я В ВОДУ УПАЛ?! ТЫ БЫ ЧТО ДЕЛАЛ?! А!

Ксавьер чуть скривил лицо, слыша ОР, жалея что кольцо всё-же сработало... однако выдохнув всё так-же спокойно продолжил:

> Пшшш: Я бы и рад не делать столь постыдной вещи, однако без этого польцо не работает... странная технология, но сейчас не об этом. Я говорю с вами, так как возникла одна сложность...

Услышав вновь приторное шипение на ушко, парень скривился, отвечая в колечко:

> Рация: Ну чего опять? Если что тот булыжник я послал. У него мой чертёж, так что проследи чтобы он построил всё как надо. Там и для животных нужно и...

> Пшшш: НЕТ! Всё куда хуже. Бибон перестарался и вырубил часть леса

> Рация: Ай... хватит шипеть, говори всё одним сообщением... ну и? Я ему сказал лес проредить, чтобы материалов больше было. Он справился, в чём проблемы?

> > ПШШШШШШШШ: ДА ДАЙТЕ ДОГОВОРИТЬ! Он срубил часть леса! Под частую! Всё! Поляна! Из-за чего теперь деревню проще найти. Демон с инструментом опасается что деревню могут раскрыть в ближайшие часы

В этот раз парень реально перевернулся на стуле, однако быстро вспомнив к чему это может привести встал вцепившись в штурвал не забывая про управление:

> Рация: Чего?! Он вообще конченый?! Поляну выдолбил?! Так! Во первых дай ему по заднице, а ещё... ну... придумай что ни будь!

> Пшшш: Это не понадобится, мисс со странным музыкальным инструментом уже этим занимается, а что на счёт вариантов действия, на счёт этого я и связываюсь. Варианта всего 2, это восстановить тес, что за это время сделать невозможно и переезд. На счёт второго я и хотел с вами поговорить","",""
"26.06.2026 14:19:07","samin__","#2997","||Всё что я писал альше СТЁРЛОСЬ, ТАК ЧТО ДЕЛАЙТЕ x2||

Лойд немного выпал из реальности:

> СУКА! Только стояло подумать что всё складывается хорошо и НА ТЕБЕ! Спасибо, хорошо. Только нашёл строителя, как нужно переносить деревню... хотя нет, тут уже скорее бросать! Неловко вышло... Хуй тебе, а не свидание! Морда бобриная! Так, а куда? В деревню в которой я уже был? Нет... не дело, они там друг друга перебить могут, да и не примут... куда-то в лес? Могу найти по следам церковники... ммм... НЕТ! НУ НЕХОЧУ ТУДА!!!

> Рация: Ладно, понял. Веди их в дикие земли. Да, это самое опасное место на этом материке, но мы с Лаурой покумекали и сделали так, что теперь тамошние опасности нам подчиняются, так что считай защитники, успокой там народ как нито и отправь туда... в целом всё. Я сейчас вхожу в турбулентность, так что пока что не буду на связи... ПОКА!

Договорив, парень спешно снял кольцо, горько выдыхая. Придётся делать переворот стола куда раньше... неприятно, но это того стояло. Зная Ксавьера, ему не потребуется много времени чтобы собрать народ, так что нужно было спешить, главное чтобы не одна фраза не попала в кольцо, от чего парень положил его на приборную панель, начиная переворот с самого знакомого для него ублюдка, а именно Бугая:

> Здорово! Кусок мертвечины! Приказ: По делу скажи почему ты не в восторге от ""договора"" и что вообще за ""договор"". На ответ тебе минута, поехали

Ксавьер в этот момент попытался ещё несколько раз связаться, ведь вопросов у него было НУ ОЧЕНЬ МНОГО, однако никто не отвечал, от чего он выдохнул, направившись к бармену, говоря той:

— Извините за беспокойство, но что вы знаете о ""диких землях""?

Пока что он решил зайти из далека, чтобы не наводить паники

||Вот так я решил пока что разморозить ветку Ксавьера и начать переворот понемногу, чтобы сложно не было. Ну а время, когда я дописал [14:17] ПИЗДЕЦ Я ЗАЕБАЛСЯ!||","",""
"26.06.2026 18:13:23","biok_ymer","#9440","—Бугай—
|-----------------------------------------------------------------------------|
Недовольный вдох, а после мертвецки усталый голос раздался в голове:
|-----------------------------------------------------------------------------|

—Начнем с того, что ты так и не узнал что стало с тем мужиком, а он между прочим уже покинул лес с нашими заложниками, что не есть хорошо. Во вторых, я уже высказывал своё недовольство по поводу снятия печати, это хоть и даст нам как таковое бессмертие, но взамен пострадают многие, что меня и так гложет с начала расширения земель, по ТВОИМ идеям. Мы и так каждый день убиваем народец заставляя зелень двигаться дальше, а теперь ещё нужные материалы для заверения ты сказал убрать! А незнаю того у тебя биполярка, Толи ты окончательно хочешь поставить везде свои ХОТЕЛКИ. А договор? Ты про работу с Деманами или небожителями? И так и этак мы все равно ставим на себе большой крест, пока те прибывают в безопасной зоне. Ранее ты был осмотрительнее что-ли... Ты как будто стал мыслить по-другому... Кхм, время кончилось, хватит?

|-----------------------------------------------------------------------------|","samin__","1520025617251434517"
"26.06.2026 18:17:47","biok_ymer","#9440","—Шут/Юки—
|-----------------------------------------------------------------------------|
Девочка не особо хотела отдавать подарок Лойда парню, но все же поняв что дело серьезное сделала это, однако как только тот договорил, тот его не вернул! Отчего она стала плестись за ним, ожидая пока он вернёт его... А шут же довольный от недавней получки довольная жанглировала стеклянными стаканами, однако услышав обращение перестала, поставив их в позе треугольника, говоря:
|-----------------------------------------------------------------------------|

—Дикие земли? Место обильного роста природы, дурных культистов и живого леса. Страшное место, особенно если соваться одному.

|-----------------------------------------------------------------------------|","samin__","1520025617251434517"
"26.06.2026 18:42:52","biok_ymer","#9440","—Шермион—
|-----------------------------------------------------------------------------|
Кот и так пребывал в недовольстви от компании Соры, так та ещё стала повышать на него голос, отчего он вновь остановился и недовольно зыренув на ту сказал:
|-----------------------------------------------------------------------------|

—Безумцы или нет, но мы по крайней мере осознаем свои тягости в отличии от тебя. Владелец клинка что совершенно не понимает силу в своих руках... Тс, бред, я устал от этого разговора окончательно. Прости, но удачный момент упущен и я вынужден покинуть тебя.

/Договорив, парень чуть прислонился а после муркнув испортился, словно Чеширский кот./

|-----------------------------------------------------------------------------|","ktoia","1519955322997968896"
"26.06.2026 19:42:07","ktoia","#6622","— Сора Райдэн —

Сора так и застыла, глядя на пустое место, где только что стоял кот. Она моргнула, потом ещё раз, но он не появился.

— Вот же...

Она постояла ещё пару секунд, осмысливая сказанное и провела рукой по рукояти меча.

— Безумцы, пф... Не понимаю силы? Да я бы рада понять, если бы кто-то нормально объяснил.

Она достала клинок и посмотрела на блики, скользящие по лезвию, затем чуть наклонила голову набок.

— Может, я что-то делаю не так?","biok_ymer","1520091990950154282"
"27.06.2026 04:04:07","biok_ymer","#9440","—Меч—
|-----------------------------------------------------------------------------|
Тихий и спокойный голос раздался в голове девушки, говорящий:
|-----------------------------------------------------------------------------|

—Ты просто пытаешься узнать большего, ты делаешь всё правильно.

|-----------------------------------------------------------------------------|","ktoia","1520106900224737431"
"27.06.2026 10:11:21","samin__","#2997","— Лойд Фронтера —

> Л-а-а-а-адно вот такого я не ожидал, это что выходит? Работа с демонами или небожителями? Это... странно... даже очень. Могу понять многое, но не это. Джереми вернулся, в этом я и не сомневался особо. Условное бесмертие звучит внусно, но не когда должен от этого пасть целый мир!

Сжав зубы, парень продолжил связь уже с Бугаем:

> Тс... за гуманность меня кочать собираешься? Хах, смешно это слышать от куска мяса! Так, меня зацепил момент с небожителями и демонами. Даю 3 минуты чтобы ввести меня в курс дела. И давай поменьше воды и побольше информации, а то чë ты со мной как с равным говоришь? Я твоë чëртов босс, а ты мой раб, уяснил?

Да, Лойд перестал скрывать что он ВООБЩЕ ничего не понимает и стал понемногу собирать амплуа ""да я теневой гондон""","biok_ymer","1520084568839946290"
"27.06.2026 10:22:10","samin__","#2997","— Ксавьер Азрахан —

> Да... одной тебе соваться туда не придëтся, не переживай

Кивнув на слова бармена, парень вновь понял что Лойд ИДИОТ, ведь должно быть место и получше, хотя Лаура... Мэх...

От воспоминаний о влюбленный богине, парня слегка трухануло, а после он аккуратно сказал:

— Вот оно как, в таком случае это весьма печальная перспектива. А вы не подскажите, где я могу найти вашего главу. Видите ли, у меня возник весьма важный безотлогательный разговор к нему

Да, лучше сказать ТАКОЕ известие верхушке, а там уже что-то и выйдет. Ксавьер замечал поведение девочки, но никак на него не реагировал. Ну... успокоиться в конце концов же ведь?","biok_ymer","1520085679936372939"
"27.06.2026 10:29:07","ktoia","#6622","— Сора Райдэн —

Некоторая странность все же от разговора с мечом пронеслась даже в Соре, все таки это как то странно... Хотяяя, с другой стороны, она уже в этом мире поговорила с плешивым котом удачей, богиней войны и фембоем-богом... Меч, который говорит, уже не казался действительно таким уж странным.

— Правильно значит. Слушай, а ты стал говорить слегка больше. А вообще... мхм... Твой прошлый владелец действительно был безумцем или это вранье?","biok_ymer","1520233235190382693"
"27.06.2026 15:48:28","biok_ymer","#9440","—Шут/Юки—
|-----------------------------------------------------------------------------|
Клоун чуть побив пальцем по подбородку заявил:
|-----------------------------------------------------------------------------|

—Тебе нужно подобные вопросы уточнить у нашего защитника барда или у милой готической девочки, что обычно и занимаются всем тут. А к чему был вопрос про земли? Неужто решил устроить минутку ""познавалки""? В любом случае земли носящие название дикие, не могут быть спокойны хех.

|-----------------------------------------------------------------------------|","samin__","1520328371601408060"
"27.06.2026 15:56:13","biok_ymer","#9440","—Бугай—
|-----------------------------------------------------------------------------|
От слов парня тот вообще выпал. Это чё за клоунаду он устроил средь бело дня? Но все же спустя секунд 20-ть тот выдохнул, начиная говорить:
|-----------------------------------------------------------------------------|

—С небожителями у нас давние тёрки, с тех пор как многие из них возжелали бессмертия, отчего под их финансированием и поддержкой мы и могли спокойно добывать людей взамен на элексир из дерева, прожлевабщего жизнь. А вот с грешниками все куда сложнее. Ведь если мы бы не прошли с ними на контакт, они бы давно вмешались живя буквально на нашей границе, отчего приходится их подкуппть на взаимное игнорирование, их земли и люди вне нашего влияния, отчего мы попросту пытаемся не трогать их лишний раз. Ну а мертвечина под предводительством Княжны хочет сама выпустить божество до того как мы подготовим почву к его возвращению. По ТВОИМ же задумка мы должны подготовить инструменты чтобы контролировать бога и сделать его нашим инструментом, а план мертвецов попросту выпустить бога и посмотреть видимо что будет с миром, без понятия. Я ответил на твой вопрос, капитан деградация?

|-----------------------------------------------------------------------------|","samin__","1520325653117927494"
"27.06.2026 15:57:48","biok_ymer","#9440","—Меч—
|-----------------------------------------------------------------------------|
Все такой же отрешённо спокойный голос повторил:
|-----------------------------------------------------------------------------|

—Отчасти безумен, отчасти милостив, отчасти прекрасен. Он был весьма амбициозной личностью.

|-----------------------------------------------------------------------------|","ktoia","1520330121821683833"
"27.06.2026 16:16:00","samin__","#2997","— Ксавьер Азрахан —

Ответ ничуть не прояснил положение дел, от чего мужчина не долго думая поклонился, а после спешно пошёл обратно к барду. Времени было не столь много, от чего лучше было обратиться к доверенным лицам, чтобы те организовали эвакуацию, не создавая лишнего шума, который будет в любом случае, от чего парень лишь кинул в след:

— В таком случае можете упаковать мне с собой что-то калорийное и что медленно портится. Если такого у вас нет, просто подберите что-то максимально подходящее из того что имеется, желательно как можно больше порций

Решив между делом заставить под спокойным предлогом собирать провизию в дорогу, парень вышел из здания, направляясь к ""новой поляне"", попутно ища глазами ""милую готическую девочку"" (если в него конечно не вцепится Юки)","biok_ymer","1520410489811632168"
"27.06.2026 16:28:24","samin__","#2997","— Лойд Фронтера —

> А... ага... понял... уяснил... пф-ф-ф-ф-ф-ф-ф... мне нужно подумать, так что пока я совершаю неведомое для тебя действие, найди что-то тяжёлое и сбрось себе на голову, это тебе за понебратское отношение, мымра

Принудительно заблокировав связь, парень откинулся на кресле пилота, понимая что это ПИЗДЕЦ! Вопросов к Омеге было немало, а к Лауре ещё больше. Ну вот не верил он что она не знала про такую договорённость. Она значит создала народец, что спонсирует то, против чего должен бороться? Выходит что так! А если учесть как Омега вела себя на переговорах... вот жешь суки!

И что значит... бля-я-я-я ""контролировать божество"" ну вы придумали конечно. О чём ты думал когда всё это делал... предшественичек хуев... на Сору он в планы вписывать не мог, ведь та исчезла, а что у него ещё было в рукове - фиг знает. И стоит ли об этом думать, если нужно продержать всё как есть всего неделю? Хех... нет! Разовало уже то, что парень сделал ставку на грешников и те хоть и были в чернухе, но всё-же не так как чёртовы небожители с нежитью

Размутившись в личном звонке, парень сразу начал говорить:

> Так уродина, 2 последних вопроса перед переворотом твоего гнилого мира и познания человечности. Наше отношение с Ёкаями и зверолюдьми? И... кто вы вообще такие? Откуда у меня в подчинении ебучая нежить?

Ладно, раскрываем карты, связь всё равно нерушимая спасибо системке, так что церемониться незачем. Пусть думает что память отшибло, но ответы нужны как воздух","biok_ymer","1520412437541683422"
"27.06.2026 23:06:01","ktoia","#6622","— Сора Райдэн — 

Понимающе кивнув сказала:

— Мгм. Понятно.

> Ничего не понятно.

— Чтож, у каждого свое мнение... А как ты считаешь ему стоит вернутся или нет?

Спрашивать мнение у меча... О да!","biok_ymer","1520412836851875904"
"28.06.2026 03:21:44","biok_ymer","#9440","—Меч—
|-----------------------------------------------------------------------------|
Голос чуть помедлив в ответе, а после сказал:
|-----------------------------------------------------------------------------|

—Я скучаю по нему... Однако не считаю что ты менее достойная быть со мной.

|-----------------------------------------------------------------------------|","ktoia","1520520602262442084"
"28.06.2026 03:25:54","biok_ymer","#9440","—Бугай—
|-----------------------------------------------------------------------------|
Тот уже стал понемногу терять терпение, однако все же ответил на вопрос:
|-----------------------------------------------------------------------------|

—Мы не упокоенные души... Разве ты и так это незнал или решил поглумиться? У отличии от оживших душах княжны, мы те кто не приняли смерть, оставаясь в этом мире по своей или неизведанной нам воле. А откуда, вопрос к тебе как же ты так грамотно нас всех забрал именно в тот момент, когда мы не знали куда деться... Кхм а отношения к звералюдям у нас нейтралитет, однако из-за гильдии часто данные отношения непостоянны, но к ним у вас вражды не было, как и желания всех их пребить, все из-за спажуидениц гильдии. Ну а ёкаи... А чё, они разве не миф? Чё к ним испытывать?

|-----------------------------------------------------------------------------|","samin__","1520420537392824432"
"28.06.2026 03:27:48","biok_ymer","#9440","—Юки/Бард—
|-----------------------------------------------------------------------------|
Ура хвостик ввиде юги и бригады ввиде двух зверьков был добавлен в инвентарь рыцаря! И не особо отставал от того, видно предпологаю, что она теперь привязана к нему. Так бы они и дошли до барда что уже перестал бить хомяка недовольно смотря как тот пытается встать весь в синяках.

Ура возможность прописи воссоединения бригады!
|-----------------------------------------------------------------------------|","samin__","1520417419842289676"
"28.06.2026 11:40:41","ktoia","#6622","— Сора Райдэн — 

— Это... странно. И приятно одновременно. Я думала, ты скажешь, что он был лучше, или что я просто... ну, замена.

Стоит по немногу заканчивать, по этому Cора задала последний вопрос:

— А как ты определяешь ""достойных""?","biok_ymer","1520584957343305748"
"28.06.2026 12:38:38","biok_ymer","#9440","—Меч—
|-----------------------------------------------------------------------------|
Меч не долго думая, выпалил:
|-----------------------------------------------------------------------------|

—Я и не думал, ведь в тебе была нужная кровь и желание. Достоинство не то о чем стоит думать.

|-----------------------------------------------------------------------------|","ktoia","1520710522310365194"
"28.06.2026 12:52:12","samin__","#2997","— Лойд Фронтера —

Сразу заблокировав связь, парень начал думать что ему делать теперь:

> Так... информации ОЧЕНЬ много. Это неуспокоенные души что я прибрал к рукам. Ну... как я... предшественник чтоб его. Чтож делать теперь... про Ёкаев им естественно не говорили, а то что божество = Ёкай им и вовсе пофиг. Ммм... Ёкаи - по боку, Небожители - уебать, зверолюди - по боку, демоны - нужно понять и если что дать пизды, люди - защитить, нежить - прибить

Вроде как собравшись с мыслями, парень размутился, а после начал пытаться связаться со всеми с кем мог. Такого он ещё не делал, так что не знал получится ли, однако начал вещать ВСЕМ ДУШАМ!

> Кхм... кхм... меня слышно? Хм... надеюсь слышно. ИТАК ЧЁРТОВЫ КУЛЬТИСТЫ! С ВАМИ Я, ВАШ НЕПОВТОРИМЫЙ ""СЕРЫЙ КОРДИНАЛ"" И У МЕНЯ ЕСТЬ ДЛЯ ВАС ОБЪЯВЛЕНИЕ. Крыша сменилась мои хорошие, так что теперь всё будет по моему. Во первых все ""договорённости"" АНУЛИРОВАНЫ! Да, вы не ошиблись, весь мир идёт лесом... БУКВАЛЬНО! Политика сменилась, так что слушайте новым порядкам!

>  Всё что вы услышите далее - приказ, коего вы не можете ослушаться, так что держите это ввиду. ПЕРВОЕ: Вы более не можете убивать, пытать, и вообще делать что либо, что приблизит прешествие божества. Другими словами: кровь не собирать, людей не убивать, души не поглощать!

> ВТОРОЕ: Небожителям ничего не давать! Если придут - скажите что отсрочка или ещё что, но НЕ УКРЕПЛЯТЬ ИХ ПОЗИЦИИ

> ТРЕТЬЕ: С этого момента вам запрещено говорить с кем либо из вне. ВООБЩЕ! На контакт не идём, закрываемся в себе и помалкиваем. Говорить можно только между собой и со сной, ВСЁ

> ЧЕТВЁРТОЕ: Распространение зелени ПРЕКРАТИТЬ! И наоборот уступить границу на 10%. Мерийте хоть шагами, но сделайте!","biok_ymer","1520586004766003230"
"28.06.2026 12:52:14","samin__","#2997","> Пятое: Если есть заложники - довести их до границы и отпустить
﻿
> Шестое: Вам разрешается нарушить первый пункт, но только в том случае, если кто-то хочет пробудить божество. В таком случае как гости из Нокта, вы можете делать с ними что угодно. Убивать, кромсать, пытать. Всё на вашу потеху!
﻿
> Седьмое: Демонов НЕ ТРОГАТЬ! На контакт НЕ ИДТИ! Спокойно наблюдать и в случае если заявятся святоши - отпинать церковников, но не убивать
﻿
> На этом брифинг закончен! Приступить к исполнению
﻿
Договорив, парень вновь откинулся на стуле, вытирая пот со лба, не мутя связь, понимая какая реакция сейчас будет","",""
"28.06.2026 13:04:51","biok_ymer","#9440","—Культисты/Ассасин—
|-----------------------------------------------------------------------------|
Народ помолчал пару минут а после возглас из многих ртов стал тарабанить башку парня в своем недовольстве. Это было похоже на толпу крестьян, что ополчились на короля с вилами. И как только тот устал от шума в голове и замутил всех, тот увидел краем глаза тень за спиной, что оказалось парнем, говорящий с ним уже не скрываясь:
|-----------------------------------------------------------------------------|

—Какого хуя!? Ты чё удумал безумец?

|-----------------------------------------------------------------------------|","samin__","1520728525123096636"
"28.06.2026 13:05:19","biok_ymer","#9440","","",""
"28.06.2026 14:57:43","samin__","#2997","— Лойд Фронтера —

Бубнёж, голдёж и обвинения. Мда... ожидаемо, но парень хотел услышать хоть что-то полезное, однако вместо этого слышал лишь бредни и крики. Стояло тому замутиться, оставив говно мариноваться, парень тут-же сверил курс и облегчённо выдохнул, не зная что и к чему может привести. Думая над следующим шагом, парень отвёл взгляд в сторону и увидел ЧЕЛОВЕКА!!!

— ААААААААААААААА

Завизжал тот прямо в связь как девушка, сам офигивая от натуральности крика, попутно падая с кресла. Крики вновь вклинились в голову, от чего быстро замутившись, парень посмотрел на нечто, что выёбывалось на него, говоря на повышенных тонах, попутно мутя остальных дебилов:

— ТЫ КТО ТАКОЙ?!?!?!?! УЙДИ!","biok_ymer","1520731701196754954"
"28.06.2026 15:05:45","samin__","#2997","","",""
"28.06.2026 17:11:06","samin__","#2997","— Ксавьер Азрахан и Бригада —

Подойдя к уже избитому **бобру** парень встал неподалёку от выплеснувшей пар девушки, не обращая внимания на зверька, что получил по заслугам. Лишь спокойно говоря:

— Кхм... я связался с молодым господином и... боюсь вам не понравится его идея. Он предложил совершить переезд в некие ""дикие земли""

Пока что тот замолк, ожидая реакции девушки, а зверьки увидев своего израненного друга спрыгнули с плечь девочки, подошли к нему, начиная расспросы:

— Подон-под-подон [И что ты на этот раз натворил, дубина?]

— Колокольчик... [Что с тобой случилось?]

— Бибон! [Я... а... эм... с пня упал!]","biok_ymer","1520586482492899388"
"28.06.2026 22:29:21","ktoia","#6622","— Сора Райдэн — 

— Странно это - что тебя выбрали не за то, что ты сделал, а за то, что ты есть...

Она вздохнула и подняв голову, оглядела тропу в саду.

— Ладно, пора узнать кто моя мама... тс.. Надеюсь встречу того кто даст ответы.

Убрав меч обратно в ножны девушка пошла вперед, в поисках хоть какой-то живности.","biok_ymer","1520725102017380384"
"29.06.2026 01:01:13","biok_ymer","#9440","—Юки/Бард—
|-----------------------------------------------------------------------------|
Услышав предложение та охнула, а после подумала и спокойно ответила:
|-----------------------------------------------------------------------------|

—Предполагаю, что данное предложение было дано не из отчаяния, отчего говорить что это бред не стоит. Хорошо, куда идти ты знаешь? Людей собрать я смогу.

/Девочка же присела на корточки, ногами вместе, смотря на бедного хомячка, что выглядил так себе и хотела бы и сама уточнить как он, однако непонимая Речи, решила молча посмотреть на них./

|-----------------------------------------------------------------------------|","samin__","1520793671799275560"
"29.06.2026 02:06:53","biok_ymer","#9440","—Ассасин—
|-----------------------------------------------------------------------------|
Тот ещё сильнее разодорившись чуть прикрыл уши от двойного Америка и в голове и снаружи от Лойда, после чего сказал:
|-----------------------------------------------------------------------------|

—Я твой телохранитель идиот и я в шоке с тебя, ты чё удумал?

|-----------------------------------------------------------------------------|","samin__","1520760107401740388"
"29.06.2026 12:59:24","samin__","#2997","— Лойд Фронтера —

> Ну вот и всё. По мою жопу пришли небожители! Быстро, но ожидаемо. Пизда...

Лойд уже либо простился с свободой, думая что его сейчас возьмут в рабство, однако... ответ убил. Тело... что? Схуяль? Откуда?! Парень вылупился на незнакомца как олень на фонарь, однако спустя почти минуту молчания и осознания тот сделал выводы, неуверенно привставая с пола:

— То есть ты из уродцев? Ты... ты... СХЕРА ПУГАЕШЬ ТАК?! МОГ ТЕЛЕПОРТИРОВАТЬСЯ И ПОСТУЧАТЬСЯ?! Я ЧУТЬ КОНЬКИ НЕ ОТКИНУЛ! Тьфу... теперь я понял почему ты телохранитель идиот. Фуф... короче по всем вопросам к производителю, а теперь отвянь, ты и так слышал что я сказал, так что вопросов быть не может... ... ... ЧЁРТ!

Вспомнив про управление, парень юркнул за штурвал, однако всё было в норме на его удивление, от чего тот облегчённо выдохнул, поворачиваясь к горняку в капюшоне, ожидая пока тот телепортируется в свою выгрябную яму","biok_ymer","1520928508501561516"
"29.06.2026 13:53:21","samin__","#2997","— Ксавьер Азрахан и Бригада —

Вот тут парень выпал в осадок. В смысле она не начала закидывать его вопросами, на которые тот не знал ответа. Лойд, что ты такое сделал, что заслужил столько доверия... или это просто безысходность? Однако пока это было тому на руку, от вопросов парень решил воздержатся, от чего закатил глаза, думая о том где могут быть дикие земли. Прикинув положение Альмы, а после картину откуда шли корни в её сторону, тот кивнул отвечая:

— Путь будет не кратчайшим из возможных, но направление указать смогу. Так-же Лойд упомянул что они с Лаурой подчинили опасности что водятся в тех землях. Не уверен на сколько его слова схожи с правдой, однако раз **она** что-то сделала, это может походить на правду

Звериные баталии в это же время стали нарастать:

Хомяк вообще не поверил в россказни своего ""собрата"", от чего осмотревшись задался вопросом:

— Подон-под-подон [Ага... а что с лесом случилось? Тебя на работу забирали... твоих зубов дело?]

— Бибон [А? Это... ДА!] /Гордо ответил бобэр/

— Подон! [ДУБИНА!] /Ляцнул бобра по голове/ [Ты же деревню раскрыл!]

— Бон-бон-бибон [Ай... И ЧТО?! Мне сказали вырубить, я вырубил, все претензии к заказчику]","biok_ymer","1520911982293680188"
"29.06.2026 15:56:47","biok_ymer","#9440","—Ассасин—
|-----------------------------------------------------------------------------|
Смотря на того как на мусор, тот скрестил руки вместе, говоря:
|-----------------------------------------------------------------------------|

—Я все время шел за тобой и телепортироваться не умею. Или ты хочешь сказать, что даже незнал про меня? Я ведь не так давно даже атаку на тебя отразил от того демана, не помнишь?

|-----------------------------------------------------------------------------|","samin__","1521092718636302346"
"29.06.2026 18:51:00","samin__","#2997","— Лойд Фронтера —

Взгляда парень не видел из-за маски, но вот слова к сожалению услышал. Услышав об атаке и о том что этот уродец шëл за ним, парень хмыкнул, говоря про себя:

> Система, это какого чëрта спрашивается ты не сказала что навык ""железная кожа"" это КУЛЬТИСТ?! Яж там выë... ой... меняж порешить могли...

Осознав это, отношение к говну улучшилось, от чего то уже более спокойно сказал:

— А ты... весьма полезен. Я даже твоего присутствия не замечал. А атака... молодчик! Отрабатываешь зарплату... а я вам вообще плачу? Тс.. не важно, уже нет

Договорив, парень развернулся к приборам, говоря тому:

— Я это, не против что ты увязался, только не мешай там... кстати... стоп. А с какого момента ты меня преследуешь то?

Он застал Лауру? Не... она бы его изпепелила","biok_ymer","1521137358727020555"
"29.06.2026 19:45:36","biok_ymer","#9440","—Ассасин—
|-----------------------------------------------------------------------------|
Парень не стал прирекаться, отвечая уже более спокойно:
|-----------------------------------------------------------------------------|

—С момента как в Дикие земли пошел тот странный мужик, тогда мне сказали вас перекрыть на всякий.

|-----------------------------------------------------------------------------|","samin__","1521181200520315102"
"29.06.2026 19:49:41","biok_ymer","#9440","—Юки/Бард—
|-----------------------------------------------------------------------------|
Услышав имя Небесной ранее спокойное лицо дрогнуло, показывая сметение, однако та все же чуть помолчав сказала:
|-----------------------------------------------------------------------------|

—Незнаю как, но раз небесная в этом замещена, то там и вправду должно стать побезопаснее. Кхм, значит от меня требуется собрать людей? Поняла. Я смогу их собрать примерно за минут 10-ть, если ты знаешь путь то мы весьма скоро сможем покинуть это место.

/Юки же смотря на какой-то обьюз в сторону бедного хомячка все же подойдя поближе взяла того на руки, поглаживая и говоря:/
-Ты сильно поранился? Может я могу чем-то помочь тебе?

|-----------------------------------------------------------------------------|","samin__","1521106294319218769"
"29.06.2026 22:41:11","samin__","#2997","— Лойд Фронтера —

На спокойствие парень ответил спокойствием, развернувшись на стуле к ""железной коже"" говоря тому:

— Ты про Джереми? Ай... про того с железными руками? Не... этот меня не тронет. /осознание/ хотя если узнает что я с вами... пф... мда... удивлён что тебя никто не заметил. Ладно уж я, но Канеки... хм... ты типа камуфляжник, понял

Потянувшись на стуле, парень наклонил голову на бок:

— Ну тогда сопровождай меня и впредь, только смотри не попадись никому, иначе и подохнуть можешь

> Хоть и культист, но спас мне жизнь, так что полезен, это уж точно","biok_ymer","1521194940460175370"
"29.06.2026 22:55:52","samin__","#2997","— Ксавьер Азрахан и Бригада —

> Не удивлён что в чём-то странном и нетипичном замешен мой господин, а если учитывать что в деле ещё и эта бестия, в тех землях и правда могло что-то измениться

Не поняв смятения барда, парень лишь ответил на её слова, не меняясь в лице:

— В таком случае не задерживаю, лучше дать лишние секунды народу на сборы, а не на обсуждение всего этого...

Договорив, парень повернулся в сторону диких землей, думая как бы проверить свою теорию

В это время страсти развивались с огромной скоростью. Ещё бы немного и завязалась бы ~~избиение ~~ драка. Однако девочка вмешалась в это всё, на что хомяк недовольно покосился на ту, надув щёки. Бобёр же ничего не понимая поглядел на великаншу, почесав репу:

— Бибон! Бо-бо-бибон?! [Да! Можешь приказать кукле прихлопнуть ту с лирой?!]

Гусеничка же смотря на всё это хлопала глазами, не особо и понимая что произошло и почему её ухажёр заслужил такое отношение, от чего так-же обозлилась на Барда, сверля ту взглядом, однако услышав слова бобра прифигела, говоря тому:

— Колокольчик! [Эй... почему бы не решить всё... мирно?]","biok_ymer","1521195969264222328"
"30.06.2026 22:13:55","biok_ymer","#9440","—Юки/Бард—
|-----------------------------------------------------------------------------|
Кивнув бард направился внутрь деревни, заниматься сбором людей. Девочка же на удивление поняв речь Бибона( https://discord.com/channels/1495473722679754914/1495473983636897803/1521593613014925484) посмотрела в след барда, а после спросила у того:
|-----------------------------------------------------------------------------|

—Зачем сразу убивать? Может мы можем ей сказать, чтобы извинилась перед тобой?

|-----------------------------------------------------------------------------|","samin__","1521242822286770237"
"30.06.2026 22:16:36","biok_ymer","#9440","—Ассасин—
|-----------------------------------------------------------------------------|
Кивнул тот хотел было опять скрыться, однако вовремя поняв отчего вышел, тот вновь показал недовольно палец на парня, говоря:
|-----------------------------------------------------------------------------|

—Эй эй эй, погоди. Так и не объяснил, какого черта ты творишь!? Это что сейчас был за высер в связь?

|-----------------------------------------------------------------------------|","samin__","1521239129818402918"
"01.07.2026 00:29:30","samin__","#2997","— Лойд Фронтера —

Непонимающе покосившись на того, Лойд хмыкнул не особо понимая почему тот с этого не начал... а... так он поэтому и появился, точно:

— Не высер, а приказ, ты чем вообще слушал? Всё, лавочка прикрыта, теперь вы безобидные и милые как кролики. А... ну по действиям... снаружи так и остались, так что не показывайтесь лишний раз

Договорив, парень скрестил ноги, принимая важный вид, как будто минуту назад не визжал как девка","biok_ymer","1521595328791580742"
"01.07.2026 00:49:52","samin__","#2997","— Ксавьер Азрахан и Бригада —

Пораскинув мозгами, мужчина с серьёзным видом посмотрел на дерево, думая о своём, а после как не в чём не бывало взбежал по стволу, подпрыгивая около макушки, пытаясь посмотреть что происходит вокруг, смотря в предположительную сторону диких земель

Бибон же услышав ответ на свою просьбу вылупился на девочку, кажется полностью забывая о том что его только что избили. Показав на ту лапой он растерянно спросил:

— Бибон? [А... как ты меня поняла?]

Снизу послышался ответ:

— Подон-Колокольчик [Да, с ней такое бывает! Сами не знаем как она это делает. Может потому-что сама на половину животное?]

Бибон смотря вниз покосился на девочку, отвечая ей:

— Бибон... [Ну... даже не знаю...]

— Колокольчик! [БИБОН!]

— Бибон [Да! Так и сделаем! Согласен!]

Так и закончилась месть бобра-каблука","biok_ymer","1521594654808608873"
"01.07.2026 01:07:26","biok_ymer","#9440","—Юки—
|-----------------------------------------------------------------------------|
Не особо понимая что те конкретно имели ввиду, та из обрывков слов высказала:
|-----------------------------------------------------------------------------|

—Я не совсем зверь и понимаю вас через раз... Но я стараюсь выучить ваш язык, но могу ошибаться. Значит просто заставим извиниться и тебе полегчает, так?

|-----------------------------------------------------------------------------|","samin__","1521633902446514338"
"01.07.2026 01:10:35","biok_ymer","#9440","—Ассасин—
|-----------------------------------------------------------------------------|
Парнишка недовольно хмыкнул, после чего продолжил доеб:
|-----------------------------------------------------------------------------|

—Слушай я понимаю ты главный там и строишь планы на несколько шагов вперёд, однако вот так брать и просто выкидывать все что мы сделали, ибо какие-то карты не сложились, это бред! Слушай такими темпами восстание уж точно произойдет и падает уже голова не мирного люда, а твоя ""лидер"".

|-----------------------------------------------------------------------------|","samin__","1521628774498832565"
"01.07.2026 02:04:28","samin__","#2997","— Лойд Фронтера —

Услышав прямую угрогу, брови парня сами собой приподнялись, однако столь же быстро и опустились, вспомнив что что-то такое он и ожидал с самого начала, ведь думал что все культисты будут в шоке, тот спросил у системы:

> Так... а моя идея о ""нерушимой связи"", что не позволяет ослушаться приказа и навредить мне точно работает?

Ожидая ответа, тот решил забить паузу:

— Вот как мы заговорили значит. Вот именно, я продумываю шаги на перëд опираясь на ситуацию в мире и уж точно не тебе меня учить. Напомнить сколько всего мы провернули? Хех... да и не ""перечëркиваем"", а ""адаптируемя"" чуствуй разницу

Выëбываться хотелось, но без отмашки от системы было что-то... выковато как-то","biok_ymer","1521639112640299320"
"01.07.2026 04:37:52","biok_ymer","#9440","—Система—

-её слышит лишь <@&1496353875748323470> -
|-----------------------------------------------------------------------------|
Та спокойно появилась отвечая сразу на ряд вопросов так, словно ничего не обычного в вопросах не было:
|-----------------------------------------------------------------------------|

—Парень был замечен с момента ухода Джереми рядом с вами, однако так как он не предоставлял опасности и его никто не замечал кроме нас, мы умолчали по этому поводу. Насчёт нерушимой связи все указанно верно, однако и в его словах есть семя правды ведь они могут косвенно пойти против вас, а не напрямую.

|-----------------------------------------------------------------------------|","samin__","1521652675299774474"
"01.07.2026 07:31:53","biok_ymer","#9440","1 долг","",""
"01.07.2026 11:12:20","samin__","#2997","— Бригада —

Тут уже выпали все звери, начиная догадываться как она это делает:

— Подон-под-подон! [Нет, ну это же точно не совпадение! Она единственная кроме Лойда кто нас понимает, пусть и от части]

— Бибон [Ну да... меня это конечно напрягает, но... а у нас вообще есть язык? Я думал мы просто кричим и как-то понимаем друг друга]

— Подон [Ну конечно! Мы ведь... а... точно, ты же приëм...]

Тут прилетел подзатыльник уже хомяку от гусеници что ляцнула того хвостом сказала:

— Колокольчик-колокольчик [А ну тихо! Вы отвлеклись от темы. Будем считать что понимание у неё появилось из-за того что теперь она тоже часть семьи]

Бибон не особо и понимая ситуации чуть надулся на то что его назвали ""приёмышем"", однако не став заострять на этом внимание, бобер перевёл взгляд на девочку и проговорил:

— Бибон-Бон-би-би [Да и не сказать что мне тяжело. Получил по лицу за то что я выполнял свою работку, от обиженного музыканта, который не смог смериться со своим поражением и пришла отомстить]","biok_ymer","1521638321422471250"
"01.07.2026 11:30:52","samin__","#2997","— Лойд Фронтера —

Услышав положительный ответ, парень улыбнулся чуть шире, сжав пальцы в замок, дополняя своё высказывание:

— Да и вообще... хватит меня донимать. Не вам мне говорить про то что правильно, а что нет. Если я сказал что мы прекращаем что-то делать, значит так и будет. Уяснил? Твоя работа - защищать это тело, а не задавать вопросы, понял? Мы сейчас вообще идём собирать налоги, так что не порть мне веселье, фэрштэйн?

> Значит говнюки могут искать лазейки в правилах? Хм... вроде их не так много, но ок, учту. Чуть позже ""Ужесточим"" трактовки и уберём двусмысленность, что уж точно исключит сюрпризы от говнюков","biok_ymer","1521691277416988793"
"01.07.2026 21:06:42","biok_ymer","#9440","—Юки—
|-----------------------------------------------------------------------------|
На сей раз слов было уж слишком много, отчего она не смогла понять и половину обсуждения бригады( https://discord.com/channels/1495473722679754914/1495473983636897803/1521939384343990426). Чуть опустившиеся ушки и взгляд, показал, что ей это не особо понравилось, отчего она проговорила:
|-----------------------------------------------------------------------------|

—Было бы хорошо понимать вас полностью, а не частично... Быть может Лойд сможет в будущем с этим что-то  придумать. 

/Девочка привычным движением потянувшись за кольцом не обнаружила его отчего удручающе выдохнула, понимая что связи у неё с Папой отобрал рыцарь Робин зон Крузо, что устроил скачки по деревьям./

|-----------------------------------------------------------------------------|","samin__","1521790548434751589"
"02.07.2026 15:50:23","samin__","#2997","— Бригада —

Увидев удручённое настроение девочки, зверьки переглянулись. Бибон лишь пожал плечами, не зная что на это и ответить, колокольчик наклонив головку на бок подпрыгнула (да она умеет прыгать) сначала на руку, а потом и на голову девочки, начиная ползать по той, эмитируя поглаживания, которые подсмотрела ещё у Мивы.

Подон же чуть подумав медленно проговорил:

— По-до-н! [Лойд точно что-то придумает! Правда?]

— Колоколичик! [Верно!]

— Бибон... [А? Ну да... наверное]. — Би... [Ну и почему меня сюда перенесло...]

— Колоколичик? [А ты не рад что мы тут все вместе?]

— Бон-бон-бо! БиБОН! [Нет! Рад! Да! Но понимаешь, было бы лучше, если бы мы были в лесу... ну там... вдвоём]

Гусеничка никак не отреагировала, лишь повернув головку в бок, не понимая к чему это сейчас было

— Подон... [Так работничек... выходит это ты всё настругал?] /Показал на КУЧУ строй материала и разных пазов/

— Бон! [Ну да!]

— Подон [И как это всё уносить теперь будешь? Мы то переезжаем, так ещё и далеко]

— Би? [Ась?]","biok_ymer","1521940127520133376"
"03.07.2026 15:57:33","biok_ymer","#9440","—Юки—
|-----------------------------------------------------------------------------|
Я в вахуе с этих кубиков...( https://discord.com/channels/1495473722679754914/1495473983636897803/1522585144962322534). И вновь поняв о чем те говорят, та приняла понладивартя гусенички, чуть улыбнувшись, а после дождавшись когда будет возможность вставить слово сказала:
|-----------------------------------------------------------------------------|

—Может я и со временем научусь языку, мне это даётся на самом деле не так уж и плохо. Переместили, неужто вас всех как и Лойда сюда занесло против вашей воли? Или вы вообще из другого места? Если так подумать, я и не думала как такая странная компания ввиде аристократа, рыцаря и зверинца связались вместе...

/Чуть задумавшись о своем она услышала о материалах и смотря на них, сказала:/
-Может можно как-то их перенести... А как ты вообще такой маленький столько сделал?

|-----------------------------------------------------------------------------|","samin__","1522222910691999857"
"03.07.2026 16:00:21","biok_ymer","#9440","|-----------------------------------------------------------------------------|
И вот спустя немногочисленный путь ввиде ПАРУ ЧАСОВ ПОЛЕТА НА КОРОБЛЕ КОИМ ЛОЙД НЕЗНАЛ КАК УПРАВЛЯТЬ, он смог подлететь к летающим островам и где это безд... О... А чё там за дырка под островами? Что же, похоже он прибыл и ему оставалось лишь посадить корабль, вот только куда...?
|-----------------------------------------------------------------------------|","samin__","1521795214543683644"
"03.07.2026 16:08:31","biok_ymer","#9440","|-----------------------------------------------------------------------------|
И вот горе приключенец в итоге так и гулял бы в одиночестве, если бы она в итоге не почувствовала на себя странный взгляд, обернувшись на который увидела странную эльфийку, что смотря на девушку с непониманием курила трубку.
|-----------------------------------------------------------------------------|","ktoia","1520873760834453748"
"03.07.2026 16:17:47","samin__","#2997","— Лойд Фронтера —

Ещё на подлёте увидев летающий остров с ОГРОМНОЙ дыркой под ним, вопросов что есть что не оставалось. Про существование бездны и летающих островов тот узнал ещё на балу, перед собранием королев, однако едва ли тогда мог представить что это чёртов АД! Ну ладно, ему было не привыкать, с королём ада тот уже разок переговаривал, и тут будет так-же... ведь так?

Только вот был вопрос... а куда? Посмотрев вверх, а после вниз, парень прикинул что будет лучше, встретиться с ""партнёром"" или пойти в сам ад. Не долго думая, тот решил довериться госпоже удаче, от чего достав медяк из сумки со звоном подкинул тот пальцами. Выпала решка... а что было что? Ай ладно, раз упала вниз, значит дорога идёт туда-же. С этой мыслью парень и повёл дирижабль ПРЯМО В АД, понимая что на своих двоих тот туда не спустится","biok_ymer","1522587807011307683"
"03.07.2026 16:49:10","samin__","#2997","— Бригада —

Услышав рассуждения девочки, зверьки начали переговариваться:

— Бибон-бон-биби-БОН-а-бонби [Он? Аристократ? По титулу - да, по поведению... в коровьей лепёхе больше достоинства. Рыцарь был с ним вроде с самого начала, а что до нас, ну... я был ""Королевским штормом"", легендарным зверем, что наводил ужас на леса в округе /Осмотрел маленькую тушку/ но Лойд припёрся и разрушил мою хатку, а после кинул в рот чёртову семечку. Она меня и уменьшила и теперь только при их помощи я и могу вырастать до пары метров... эх... как и они в целом. Кстати /посмотрел вниз, а после вверх/ я вот даже никогда и не спрашивал, а вас то как он заарканил?]

Двоица системных переглянулись, думая что ответить, а Подон схватился за историю приёмыша:

— Подон [Ну... история долгая. Можно сказать что схожая с тобой]

— Колокольчик! [Да! Точно! Он... эм... спас меня, когда... меня хотела съесть плица!]

— Бибон-бон [А... стоп всмысле, это что за птица, что тебя могла съесть в обычной форме?]

— Колокольчик... [А... мы... ну... были изначально маленькими]

— Бибон [Ооо... повезло. Рост не всегда приносит удобства]

Пытаясь уйти от опасной темы, Подон перевёл внимание:

— Подон-дон [И да, нас тоже перенесло, только чуть позже. Оказались в зимнем лесу, а потом... ну... тут. Сначала в одном мире, а теперь в другом. Мы тут... сколько?]

Зверьки немного помолчали, пока колокольчик не дала ответ:

— Колокольчик [Седьмой день. А если по времени этого мира, то девятый]

— Бибон [Ох, а я и не сомневался что ты сможешь посчитать!]

||Будет смешно если я столько писал, а Юки не поймёт||","biok_ymer","1522587101840015532"
"03.07.2026 17:11:10","ktoia","#6622","— Сора Райдэн —

Сора шла по саду, рассеянно глядя по сторонам и уже начала думать, что придётся бродить здесь до вечера, если тот вообще здесь есть, пока наконец не наткнётся на кого-нибудь, с кем можно поговорить. Она почти смирилась с мыслью о долгой прогулке, как вдруг почувствовала чей-то взгляд.

Она резко обернулась, тело напряглось по привычке. Однако... Прямо на неё смотрела очередная эльфийка? Та курила трубку, смотрела на неё легким недоумением, будто встретила призрака. Сора замерла, оценивая незнакомку, все же та выглядила необычно... для ёкая, а затем, чуть расслабившись, спросила:

— Мы знакомы?","biok_ymer","1522589862400626818"
"04.07.2026 13:55:32","biok_ymer","#9440","|-----------------------------------------------------------------------------|
Чуть потупив взгляд в девушку та сделав ещё одну затяжку пошла дальше своей дорогой, говоря:
|-----------------------------------------------------------------------------|

—Не, обозналась. Не пуха не пера.

|-----------------------------------------------------------------------------|","ktoia","1522605629544595700"
"04.07.2026 13:58:26","biok_ymer","#9440","—Юки—
|-----------------------------------------------------------------------------|
Она то из понимала, но ни когда они вели долгие высокопарные речи, отчего та чуть потупив взгляд на них сказала:
|-----------------------------------------------------------------------------|

—Выходит вы весьма долгое время связаны с Лойдом, верно? Была бы рада послушать истории про него, кто мне кажется со мной он немного... Замкнут? Мне кажется без меня ему было бы легче и поспокойнее, отчего в прошлых ваших приключениях наверное он был искренним... Каким он был?

|-----------------------------------------------------------------------------|","samin__","1522600090185764884"
"04.07.2026 15:09:26","samin__","#2997","— Бригада —

— Бон [Я с ним где-то пол года]

— Побон, колокольчик [А мы полтора]

— Би-бо-бон-би [А в приключениях... /Вспомнил зловещее лицо Лойда, скрививши мордочку сам/ ненормальным... даже сейчас пока мы вдвоём были, эту с музыкой к дереву прижал. Хех... её выражение лица было смешным. А до этого с святой димоницей что-то обсуждал. Небесная какая-то там]

Двоица системных хотела было возразить, однако быстро поняли, что Лойд вполне мог выкинуть что-то подобное, а у бобра похоже начала развиваться неприязнь к музыке","biok_ymer","1522919513773969578"
"04.07.2026 16:27:42","biok_ymer","#9440","—Юки—
|-----------------------------------------------------------------------------|
Некоторые моменты были непонятны( https://discord.com/channels/1495473722679754914/1495473983636897803/1522956030823108620), однако увидев продолжения темы та понимая что рыцаря пока можно ждать долго, отчего присев на травку рядом со зверьками(чтобы им не приходилось запрокидывать или опускать голову, та сказала:
|-----------------------------------------------------------------------------|

—Значит он был более уверенный? Хотелось бы и мне со стороны это увидеть, но мне кажется он уж слишком в штыки воспринимает моё существование. Словно (https://discord.com/channels/1495473722679754914/1495473983636897803/1522956799744147530) он чувствует вину за то что со мной стало. Он ведь ни в чем не виноват, отчего он такой неспокойный?

|-----------------------------------------------------------------------------|","samin__","1522937382003933268"
"04.07.2026 16:32:31","biok_ymer","#9440","|-----------------------------------------------------------------------------|
Кое-как приземлив свой дирежабль в большую дырень, тот смог спокойно выйти и заметить множество проходов, сделанных словно большими червями. Что-то странное место для ада или быть может это руины какие, что к нему ведут?
|-----------------------------------------------------------------------------|","samin__","1522592194668527647"
"04.07.2026 20:49:25","ktoia","#6622","— Сора Райдэн —

Сора застыла, услышав короткий ответ и увидев, как эльфийка уже собралась уходить. Не раздумывая, сделала шаг вперед и чуть повысила голос:

— Стоп... Эй, подожди!

Она догнала её в пару шагов и остановившись перед ней, окинула быстрым взглядом.

— Ты кем будешь?","biok_ymer","1522918783155568661"
"05.07.2026 00:57:16","samin__","#2997","— Лойд Фронтера —

Выйдя из дирижабля, парень отошёл на пару шагов от него, осматривая состояние. Вроде... даже не разбил. Своего рода победа, не так ли? Подкинув ключик в воздух, парень оттопырил сумку и тот... разумеется пролетел мимо. Хмыкнув, парень пожал плечами, не особо и парясь, никто ведь его позора не видел... или...

Обернувшись пару раз, тот понял что где-то тут ""Стальная кожа"", от чего проговорил в слух:

— А ну не смей ржать

Наконец засунув ключ в сумку, парень осмотрел проходы немного скривившись, думая какое клеше использовать на этот раз:

— Итак, ни сколь не уважаемая публика, выберите правильный ответ из предложенных, что же это за отверстия?! Вариант А: Это чёртовы ЧЕРВИ! Вариант Б: Это какой-то артефакт или механизм! Вариант В: Это рабский труд демонов! И мой любимый вариант Г: Кхм... пердёж ада... Ну что?! А? Ну естественно! Кто мне ответит то?!

Как бы не хотелось Лойду, однако вариант А нельзя было исключать, от чего тот немного передёрнулся, вспоминая ЖУКОВ в пещерах, а это... по сути огромная мещера... ПИЗДЕ-Е-ЕЦ, нет система, Лойд не излечился от фобии

Хмыкнув, парень решил СНОВА довериться госпоже удаче, от чего расставив руки в стороны, стал крутиться на месте, пока его не повело. Достигнув нужной кондиции, парень остановился, указывая пальцем на рандомную дырку, а после направился в неё, пошатываясь от сильного головокружения","biok_ymer","1522958290613436627"
"06.07.2026 19:01:33","samin__","#2997","||Я вообще не собирался выводить <@&1496354080472305678> , просто думал что проверю и продолжу ветку||

— Бригада —

Спрыгнув с рук и головы, зверьки выстроились чуть поодаль от девочки, чтобы было удобнее разговаривать:

||Ох, вот в этом вопросе сейчас раскроется бригада||

Даже системные зверьки доподлинно не знали что случилось при переписи, однако догадывались до причины состояния Лойда, что только недавно взял себя в руки, а вот Бибон слышав разговор с Лаурой понимал всё, однако был не на столько тупым, чтобы говорить правду, лишь начиная разговор с фразы:

— Бибон [Да ты права, он и правда ведёт себя иначе при тебе]

— Подон [Бибон!]

— Би-бибон [А чего? Скажите что нет? Вы же это и сами видите. Я понимаю почему, но всё равно это факт]

— Колокольчик [Не слушай его... эм... понимаешь, он не принимает твоё существование ""в штыки"". Скорее просто беспокоится за тебя больше чем за кого бы то ни было]

— Подон-под-под-дон [Да-да! А неспокойный он потому что слишком много свалилось ему на голову. Сама понимаешь, другой мир, все дела. Ещё и с многим разобраться нужно, вот он и сам не свой]

— Бибон [Ну вот вообще не попал...]

— Подон [А ну циц!]

Договорив, хомяк улыбнувшись посмотрел на девочку, а бобер отвернулся, распираемый желанием поднасрать, однако даже он понимал что будет говном, если расскажет Юки, то что знает","biok_ymer","1522957079395176629"
"07.07.2026 17:02:02","biok_ymer","#9440","|-----------------------------------------------------------------------------|
И вот выбрав случайный прохож тот зашёл в огромную дырень идя куда-то вдаль. Дааа темно тут... А как он планирует видеть в темноте? Подумав об этом тот наверное стал бы рыскать по корманам, дабы создать подобие факела, однако помощь не заставила его ждать, он услышал странные посвистывание и чуть обернувшись тот увидел неизвестного что шел с слабо освещённым фонарем, освещая лишь контуры своего плаща и кто этот свестун?
|-----------------------------------------------------------------------------|","samin__","1523085314581860463"
"07.07.2026 17:02:03","biok_ymer","#9440","https://www.youtube.com/watch?v=dVbyQkn6GWg","",""
"07.07.2026 17:16:02","biok_ymer","#9440","—Юки—
|-----------------------------------------------------------------------------|
Девушка поняла что её пытались утешить, однако это не дало ответа на её вопроса( https://discord.com/channels/1495473722679754914/1495473983636897803/1524053617961861243). После чего та подумав сказала:
|-----------------------------------------------------------------------------|

—Думаете я ему мешаю тем, что за меня нужно беспокоится...? Ну это логичный исход... Что же, тогда я не зря решила стать сильнее, тогда он может начнет мне доверять и не беспокоится за меня. Я хочу стать ему дополнением, а не отягатителем...

|-----------------------------------------------------------------------------|","samin__","1523720570171031572"
"07.07.2026 18:34:56","biok_ymer","#9440","—Кузнец—
|-----------------------------------------------------------------------------|
Девушка ничуть не промедляя шла дальше пытаясь игнорировать высказывания, однако из-за того что ей огородили путь, та чуть почесал голову сказала показывая пальцем на девушку, говоря:
|-----------------------------------------------------------------------------|

—Ты немного проход загородила, можешь отойти? А я? Никто... Пропусти, а?

|-----------------------------------------------------------------------------|","ktoia","1523022939887505538"
"07.07.2026 20:23:57","ktoia","#6622","— Сора Райдэн —

Сора не сдвинулась с места. Она только чуть прищурилась, разглядывая эльфийку. А после положила руку на бок говоря:

— Никто?

— Так не может быть... Если ты здесь - значит, ты кто-то.

Пауза, а затем Сора что-то осознав сильнее нахмурилась и скрестив руки высказалась:

— ТАК! Хорошо! Дурацкому КОТУ не нравится то что РОДИЛАСЬ, а ТЕБЕ что не нравится?! А? Нет ну не скрывай, давай прямо говори. Кому я еще своим существованием насолила?","biok_ymer","1524076262631411834"
"07.07.2026 22:08:34","samin__","#2997","— Лойд Фронтера —

Голова кружилась не долго, спасибо мане небесной... не, мане системной. Идя всё глубже в чертоги червей, парень не понимал как Ксавьера вообще сюда занесло и как он от сюда выбрался, да и каким образом он ходил по этим тёмным проходам - не ясно. Спотыкнувшись пару тройку раз о неровности прохода, парень уже начал заколёбываться, от чего прислонив руку к левой стенке продолжил движение, чтобы не заблудиться ненароком

И вот когда темнота в край наскучила, из темноты послышался свист, что отражаясь от стенок усиливался. Многие говорили что это одно из самых опасных мест этого мира, однако тот увидел... гуманойдную фигуру. Хорошо это или плохо парень не знал, однако свист наводил своего страха, да и не понятно сколько в темноте ещё таких балахонов бродит

Поняв что выборов не много, Лойд пошёл на встречу незнакомцу, говоря тому:

— Хэй! Приветствую! Удивлён что наткнулся тут на кого-то

> Чёрт... хватит свистеть, а то и я могу начать, а если я начну, ты ляжешь...","biok_ymer","1524052880716337213"
"08.07.2026 12:32:35","biok_ymer","#9440","—Кузнец—
|-----------------------------------------------------------------------------|
Заметив уже некуд паранойю и явное повышение тона от собеседника девушка стала медленно отступать спиной назад, говоря:
|-----------------------------------------------------------------------------|

—Прости, но я и вправду незнаю тебя и не особо хочу тут контактировать с кем-то.

|-----------------------------------------------------------------------------|","ktoia","1524103697624469536"
"08.07.2026 12:35:12","biok_ymer","#9440","|-----------------------------------------------------------------------------|
Неизвестный ещё какое-то время продолжал свистеть, однако дойдя достаточно близко тот остановился чуть покаланяясь и говоря:
|-----------------------------------------------------------------------------|

—Вот оно что, я тоже немного удивлен увидив тут кого-то. Напротив компании?

|-----------------------------------------------------------------------------|","samin__","1524130024981135431"
"08.07.2026 14:43:25","ktoia","#6622","— Сора Райдэн —

Сора заметила, как эльфийка начала отступать и задумалась что-то понимая. После чего она выдохнула, опуская руки и чуть сбавила напор.

— Хорошо... Слушай я...

Девушка было хотела сказать что ""Никчему не собирается принуждать ту"", однако это было определенно не так, ибо Сора не отпустит этого ёкая не узнав кто перед ней стоит. Мм... Эльф с трубкой и... в фартуке.. бинго! Так она получается... 

Вернув взгляд с одежды, на лицо, Сора не отступая продолжила:

— Почему?... Ты я вижу ремесленница? Поговорим? Слушай, я не такой уж и плохой собеседник. Более....

Пауза, и потом:

— Чисто технически я не от сюда, или ты имеешь в виду.... тут? Знаешь можно и не тут.","biok_ymer","1524347462049992765"
"08.07.2026 16:07:57","samin__","#2997","— Лойд Фронтера —

Парень чуть напрягся, когда к нему подошли. Однако услышав слова, раслабился, отпуская ситуацию. Если с ним идут на контакт, значит общий язык можно и насти, от чего он чуть спокойнее ответил:

— Я тут ничего не знаю, так что буду только рад. Не каждый день гуляю по таким местам знаешь ли

Протянув руку, парень улыбнулся, смотря на фонарь:

— Лойд Фронтера - авантюрист

> Ага... авантюрист. А ещë гражданин Фомоса, основатель нового государства, иномирец, главный ублюдок этого мира и по совместительству кретин","biok_ymer","1524348120119378100"
"08.07.2026 16:38:09","samin__","#2997","— Бригада —

Системные чуть поникли, понимая что не могут сказать ничего путного, а бобер же начал наваливать:

—Бибон [А ты разве что-то делаешь?]

— Подон! [Ну да! Она с синеволосым тренировалась, мечëм сражалась]

— Бибон... [Мэ... и на кой нам ещë один дуболом?]

— Колокольчик! [А ну тихо! Это лучше чем просто причетать]

Бобер обиженный, что его не хотят слушать лишь надул щëки уставившись на свою работу, предпочитая помалкивать, чтобы не огрести ещë больше. Колькольчик же решилась наконец высказаться:

— Колокольчик [Знаешь, самый большой страх мы испытываем не за себя, а за своих родных. Так что если ты станешь даже сильнее него, он всë равно будет о тебе беспокоиться и... это нормально. Это похвально, что ты пытаешься что-то делать, но не кори себя. Не забывай, ты всë ещë ребëнок, от чего не взваливай на себя слишком многого

Договорив, гусеничка улыбнулась, а хомяк в шоке от еë слов стал смотреть на неë с открытым ртом, не понимая почему она реньше то молчала","biok_ymer","1524056406179708969"
"08.07.2026 18:04:34","biok_ymer","#9440","—Юки—
|-----------------------------------------------------------------------------|
Удивительно, но длинная речь колокольчика окончательно развила в девочки понимания системных зверей, отчего она стала их ПОЛНОСТЬЮ ПОНИМАТЬ ( https://discord.com/channels/1495473722679754914/1495473983636897803/1524430122294444033). Выслушав ту, та немного улыбнулась, а ушки встали в более радостном виде, говоря:
|-----------------------------------------------------------------------------|

—Тогда я постараюсь меньше встревать в передряги, чтобы обо мне в таком ключе не думали. Спасибо за совет Колокольчик.

/Чуть подумав та глянула на обиженного бобра и на его работу, говоря:/
-Да и ты молодец, дабы помочь деревни наготовил так много материалов, явно отдаваясь делу с головой. Не переживай, я постараюсь не дать тебя в обиду.

|-----------------------------------------------------------------------------|","samin__","1524409258253357066"
"08.07.2026 18:08:35","biok_ymer","#9440","|-----------------------------------------------------------------------------|
Пожимая руку парню, человек в болохоне похоже немного улыбнулся повадкам парня, говоря:
|-----------------------------------------------------------------------------|

—Авантюрист и в таком месте? А я своего рода путник этого пути, считай нам по пути. Зови меня Сэм, такого прозвища я думаю более чем достаточно.

/Отпустив руку, тот направляя фонарь в перед двинул дальше, говоря:/
-И что же за задание привело тебя сюда Лойд?

|-----------------------------------------------------------------------------|","samin__","1524401659311292538"
"08.07.2026 18:11:16","biok_ymer","#9440","—Кузнец—
|-----------------------------------------------------------------------------|
Все также не особо доверяя какому-то ненормальному мечнику, та продолжила отступ говоря:
|-----------------------------------------------------------------------------|

—Мне проблемы не нужны, я пожалуй просто уйду и ты сделаешь вид будто мы не встречались, как тебя такая мысль? Да и сюда простые ""проходимцы"" не заглядывают, уж мне ли не знать.

|-----------------------------------------------------------------------------|","ktoia","1524380386405384273"
"08.07.2026 19:34:51","ktoia","#6622","— Сора Райдэн —  

Сора продолжала не понимать, почему её избегают. Последний, кто вёл себя так же... была та эльфийка. Миролюбие. Мда... Надеясь, что это никак не связано, Сора продолжала наступать, не давая той уйти:

— Я проблемы не раздаю. Не-не-не, мне такие мысли не нравятся. Ты кто вообще, что скрываешься? Да и... пф... Да, простые сюда не заглядывают именно, поэтому остановись и поговори со мной.  

У Соры, понятное дело, не хватило терпения так долго плясать, поэтому она сделала быстрый шаг вперёд и взяла правой рукой её руку:  

— Это конечная. Остановись.","biok_ymer","1524432690768646164"
"08.07.2026 22:26:56","samin__","#2997","— Лойд Фронтера —

Кивнув на представление, парень ну вот вообще не понял что значило это ""путник этого пути"", однако понял что ответом он не дождётся, пока сам не скажет больше. Следуя за парнем, тот подумал над ситуацией, что казалась... страной, но при этом дико смешной

2 человека... или не человека, что встретились в очень необычном месте, в шоке от нахождения тут друг друга, просто познакомились и пошли в одну сторону. От комичности ситуации, парень усмехнулся, слегка хлопнув по спине незнакомца, говоря тому:

— Хах, странный разговор, не правда ли? Знаешь Сэм, я тут не по заданию тут, скорее из собственных соображений. Были некоторые причины, которые заставили меня отправиться в самый ад. Ты упомянул о ""пути"", я так понимаю ты... эм... месный? Незнаю можно ли так сказать","biok_ymer","1524432017247441007"
"08.07.2026 22:42:04","samin__","#2997","— Бригада —

Гусеничка не это имела ввиду, однако возникать не стала. Лучше пусть она избегает спорных историй, чем просто грустит о своей бесполезности

Бобер же недовольно посмотрел на куче досок, услышав слова зверька и недовольно пробубнил:

— Би-бо-бибо [Да не ради деревни я это делал /Посмотрел на гусеницу/ пф... не важно. Но да, было непросто. Ещё и ненормальные напали...]

Поняв что от сказанул лишнего, бобер закрыл пасть лапками, однако было уже поздно, на него обратили внимание все с немым вопросом ""Чиго блять?""","biok_ymer","1524431007741378641"
"09.07.2026 08:47:56","biok_ymer","#9440","—Кузнец—
|-----------------------------------------------------------------------------|
Та остановилась когда её схватили за руку, а после чуть недовольно посмотрела на ту, говоря:
|-----------------------------------------------------------------------------|

—Ну чего ты докопалась? Я пришла сюда посоьирать материалов и не планировала с кем-то говорить... Да я ремесленник имеющий возможность заходить в этот мир, довольна?

|-----------------------------------------------------------------------------|","ktoia","1524453728101466354"
"09.07.2026 08:58:56","biok_ymer","#9440","—Сэм—
|-----------------------------------------------------------------------------|
Мужчина чуть посмеялся с отношения парня, говоря:
|-----------------------------------------------------------------------------|

—Можно и так сказать, я знаю этот путь весьма хорошо и раз у нас общая цель в пути туда, то я не прочь обидиниться. Лишняя помощь авантюриста не будет, хоть мы и буквально идём в чертоги бездны. Я туда иду также для одного дела, поэтому можно считать у нас и общие мотивы.

|-----------------------------------------------------------------------------|","samin__","1524497033128444139"
"09.07.2026 09:03:34","biok_ymer","#9440","—Юки/Итами—
|-----------------------------------------------------------------------------|
И вот это молчаливое осуждение прервалось приходом к ним огромного мужика с Итами, что увидив девочку в окружении зверьков чуть замедлились и Итами спросила:
|-----------------------------------------------------------------------------|

—Ой, простите если помешали. Мы пришли с переговоров другой деревни, вот нашли архитектора для стройки, а вы чего тут уселись?

/Девочка незнала как лучше правильно сказать, отчего промедлила в разговоре. Интересно на это скажет что-то из зверьков или может скололаз спуститься?/

|-----------------------------------------------------------------------------|","samin__","1524500840092663808"
"09.07.2026 10:53:15","samin__","#2997","— Лойд Фронтера —

> Приятный мужик, плохо будет если окажется ублюдком... как я

Усмехнувшись в ответ, парень проговорил:

— Мотивы у нас одни и те-же уж вряд ли, но направляемся в одно место. Я то думал что найду проблем на свою задницу, а не собеседника, хотя исходя из твоих слов ещё не вечер. Можешь сказать, тут опасно или как? И ещё вопросец. Хм... а кто сделал эти туннели? Взамен могу расказать чего о поверхности","biok_ymer","1524656082444746842"
"09.07.2026 10:58:19","biok_ymer","#9440","—Сэм—
|-----------------------------------------------------------------------------|
Выслушав парня, тот смотря на тунель проговорил:
|-----------------------------------------------------------------------------|

—Говорят монстры одитованные бездной создали эти проходы, дабы запутаться неупокоенных деманов в своих чертогах и путникам не дать пройти дальше положеного. Лабиринты созданный самой бездной, дабы ни давать никому прийти и никому выйти. Я не уверен насчёт опасности, но тут многие твари обитают, отчего лучше держать ухо поострее.

-А по поверхности, хммм, слыхал сейчас весь мир всполошился из-за диких земель, быть может слышал, отчего люди такие беспокойные на этот счёт? Как ты понимаешь отсюда они далеки и знать не знаю, что там твориться.

|-----------------------------------------------------------------------------|","samin__","1524684848076161034"
"09.07.2026 10:58:50","samin__","#2997","— Бригада и Ксавьер Азрахан —

Зверьки откровенно прифигели от ГЛЫБЫ, что приблизилась к ним, от чего хором лишь произнесли ""Ва-а-а-а"" от удивления

Рыцарь жё набегавшись по деревьям и разогнав ману заприметил приближающегося врага, от чего оттолкнувшись от макушки одной из ёлок пикировал вниз, разворачиваясь в воздухе, приземляясь между девочкой и двоицей смотря на тех с явной враждебностью. Однако когда тот не почувствовал враждебности в ответ, расслабился, выпрямляясь и говоря:

— 10 минут уже прошло? Хм... а вы быстро. Полагаю пора отправляться?","biok_ymer","1524657248821841962"
"09.07.2026 11:01:16","biok_ymer","#9440","—Итами—
|-----------------------------------------------------------------------------|
Девушка с непониманием наклонила голову в бок, говоря:
|-----------------------------------------------------------------------------|

—10-минут? Ты о чём? Я пришла после переговоров с деревенькой других деманов с Лойдом. Только у него другие дела появились, а я сюда пришла с ремесленником. Я что-то незнаю?

/Девочка же решила промолчать, не вмешиваясь в разговоры взрослых./

|-----------------------------------------------------------------------------|","samin__","1524686255550369842"
"09.07.2026 11:11:19","samin__","#2997","— Лойд Фронтера —

> Значит монстры водятся и создали тоннели чтобы... чего? Неуспокоенные демоны? Странно, но ладно. Значит это лабиринт, чтобы запутать путников. Странное дело, даже очень

Услышав вопрос, парень отвёл взгляд в сторону, продолжая следовать за парнем, чуть сильнее сжав своё верное оружие:

— Да... одна из главных проблем на поверхности. Скажем... я там бывал и местечко скверное. Разрастаются всё больше и больше. Даже пару дней назад на Альму напали. Благо отбились, но... тс... не без жертв. Того гляди и Солитер падёт, но благо всё устаканивается понемногу. Что-то они замолкли после нападения, может раны зализывают, чёрт их знает

Сделав паузу от своей лжи, парень сглотнул слюну, продолжая уже свой вопрос:

— Ты упомянул ""неуспокоенных демонов"", а между ними есть разница с обычными демонами? И... ты так говоришь, как будто бездна - это живой организм, да и вообще как будто мы уже находимся в аду из которого не сбежать. Напрягает такая перспектива честно говоря","biok_ymer","1524686124776423525"
"09.07.2026 11:14:27","samin__","#2997","— Ксавьер Азрахан —

Осмотрев двоицу взглядом ""ну вы серьёзно"", парень закатил глаза, отвечая:

— Из-за одного /зыкнул на бобра/ ... инцидента, было принято решение о переезде в дикие земли. Думаю сборы уже должны были закончиться, от чего мы скоро отправляемся. Путь я уже проверил, от чего поход должен быть не столь сложным

Бобер же терпеть не стал, отвечая:

— Бибон! [Ну да, давайте спихивать все грехи на бедного работягу!]","biok_ymer","1524686865347907757"
"09.07.2026 11:16:06","biok_ymer","#9440","—Сэм—
|-----------------------------------------------------------------------------|
Услышав нудную ему информацию и последующий вопрос тот немного задумался, говоря:
|-----------------------------------------------------------------------------|

—Думаю растения не могут так двигаться без чей-то воли, найти бы этот источник и дело с концом. А по поводу места, считай мы вступили в первый слой бездны. А именно бесконечный лабиринт. Как только мы пройдем первый слой мы откажемся на втором, большим и темным пещерам, откуда уже можно пройти и в третий слой, сущий ад. Моя остановка на втором слою и надеюсь твоя также, ведь на третий если и попасть, то вот чтобы кто-то вышел я и не слыхивал. А сами демоны на то и демоны чтобы быть неупокоенными, иначе бы уже давно переродились или ещё чего.

|-----------------------------------------------------------------------------|","samin__","1524689397612810290"
"09.07.2026 11:18:48","biok_ymer","#9440","—Юки/Итами—
|-----------------------------------------------------------------------------|
И тут Итами выпала услышав данную новость, а ремесленник и вовсе охнул, думая, а сделка ли ещё в силе после таких изменений иль не. Девочка же услышав возглас бобра чуть зажмурила ушки, однако проводила вслух:
|-----------------------------------------------------------------------------|

—Мне кажется не стоит так уж винить кого-то в том, что уже произошло... Значит мы уже уходим?

/Итами недовольно положила руки в позе Ф, говоря:/
-А как же мои материалы, мои исследования? Я должна забрать их!

|-----------------------------------------------------------------------------|","samin__","1524690184686538843"
"09.07.2026 11:29:24","samin__","#2997","— Лойд Фронтера —

Услышав ответ, парень сопоставил информацию и было думал что это аналог кругов ада, однако всё оказалось проще. Значит лабиринт, пещеры и сам ад. Как бы не хотелось парню верить что его остановка будет рядом с Сэмом, тот понимал что ответы он сможет найти только в самом низу. Выдохнув, тот ответил:

— Мэх... а моя выходит на третьем. Ладно, выберусь как нито... наверное. А вот демоны... хм... я думал что неуспокоенными бывает только нежить, хотя грешники тоже своего рода нежить выходит. Мда... дела. Всё таки нужно было сначала разобраться с небожителями, перед тем как сюда лезть","biok_ymer","1524690600639594558"
"09.07.2026 11:33:25","samin__","#2997","— Ксавьер Азрахан и Бригада —

Призадумавшись, парень пожал плечами и спокойно ответил на возглас:

— В таком случае я бы на вашем месте поторапливался

Отвернувшись в сторону Юки, тот ответил:

— Будь я инквизитором, я бы уже заметил это место, от чего думаю да, стоит уходить

Бобер же прифигев от того что кто-то в кой-то веке за него вступился покивал, явно выказывая респект","biok_ymer","1524691281757081710"
"09.07.2026 13:44:29","ktoia","#6622","— Сора Райдэн —

Сора услышала её слова и на мгновение задержала взгляд на лице эльфийки, затем отпустила её руку и сделала полшага назад, давая пространство. Похлопав глазами девушка приподняла одну бровь продолжая:

— Так бы сразу... погоди, а в смысле. Ты не ёкай?

Вновь окинула взглядом ремесленника.

— Уж точно не обычный ремесленник... А... Каким образом ты ""туда сюда"" ходишь?...

Мечница начинает догадываться до чего-то.","biok_ymer","1524653310961782865"
"09.07.2026 16:29:56","biok_ymer","#9440","—Итами/Ремесленник/Юки—
|-----------------------------------------------------------------------------|
Девушка быстрым шагом направилась к деревни и ремесленник нежная куда деться думал пойти следом, однако заприметив материалы тот показал на них пальцем, спрашивая:
|-----------------------------------------------------------------------------|

—Я так понимаю это тоже с собой?
/Увидев положительную реакцию, тот стал закидывать материалы на плечи, собирая большую такую башенку на себе, после чего направился в деревню. Девочка же нежная что и сказать видно поняла что и ей нужно собираться отчего помогая зверькам забраться той на плечи и на голову, она и сама встала, глядя на Ксавьера, спрашивая:/

-Хорошо, а нам куда?

|-----------------------------------------------------------------------------|","samin__","1524694957707890789"
"09.07.2026 16:31:12","biok_ymer","#9440","—Кузнец—
|-----------------------------------------------------------------------------|
Девушка нервно закурив трубку подумала как лучше ответить, ведь незнала кто перед ней стоит, отчего сказала:
|-----------------------------------------------------------------------------|

—Ну есть свои методы... А ты как сюда поподаешь?

|-----------------------------------------------------------------------------|","ktoia","1524727943241400330"
"09.07.2026 16:33:27","biok_ymer","#9440","—Сэм—
|-----------------------------------------------------------------------------|
Услышав термины, которые обычный человек бы не выпалил, тот чуть замедлился, однако не придавая этому внимания сказал:
|-----------------------------------------------------------------------------|

—Значит на последний... Не буду уточнять какое тебя дело ведёт туда, однако ты понимаешь что находится на третьем круге? ПФ, видно ты отчаянный.

|-----------------------------------------------------------------------------|","samin__","1524693945681182720"
"09.07.2026 16:45:36","samin__","#2997","— Лойд Фронтера —

Почувствовав что парень замедлился, Лойд понял что сказал лишки, от чего решил придержать остальное, говоря чуть спокойнее и задумчивее:

— Спасибо что не задаёшь вопросов. Ну... и можно сказать что я отчаянный. А что там находится... хм... /пожал плечами/ понятия не имею

Договорив, парень улыбнулся, понимая что по сути ничего не изменилось. Он конечто и обещал Юки не перенапрягаться, но даже хорошо что она не знает что он отправился в сам ад. Был бы у него выбор, теперь бы он не совершил подобного, но несли не это, мирок может и погибнуть, так что нужны ответы","biok_ymer","1524770463933403288"
"09.07.2026 16:53:25","samin__","#2997","— Ксавьер Азрахан и Бригада —

Парень всё ещё удивлялся расторопностью, всё ещё не понимая на сколько здешние странные, что готовы бросить всё благодаря паре фраз. Зверьки же послушно взлезли на девочку, довольные что им не придётся идти своими лапками. Хомяк и бобер расположились на плечах, а гусеница облюбовала голову ||Как это сука странно звучит||

Услышав вопрос, рыцарь посмотрел на зверинец, а после хмыкнув указал в сторону диких земель, отвечая той:

— Демонам - туда, а вы...

Чуть призадумавшись, красавчик прикинул что отправлять девочку с демонами - не лучшая идея, однако его оставили за управляющего... как ему было и за ней присматривать и демонов сопроводить? Выдохнув, тот прикрыл глаза, отвечая:

— И вам тоже. Чуть позже свяжемся с Лойдом и спросим что делать дальше, а пока что будете под моим присмотром

Ксавьер ещё не знал что колечко Лойд забыл в дирижабле","biok_ymer","1524769577190293675"
"09.07.2026 17:47:18","ktoia","#6622","— Сора Райдэн —  

Сора не думала скрывать, как она сюда попала. В принципе, о её существовании ёкаи уже знали и ничего не предпринимали, так что и от этой ""ремесленницы"" скрывать было незачем. А если что - заставить замолчать она сможет.  

Она коротко указала взглядом на свой пояс, где висели ножны, затем подняла глаза обратно на эльфийку:  

— При помощи меча.","biok_ymer","1524769898650140784"
"09.07.2026 20:23:58","biok_ymer","#9440","—Кузнец—
|-----------------------------------------------------------------------------|
Смотря на ту как на ненормальную та уставилась на пояс, где были ножны и выдохнув ещё дымка, сказала:
|-----------------------------------------------------------------------------|

—Мх, и как ты мечом мир сменила? Что-то не понимаю.

|-----------------------------------------------------------------------------|","ktoia","1524789047539667014"
"10.07.2026 01:38:20","ktoia","#6622","— Сора Райдэн —

Девушка не понимала от чего на неё так смотрят... Хотя да, наверное это необычно... м... да и сучие Ёкаи видимо опять обманули, раз сюда как-то попала эта эльфийка.

Думая как прояснить ситуацию девушка начала говорить:

— Ну как-как, меч достаешь и возле ""маяка"" используешь, а затем здесь появляешься. Все определенно просто!... Понятно? Или не очень?","biok_ymer","1524828476106870805"
"10.07.2026 09:31:06","biok_ymer","#9440","—Кузнец—
|-----------------------------------------------------------------------------|
О чем-то сложив мнение, та охнула, а после показала сигарой на ножны, говоря:
|-----------------------------------------------------------------------------|

—Покажика клинок.

|-----------------------------------------------------------------------------|","ktoia","1524907587638923424"
"10.07.2026 09:51:14","biok_ymer","#9440","—Сэм—
|-----------------------------------------------------------------------------|
Слушая того тот чуть призадумался, говоря:
|-----------------------------------------------------------------------------|

—На последний? Да и по своей инициативе? Ты не просто отчаянный, ты безумец друг. Там находится основное пространство бездны и её влияние там максимальное. Да и твари там самые опасные... Пуф, ну и в историю ты впутываешься, будто на смерть собрался.

|-----------------------------------------------------------------------------|","samin__","1524773523518787686"
"10.07.2026 09:57:37","biok_ymer","#9440","—Юки/???—
|-----------------------------------------------------------------------------|
Девочка понимающе кивнула, осмотревшись и думая пойти в деревню, однако её ушки чуть навострились, отчего она опешила, говоря:
|-----------------------------------------------------------------------------|

—Эммм, а кто-то ещё должен был идти с леса?

/Как только девушка задала вопрос из-за кустов вышел мужчина в белоснежном плаще, что оглядываясь увидел компанию чуть улыбнулся, выходя из них и говоря:/
-Ох, местные? Не подскажите, что это за местность? Раньше тут был темный необутованыц лес, а теперь какая-то равнина. Быть может здесь стоит ваше поселение?

|-----------------------------------------------------------------------------|","samin__","1524775487790907485"
"10.07.2026 09:58:44","biok_ymer","#9440","","",""
"10.07.2026 11:29:09","samin__","#2997","— Ксавьер Азрахан и Бибон —

Парень ошалел от такого появления. Явно не ожидая увидеть тут кого-то, он покосился на парня. Враждебности от него не чествовалось. Это и есть инквизитор? Вроде не похож, хотя какие они вообще в этом мире? Чуть настороженно оглядев того с ног до головы, парень ответил:

— Не местные, просто зверёк перестарался /Кивнул в сторону Юки, на которой сидел бобёр/

— БИБОН-БОН!!! [ДА ПОНЯЛ Я! Зачем 6 раз говорить об этом?! Это шестой, понимаешь?!]

Кинув быстрый взгляд в сторону деревни, там уже виднелась крыша одного из домов, так что отпираться было бессмысленно, но можно было просто проигнорировать:

— А вы...

Проговорив это, парень встал между незнакомцем и Юки, понимая что они промедлили","biok_ymer","1525033236953301012"
"10.07.2026 11:32:42","samin__","#2997","— Лойд Фронтера —

Услышав слова попутчика, парень хмыкнул, более чем спокойно отвечая:

— Кто знает, может остановлюсь на втором, если будет возможность. Но возможно ты прав, я и правда от части безумен, не думаю что сюда нормальный человек придёт. Но умирать я не планирую, во всяком случае пока есть та, кто ждёт меня и волнуется","biok_ymer","1525031632510255265"
"10.07.2026 14:29:03","ktoia","#6622","— Сора Райдэн —

Сора услышала просьбу и на мгновение задумалась. Её рука легла на рукоять меча, но она не спешила вытаскивать его, а слегка сжала пальцы, глядя на эльфийку с легкой настороженностью.

— Хм...

Она медленно вытащила клинок из ножен, держа его лезвием вниз и повернула так, чтобы эльфийка могла рассмотреть его.

— Ну смотри.","biok_ymer","1525026564805230672"
"11.07.2026 10:49:50","biok_ymer","#9440","—Кузнец—
|-----------------------------------------------------------------------------|
Зациклив взгляд на клинке кузнец охнул, а после чуть не выполнив сигару, заявил:
|-----------------------------------------------------------------------------|

—Так ты владелец клинка ёкаев? Ох, это многое объясняет. Кхм, я удивлена, не думала что после столь долгой разлуки вновь его увижу.

|-----------------------------------------------------------------------------|","ktoia","1525101544184217720"
"11.07.2026 10:55:59","biok_ymer","#9440","—Сэм—
|-----------------------------------------------------------------------------|
На данное высказывания парень уже ничего не ответил, идя по долгим коридорам куда-то вдаль. Чуть погодя они вышли к началу пещер, где открылся просторный вид на многообразие каменного мира, что был освещен кристаллами растущими на потолке. Не было ясно Толи Сэм его так хорошо провел, Толи им просто повезло не заблудиться в этом лабиринте. Как только те вышли из прохода тот сказал:
|-----------------------------------------------------------------------------|

—А вот и моя остановка. Нам повезло никого не встретить на пути, однако тут уже явно кто-то да будет, отчего тут лучше уже идти каждому своей тропой.

/Мужчина чуть поклонился, говоря:/
-Было приятно пройти вместе, надеюсь у вас будет спокойный путь дальше. Вам нужно искать переход с каменным пород на вулканические, там и будет ваш третий круг.

|-----------------------------------------------------------------------------|","samin__","1525057166980022272"
"11.07.2026 11:00:36","biok_ymer","#9440","—Юки/???—
|-----------------------------------------------------------------------------|
-10 симпатии к Ксавьеру от Юки за оскорбление Бобра, +5 сочувствия бобру. Мужчина же осмотрясь и чуть отряхнувшись от кустов заприметил вдали крышу дома, говоря:
|-----------------------------------------------------------------------------|

—Выходит не местные? Хм, ну мне в любом случае нужно доложить кто тут обитает. Прошу прощения что не представился, я Себас, служитель церкви Орда. Шёл после разведки ближайших земель к городу и нашел это странное изменение в темном лесу.

|-----------------------------------------------------------------------------|","samin__","1525056271529803979"
"11.07.2026 12:57:27","samin__","#2997","— Лойд Фронтера —

Остаток пути парни прошли в тишине, что было... не столь прохо. Вокруг не слышалось лишних шагов и рычания, от чего Лойд смог продумать какие ещё ограничения наложить на чёртовых культистов, да и причин поразмыслить у него было предостаточно. Когда те вышли в пещеры, парень уставился на потолок

Услышав наставления ""местного"" тот кивнул, отвечая ему:

— Спасибо Сэм. Хотелось бы сказать ""ещё увидимся"", но надеюсь меня больше сюда не занесёт, так что просто скажу прощай

Сказав это, парень приспокойнейше двинул дальше, махнув рукой на прощание. Не сказать что ему не был интересен этот человек или он не человек вовсе. Хотелось конечно спросить что он тут забыл и почему сюда пришёл, однако тогда бы пошли вопросы и к Лойду, а этого он категорически не хотел. Максимум что он мог себе позволить - показаться конченым и откровенно ""не обычным безумцем"" а у которого есть хотя бы цель

А как же дорога назад, ухмыльнувшись, парень решил воспользоваться единственным преимуществом, которое у него есть... ЧИТАМИ!

> Сообщенька, ты же ведь состроила карту, пока мы сюда шли, правда?","biok_ymer","1525410311891325009"
"11.07.2026 13:07:15","samin__","#2997","— Ксавьер Азрахан —

Поняв что это всё таки церковник, парень хмыкнул, разворачиваясь к девочке, говоря той:

— Сбегай пока что в деревню и скажи кому-то из взрослых, чтобы начинали без меня, я пока что поболтаю с этим господином

Сняв кольцо с пальца, тот наконец передал его девочке, ожидая пока та не уйдёт на достаточное растояние. Пока что этот человек не был опасен, но это было уж точно не на долго. Развернувшись к тому, он сказал:

— Кхм... прошу прощения. Ксавьер Азрахан, рыцарь приставленный к госпоже, что только что убежала. Признаться не ожидал встретить здесь одного служителя церкви, хотя... /осмотрелся/ в этот раз мы и правда перестарались. Я уж думал что вы ходите отрядами

> Нужно потянуть время, пока все не отступят на достаточное расстояние, а после можно будет уйти и самому, под каким либо предлогом. Только вот... один ли он? Вопрос-вопрос","biok_ymer","1525411474451726396"
"11.07.2026 20:03:46","ktoia","#6622","— Сора Райдэн —

Сора замерла, услышав слова кузнеца. Её рука, всё ещё держащая меч слегка дрогнула. Теперь девушка смотрела на эльфийку с новым выражением в котором смешались удивление и настороженность... Ведь та буквально нашла одну из частей кою искала - кузнеца.

Сделав полшага в сторону кузнец, потворила:

— Ты... знаешь этот меч?

— Получается я искала тебя? Я верно понимаю что ты его сделала?","biok_ymer","1525408766227517520"
"12.07.2026 10:11:08","biok_ymer","#9440","—Кузнец—
|-----------------------------------------------------------------------------|
Сделав ещё одну затяжку, женщина уже ухмыльлчяст сказала:
|-----------------------------------------------------------------------------|

—Не одна, но да, я сделала этот клинок. Однако незнала, что он теперь у человека.

|-----------------------------------------------------------------------------|","ktoia","1525548165997265109"
"12.07.2026 10:14:29","biok_ymer","#9440","—Юки/Себас—
|-----------------------------------------------------------------------------|
Девочка и вправду послушна ушла в деревню вместе с бригадой, обращаясь к местным и говоря тем сваливать. А вот святой чуть непонимающе потупя, в итоге улыбнувшись сказал:
|-----------------------------------------------------------------------------|

—Рыцарь на службе? Весьма почитаемо, хоть и редко вижу в живую. Думаю это часть сказок, рыцари на белых конях. МММ и я тут не один, мы тут с отрядом оьходили местность, а я просто заметят странность чуть отделился. Ну раз вы не знаете что тут за деревушка, я тогда хотел бы осмотреть её с вашего позволения. Быть может мы как служители сможем чем-то и помочь там, раз уж нашли.

|-----------------------------------------------------------------------------|","samin__","1525443349790593115"
"12.07.2026 10:16:09","biok_ymer","#9440","—Система—

-её слышит лишь <@&1496353875748323470> -
|-----------------------------------------------------------------------------|
В голове парня тут же вспыхнула окно с картой, что заполнялась с каждым новым шагом парня, на что система добавила:
|-----------------------------------------------------------------------------|

—Да, это было не сложно. Однако уровень опасности на обратном пути может возрасти.

|-----------------------------------------------------------------------------|","samin__","1525440882596118559"
"12.07.2026 11:38:46","samin__","#2997","— Ксавьер Азрахан —

Услышав что он тут не один, парень прикинул варианты, что его соратники наткнутся на колону, однако сейчас у него была иная роль, от чего откинув эти мысли, тот начал забалтывать собеседника:

— Рыцарство, это не про погоню за наживой или славой, а принятии долга, служить и защищать дом и его представителей, а так-же народ который присягнул ему. От чего мы не столь отличаемся, просто вы служите церкви, а я личностям и народу

Вспомнив что он проходил покинутую деревеньку неподалёку, парень хотел было уже сказать что эта деревня такая же, однако он уже сказал при Себасе о том что там есть взрослые, от чего это было проблематично:

— Вам не нужно моё позволение чтобы исполнять свой долг. А я уж думал что вы прибыли по поводу деревеньки что расположена в паре километров /Указал в сторону деревни Альмар/. Не знаю уж что там произошло, но атмосфера была давящей, так ещё и странный идол стоял","biok_ymer","1525762257806557284"
"12.07.2026 22:01:15","samin__","#2997","— Лойд Фронтера —

Увидев окно, парень хмыкнул, выдавливая недобрую ухмылку, радуясь что хоть что-то идëт по его плану, однако услышав о повышении уровня опасности на обратном пути, тот на секунду замер, оборачиваясь

> Если мы не встретили монстров, это может означать только 2 варианта. Или Сэм ну очень хорошо знает это место... или я уже встретил самого страшного монстра, что здесь обетает

Повернув голову обратно, парень пошëл чуть быстрее, понимая что путешествие только началось. Ориентируясь на карту, чтобы не ходить кругами, тот просто пошëл по прямой от выхода из первого круга ада. В таком темпе он точно достигнет третьего круга... ну... рано или поздно","biok_ymer","1525762678830796901"
"14.07.2026 02:07:52","ktoia","#6622","— Сора Райдэн —

Услышав она быстро вложила клинок обратно в ножны и сделала шаг ближе, покосилась на ту:

— ""Не одна""? Это... мкхм... В любом случае сделала... Получается в итоге удача повернулась лицом, раз повезло тебя встретить тут... Не зря к дряным небожителям не поперлась.

Глянула через плече назад и быстренько по бокам, после же вернувшись к кузнецу заявила:

— Вечер все насыщеннее и насыщеннее. Ты кажется тут не слишком и званный гость видя как от меня уйти хотела? А пойдемка в место по ""безопаснее"", там и поговорить сможем... как идея?","biok_ymer","1525761413900144671"
"14.07.2026 12:49:34","biok_ymer","#9440","—Кузнец/Меч—
|-----------------------------------------------------------------------------|
Довольная тем, что ей предложили уйти она кивнула отходя вместе с девушкой в сторону, а после думая как бы побыстрее пробраться к маяку, на что меч чуть завибрировал и когда он был вновь обнажен, он заговорил в голове девушки:
|-----------------------------------------------------------------------------|

—""Нам нужно быстрее переместиться... Нужно чтобы ты осознала границу и научилась её менять...""

|-----------------------------------------------------------------------------|","ktoia","1526364572452126842"
"14.07.2026 12:55:34","biok_ymer","#9440","—Себас—
|-----------------------------------------------------------------------------|
Услышав про деревню Альмар парень чуть охнул, а после положив руки на пояс стал чуть задумчиво идти, добовляя:
|-----------------------------------------------------------------------------|

—Высженные земли деревни Альмар... Мы не так давно узнали о них от приклбченуев с гильдии и не так давно сами осмотрели те земли. Незнаю что культисты задумали, однако это был явный знак, что они начали действовать. Отчего нам и следует позаботиться о всех в этой округе, тем более о таких не укреплённых поселениях... Это наш священный долг и нам следует помочь местным и я рад был бы пройти и посмотреть кто же так скрывался от города не только ради их безопасности, но и для убеждения, что они не связаны с инцидентом деревни Альмар...

/Договорив это парень стал по стойке и достав из баклера пистоль направился к деревни, следя за действиями рыцаря./

|-----------------------------------------------------------------------------|","samin__","1525783466212327544"
"15.07.2026 01:29:43","ktoia","#6622","— Сора Райдэн —

Сора замерла, услышав голос меча. Она опустила взгляд на клинок, который коий держала в руке, потом перевела его на кузнеца, потом снова на меч.

— Границу? Что? Какую ещё границу?

Она подняла клинок повыше, повертела его перед глазами. Однако не совсем поняв что тот имеет в виду сказала в слух:

— Я не понимаю, о чём ты. Я не чувствую никакой границы! 

Она опустила руку с мечом чуть нахмурившись, однако вспомнив про существование КУЗНЕЦА который сделал ЭТОТ меч, и который находится возле нее, глянула на ту, говоря:

— Ты знаешь че такое граница? Ах... точно... не слышишь... Мм... ""Нужно осознать границу и научиться менять её""... для... ам... Перемещения? Понимаешь? Вот я нет!","biok_ymer","1526526060571656345"
"17.07.2026 01:33:54","biok_ymer","#9440","—Кузнец/Меч—
|-----------------------------------------------------------------------------|
Эльфийка с непониманием смотрела на то как девушка говорила с собственным клинком, после чего покрыты бровь, сказала:
|-----------------------------------------------------------------------------|

—Граница? Ну наверное ты имеешь ввиду границу реальности, однако я не могу подсказать как научиться менять её или осязать. Мне кажется ты пытаешься осознать что-то высшее для твоего понимания.

|-----------------------------------------------------------------------------|","ktoia","1526717360164044992"
"17.07.2026 01:42:25","biok_ymer","#9440","|-----------------------------------------------------------------------------|
И вот идя напрямик через ямы, каменные наросты и реки крови с черепами, тот и не осознал что бездна стала смотреть на него в ответ... Он ощущал на себе множественные взоры со всех сторон, однако никого не видел. И как только его паранойя начал понемногу задевать его, он осознал, что отчего-то его шаги стали тяжелее и обернувшись тот увидел нечто, что шло за ним и с искаженным выражением следило за его выражением лица. Оно опасно? А если и да, какой шанс от него сбежать?
|-----------------------------------------------------------------------------|","samin__","1525940123177320529"
"17.07.2026 01:42:27","biok_ymer","#9440","","",""
"17.07.2026 10:45:32","samin__","#2997","— Ксавьер Азрахан —

Услышав размышления карателя, парень покивал, начиная идти за ним. Весьма справедлиаые расуждения, однако не слишком ли он настарожен? Быть может он уже догадался? И что это за штука у него в руке? Ответов на эти вопросы ГГ не знал

Нужно было придумать что делать, если народец ещë не успел уйти в леса. Не придумав ничего лучше, чем просто подолжить разговор, парень сказал:

— Мне казалось, что явным знаком являлось нападение на столицу сутки тому назад. Ну чтож, пожалуй вы правы, ведь оставлять потенциальные угрозы - не самая лучшая идея

Так парень и продолжил идти рядом, не чуствую открытой враждебности. В целом можно было развязать драку, но это было нецелесообразно","biok_ymer","1526527569904668713"
"17.07.2026 11:02:56","samin__","#2997","— Лойд Фронтера —

Бездна... чëртова бездна. Не зря говорят ""Если долго смотреть на бездну, то она начнëт смотреть на тебя""... А Я БУКВАЛЬНО В НЕЙ! Главное чтобы это правило не сохранилось и бездна не оказалась внутри меня...

Так парень и шëл, осматривая всë и вся, время от времени оборачиваясь, чтобы посмотреть, не следует ли кто-то за ним. Пару раз даже отходил от маршрута, чтобы заглянуть за скалу, однако там естественно ничего не было

Наконец в очередной раз обернувшись по наитию, тот узрел... эм... а что это? Хуëвина какая-то

Прикинув что это говно - создание бездны, Лойд скривил лицо

> Он не напал, значит ему это не надо. Если ему это не надо, значит он питается не мясом, а страхом. Если он питается страхом... он сейчас прифигеет... да и кбежать от него я вряд-ли смогу

Скривив лицо и прикодняв одну бровь, парень окинув нечто оценивающим взглядом, а после сказал:

— Сэм? Хах, а ты изменился. /Неловное молчание/ Да ладно тебе, хорошая шутка была! Мог хоть моргнуть для приличия!

Сделав лицо недовольным, парень продолжил:

— Ну и? Чë те надо? В сопровождении не нуждаюсь. И сам дорогу найду","biok_ymer","1527445329115349132"
"17.07.2026 14:58:10","ktoia","#6622","— Сора Райдэн —

Услышав то, что никак не было скрыто, девушка вздохнула и снова глянула на меч, проговаривая:

— Ага. Понятно...

Она приподняла клинок и мысленно обратилась к нему, стараясь, чтобы слова звучали чётко и без лишней агрессии:  

""Слушай, дружок, я не жила огромную тучу лет, чтобы понимать реальность. Может, ""доступными"" словами скажешь? А то я стою и чувствую себя полной дурой...""","biok_ymer","1527443188141527082"
"20.07.2026 22:32:07","biok_ymer","#9440","|-----------------------------------------------------------------------------|
Нечто стала с большим интересом смотреть на мужчину, сильнее склоняясь прям над ним. Словно гора согнулась, лишь бы поближе стать к нечто интересному. Не было ясно понимает нечто слов или нет, но оно не стало более что-либо делать, беззвучно смотря прямо на парня. Похоже попытка заговорить не увенчалась успехом. Что же будет дальше?
|-----------------------------------------------------------------------------|","samin__","1527586387824480356"
"20.07.2026 22:46:00","biok_ymer","#9440","—Себас—
|-----------------------------------------------------------------------------|
Парень вместе с рыцарем в итоге пробрались к покинутым домам, где он осматривая округу поглядывал в несколько домов, после чего чуть задумавшись остановился, говоря:
|-----------------------------------------------------------------------------|

—Странно, тут никого нет. Выглядит так, будто деревня была в спешке покинута. Вы тут точно никого не видели? Может слышали чего?

|-----------------------------------------------------------------------------|","samin__","1527582012167159948"
"21.07.2026 00:41:31","samin__","#2997","— Лойд Фронтера —

> Эээ... так... нужно делать ноги... сообщенька чтоб тебя! На миникарте не показываются мобы! И как стелсом заниматься без метагеймовой инфы то?! Ладно, понял! Квест резко превращается в ранер! Э... ты чё удумал... ты...

Лойд был готов ко всему. К тому что нападут, раздавят, вместо глаза появится рот как в террарии... но чтобы на него просто глазели. Эм... спасибо... хорошо...

Смотря на нечто в ответ, парень сделал лишь пару шагов назад, когда гора наклонилась к нему

> Ну... вроде не агрессивный. Или просто ману копит...

Наклонив голову на бок, парень махнул той чуть по кругу, убирая чёлку с лица, говоря чуть более членораздельно, но не повышая голоса:

— Ты ме-ня по-ни-ма-ешь? Мор-гни три раза если да

> Это нечто может быть разумным... пф... Лойд ты не расист... ты не расист... огры тоже люди и это может оказаться другом... ТОЛЬКО СУКА! СХУЯЛИ У НЕГО РУКИ И МЕХ В КРОВИ ТО?!?!?!?!?!?","biok_ymer","1528846992422207671"
"21.07.2026 00:52:44","samin__","#2997","— Ксавьер Азрахан —

Не увидев не одного живого существа, парень ухмыльнулся, радуясь тому, что потянул достаточно времени. Оглядевшись, всё и правда было довольно грустно. Сделав пару шагов в сторону, тот поднял стул, который какого-то чёрта валялся по середине улицы, поставив его на ножки, а после обернувшись сказал:

— Ваша правда Себас. Ваша правда. Тут и впрямь никого нет. Что бы могло заставить всю деревню покинуть свои дома в одночасье?

Дело в шляпе, однако парень беспокоился что по горячим следам - демонов могу выследить... кстати говоря о следах! Парень бросил взгляд на землю, ища глазами следы толпы","biok_ymer","1528850485413675028"
"21.07.2026 07:31:22","biok_ymer","#9440","—Себас—
|-----------------------------------------------------------------------------|
На удивление следов вообще не было, словно и впрямь люди исчезли в одночасье, без видимых на то следов. На это парень чуть раздражённо почесал затылок, после чего пожал плечами, говоря:
|-----------------------------------------------------------------------------|

—Ладно, похоже ты искренне не знаешь что тут к чему... Да и следов не видно, видно не в такой уж и спешке люди отсюда ушли, если вообще ушли.. Не нравится мне эта недосказанность. Но ладно уж, похоже тут пусто и благо не похоже на инцидент с деревней ниже.

|-----------------------------------------------------------------------------|","samin__","1528882379085582548"
"21.07.2026 07:36:40","biok_ymer","#9440","|-----------------------------------------------------------------------------|
Существо долгое время ничего не предпринимало, однако словно под заказ парня, тот решил как-то отреогоровать. Однако вместо моргания у него появился рот, в огромной ухмылке, словно он поистине чему-то обрадовался. Дааа, ну и стрём...
|-----------------------------------------------------------------------------|","samin__","1528879556746940446"
"21.07.2026 07:43:05","biok_ymer","#9440","https://klipy.com/gifs/yuuichi-tomodachi-game","",""
"21.07.2026 07:49:40","biok_ymer","#9440","—Кузнец/Меч—
|-----------------------------------------------------------------------------|
Женщина вновь от непонимание затянула дымку, смотря на то, как собеседника корчит серьезные лица, смотря на меч. Тот же в свою очередь вновь зазвучал у неё в голове, говоря:
|-----------------------------------------------------------------------------|

—Граница для тебя осязаема, нащупай и ощути.

|-----------------------------------------------------------------------------|","ktoia","1527645586478862468"
"21.07.2026 12:06:55","samin__","#2997","— Лойд Фронтера —

> Так, это друг... это друг. Сейчас мы как-то наладим разговор и он меня проводит. А... а-а-а... ага... понял, ты не друг УРОДЕЦ! Если ты показал рот не для того чтобы говорить - иди к чёрту, монструоза!

Поняв что рот будет использоваться не для разговора, парень начал пятиться назад, попутно говоря:

— А... так ты чего сразу то не сказал что ты гнида? Я уж подумал что нашёл проводника, а ты оказывается просто монстр из террарии... поверишь если скажу что ожидал этого?

Договорив, парень споткнулся о камень, падая на задницу. Понимая что шансов может и не быть, тот быстро перевернулся на 180 и стартанул в сторону, где виднелись хоть какие-то препятствия, ибо по прямой оторваться от этого гиганта было невозможно","biok_ymer","1528984031650381884"
"21.07.2026 12:14:44","samin__","#2997","— Ксавьер Азрахан —

И вправду удивительно. Хорошая работа ребята. Даже следов не оставили. Чтож, а теперь оставалось лишь отделаться от служителя и присоединиться к остальным. Они не должны были уйти далеко. Скорость конвоя обусловлена скоростью самой медленной единицы. Услышав о том что ему поверили, парень спокойно ответил:

— Возможно вы и правы. Как минимум я не чувствую такой давящей атмосферы как там, значит резни тут не было. Могу пожелать лишь удачи в вашей работе

> Ну... о том что я не знаю что тут произошло я ни разу не говорил, однако развеивать заблуждение я не обязан. Удивительно что он поверил, учитывая все странности в моём поведении и том, что тут нет девочки. Ну да ладно, мне это только на руку","biok_ymer","1528982699006492745"
"21.07.2026 12:55:03","ktoia","#6622","— Сора Райдэн —

Сора выдохнула и недолго думая, просто повадила рукой перед собой, пытаясь нащупать невидимую стену. Ладонь рассекла воздух и пустота. Никакой границы, никакого сопротивления. Она опустила руку и уставилась на меч с выражением, которое ясно говорило: ""Ну и?"".

— Воздух... да... только воздух.

Пораскинув мыслями, девушка решила попытаться сосредоточиться. Сора зажмурилась и глубоко вдохнула. Она медленно протянула руку вперёд, стараясь не думать о том, что именно ищет, а просто почувствовать, однако все таки одна четкая мысль просачивалась ""А может это надо делать мечом, а не рукой?""","biok_ymer","1528987304029589545"
"22.07.2026 17:32:46","biok_ymer","#9440","—Меч—
|-----------------------------------------------------------------------------|
Меч недовольно завибрировал, говоря в голову:
|-----------------------------------------------------------------------------|

—Это не так работает, попробуй, ещё раз.

|-----------------------------------------------------------------------------|","ktoia","1529064155724910702"
"22.07.2026 17:38:03","biok_ymer","#9440","—Себас—
|-----------------------------------------------------------------------------|
Чуть ещё помедлив по сторонам, парень все же спрятал пистоль за пазуху, после чего хмыкнув тот направился обратно, говоря:
|-----------------------------------------------------------------------------|

—Хм, значит сейчас своих приведу осмотреть тут все. Вам нужна помощь, чтобы проводить вашу господу до города? Могу проводить, раз уж тут ничего опасного нет.

|-----------------------------------------------------------------------------|","samin__","1529054011771060275"
"22.07.2026 17:43:28","biok_ymer","#9440","|-----------------------------------------------------------------------------|
И вот мужчина узнал, что твари похоже не только разумны, но и вправду наслаждаются страхом существ, что попадают сюда. Вот только проверять на опасность их и вправду было бы глупо, отчего парень быстрым маневром стал колесить по каменным угодьям, лишь бы не попасться в лапы нечто. И у него это на удивление вышло( https://discord.com/channels/1495473722679754914/1495473983636897803/1529497943424503829). Вот только к сожалению его побег стал привлекать тварей по округе и множество странных на вид существ искаженных с мифологией что знал парень в темных тонах стали выходить наружу, в попытках поймать парня. То искаженный йети, то искаженных Цербер, то грифон, то минотавр... Да уж, ну и страхалюдины! Если так продолжится, парень может выдохнуться, что же ему нужно предпринять?
|-----------------------------------------------------------------------------|","samin__","1529052044839616562"
"22.07.2026 18:20:25","ktoia","#6622","— Сора Райдэн —

Когда прозошло недовольное вебрирование концентрация спала и девушка опустив руку недовольно глянула на рукоять меча. Осознав что она как дурная сейчас махала рукой перед собой, она взглянула на Эльфийку и сказала:

— Ты выводы поспешные не делай, я не псих!

Выговорившись, мечница достала меч и уже попробовала произвести тоже самое, но с  ним.","biok_ymer","1529496433198371067"
"22.07.2026 23:42:36","samin__","#2997","— Лойд Фронтера —

К сожалению парень не знал, что пока он в прямом смысле борется за жизнь, его вспоминает красотка в другом мире, притягивая за слова, которые тот и сам не помнил. Этот факт уж точно бы предал ему сил, которые в данной жизни УЖ ТОЧНО не были бы лишними

> Йети, цербер, грифон, минотавр, глаз из терапии. ДА КАКОГО ЧËРТА?! ЭТОТ МИР СОБРАЛ НЕ ТОЛЬКО ВСЕ СЕТЕНГИ ФЭНТЕЗИ, НО ЕЩË И МИФЫ?!

> Ну точно соотечественник стал злым богом и напомнил этой страхолюдины сюда! Чëрт... дыхалка подводит... ЧТО ДЕЛАТЬ?!

Побегав, нарезая ещë пару кругов, парень понял что нужно сделать хоть что-то. Остановиться он не мог, что резко снижало количество вариантов... но никто не запрещал ОРАТЬ!

— ДА ЧËРТ БЫ ВАС ПОБРАЛ! НА ПЕРЕГОВОРЩИКОВ НЕ НАПАДАЮТ! СОБРАТ, МОЖЕТ АНИМЕШКИ ОБСУДИМ? А? ЧТО ДУМАЕШЬ... ... ... ТЫ МЕНЯ СЛЫШИШЬ?!

Если и это не поможет... нужно будет молить систему... а может лучше смерть?","biok_ymer","1529499126205780088"
"25.07.2026 02:51:34","biok_ymer","#9440","|-----------------------------------------------------------------------------|
И вот бегая кругами тот бы так и бегал, ведь тварям похоже было хоть бы хны на слова парня, да и усталости у них явно не предвиделось отчего пришлось бы использовать силу системы, однако на удивление парня возле него раздался гром и за его спиной послышались удручающие крики тварей. Неужто кто-то поопаснее заявился? Обернувшись тот увидит странного человекоподобного парня, что сел на кортаны на трупах тварей глядя на них и посмеиваясь. Заметив на себе взгляд тот перевел взгляд на того, говоря: https://discord.com/channels/1495473722679754914/1495473983636897803/1530357945903218799
|-----------------------------------------------------------------------------|

—Эээй, а ты чего убегал от них? Это же мелочевка только на вид страшная, она же тупая! О, погоди, а ты не мертвяк? Давно сюда никто не забретал, тогда извиняй!

/Парень встал на ноги и спрыгнул с трупов на землю, идя в дорогу парня:/
-Надеюсь не испугал, ты как малец?

|-----------------------------------------------------------------------------|","samin__","1529589505160646831"
"25.07.2026 02:51:37","biok_ymer","#9440","","",""
"25.07.2026 02:55:02","biok_ymer","#9440","—Меч—
|-----------------------------------------------------------------------------|
Тот не долго думая про вибрировал: https://discord.com/channels/1495473722679754914/1495473983636897803/1530362183584579685
|-----------------------------------------------------------------------------|

—Ты на верном пути, но пытаешься делать то чего не понимаешь. Представь границу и разрешь её.

|-----------------------------------------------------------------------------|","ktoia","1529508425086800053"
"26.07.2026 10:17:56","samin__","#2997","— Ксавьер Азрахан —

Мечник ну вот вообще не доверял корателю. Сердце у него было чистое, однако в данной ситуации он был врагом. Не обратить внимания на все странности, когда и госпожа пропала и то что он ничего не знал о деревне... это было странно

Прислонив ладонь к груди, тот сказал:

— Благодарю за предложение, однако сопровождать молодую госпожу - это мой долг как рыцаря дома Фронтера. За сим не буду вам мешать и присоединюсь к ""свите"". Всего хо-ро-ше-го!

Договорив, мужчина развернулся и чуть спешно пошëл в сторону Альмы, намереваясь сделать крюк и выследить остальных. Но вот дадут ли ему это сделать?","biok_ymer","1529497762209595505"
"26.07.2026 10:18:18","samin__","#2997","— Лойд Фронтера —

> Ну всë! И вот на кой я сюда полез? СЭМ! Ну вот где ты когда так нужен? Что ты за существо был, что тебя эти уроды стороной обходили? Так... ладно... план... нужен план... ДА КАКОЙ ТУТ МОЖЕТ БЫТЬ ПЛАН?! Дыхалки ещë на километр от силы, а дальше всë... тс... а система может и не помочь. Прости Юки, я всë таки взял на себя слишком много...

И вот когда парень уже было начал прощаться с жизнью, думая какое бы послание оставить себе из прошлого, что сейчас смотрит спойлер, думая что хуже быть не может... ХУЖЕ НАСТУПИЛО!

БАХ! ВЗРЫВ! ГРОМ! ВОПЛИ! А парня просто отбросило волной на пару метров, опрокидывая на землю. От такого егë сердце пропустило пару ударов, сбивая дыхание. Прокатившись так пару метров парень понял, вот теперь точно крышка. По всем законам жанра он обернëтся и увидит ОГРОМНУЮ дрянь, что пожирает своих собратов

Лениво приподняв голову, парень увидел... мелкую дрянь, что при этом всëм была ГОВОРЯЩЕЙ! ВОТ ЭТО ДЖЕКПОТ!

Всë ещë прибывая в состоянии ""обычный смертный"" парень еле как принял сидячее положение, отвечая:

— Да вот понимаешь... фанаты за мной бегали, всë автограф хотели взять

И только сейчас до парня дошли слова:

> В смысле не мертвяк? В СМЫСЛЕ МЕЛОЧËВКА?!?!

/Отвëл взгляд в сторону, скривив лицо от усталости, прикрыв глаза/
— Пф... ничего, оклемаюсь. Говорят бег продлевает жизнь... и ведь не врали! Если бы остановился - жизнь бы была короче

/Вновь осмотрел мужика/
— А ты из демонов выходит? Я думал что вы к людям относитесь... ну... так себе

> Пока не буду заострять внимание что он про мертвяков говорил. Он думал что я грешник, это точно, но он та кто такой?","biok_ymer","1530361837508493464"
"26.07.2026 21:43:19","ktoia","#6622","— Сора Райдэн —

Глубоко вдохнув, она отогнала посторонние мысли. Граница. Невидимая ткань мира, которую она должна прорезать... Звучало интересно - почувствовать и представить. Здесь чувства должны быть иными, что-то более тонкое. Ладно. Нужно хотя бы сделать это один раз, дальше будет проще.

Она медленно подняла клинок, вытянув его перед собой. В голове представилась картина: лезвие проходит сквозь пустоту, но воздух расступается не так как обычно - он будто рвется, оставляя за клинком едва заметную дрожащую линию в пространстве.","biok_ymer","1530362707704811742"
"26.07.2026 22:32:13","biok_ymer","#9440","—Меч—
|-----------------------------------------------------------------------------|
Меч на удивление заискрился и стал медленно разрезать пространство, образуя дыру в никуда? Интересно... Ну по сути она разрезала реальность, а что дальше? Меч на это лишь сказал:
|-----------------------------------------------------------------------------|

—А теперь представь то, куда ты стремишься.

|-----------------------------------------------------------------------------|","ktoia","1531009040321089766"
"26.07.2026 22:43:00","biok_ymer","#9440","—Оберон Райдэн—
|-----------------------------------------------------------------------------|
Подойдя достаточно близко, парень зацепил того за плечо и обтянуты руку вокруг его плеч стал шептать тому на ухо:
|-----------------------------------------------------------------------------|

—А люди сюда и не захаживали, чтобы мнение деманов знать, дружок.

/После сказанного тот отпустил его отстраняясь и закинув руки за голову дополнил:/
-Ты лучше мне скажи, что ты тут делаешь. Спорт это конечно хорошо, но не с Деманами же плясать ть пришел... Или за этим? Ахах! А что, была бы смешная басня о глупце вступивший в бездну ради танца с случайным встречным. Ахах, тебя проводить куда, а?

|-----------------------------------------------------------------------------|","samin__","1530836648525434891"
"27.07.2026 00:33:17","samin__","#2997","— Лойд Фронтера —

Наконец хотя бы частично переведя дыхание, парень начал осознавать что происходит:

> Странный типчик. Даже очень. И появился в самый подходящий момент. Не он ли их на меня натравил? Хм... /вспомнил как сам собрал за собой паровозик/ пф... не, вряд ли. Но всё равно он странный и точно сильный. И лапы у него... грешники... как минимум по 3 греха у каждого... а какой у него?

Посмотрев на руку, у себя на плече, парень чуть успокоился. Если бы этот тип хотел ему навредить, то уже сделал бы это. Так что главное просто не раскрывать слишком многого. А что если начнём с этого...

Парень хитро улыбнулся, вставая в более свободную позу:

— Хах... мне больше нравилось когда меня называли смертником, а не глубцом, но спорить не буду... раз я один из немногих живых, что сам рвётся в ад, думаю и так можно меня назвать. А чего, хочешь потанцевать? Так я и не против, только вот дело бы выполнить, а там и посмотрим.

/Выставил тыльную сторону руки, на которой была метка/
— Ну не знаю, меня демоны не особо и жаловали, когда я к ним приходил, хотя общий язык вроде нашли. Правда меня опять убить захотели... но... мне нравится думать что эта ваша культура такая. Чем больше человек нравится, тем больше хочется его убить... все дела... мда...

Закружив от своих же слов, парень закинул вторую руку за голову, почёсывая затылок, отводя взгляд на миникарту, следом указывая рукой в сторону куда изначально шёл:

— На последний уровень, это ведь туда? Проводишь?","biok_ymer","1531024059670991030"
"27.07.2026 00:54:23","biok_ymer","#9440","—Оберон Райджн—
|-----------------------------------------------------------------------------|
Приметив знак на рукой тот чуть поисвестел, после чего разминая руки с ухмылкой сказал:
|-----------------------------------------------------------------------------|

—Помеченый выходит и кто ж тебя так не возлюбил, настраивая против людской церкви? Выходит дело у тебя к старухе, дааа, ну чеж поделать, провожу. А как там народец, я так понимаю не отсвечивают, раз тут не видно.

/Идя в сторону куда показал парень, тот попутно добавил:/
-И раз уж ты с поверхности, не знаешь что там с Райдэнсом? Отсюда редко слышны слухи снаружи. Я лишь могу предположить что ничего хорошего, раз это название никто не помнит~.

|-----------------------------------------------------------------------------|","samin__","1531051812432380045"
"27.07.2026 01:10:41","samin__","#2997","— Лойд Фронтера —

Продолжая путь, парень слушал нового собеседника многое не было понятно, однако вопросы порождали ответы, от чего перебивать его он не собирался, этот как минимум он был куда разговорчивее Сэма

Усмехнувшись, тот ответил:

— Ты прав 50/50. Пометила меня демоница с лютней. Эм... мда... а имени её я так и не спросил. Вообще ваши имена говорят с неохотой, даже если спросить

— Вообще я бы хотел затребовать за информацию что-то взамен, но ты же меня спас, так что будем считать что этим и заплатил. В общем на Солитере поселились. Не сказать что всё мирно, скорее грустновато. Живут понемногу, только вот раскололись. Знаю как минимум 2 поселения у которых напряжённые отношения из-за разногласий, но есть и другие. Я бы назвал их ""умные"" и ""радикалы""

Вот парень и рассказал информацию... ЗА БЕСПЛАТНО! Однако это же Лойд, если можно торговать, то это будет сделано! От чего парень исказился в противной улыбке, говоря куда более натянуто:

— Пра-а-авда... пару часов назад всё та-а-ак перевернулось... вот даже не знаю, рассказывать или нет... тс-тс-тс... вот если бы мой новый друг рассказал мне о том, что за старуха и... хм... допустим что такое означает эта ваша метка демоническая

— А что на счёт Райденса... а это что ещё такое... ф... только не говори что это как-то связано с девушкой с фамилией ""Райдэн""

> Блять нет... что бы не было связано с этой дурой, пожалуйста нет...","biok_ymer","1531057120705908856"
"27.07.2026 02:08:16","ktoia","#6622","— Сора Райдэн —

Действительно получилось! Порез в никуда - темный и пульсирующий на грани восприятия - висел в воздухе, словно свежий шрам. Сора поглядела в это нечто, что она вроде как только что создала...

Услышав следующую ""подсказку"", про место куда следовало бы попасть мечница стала представлять образ ""маяка"": высокое, древнее строение, с непонятным для нее письменами и черепом по середине. Девушка не представляла конкретный маяк в конкретных диких землях, она именно что представляла строение. 

И таааак.... получится ли? ИЛИ Д20 ДАСТ 0?","biok_ymer","1531021345989722212"
"27.07.2026 03:04:02","biok_ymer","#9440","—Меч—
|-----------------------------------------------------------------------------|
На данное представления девушка хоть не с первого раза но сформтровала уже ровный портал, ведущиц видно на какой-то из маяков. Однако как она это сделала, было не ясно(https://discord.com/channels/1495473722679754914/1495473983636897803/1531089256477626469). Смотря на это кузнец чуть охнул, говоря:
|-----------------------------------------------------------------------------|

—Вот он каков, меч ёкайский. И куда ведёт эта дыра?

|-----------------------------------------------------------------------------|","ktoia","1531075716270133340"
"27.07.2026 03:29:04","biok_ymer","#9440","—Оберон Райдэн—
|-----------------------------------------------------------------------------|
Услышав про лютну тот чуть призадумался, говоря:
|-----------------------------------------------------------------------------|

—Значит Герда? Хммм, мне казалась она не доверяет людям похлеще Чертов в аду. И Солитер? Далеко же они утопали. Хм, разногласия? Все от того что лидер из покинул, понятно. О так значит решил поторговаться с трудом? Хах, и вправду забавный же ты.

/Сделав слабую растяжку тот лениво раскачиваясь из сторону в сторону стал лениво рассказывать:/
-Неужто вообще историю снаружи не учат? Беее, демоническая метка показывает в тебе равного Деманам и принятого смертниками. Считай знак уважения и почета, что просто так не дают, ибо считай связывают душу с этим человеком и в случае его гибели и сам демон может коньки двинуть. Ну а для святош это буквально проклятье какое нечестивое, что связывает тебя с миром мертвых. А что до карги, ну карга на то и карга. Старая богиня смертушки, эдакий харон мира мертвых. Ты буквально сейчас по ней ходишь, её ведь люд не просто так прозвал Бездонная Тьма, Бездна Погибели или же Муэлла. Я конечно знал что знания увяли, но даже незнать Райдэнсон? Это же буквально центр мира и центр торговли между всеми материками. Пупу, видно и вправду что-то случилось. А Райдэн? Правящая семейка того континента, ну и бред называть его в честь своей фамилии, не находишь? Хммм, а ты знаешь девушку с таким именем? Тогда чего мне мозги компостишь? У неё и спроси подробнее.

/Договорив тот вновь ухмыльнулся, идя уже более энергично:/
-Доволен? Буквально труп обглодал по старости лет вспоминать историю мира. Я требую чего-то с общего и интересного взамен, ато сейчас от скуки в третий раз помрууууу, сжалься надо мной!!

|-----------------------------------------------------------------------------|","samin__","1531061222907314206"
"27.07.2026 04:18:29","biok_ymer","#9440","—Себас—
|-----------------------------------------------------------------------------|
Дадут, ведь парень и вправду не почувствовал лжи в словах Ксавьера, отчего не видел смысла бегать за тем. Сделав крюк тот в итоге прибыл на остатки деревни, похоже слежки не было... По крайней мере предчувствие парня не говорила об этом. Что же он сделает далее?
|-----------------------------------------------------------------------------|","samin__","1530836555520807023"
"27.07.2026 13:52:01","samin__","#2997","— Лойд Фронтера —

> Эм... ладно... этот точно по разговорчивее будет. Значит Герда? Хах... запомню. Вот она прифигеет когда я её по имени назаву-у-ух чёрт! В смысле связь души?! Не-не-не, вот это уже нездоровая фигня. Это она чего? Жизнь мне доверила выходит? Это... эм... неожиданно... и... ДА НЕ ПРИЯТНО НИФИГА. В смысле уважение и почёт? От неё то? Той что меня кокнуть хотела? Это что за фиговина та такая?

Посмотрев на свою руку, парень пару раз потёр метку, что ожидаемо не привело к результату. До этого умирать ну вот вообще не хотелось, а теперь стало даже как-то стыдно что не спросил до этого... ЭТО ЖЕ СКОЛЬКО РЫЧАГОВ ДАВЛЕНИЯ ОН ПРОПУСТИЛ?! Эх!

> Так... ладно, с этим по возвращению разберусь. А что до старухи? А... богиня смерти... ну да ну да. ВСМЫСЛЕ БОГИНЯ СМЕРТИ?! ХАРОН?! ТЫ ТО ОТКУДА ТАКОЕ СЛОВО ЗНАЕШЬ?! ЭТО ИЗ МОЕЙ МИФИЛОГИИ! Муэла, бездна и бездонная тьма. Сильно, нечего сказать и... в смысле я по ней хожу? Чего? Так-так-так. Если тут есть богиня мёртвых, значит по сути она и создала грешников? И я иду по ней... к ней... на ней. Ничего не понятно. Властительница ада выходит и совмещает в себя Харона, Айда и Танатоса? Или... АЙ! СЛОЖНО!

> Но признаться интересно будет увидеть богиню... ... ... все важные фигуры в этом мире - женщины... ... ... стоп ... ... ... тут же нет богов... ... ... ЭТО ЁКАЙ СРАНЫЙ! А Ёкаи меня немного... ну ненавидят они меня! Та-а-ак... нужно прощупать почву

Но не успел Лойд отойти от осознания, что всё это время шёл не в сам ад, а на встречу с Ёкаем, по его владениям. Как его добили:

> РАЙДЕН - правящая семья материка. Ну сука Сора! Ну я с тобой ПОГОВОРЮ! ЯЖ СКАЗАЛ ЧТО НЕ ПОЩУ НЕДОГОВОРОК! А... да ты даже тот разговор забыла... ну и тупость. И ситуация тупая и Сора тупая. Стоп. Райденсон = материк... материков всего 13 и вроде как не исчезали. Родной материк Соры - пустоши... Райденсон = пустоши войны. Да и расположение подходит для центра мировой торговли. Ладно браток, мне есть что тебе поведать","biok_ymer","1531096047336689794"
"27.07.2026 13:52:14","samin__","#2997","Встав как вкопанный, парень завис, пытаясь всё это обмозговать, от чего просто стоял втупляя в пустоту пару секунд, а после чего с силой хлопнул себя  по щекам, приводя в сознание. Посмотрев на демона, тот ухмыльнулся, отвечая:

— Как ты понимаешь, эта информация меня слегка поразила. Ладно, нужно ответить чем-то в замен. Начнём с того, что Райдэн я знаю, так что как свижусь, разговорчик у нас будет долгий. Подумать только, эта дура из правящей династии. Мдэмс...

— В общем нету теперь Райденса. Этот материк теперь называется ""Пустоши войны"". Не знаю сколько лет назад, но в районе последних 20-ти лет там была битва небожителей с **Ёкаями**. Вот и подстёрли там всё. Что именно там произошло - не знаю, но судя по рассказам, новое название материка полностью отражает действительность. ""абсолютно мертвые и безликие пустоши, буквально ничего не осталось, кроме пепла и пары уцелевших строений"". Как-то так

— Что по поводу демонов. Пока я сюда летел, мне пришла весточка, что их деревеньку раскрыли, так что они решили переселяться. Ну, вот я и распорядился чтобы их отправили в дикие земли

— А... ну и да. Ты же знаешь что такое дикие земли? Так вот, там на Солитере в целом ужас с ними. За последние пару десятков лет они разрослись так, что большая часть материка теперь  - джунгли, а пару дней назад было нападение на столицу. В общем если что-то не сделать, то **начнётся ужас мировой**

— Ну и... что ещё тебе рассказать. Коза в том году потомство дала. Сойдёт?","",""
"27.07.2026 13:52:14","samin__","#2997","Договорив, парень продолжил идти дальше, смотря за реакцией собеседника, довольный своей тирадой. Информации 0, профит 100. Ну и парочка слов и выражений, которые может понять и использовать только знающий. Если он знающий, то можно в целом и рассказать немного насущного, только и всего, а если нет то продолжить болтать о всякой дребедени по типу господства Фомоса и угнетения зверолюдей. Однако поняв что разговор сейчас пойдёт в не самую приятную и удобную тему, парень быстро спохватился, пытаясь сыграть на триггере демонов:

— Кстати, а сколько вообще осталось **грешников** в аду?

Если до этого, слова парень не выделял, то тут он уже акцентировал внимание на этом слове, чтобы уж точно стригерить собеседника и отплатить своим потрясением его потрясением","",""
"27.07.2026 14:14:11","ktoia","#6622","— Сора Райдэн —

Сора уставилась на открывшийся проход, не особо веря собственным глазам. Пространство действительно поддалось - удивительно, конечно не с первого раза, но всё же получилось.

Она сделала шаг в сторону от портала, прищурилась, пытаясь разглядеть, что там внутри. Да, это был маяк - тот самый, который она представляла. Вроде... Хотя разводов в пространстве было многовато, чтобы точно понять, где именно он находится. Мм... Пусть и так, всё равно отсюда самое ценное она уже забирает.

Взглянув на ""самое ценное"", девушка сказала:

— Не рассчитывала, что он и на такое способен. М... Ведёт? К маяку. Пока я пытылась понять, как это сделать, мы подзадержались... Давай, айда вперед, я следом пойду.","biok_ymer","1531089749505347804"
"27.07.2026 21:39:43","biok_ymer","#9440","—Оберон Райдэн—
|-----------------------------------------------------------------------------|
Ожидаемая реакция для человека что ничего не знал. Остановившись с ним и потупив по сторонам, тот услышал уже что-то интересное, отчего довольно выслушал, после чего стал отвечать:
|-----------------------------------------------------------------------------|

—Значит Пустоши Войны? О них я слышал, но не думал что это Райдэнсон. Хм, выходит боги с богами начали воевать? Пха, ну и потеха! Хотел бы глянуть на это. И ты знаешь понятие Грешник и Ёкай? Ты и вправду интересный типчик. Ну я и не скрывал что я грешник, по меркам простого грешника я бы назвал себя весьма исключительным! Ну по крайней мере таким меня раньше могли назвать.

/Чуть подумав тот завернул в другую тему:/
-Значит Дикие земли растут? Выходит конец света неминуем? Ахах, а я думал старуха просто фигню втирает на старости лет. Неужто людям плевать на возрождение того, что некогда запечатали? И после этого мы то грешны? Церковь похоже погрешнее будет, раз утаивает эту информацию от народца.

/Чуть подумав тот протянул парню руку, говоря:/
-Все же нам нужно познакомиться поплотнее. Я Оберон, бывший генерал и зачинщик побега грешников из ада, а ты кем будешь?

|-----------------------------------------------------------------------------|","samin__","1531252874968043551"
"27.07.2026 21:44:22","biok_ymer","#9440","—Кузнец—
|-----------------------------------------------------------------------------|
Хоть и с опаской но девушка вступила внутрь нечто, позднее зашла и сора, увидя что они оказались в подземелье? И куда их завел этот полуразрушенный древний маяк? Смотря на окружение, кузнец сделав ещё одну затяжку сказала:
|-----------------------------------------------------------------------------|

—Похоже мы в лабиринте небес, у небожителей. Интересное место ты конечно выбрала, ну в принципе мне по пути. Ну и что ты хотела обсудить?

/Встав у стенки, та уже поскорее глянула на мечницу, ожидая вопросов. Портал же через время закрылся./

|-----------------------------------------------------------------------------|","ktoia","1531258397523968081"
"27.07.2026 22:19:48","samin__","#2997","— Ксавьер Азрахан —

На удивление хвоста не последовало. Либо люди этого мира были столь беспечны, то ли недоговорки мечника были столь же прекрасны как и его лицо. Увидев народец, что покинул свои земли, тот конечно же первым делом решил проверить где же его новая госпожа","biok_ymer","1531108483934720152"
"27.07.2026 22:34:20","samin__","#2997","— Лойд Фронтера —

> Ладно... ладно, он определённо необычный чел, что так просто говорит об уничтожении мира. Мало того что он знает, так ещё и не особо переживает. С таким нужно как минимум сотрудничать, а лучше дружить

И вот только парень собрался дружиться со странным грешником, как тот сам пошёл на контакт. Вот так удача... а не... не удача. Иногда лучше быть в неведении. Рефлекторно скривив лицо, парень посмотрел на мужика с откровенным недоверием, оглядывая его руку. Промедлив пару секунд, тот ответил на рукопожатие, ухмыльнувшись язвительной ухмылкой

— Лойд Фронтера. Иномирец что попал сюда 8 дней назад и уже наслышан о тебе Оберон Райдэн

Качнув рукой в рукопожатии, тот отпустил его руку, поднимая её вверх, говоря всё так-же напряжённо и слегка язвительно:

— Ладно признаю, удивил. Если бы не всё что сегодня было, я был бы в шоке, но думаю я видел сегодня достаточно поражающего

Опустив руку, парень чуть прищурился, улыбнувшись чуть сильнее:

— И правда нужно познакомиться поплотнее, учитывая что я в шоке от вашего мирка, да и чего таить, от тебя в частности. Сильнейший грешник! Охмурил богиню! Востал против почти всего мира! Учинить такое... мда... да я твой ФАНАТ! Пф... сказал бы так, если бы не зачал существо, что и должно послужить концом этого мирка. Забавно выходит, не находишь?

Дав понять, что он знает не мало, парень убрал ухмылку, думая знает ли этот факт этот суетолог","biok_ymer","1531370518866038804"
"27.07.2026 22:44:25","biok_ymer","#9440","—Оберон Райдэн—
|-----------------------------------------------------------------------------|
Рукопожатие было весьма плотным, ведь парень немного с силой сдавил руку нового знакомого, однако заметив что тот не покорчилась немного даже удивился, после чего отпустив руку выслушал слова парня и с той же язвительностью стал отвечать:
|-----------------------------------------------------------------------------|

—Иномирец? Таких давно не было, с времён того парня, что клинок сковал... Хм, тогда не удивлен, что ты уже почти у истоков всех знаний встал, иномирцы подобное любят делать.

/После слушая лезть, тот чуть шире ухмыльнулся, махнув рукой:/
-О так ты мой фанат? Не стоит лезти, я просто ""исключительный"", вот и выделился. Однако...

/Чуть умолкнув тот убрал ухмылку, посмотря на парня уже серьезнее, приговаривая:/
-То что ты знаешь течение судьбы, так тому же и саму Сору меня поистине настораживает. Не хочу знать деталей, однако одно я хочу знать наверняка. Чего ты намериваешься добиться?

/Начиная кружить вокруг парня, тот стал спокойно говорить:/
-Знаюший судьбу, имеющий связь с концом света и понимающий сокрытие знания. Такой человек может многое учудить в нашем мире, так ещё и за прошедшие 8 дней все это узнал...

/Остановившись за спиной парня, тот взялся руками за его плечи, чуть высовывая голову через одно из плеч, говоря ему на ухо:/
-Зачем тебе понадобилась богиня смерти, не убить ли мою дочурку, дабы попытаться остановить исход кончины этого мира?

|-----------------------------------------------------------------------------|","samin__","1531384264468463731"
"27.07.2026 22:47:55","biok_ymer","#9440","","",""
"27.07.2026 23:29:55","ktoia","#6622","— Сора Райдэн —

Признаюсь, Сора думала, что эльфийку придётся запихивать силой в этот портал, а она сама! Ну... молодец, что сказать.

Выйдя на той стороне, девушка сразу огляделась и... так же сразу поняла, что они ОПРЕДЕЛЕННО не в Диких Землях. В принципе логично: она про них определенно не думала, она думала о маяке, а этот... М... Да точно такой же ничего не скажешь. Получается, она может перемещаться туда, где не была? Хотя, возможно, работает это как-то иначе. Надо будет как нибудь потренироваться делать это быстрее и правильнее.

Так. Вернувшись к кузнецу Сора услышала что та с легкостью опознала место. ""Лабиринт небес""? Глаз наметан, ничего не скажешь. Поразглядывав ещё пару мгновений окружение, чтобы убедиться, что опасностей поблизости нет, Сора вложила меч обратно в ножны, прошла пару шагов к стене, где стояла кузнец и заговорила, вспоминая вслух то, что уже знала:

— Ты принимала участие в создании клинка для прошлого короля ёкаев. Ты как то перемещаешься через маяки в мир ёкаев и обратно. И ты - та кого я ищу. Мх... Много чего обсудить, если честно. Ам... давай начнем с малого. Я - Сора Райдэн, а как зовут тебя?","biok_ymer","1531371688451641394"
"28.07.2026 00:08:39","samin__","#2997","— Лойд Фронтера —

Парень слушал всё это с некой невозмутимостью. Когда акула начала кружить вокруг него, тот не поворачивался за ней, лишь следя глазами за Обероном, когда тот проходил мимо его глаз. Однако когда прозвучал его вопрос, мурашки по спине всё-же пробежали. Сама ситуация была не из приятных, однако парень уже понял что этот типчик ему как минимум не враг. То что он знал о предназначении своей дочурки - омрачало дело, однако этот вопрос ещё стояло поднять

> Так, судя по тому как он на меня давит - он за уничтожение мира, однако судя по его действиям и словам до, он точно противится всему этому. Или... хм... в чём твой чёртов план? Не зря же ты поднял всех демонов на восстание? Раз уж ты знаешь о конце света, значит уж точно причина была не в простом ""освобождении"". Ладно, была не была. Он мог убить меня прямо сейчас, услышав об этом всём, однако спрашивает об этом, а значит рассматривает как союзника. Ну чтож Сора, посмотрим из чего твой папаша сделан

Совладав со страхом, парень слегка повернулся в сторону мужика, покосившись на того так, чтобы видеть его лишь периферийным зрением, говоря максимально серьёзно:

— Нет. А точнее не совсем. Я и правда хочу остановить армагедон, однако Сору трогать при этом не собираюсь. Ты забыл что я про Муэллу не знал ещё пару минут назад? Сора - моя соратница... во всяком случае сейчас и во всяком случае пока мы оба хотим спасти этот чёртов мирок. Да и если я её уничтожу, отдача от мира будет соответствующей, не правда ли? Так что считай у тебя есть и гарантия моих намерений

Договорив, парень быстро налепил ухмылку обратно, говоря ещё язвительнее и противнее, попутно подняв руку и похлопав мужика по голове пару раз:

— А теперь осади, а то душно становится. Личное пространство соблюдай. Что-то разговор у нас зашёл в дерьмовое русло, предлагаю остыть. Вот например... хм... как ты богиню то ахамутал? Поведаешь? А я может ещё чего интересного вспомню. Спрашивай что хочешь, чую разговор у нас будет длинный","biok_ymer","1531386803431542875"
"28.07.2026 00:55:31","biok_ymer","#9440","—Оберон Райдэн—
|-----------------------------------------------------------------------------|
Слушая уверенный ответ парня тот все время мрачно смотрел на него, однако не увидив нужной реакции тот все же отпустил его отстраняясь, возвращаясь обратно перед парнем, оборачиваясь и вновь ухмыльнувшись, словно ничего и не было, говоря:
|-----------------------------------------------------------------------------|

—Значит спасать мир, мм. Убить не собрался и даже работаешь с ней вместе мм. Ну ладно условно поверил. И зачем ты тогда пришел, если даже не знаешь куда забрел?

/Чуть отойдя от этой темы, парень повел взглядом снизе вверх, говоря:/
-Ну а про Санфиеру я бы мог весьма долго говорить, все же богиня украшен мое сердце когда я был ещё живым! Давно же это было... Хм, а как охмурил, скорее она меня завлекла, ну а там все и пошло. Незнаю чем я ей приглянулся, но в итоге мы скрепили нашу любовь браком, а в последствии и рождением Соры. Хммм наверное тебя, интересует как бывшая светская особа Райдэн докатился до жизни такой? Владелец крупнейшего торгового дома как-то умер и оказался во главе демонического полка, ну не забавная ведь история?

/Раскинув руки в стороны, дополнил:/
-Но если уж так подумать ты не мог предположить что тут буду я, также как и монстры и богиня смерти, отчего твоя цель тут весьма тумана, словно ты и вправду шутки ради пришел сюда, хочешь может колпак для тебя найду с клоунский носом?

|-----------------------------------------------------------------------------|","samin__","1531407998696558624"
"28.07.2026 11:45:08","samin__","#2997","— Лойд Фронтера —

> Хух пронесло. Не сказать что это было ложью, да и убить Сору было бы весьма сподручно, однако на такое пойти я не смогу. Это она главная героиня этой новеллы, а я к сожалению всё ближе и ближе к роли главного антагониста

Продолжая путь парень ответил максимально мрачно и серьёзно, как будто это было важнейшее дело:

— Ага... вот только попробуй сказать ей что я так о ней отзывался. Мы друг друга зрить не можем, хотя и преследуем одну цель /вспомнил как ещё старая Сора его поблагодарила, смягчив взгляд/ хотя... в последнее время всё не так плохо

Однако услышав имя ""Санфиера"" взгляд парня дрогнул. Санфиера... что-то знакомое. Что-то из родного мира... снова. Сан... Фиера... а? Сан Фиеро? АХХАХАХАХ! У кого-то было чувство юмора! Ну серьёзно! От осознания того, что богиню назвали в честь города из гта, парень не смог удержать смеха, отведя взгляд от Оберона. Прохихикав так немного, он вытер слёзку, отвечая:","biok_ymer","1531419794803265737"
"28.07.2026 11:45:09","samin__","#2997","— Прости-прости, просто я похоже знаю чем вдохновлено имя твоей любви. Пх... надеюсь я ошибаюсь... хах!

Однако осознание пришло откуда не ждали:

> Сто-о-о-оп. В смысле когда ещё живым был? То есть ему было... ну хорошо если лет 30, а ей несколько тысяч. Угу... это... странно. Старший Ян бы оценил, но я такого понять не могу. Хотя... Ксавьера там тоже хотят охмурить, но ЭТО ЖЕ КСАВЬЕР, ГЛАВНЫЙ ГЕРОЙ НА СЕКУНДОЧКУ! Я не удивлён что на него даже Лаура повесилась

На последнюю фразу же тот ответил без особого энтузиазма:

— А... на кой я сюда припёрся? По большей части... ну... по приколу. Вообще это последнее место, что таит тайны, от чего думаю тут и кроется ключик к спасению мира и возможно я его и нашёл /указал на Оберона пальцем/ ты знаешь откровенно больше чем те с кем я говорил до этого. Я больше скажу, твой народец какой-то... соевый для демонов. Вот в моём мире демоны были демонами. Там... ужас наводили, людей жрали, грешные души пытали, а вы... ну... по сути и есть эти грешные души. Наверное на демона похож только ты и Канеки... а.... ну тот парнишка с красным глазом в общем

— Так что да, я сюда пришёл в поисках ответов и уже получил не мало, так что наряд клоуна можешь оставить у себя, если я снова сюда сунусь. Вот тогда можешь меня хоть насильно нарядить. Ты заикнулся что есть забавная история о твоём становлении грешником, так ещё и ""исключительным"". Интересно было бы послушать. А вообще, а как грешниками то становятся. Безгрешных не в одном мире нет, а смотря на некоторых из тех с кем я говорил, они скорее святы, чем грешны","",""
"29.07.2026 01:33:17","biok_ymer","#9440","—Оберон Райдэн—
|-----------------------------------------------------------------------------|
Идя дальше по извилистому пути, тот слушал речь парня и все живу давался с его спокойствия и слов, что он говорил с ним. Однако дав тому выговориться заговорил:
|-----------------------------------------------------------------------------|

—Хододное сотрудничество, это лучшее сотрудничество. Если бы у вас было вражда или плотный союз было бы сложнее разорвать эту связь без последствий, а так в случае чего и предать не жалко, неплохо.

/Что-то прикинув, тот добавил:/
-А вот имя не сказать что смешное, ты меня даже немного задел, однако на первый раз прощаю. Спасибо хоть с моего имени не посмеялся.

/Услышав про деманов тот чуть газмурил бровь, говоря:/
-Думаешь восстание было создано потехи ради? Многие тут не заслуживали вечных скитаний, однако старуха рассудила, что иметь шанс на перерождения они не достойны, отчего и был воздвигнут легион, дабы дать пожить тем, кто не достоин тут гнить. Ну а твари которых ты видел ранее, это по сути и есть истинные грешники, что потеряли человеческий лик в угодии своего греха. Ну или почпокался кто из деманов, иначе незнаю отчего их тут так много.

/Пожав плечами, тот продолжил:/
-Ну а я был заворожен своей богиней, отчего и в любви к ней и пошел на многие жертвы. Ты же в курсе, что на каждом континенте поклоняются кому-то конкретному? 13 континентов, означают 13 божеств и на моём континенте как раз таки и поклонялись ей, что я не совсем помолодости понимал, пока не встретил её прибытия на белый свет. Поистине когда видеть божество не можешь отвести от него взгляд, так моняще и так далеко от человечкогл сердца, что так и хочется это забрать. Словно неограненный кристалл, что сверкает не вправе быть тронутым... Хм, что-то я заболтался, извини, тянет меня восхвалять свою женушку.

/Тот хотел было продолжать, однако отчего-то уставившись на парня завернул в другую тему:/
-Чтобы не превратилась это в долгий монолог, мог бы ты поведать, что там с Сорой сейчас? Если не ошибаюсь, ей сейчас должно быть за 30-ть? Хммм или за 40-рок? Незнаю сколько я тут, тут сложно понять течение времени.

/Стоял он кстати с таким невинным видом, словно вообще ну не угадал парню и не поубивал половину грешников по пути.../

|-----------------------------------------------------------------------------|","samin__","1531583280162410537"
"29.07.2026 01:35:28","biok_ymer","#9440","","",""
"29.07.2026 01:39:33","biok_ymer","#9440","—Кузнец—
|-----------------------------------------------------------------------------|
Сделав ещё одну плотную затяжку и выдав плотного такого дымка, та поняла, что сигарка то кончалась, отчего устало охнула, убрав ту в большой корман своей формы. После подумав, та сказала:
|-----------------------------------------------------------------------------|

—Я Петрония, долгоживущая эльфийка и небесный кузнец на службе небожителей. Ну а меч создала не я, а мой наставник, что является иномирцем, отчего вряд-ли у тебя будет шанс с ним свидеться. Да и на вопросы про меч мало чем смогу ответить, все же не моя работа. Однако что знаю могу сказать, хоть и не понимаю на кой ляд мне вообще беседу с тобой вести, ведь выгоды для меня тут немного.

|-----------------------------------------------------------------------------|","ktoia","1531398251113091173"
"29.07.2026 04:11:24","ktoia","#6622","— Сора Райдэн —

Положив руку на бок, девушка выслушала кузнеца, а после ответила:

— Петрония... Хорошее имя. Понимаю твоё нежелание тратить время на разговоры с незнакомкой. И сама не люблю, когда меня отрывают от дел ради бесед. Но.. мм... Я думаю, ты должна понимать, что без ответов я от тебя не уйду. И чем быстрее всё это закончится, будет лучше для нас обеих, верно? ...Так.... **Иномирец** сделал этот меч? Э... кхм. В любом случае ты была подле него и что-то да знаешь...

Она подняла руку выше и смахнув волосы с лица, спросила:

— Что ты знаешь про того, для кого твой наставник делал этот меч?

> Пожалуйста, Петрония, не **еби мне мозги** со своей выгодой... умоляю. Не хватало еще проблем с небожителями поиметь.","biok_ymer","1531793263885816030"
"29.07.2026 08:26:30","biok_ymer","#9440","—Петрония—
|-----------------------------------------------------------------------------|
Девушка отдала конечно беседу, но допрос, так ещё и без выгоды, девушка недовольно нахмурила брови, говоря:
|-----------------------------------------------------------------------------|

—В отличии от тебя я долгожитель, отчего подождать предложения за информацию могу и годами, а вот хватит ли у тебя терпения, ещё тот вопрос. Пока у меня не имеется интереса тебе что-либо рассказывать, тем более тому, кто украл этот меч.

|-----------------------------------------------------------------------------|","ktoia","1531831478755922040"
"29.07.2026 11:45:31","samin__","#2997","— Лойд Фронтера —

> Предательство. А что, вполне себе может... особенно если её снова промоют. Тс... вот бы колечко с собой взял

> Значит восстание было и вправду чтобы покинуть ад? А эти уродци - и есть жёсткие грешники, что извратились под влиянием греха. Да... система этого мира запутанная и вправду вбирает в себя все самые неожиданные клише. Эм... стоп... ПОЧПОКАЛИСЬ?! Это вот это рождается от грешников? Ну нихуя себе!

Услышав вопрос о Соре, парень посмотрел на собеседника как на дебила. Его вовсе не волновало что тот поубивал монстрятину. Раз человечность они потеряли, значит к ним и нет смысла обращаться как с людьми, а то что ему угрожали он и вовсе считал нормой. Нет, не потому что привык, а потому что понимал, что если бы кто-то подобный пришёл за Юки, его реакция была бы возможно куда страшнее. Однако... неужто он не знает о порталах?

— Знаешь, я удивлён. Я предполагал что ты жив, в отличии от Соры что убеждена в вашей смерти, но я думал что ты будешь... извини если прозвучит грубо... уродом. Ну, там... создал семью, чтобы уничтожить мир и породить оружие. А судя по тому как ты отзываешься о них, я бы назвал тебя семьянином

Ухмыльнувшись от своих же слов, парень начал отвечать на вопрос:","biok_ymer","1531791688098516992"
"29.07.2026 11:45:32","samin__","#2997","— Значит ты и правда не знаешь об изменении судьбы, но знаешь о её первоначальном итоге. В общем Соре сейчас... ну... чуть за 20, может 25. Не уверен, не интересовался. В общем ты считай и прав... но при этом не прав. Она отсутствовала в мире на протяжении 20-ти лет, так что не постарела. Номинально ей за 40, тут не ошибся. Что ещё рассказать. Эм... нашла свою любовь... дамс... можно наверное и так выразиться. Есть проблемы с алкоголем и пониманием реальности. Да и в мирке мало чего хорошего происходит. Так и чувствуется что всё на сопле весит, так что и настроение у нашей ""команды"" не к чёрту

— Ты упомянул что легион был собран чтобы освободить всех, кто не должен тут находиться, хотя смерть считает иначе. Не скажу за всех, но уж точно многие из тех, с кем я пересекался будут по лучше некоторых ныне живущих, как например меня... хах. Только вот зачем их освобождать аккурат перед концом света? Оно того стояло? Да и за дочурку свою ты спокоен в общем то, хотя пришествие должно было уже произойти если бы не парочка НО.

> И как он вообще её родил то? Ёкай + Грешник = Полу Ёкай, полу грешник? Вот этот вопрос лучше не задавать, всё равно пустая информация, да и сам вопрос может его разозлить. Нужно держать дистанцию","",""
"30.07.2026 01:54:18","ktoia","#6622","— Сора Райдэн —

> Ну конечно! Тебе же что то нужно! Ахх... сейчас голова разболится, угрожать начать что ли? КХМ. Ладно, так говорить не буду. Допустим, ремесленница значит.

Девушка приподняла свободную руку и потерла лоб, затем опустила её и окинула Петронию внимательным взглядом с ног до головы. Сфокусировавшись на её лице, она заговорила тверже и резче:

— Во первых, **нихера я не крала.** Это семейное. А во вторых...

Смягчила голос и продолжила уже спокойнее: 

— Знаешь, я работала со многими ремесленниками и могу сказать точно: ты не похожа на ту, кто работает ради денег. Ты выглядишь так, будто работаешь ради... м... идеи? Или скорее результата. Мне кажется, тебе важен процесс и само изделие, которое ты создаёшь. Но хорошее изделие невозможно сделать без хорошего материала, верно? Я могла бы достать то, что ты попросишь. Наверняка есть места, куда ты не можешь попасть, а для меня почти все дороги открыты. Я тебе - ресурс, а ты мне - информацию. Пошло?","biok_ymer","1531895676814753883"
"30.07.2026 18:49:05","biok_ymer","#9440","—Петрония—
|-----------------------------------------------------------------------------|
Недовольно оглядев мечницу, та чуть кашлянула в кулак, после чего добавила:
|-----------------------------------------------------------------------------|

—По моим записям меч должен был принадлежать семейству Райдэн, а именно Оборену Раэдэн, после же он и вправду должен был перейти к его дочери Соре Райдэн, однако девушка носить сдержанную ёкату, имеет белые глаза и серые волосы. Высокая и тощая, смотря же на тебя я могу сказать, что ты от неё имеешь разве что имя, ведь ты совершенно не похожа на данной описание, отчего и делаю вердикт, что ты его украла.

/Закончив свою мысль, девушка чуть подумала о материале, говоря:/
-В мир ёкаев я и сама могу зайти, а вот есть и вправду места в кои я не могу попасть. А именно я не могу попасть в Бездну ради обогащенный руд и редких материалов драконов в Селесте. Оба места весьма опасны, отчего провозглашенный владелец меча вряд-ли сможет что-то добыть там, без лишних жертв...

|-----------------------------------------------------------------------------|","ktoia","1532159362523598929"
"30.07.2026 19:04:55","biok_ymer","#9440","—Оберон Райдэн—
|-----------------------------------------------------------------------------|
Слушая парня тот немного задумывался над темами, что он поднимал, однако не долго заставляя ждать, стал отвечать:
|-----------------------------------------------------------------------------|

—Я же говорил, что исключительный грешник. По мнению старухи хуже меня и быть не может хехе, во мне вроде присутствует 4-ре греха? Точно не помню. И ты прав, ради своей семьи и людей мог пойти на многое и под многое я имею ввиду море крови и погребальных костей, на коих я буду плясать~. Да и ты сейчас говоришь не с героем, а представителем погибели мира, отчего и статус добряка мне присвоить не дают.

/Про дочку же тот слушал разинув рот, удивляясь каждому новому слову, говоря:/
-25? Не было больше 20-ти лет!? Нашла любовь!? Ну и ну, да у неё жизнь понасышенее могу будет в молодости хах. Это же надо вырвать с мира на 20 лет, в коих где-то неизвестно где себе и жениха нашла, хех, интересно. А вот алкоголем запивают обычно не спокойную жизнь, ну главное чтобы не спилась, не хотелось бы встречаться с ней тут и не увидеть внуков! Хотя здесь внуков лучше не видеть, ато звучит как-то плохо...

/Чуть сбавив обороты, тот зацепился за другую тему, говоря:/
-А, ну так дело простое. Старуха то у нас на башку больная и отказалась некоторых перерождать из-за глупой оплошности при жизни или из-за их отказа отказаться от прошлой личины, вот и пришлось идти против дабы дать шанс им доделать дела на поверхности. Хотя судя по твоим рассказам, судя по всему боги все же смогли остановить наше нашествие, кинув грешников в забвение, от своей прошлой жизни, вот они и не знают, отчего была сделана восстание. А ведь по сути, мы шли против божеств как раз чтобы изменить их порядок, в итоге прогрело дело, жаль. Ну а дочь, если бы у неё были серьезные проблемы, я бы об этом деле отсюда как первый зритель бы и узнал, очтего и не беспокоюсь за неё.

-Ты лучше скажи, сам чего намеривается добиться? Разорвать круг забвения? Дело конечно правильное, однако ёкаи тебе не позволят пойти против того, что работало несколько вехов как, вот я и не думал об этом изменении, все равно рано или поздно все окажутся тут.

|-----------------------------------------------------------------------------|","samin__","1531945765344379050"
"30.07.2026 20:01:41","ktoia","#6622","— Сора Райдэн —

Девушка перенесла вес на правую ногу и слушая Петронию, нахмурилась. Так... я это не я. Ага... вот оно что. НУ НИФИГА СЕБЕ! Весело придумали, ничего не скажешь.

Сора постояла, подумала над сказанным, затем медленно выдохнула, потирая переносицу, заговорила стараясь сохранять спокойствие, хотя в голосе проскальзывала лёгкая агрессия:

— Слушай... я понимаю, со стороны это выглядит именно так. И я бы на твоем месте, наверное, думала бы так же. Но я - это я. Сора Райдэн. Просто... —/Запнулась, подбирая слова/ со мной случился один случай. Не буду вдаваться в подробности, но я изменилась... внешне видимо особенно. Так что можешь называть это совпадением, странным стечением обстоятельств или чем угодно, но я не крала его. Он мой.

Махнула рукой, отмахиваясь от этой темы и перевела разговор на более конкретные вещи:

— Но давай не будем сейчас об этом. Ты сказала про Бездну. Весело придумала, определенно. Мы сейчас в Лабиринте небес, да? Значит до Бездны рукой подать...

Сора призадумалась, вспоминая, что Лойд сейчас где-то там, затем вздохнула и кивнула, принимая условия:

— Хорошо. Я попытаюсь достать для тебя то, что нужно. Найду твои материалы... А ты в обмен расскажешь мне всё, что знаешь. Мх. Найти тебя я и сама смогу. А теперь...

Взглянула в даль лабиринта.

— Как отсюда выйти...","biok_ymer","1532414742860267702"
"30.07.2026 23:21:22","samin__","#2997","— Лойд Фронтера —

> Готов на многое ради народа и семьи. В целом хорошая позиция, правда то как он говорит об этом, слегка пугает. Понятное дело что именно море крови он и реализовал. Хотя... я и могу его понять. Сам за частую щёл на перекор принципам во благо тех, кто меня окружал. Вот только вопрос, на сколько расходятся наши интересы? И если расходится, кто кого сможет переехать первый?

Идя дальше, парень поднёс свободную руку к подбородку, начиная тот подбирать:

— Вот ты так отзываешься о богине, намекая что та не в себе, а у самого то тоже не все дома, судя по типу мышления /вдруг усмехнулся/ хотя... хах... не мне это говорить. Какой здравый человек бы пришёл в ад по собственной воле, так ещё и ""мило беседовал"" с потенциальным врагом, хотя я и не жалуюсь, не подумай. А вообще будет интересно спросить сколько грехов у такого ублюдка как я~

Вновь усмехнувшись, парень переложил лопату в другую руку, продолжая:

— Так значит Сэм был прав, грешники это не упокоенные души. На счёт оплошности ничего не могу сказать, а вот личину... не думаю что отбросить свою личность, чтобы переродиться - что-то странное. Я думал перерождение так и работает. Но посыл я понял, правда по видимому они и правда забыли многое, учитывая что сейчас просто хотят жить на поверхности, более походя и впрямь на неприкаенные души. Мда... с каждым предложением от тебя, всё больше и больше задумываясь, стояло ли им помогать

Сказав это, парень покосился на метку на своей руке, вспоминая о её смысле. Прищурившись как от кислой конфеты, тот опустил руку, ничего более не говоря по этому поводу, откладывая эти мысли на момент, когда выйдет на поверхность, предпочитая не задумываться о лишнем, а сконценрироваться на разговоре, чтобы не выпалить чего-то лишнего:

— Не уверен что понял тебя, на счёт ""разрыва круга"", однако наверное могу сказать... да? Первоначальная задумка просто не дать прошлой королеве Ёкаев освободиться, но она и так скоро придёт, так что вот и бегаю, пыжусь, способы ищу, а ёкаи... мэх... не сказать что я в них не верю, скорее просто не расчитываю на то, что они будут обращать на меня внимание пока я что-то не вытворю, а когда вытворю /усмехнулся/ будет уже поздно

Вновь посмотрев на собеседника, парень стал говорить на много серьёзнее:

— Только вот я так и не понял. Нет, логика в целом ясна, если Сора не тут, значит всё не так уж и плохо, но не понимаю. Если ты представителем погибели мира, то почему хвалишь мои методы и идеи, да и... почему не прикончишь то? Да и вообще я честно говоря не понимаю зачем вообще его уничтожать, если умрёт всё. Нет, ну буквально. Ты, твой народ, твоя любовь и даже дочь. Они ведь все погибнут, разве не так?","biok_ymer","1532418727872696451"
"30.07.2026 23:23:10","samin__","#2997","","",""
"01.08.2026 11:47:39","biok_ymer","#9440","—Оберон Райдэн—
|-----------------------------------------------------------------------------|
Парень ухмыляясь довел его до края карты нарисованную системы, судя по всему, дальше узкий проход вел в первый слой. Став у него я парень ответил:
|-----------------------------------------------------------------------------|

—Чем ненормальные человек, тем он интереснее, разве нет? У обычных людей и истории скучные, а вот у нас чую будет ещё море историй, что скрасит нашу жизнь. И Сэм? Ну и скучное же имя у парня, интересно что его сюда привело. Да и знающий он, интересный малец.

/После отринув рассуждения тот задал другую тему:/
-Ну а грешники что забыли как свою жизнь, так и стремления по сути не сильно отличаются от тварей, что ты ранее видел, если не хуже, раз даже отпора дать не могут. Я бы наверное занялся бы их ""промытием"" или же закончил бы их путь уже в новую жизнь.

/После тот лениво потянувшись, стал отвечать вновь без энтузиазма:/
-Остановить неизбежное по сути и является прерыванием круга судьбы, не находишь? А боги, пуф, только и могут проклятьями закидывать, ничего они тебе большего сделать не смогут. Да и не думаю, что всем там так уж хотят возвращения королевы. А погибель я в глазах друг, разве не очевидно, что людям был нужен козел отпущения и страшная байка для пугалок детей? Ну вот, я ей и стал. А уничтожения это неминуемый исход, смысл пытаться что-то изменить, если все равно рано или поздно мир уничтожится и начнет воспроизводиться вновь. Цикл на то и цикл, чтобы быть и мозги нам ломать. Не думаю, что тебе получить посещать судьбе произойти, но...

/Парень вновь ухмыльнулся, говоря:/
-Но если у тебя выйдет, я был бы в первых рядах, кто стал бы тебе хлопать на данное представление. Вертеть судьбу не каждый может и если передо мной именно такой иномирец, хочу жизнь застать подобное явление. Вспоминаю даже моменты как я и сам полюбил бога и преодолел судьбу, дабы дать потомства. Между прочим это весьма маленький шанс на подобный исход, отчего я не только исключительный злодей, но и исключительный везунчик!

|-----------------------------------------------------------------------------|","samin__","1532483263556354098"
"01.08.2026 11:54:15","biok_ymer","#9440","—Петрония—
|-----------------------------------------------------------------------------|
Глянув на ту уже с усмешкой, та отошла от стены и направилась по коридору, говоря:
|-----------------------------------------------------------------------------|

—Хах, а ты вкд и вправду тут не ориентируешься хехе. Ну иди за мной, выведу. Но за реакцию других там я не отвечаю. Да и выбираться придется с небес, не уверена что ты умеешь летать, поэтому посмотрела бы я на то, как ты бы спустилась. Ну а меч? А чё ты хочешь знать? Материал, год изготовления, силу? Ответ все может очень сильно затянуть наш разговор, отчего предпочла бы слышать конкретику.

|-----------------------------------------------------------------------------|","ktoia","1532433013865185311"
"01.08.2026 14:20:26","samin__","#2997","— Лойд Фронтера —

Услышав рассуждение парня о ""грешниках"" парень хмыкнул, понимая что этого к ним подпускать нельзя. Он уже примерно понял в чём дело и как именно Ёкаи прокляли их, однако Итами вроде как сказала что она не заметила их влияния... хм... вот непонятно, она всё помнит в таком случае, или на оборот слишком хорошо поддалась промывке

— На счёт грешников я не соглашусь, однако проклятие это проблема... согласен. Ладно, что-то придумаю

Посмотрев на край карты, парень чуть задумчиво, ответил:

— Мда... цикл замкнут к сожалению. И вот смысл всего этого, если всё произойдёт вновь? /Пара секунд молчания, а после удивлённый восклик/ ВСМЫСЛЕ МОЗГИ ЛОМАТЬ?! ТЫ ЧЁ, ПОМНИШЬ ПРОШЛЫЕ ЦИКЛЫ?!

Момент с потомством был проигнорирован, но принят к вниманию. По сути это было бесполезно, но интересно что по сути для рождения Соры пришлось пойти на что-то противоречещее судьбе, хотя это и так было понятно

Покричав на отца Соры, парень прикрыл рукой глаза, понимая что всё усложняется. Если он что-то помнит, то... ДА КАК ТАКОЕ ВОЗМОЖНО!? Дерьмо-дерьмо-дерьмо. Это нельзя перевернуть в свою сторону, однако... кое что у парня всё-же появилось в голове, от чего опустив руку, тот выдохнул и собрав остатки спокойствия ухмыльнулся слегка посмеиваясь:

— Хи-хи-ха-ха... ладно, этого я не ожидал. Значит из раза в раз всё одно и то-же. Хм... это многое меняет... слушай. А как ты смотришь на пари? Ты знаешь кто такой крёстный отец? У вас в мире вообще такое понятие есть?","biok_ymer","1533033461001224365"
"01.08.2026 17:02:38","ktoia","#6622","— Сора Райдэн —

Девушка решила не реагировать слишком остро на усмешку кузнеца, но ещё одна капля в чашу терпения явно упала. Развернувшись, она пошла следом и поравнявшись с Петронией, сказала:

— Ясное дело, я не ориентируюсь в месте, где никогда не была. Знаешь ли, подземелья - это та ещё морока, помяни мой опыт! Заходить в каждую комнату, чтобы в итоге найти выход, не хочешь ни ты, ни я. Так что да, лучше выведи меня, чтобы не затягивать этот процесс.

Она глянула на кузнеца.

— Чёрт с их реакцией, какая мне разница? Всё равно задерживаться здесь я не собираюсь. И... серьёзно? Ты только что видела, как мы переместились сюда из мира ёкаев. Догадываться, как я буду перемещаться тут, не нужно... Как раз и потренируюсь, может окончательно разберусь....

Перевела взгляд вперёд.

— Хм. Да знаешь, я не тороплюсь, но если хочешь конкретики - начнем пожалуй не с меча. Что тебе известно про того, кому вы делали этот клинок? Каким он был? Знаешь чего приследовал?","biok_ymer","1533035122377359360"
"04.08.2026 02:51:44","biok_ymer","#9440","—Петрония—
|-----------------------------------------------------------------------------|
Ведя девушку по однотипным на вид коридорам, она услышав некие реплики все также ухмылялась, добовляя:
|-----------------------------------------------------------------------------|

—Судя по тому как ты долго делала портал, так ещё и в неизвестное для тебе ранее место, ты не умеешь их делать, а также не имеешь понимания пространства, отчего шанс того что ты мирно спустился вниз, почти нулевой. Это будет весьма интересное шоу, надеюсь увидеть в первых рядах.

/Про последний вопрос та чуть задумалась, говоря:/
-Светская особа, очень своенравная на вид, но весьма притягательная своей харизмой. Как я знаю ранее он был правителем одного из континентов, Однако какого и где он сейчас я беспонятия. Разве ты с ним не знакома, по твоим же словам, раз ты Сора, а?

|-----------------------------------------------------------------------------|","ktoia","1533112728124657715"
"04.08.2026 03:20:31","biok_ymer","#9440","—Оберон Райдэн—
|-----------------------------------------------------------------------------|
Парень не особо понимала его резкого переменны настроения от пары слов, да и отсылок тот тоже судя по всему не понял, однако из интереса сказал:
|-----------------------------------------------------------------------------|

—Крестный это своего рода наставника, что считай дядя для чада и его самый близкий человек, что не является семьёй... К чему ты это спросил? Да и я не сказать что знаю всю историю и помню другие линии этого мира, я их просто предчувствую. Знаешь, ощущаю все словно под чувством дежавю... Однако с тобой такого не испытываю, отчего меня ты и заинтриговал! Скорее всего чувство не работает на иномирцев, что сюда зашли мимоходом, отчего твоя фигура меня и вправду привлекает. Было бы жалко, если бы ты помер так и не повлияв своим присутствием на мир, хотяяяя... Думаю ты уже с этим справился, верно? Хех, все же ты уже не последний человек на верху, я прав? Эх, может прогуляться туда? Хотя, думаю это назовут новым пришествием и вряд-ли дадут мне спокойно сходить на экскурсию, какая жалость! Ну ладно, ты идти собираешься или ты хочешь бесконечных Трепов о великом?

|-----------------------------------------------------------------------------|","samin__","1533071909493936128"
"04.08.2026 03:22:37","biok_ymer","#9440","","",""
"04.08.2026 14:21:33","samin__","#2997","— Лойд Фронтера —

Хмыкнув, парень решил сначала ответить на самое не интересное:

— Дежавю? Хм... не так плохо, но было бы приятнее, если бы ты знал исход. Хотя по видимому ты его и так знаешь. А что до меня. Ну...

/Призадумавшись парень занёс руку за голову, начиная почёсывать затылок/
— Можно сказать и так. Делов я натворил, но сказал бы что меня многие недолюбливают, в особенности сейчас. Не уверен остались ли по прошествии сегодняшнего дня у меня союзники

— А что до прогулки... думаю многие возбухнут. В первую очередь небожители, а потом и люди... тс... в общем согласен, тебе выходить от сюда нельзя. Хех... ещё немного и меня припишут в твои прихвостни, вот увидишь... если ничего не поменяю...

Осознав это, вопрос о том, почему Оберон от сюда не выходит улетучился. Однако оставался ещё один самый интересный момент. Парень чуть ухмыльнулся, запрокинув голову вверх, убирая с глаз чёлку, начиная заливать:

— Помнится ты с десяток минут назад сказал что стал той самой страшилкой, которой детей пугают. Достижение конечно такое себе, но достижение! Так что я бы хотел предложить тебе пари на этой почве

/Улыбнулся чуть шире/
— Я же про крёстного спросил не просто так. Значит в вашем мире это тоже практикуется, тогда проще будет объяснить то, что я хочу устроить. Понимаешь ли, в моём мире было ещё одно негласное значение этого ""титула"". Его удостаивался главарь преступной организации, который был не просто ""главой"", а скорее названным отцом всех членов банды. Тот кто вступался за каждого своего подопечного, помогал в затруднительной ситуации и заботился о семьях погибших. Приказы такого человека выполняли не из страха и даже не из слепой преданности, а самовольно, помня всё добро что он сделал для каждого

— Так вот. Если я смогу спасти мир, я хочу чтобы ты стал крёстным отцом одной девочки что выросла на страшилках о тебе. Не в смысле её близкого человека и не в смысле босса, а что-то среднее... идейного наставника что-ли? Или скорее скрытой силы, ведь она и сама не будет знать об этом разговоре
После сказанного, парень протянул руку, дополняя:

— Ну а если у меня не выйдет... ну... тут на твой выбор. Либо буду должен желание в момент уничтожения мира или уже выполню твою просьбу в следующей жизни. Что скажешь?

Договор с сатаной, только демоны договариваются между собой","biok_ymer","1533993001095794718"
"04.08.2026 14:31:52","ktoia","#6622","— Сора Райдэн —

Определённо общий язык найти будет сложно - уж больно этот кузнец язвительный по меркам Соры. Впрочем, в одном она определенно была права: девушка не особо и поняла, как это работает. Но какая разница? Учиться же нужно - вот и будет учиться. К тому же, ориентир у неё не какая-то ""Бездна"", которую она в жизни не видела и не представляет как она выглядит, а Лойд, который находится там. Образ этого не очень красивого союзничка она точно помнит, значит, должно быть легче... мм... наверное.

Продолжая идти, Сора услышала ответ на свой вопрос и удивлённо глянула на кузнеца.

> В каком смысле ёкай был правителем континента?... Король ёкаев и по совместительству глава страны? Весело выходит. И... что? Почему я про его знать то должна? В жизни его не видела, уверена, запомнила бы такую личность... возможно. А так я даже не знаю и не помню имени этой ""светской"" особы. Мм... Стоп. Про то, что он заточен, она не знает? Хм. Допустим...

Сора сложила руки перед собой и хмуро глянула на кузнеца, говоря:

— Может, забудешь о своём недоверии? Я СОРА и я прямо чувствую, что ты что-то точно не договариваешь. Неужели так мало знаешь? Мм... Я рассчитывала на что-то более стоящее от такого великого долгоживущего кузнеца... Что ж... Паршиво-паршиво, но ничего не поделаешь да?

Взяв кузнеца на понт, Сора отвела от неё взгляд и добавила с лёгкой усталостью:

— Это действительно всё, что ты знаешь про прошлого короля Ёкаев? Прямо всё?

> Если это всё про этого мистера Х, то нужно переходить к мечу.","biok_ymer","1533985755330777299"
"05.08.2026 01:50:03","biok_ymer","#9440","—Оберон Райдэн—
|-----------------------------------------------------------------------------|
Парень слушал того, не совсем понимая к чему он вел, с неким скептицизмом, однако услышав окончания тот засмотрелся на руку, а после протянув свою пожал, приговаривая уже с улыбкой:
|-----------------------------------------------------------------------------|

—Помощь одной живой душонки за спасение мира? Пха, да если у тебя выйдет я буду готов весь род этого человека защитить. А вот если не выйдет, что же... Я пожалуй приеду это желание, в меня уже есть идейки, договор.

/После сказанного тот закончил рукопожатие, после чего зашёл внутрь прохода, говоря:/
-Ладно, думал будет забавно тебя одного отправить туда, но мне теперь интересно послушать разговор, поэтому провожу до покоев смертушки. Хах, считай буду работать твоим личным жнецом, не оставай ""дружок"". И по пути хотелось бы услышать детали о человеке, коему ты так стремишься дать защиту. Явно не простой, раз ты пошел на такой шаг.

|-----------------------------------------------------------------------------|","samin__","1534159356910899220"
"05.08.2026 04:16:37","biok_ymer","#9440","—Петрония—
|-----------------------------------------------------------------------------|
Девушка и вправду не особо хотела располагать о знаниях человеку, в коем не была уверена, отчего лишь поправила:
|-----------------------------------------------------------------------------|

—Владельцем меча никогда и не был король ёкаев. Да и ты права, я до сих пор тебе не верю, отчего большего и не скажу про владельца.

|-----------------------------------------------------------------------------|","ktoia","1534161950504652971"
"05.08.2026 14:05:50","samin__","#2997","— Лойд Фронтера —

> Виктори! Ку-пил-ся! Конкретно спасти мир будет сложно, но вот ещë отсрочить - вполне. Хех, значит хотел увидеть как я бы один туда пошëл. Ну и жук!

> Иметь в союзниках ТАКОГО кадра - многого стоит, хотя я и не могу назвать его таковым. Интересный кадр, но очень своенравный и со сломанным мировоззрением. Сразу видно, устал от жизни с постоянным чувством дежавю, ну чтож, пока я его ""веселю"" я в безопасности... ну или почти. Кто знает что ему в голову взбредëт

Зайдя в след за мужчиной, Лойд нагнал его, идя рядом, закинув лопату на лопатки, свесив с той руки, полностью расслабившись:

— Ну знаешь ли. Получить защиту от твоих ""невероятных планов"" уже многого стоит... хах. А что до человека что нужно будет защищать. Ну... это не совсем человек

— Как бы вернее выразиться... зверочеловек, Юки Фронтера. Думаю объяснения лишние, ведь ты еë фамилию уже услышал. Если не вдаваться в подробности весьма перспективная девочка, что переплюнет даже меня когда вырастет, а я на секундочку сейчас прямо к смерти иду

> Ну да, остальное рассказывать будет лишним, лучше просто разогреть его интерес

— Дай ка угадаю, дежавю не чувствуешь при упоминании имени, не так ли?

> Ну естественно не чувствует, еë не могло существовать в прошлых исходах. Скорее всего они шли по разному с весьма явными отличиями, но с одними и теми же глобальными событиями и действующими лицами. Главными и второстепенными героями глав, а Юки родилась под конец круга, от чего само рождение было не во всех циклах, а чтобы она повлияла на что-то... очень маловероятно

— Так что не скажу что я в минусе от этой сделки. ""Ради своих людей идти на всë, чтобы остальной мир жалел что не на твоей стороне"" это если что моë мировоззрение, а судя по обрывкам твоего рассказа мы весьма похожи в этом плане. Поправь если не прав

— И да, может расскажешь что-то о смерти? Ну в смысле старухе. Судя по всему не самая приятная особа. Что при ней можно говорить, а что нет например?","biok_ymer","1534332622300385513"
"05.08.2026 16:15:30","ktoia","#6622","— Сора Райдэн —

На такое откровение девушка прямо выпала ибо... Чего?

> В смысле - прошлый владелец меча не был королём ёкаев? Какого хуя? Что? А кем он был?! Бред какой-то... По порядку: почему они считают, что мечом владел прошлый король ёкаев? Лисица в разговоре со мной часто упоминала именно прошлого короля ёкаев, она не отрицала и только говорила про заточение и то, что убить его не выйдет... Так, ладно. Эта лисица уж больно странная, ей верить не особо и стоит. Значит... Кто там следующий? Лойд. Он где-то надыбал, что прошлая королева ёкаев запечатана в древе в Диких Землях как раз таки владела им, что сходится и со словами Лисицы, и с Донис. Тот же кошара тоже не отрицал, что этот меч ему принадлежал и что король запечатан, да и много кто говорил что меч не должен оказаться в руках людей? А чьих должен? Так... Да в целом, если повспоминать, упоминания что это меч именно прошлого короля ёкаев многовато. И... так это не ёкай вовсе? Старушка, ты либо крышей поехала, либо врешь на чём свет стоит, либо это очередное недопонимание, либо... открыла ещё одну часть до безумия запутанной истории. Пф... Ладно, как останусь одна спрошу у того кто точно знает верный ответ. Но то, что я сейчас услышала, попахивает брехней...

— Слушай, я уже устала от этой игры в ""верю - не верю"". /глубоко вздохнув сразу добавила/ Ладно. Забудь. Я поняла, что ты не собираешься говорить больше, чем считаешь нужным. Давай просто оставим эту тему, вернемся как будет время.

Продолжая идти по этим катакомбам, девушка добавила:

— Я определенно замечаю что меч с течением времени или из-за какого-то ""прогресса"" обрастает новыми ""силами"". Каким образом это работает?","biok_ymer","1534369505726304266"
"05.08.2026 22:34:39","biok_ymer","#9440","—Петрония—
|-----------------------------------------------------------------------------|
Про меч девушка без колебаний ответила:
|-----------------------------------------------------------------------------|

—Он изначально обладает большим спектром сил, однако из-за малой совместимости он попросту не раскрывает как свой разум, так и все силы в красе. Чем сильнее ваша связь, чем доступнее его изначальная сила и его разум.

|-----------------------------------------------------------------------------|","ktoia","1534550421266501734"
"06.08.2026 01:12:04","biok_ymer","#9440","—Оберон Райдэн—
|-----------------------------------------------------------------------------|
Слушая того, тот попутно отвечал, не давая тишине быть:
|-----------------------------------------------------------------------------|

—Мои планы обычно касаются движухи мировой, а не разрушения без смысла.

-Родстеница иномирца? Хммм, означает приютил? Ну и не лёгкая же у неё судьба, раз ты её подобрал и ты прав, имя мне незнакомо, отчего я предпологаю, что без твоего вмешательства она могла кинуть, гордись этим Лойд. Однако во что она выростит хотелось бы увидеть. Не каждый день вижу наследие иномирцев. Ну, если не считать меч. О, как там кстати жнецы, все ещё охотятся за ним? Ахах, бесконечная погоня за мимолётной надеждой.

-По сути да, мои люди моя гордость, а чужие для меня не более чем червяки, что не мешают, но лишнее движение и те падут.

-А вот старуха девка та ещё. Сильно своенравная, даже по сравнению от меня. Вечно на своём уме и ноет что смысла в продлении нет, ведь все равно или поздно погибнет. Не скажу что депрессивная, скорее отчаянная особа. Ей бы вселить какую-то надежду, может нормальной станет. Однако аккурат с этим богом, лишнее привязанность к ней привяжет тебя к ней и все вокруг тебя будут страдать, да и лишней грубости лучше не допускать, иначе и на тебя пагать какую нашлет. Вообщем, целый список проблем друг.

|-----------------------------------------------------------------------------|","samin__","1534517789497360516"
"06.08.2026 05:14:07","ktoia","#6622","— Сора Райдэн —

Сора кивнула, принимая ответ, но почти сразу нахмурилась, уловив в словах Петронии то что её зацепило.

— Ладно, с силой понятно - чем ближе мы, тем больше он отдаёт. Это логично. Но ты сказала ""его разум"".

Мечница чуть замедлила шаг, глядя на Петронию с искренним любопытством.

— **Каким образом меч вообще имеет разум?** Я понимаю, что он не просто кусок металла. Но... кхм. У него есть сознание, мысли, что-то вроде личности?","biok_ymer","1534645834854174851"
"06.08.2026 09:23:36","biok_ymer","#9440","—Петрония—
|-----------------------------------------------------------------------------|
Слушая ту, она все также без проблем ответила:
|-----------------------------------------------------------------------------|

—Если бы в нём не было разума, как бы ты поняла, как открывать порталы? Да даже если бы он и был поправку без разума, как он сам вибрирует или как ты с ним говорила? Насчёт этого подробности незнаю, но знаю что он точно разумный. Поэтому не воспринимай его как простой кусок железа, кто ведь и помогать перестанет.

|-----------------------------------------------------------------------------|","ktoia","1534746364322517012"
"06.08.2026 12:06:42","samin__","#2997","— Лойд Фронтера —

> Движухи ему хочется. Без смысла то это хорошо, но вот если твои планы чуть отклоняться, самой большой проблемой может стать не прошлая королева, а ты

Услышав ""подобрал"" парень нахмурился, набирая воздух для ответа, однако услышав слова о гордости сменил гнев на милость, смягчив взгляд:

— Да... а мог бы сейчас заниматься воспитанием, а не идти на смерть или вернее к смерти. В общем да, горжусь ею, а не собой

— А что до жнецов? Ты это про мертвяков о которых Сора рассказывала? ""Бессмертные ублюдки""? Ну, если они, то да охотятся. Когда Сора была на Райденсе, её там слегка прижучили вроде. Подробностей она не говорила, но нежить какая-то странная там была

— А смертушка более своенравная чем ты? Слушай, из твоих уст это звучит как-то несерьёзно. 

> Значит смерть за уничтожение мира... кто бы сука сомневался? Геноцид это её пища буквально и не удивлюсь если сакральная мечта

Слушая дальше, парень хмыкнул, отвечая:

— Говоришь так, как будто я в силах ей дать надежду. Нет, если разговор зайдёт возможно и будет момент, но... в каком это смысле привязанность? Такое ощущение что я взял задание на охмурение божества, честно слово. Ты меня то видел. Тут скорее она меня за грешника примет... орка если быть точным

— Божеств охмурять горазд мой рыцарь... мэх... Лауру заарканил. Кстати, раз уж разговор зашёл, а на кой вообще прошлой королеве уничтожать мир то? Нет, обида от того что её запечатали, все дела, но не слишком ли это? Да и неужто нет тех, кто может продлить печать? Неверю","biok_ymer","1534685450738995393"
"06.08.2026 18:02:16","ktoia","#6622","— Сора Райдэн —

Окей, кузнец знает, что он разумный. Но каким образом - ответить не может... Нууу... ладно. Все таки это поделка иномирца, а не её.

Приняв хотя бы такой ответ, девушка лишь прибавила темп, который замедляла. Одновременно с этим задавая следующий вопрос, касающийся меча:

— Что происходит с теми, кого убивают этим мечем?

Да, вопрос звучит так себе, но если она понимает на что я намекаю, то ответит на него.","biok_ymer","1534809147613249628"
"07.08.2026 01:18:41","biok_ymer","#9440","—Петрония—
|-----------------------------------------------------------------------------|
Услышав следующий вопрос девушка уже напряглась, с недоверием говоря:
|-----------------------------------------------------------------------------|

—Кхм, интересно откуда такой интерес и откуда ты знаешь...? Если убить клинком то душа будет съедена клинком, отчего сущность убитая клинком не сможет вернуться вновь. Поэтому это страх любого бессмертного существа, умеющего реинкорнировать.

|-----------------------------------------------------------------------------|","ktoia","1534939674261455030"
"07.08.2026 02:06:09","ktoia","#6622","— Сора Райдэн —

Услышав очень дурной ответ от профессионала, о котором Сора догадывалась, но надеялась на иное, девушка хмыкнула. Убить Мирную жизнь... бред... ещё и с концами. Да и что уж там - почти всю жизнь орудет им, сколько жизней с концами утекло в небытие? Подобные не очень хорошие раздумья только давили, поэтому об этом стоило умолчать. Да и что-то нужно было ответить кузнецу, чтобы та не поняла, что кого-то важного завалила. Недолго размышляя, девушка выдала:

— Хм... Вот оно что... Ммм... Думаю, мы обе можем уходить от некоторых вопросов из-за недоверия?

Сложив руки на пояс, мечница глянула вперед.

— Значит... Всё остальное связано с тем, о ком ты не хочешь сейчас говорить. Тогда когда принесу материалы, продолжим беседу более откровенно..... .. .. . Как там, долго ещё до выхода?","biok_ymer","1535049505156767926"
"09.08.2026 14:21:24","biok_ymer","#9440","—Оберон Райдэн—
|-----------------------------------------------------------------------------|
Думая над словами парня, тот поэтапно ответил:
|-----------------------------------------------------------------------------|

—Ага, жнецы все ещё охотятся за клинком, смешно. А по поводу божества да, это лучшее что ты мог бы сделать, если ей понравится, проблем будет поменьше. Ато проклятье от смерти, самое что нинаесть неприятное, поэтому лучше всего с ней дружить. А и не думаю что ты так уж плох и что за рыцарь, озмцрившись Лауру? Я думал королеву небожителей только сила и интересует... Иногда ощущение, что в этом мире правят одни женщины, ну и смрад. Почти все ёкаи женщины, что продолжают везде распространять женщин. Да уж и после этого ты спрашиваешь, почему я именно охмурил женщину, а не стал делать все сам.

/Посмеявшись со свой же шутки, тот ответил и на последний тему:/
-Ну а королева? МММ, вроде она правила жизнью? Она же вроде была запечатана своими же детьми, ибо сошла с ума от своей же силы, а вернуть её хотят любители жизни, да и сама старуха если уж на то пошло. По сути сами от себя спасают, дурные, а?

|-----------------------------------------------------------------------------|","samin__","1534850192774266962"
"09.08.2026 14:36:29","biok_ymer","#9440","—Петрония—
|-----------------------------------------------------------------------------|
И вот наконец, свет в конце туннеля! Выйдя из которого девушке предстал небесный город, находящийся высоко над облаками. После чего девушка отвечая на вопрос показал палец вверх и хотела ещё как-то пошутить однако её прервал неизвестный для Слов мальчик, судя по голосу, что стоял позади мечницы, облокотившись о трость, приговаривая:
|-----------------------------------------------------------------------------|

—И что же привело владельца клинка в нашу богом забытую землю? Не оборачивайся, а лучше ответь на вопрос, прежде чем проявлять агрессию.

|-----------------------------------------------------------------------------|","ktoia","1535061449108623360"
"09.08.2026 15:46:46","ktoia","#6622","— Сора Райдэн —

Ого! Вспомнишь солнце - вот и лучик. Если такое вообще можно сказать про выход из лабиринта. Сора удовлетворенно кивнула на жест согласия от Петронии и сразу остановилась, почувствовав нотку опасности за спиной. И действительно - раздался голос, довольно детский, но с явной серьезной ноткой. Мечница, как и было велено не оборачивалась понимая что перечить мальчугану с такой дурной ""аурой"" - себе дороже. К тому же, здесь же только небожители. Нападет на одного - сбегутся все, а такое количество полубогов никто не вывезет.

Она спокойно выдохнула, продолжая держать руки на поясе и глядя прямо перед собой, ответила:

— Не скажу, что земля богом забытая. Довольно красочное местечко. Мм... У меня договоренность с вашим небесным кузнецом. Мы с ней... ам... немножко сотрудничаем, поэтому я подумала, что будет правильно проследить чтобы она вернулась на ваши земли целости и сохранности.

Постучала указательным пальцем по поясу и спокойно добавила:

— С кем я говорю?","biok_ymer","1535975053123129425"
"09.08.2026 23:18:36","samin__","#2997","— Лойд Фронтера —

Слушая уже по ощущениям лучшего друга, парень слегка смутился, когда ему сказали ""не так уж и плох"". Комплимента лучше он не слышал ни разу за последние 5 лет, от чего не знал как и реагировать, однако придя в себя ответил:

— Не дружище. Мы с тобой из разных лиг. Обмануть смерть? Думаю осилю, но вот охмурить... тут просак. Да и сам сказал что не сближаться с ней особо, а то худо будет. Ну и да, злить её я не собираюсь. По мне можешь и не скажешь, но на жизнь у меня полно планов

Услышав свои же мысли, парень хлопнул в ладоши, ткнув указательным пальцем в сторону Оберона:

— ТОЖЕ ЗАМЕТИЛ?! Тут все главные роли достались женщинам! Так что... мы с тобой тут ничего не решаем... Эх... мирок несправедливый. Главные божества - женщины! Главы большей части материков - женщины! Сора - ЖЕНЩИНА! Мда... и вот куда я лезу. Вот ты правильную тактиву выбрал! Хах!

Посмеявшись с ""ну вот вообще не шутки"", а с горькой правды, парень выдохнул, слушая о причине уничтожения мира:

> Просто сошла с ума от силы. Жизнь? В целом логично, но как-то неуверенно он говорит. Так ли оно на самом деле?

— Вот оно как? Любители жизни значит? А это не все Ёкаи случаем? Есть выходит и оппозиция? Мдэ... если Сора их ещё не вырезала

Тут к Лойду пришло осознание, от чего он застыл на месте как вкопанный:

— СТОП! В смысле Муэлла за воскрешение?! А на кой я к ней иду то? Онаж меня прикончит! Даже ты сказал что я ""странный иномирец"", а вдруг у меня выйдет спасти мир? Чёт я передумал","biok_ymer","1535971256829218917"
"09.08.2026 23:51:32","biok_ymer","#9440","—Оберон Райдэн—
|-----------------------------------------------------------------------------|
Ухмыляясь, парень остановился, говоря:
|-----------------------------------------------------------------------------|

—Ну будет тебе, ты в ад спустился и по нему прошел за первую неделю своей жизни тут, у тебя явно талант выживать там, где другие подыхают! Думаю и с богиней справишься, раз от дочки не слег хехе. Да и раз у тебя благословение Лауры, просто так и не сляжешь., Вообщем, верю в тебя дружище. О и не переживай ты так, боги не всевластны, отчего и у тебя есть шанс им противостоять... Ну, наверное. Да и вряд-ли на тебя правила этого мира полноценно работают, он же не твой родной как никак. Вообщем, удачи на свидании, добейся результата ""удовлетворительно""!

|-----------------------------------------------------------------------------|","samin__","1536106448243654656"
"10.08.2026 00:20:24","samin__","#2997","— Лойд Фронтера —

Услышав ""подбадривания смертника"", парень напрягся ещё сильнее, отвечая ему:

— Хе-е-е-е... это... да... Сора меня кокнуть хотела. И что значит благословение? Я бы сказал что она мой враг с недавних пор. Как тут разберусь, буду с ней разбираться, возможно крылышки подрежу. И... пу-пу-пу... как бы сказать /сделал виноватый вид/ я это... слегка стал частью этого мира... так что я думаю сработают на полную. Пуф...

И вновь осознание:

— И ВСМЫСЛЕ СВИДАНИЕ?! ТЫ СЛЫШАЛ ЧЕГО Я СКАЗАЛ? МОЛИСЬ ЧТОБЫ ОНА ОБ ЭТОМ НЕ УСЛЫШАЛА. Не хотелось бы произвести первое впечатление нашими приколами. И что значит ""Удовлетворительно""? Я так понял ВЫЖИТЬ?!","biok_ymer","1536114736964571146"
"10.08.2026 00:38:45","biok_ymer","#9440","—Оберон Райдэн—
|-----------------------------------------------------------------------------|
Шире ухмыльнувшись тот толкнул парня в плечо в проход, у которого он остановился, на последок говоря:
|-----------------------------------------------------------------------------|

—Верно, не обложайся и не перестарайся, удачи тебе там!

/После этого парень скрылся за тьмой, а парень остался в темном проходе... Что же, остаётся Идти прямо по нему, верно?/

|-----------------------------------------------------------------------------|","samin__","1536122000140144752"
"10.08.2026 00:55:14","biok_ymer","#9440","—???/Петрония—
|-----------------------------------------------------------------------------|
Мальчик не дернулся, холодно стоя на месте глянув на кузнеца и говоря:
|-----------------------------------------------------------------------------|

—Это верное утверждение?

/Кузнец кивнул на это утверждение, после чего тот вернул взор на спину девушки, говоря:/
-Вот как, тогда можешь обернуться. Однако если обнажишь меч, живой отсюда ты не уйдешь... Меня зовут Дартвин, я самый приближенный человек королевы Лауры Небесной, что отвечает за небожителей. Считай встретилась с главным, а вот что вас привело сюда?

|-----------------------------------------------------------------------------|","ktoia","1535992739416772659"
"10.08.2026 13:28:49","samin__","#2997","— Лойд Фронтера —

Когда парня толкнули, тот естественно отшатнулся, однако когда услышал ""НУ ТОЧНО НЕ ПРОЩАЛЬНЫЕ СЛОВА"" цикнул, крикнув в ответ:

— Ты же понимаешь что если я подохну, то встану на одну ступень с тобой, а то и подвину?! Готовься там!

Когда наглая морда скрылась, парень закатил глаза, а после не имея выбора поплёлся в глубь тёмного коридора, на встречу к смерти

> Мда браток... ты в меня уж больно веришь. Я то обычную девушку найти себе не могу, а тут королева загробного мира. Ты мне конечно планку и задрал... и вправду нужно будет просто выжить, это уже победа. Хотя... лучше в таком случае не заикаться что я хочу остановить обнуление мира","biok_ymer","1536126615677964311"
"12.08.2026 17:46:24","ktoia","#6622","— Сора Райдэн —

Сора без резких движений обернулась, встретившись взглядом с мальцом. Она не опускала рук на оружие, но и не расслаблялась, держась ровно, спокойно, хотя и напряенно.

— Дартвин, значит... Через одну руку знакома с вашей Лаурой... Наслышена.

Она на мгновение задержала взгляд на его трости, затем перевела его обратно на лицо собеседника.

— Искала информацию. Давнюю и запутанную... И по счастливому стечению обстоятельств нашла вашу дорогую эльфийку. Не планирую у вас здесь задерживаться... Нет, может конечно пару раз ещё приду, но только к эльфу. Мм... А с моим нахождением тут есть проблемы?

Приподняла бровь.","biok_ymer","1536130765002383531"
"16.08.2026 17:58:42","biok_ymer","#9440","—Дартвин/Петрония—
|-----------------------------------------------------------------------------|
Эльфийка на данное высказывание не особо отреогировала, лишь кивнув на её слова, малец же смотря за реакцией эльфийки и на мечницу, лишь выдохнул, говоря:
|-----------------------------------------------------------------------------|

—Хммм, судя по реакции кузнеца и твоей, могу сказать, что ты говоришь правду... Обычные люди бы отсюда без расспросов не вышли, однако лишних проблем с владельцем меча никому не нужны, отчего не смею вас задерживать... Однако в следующий раз, попрошу так не пугать своим визитом.

|-----------------------------------------------------------------------------|","ktoia","1537110011514323004"
"16.08.2026 18:07:30","biok_ymer","#9440","—???—
|-----------------------------------------------------------------------------|
И вот дойдя до края коридора он вышел в большой проход, величественный зал напоминающий упочивальню церковников с ярким и божественным светом, по центру зала которого возвышался алый трон, на котором сидела некая леди, что открыв глаза уставила взор на парня, отчего у парня на мгновения прошлись мурашки по шеи. Подобное предчувствие опасности было и при Лауре, однако при самой смерти это ощущение явно было посильнее.
|-----------------------------------------------------------------------------|","samin__","1536320409971073104"
"16.08.2026 18:07:31","biok_ymer","#9440","","",""
"16.08.2026 18:57:39","samin__","#2997","— Лойд Фронтера —

Парень медленно шёл к неизбежному, понимая что идёт на встречу смерти. Фигурально это звучало так себе... а он делал это буквально! Его успокаивали только тупые каламбуры, по типу ""сегодня у меня свиданье со смертью"" или ""сейчас я взгляну в глаза смерти"". Думая о таких трактовках, парень и правда чуствовал себя круче крутых парней из фильмов!

Дойдя до конца тьмы, тот удивился от зала с каким-то странным светом по центру. Инь янь что-ли? В любой тьме должен быть луч света? Или...

Стояло ему задаться посторонним вопросом, как тот заметил слона в комнате, а именно трон, на котором восседала девушка. Вопросов и так было не столь много, однако когда та открыла глаза и те испарились. Муэлла. Да, богиню смерти парень представлял себе пострашнее, учитывая как о ней отзывался Оберон, однако похоже в фэнтези мире даже самые страшные существа - красотки

Когда по спине пробежались мурашки, парень не особо и удивился. Он стоял прямо перед смертью. Возможно если бы он был иномирцем всё было бы иначе, однако сейчас он житель этого мира, а значит это и его смерть тоже. Сглотнув слюну, тот понял что его зубы слегка постукивают друг о друга, от чего ему пришлось сжать челюсть

> Страшно... до усрачки страшно. Хотя Оберон и говорил что это свиданка, но мне кажется что я просто пришёл в пасть тигра, хотя свиданка была бы возможно даже страшнее. Пуф... нужно успокоиться... сейчас я отвечаю не только за свою жизнь, но ещё и за Юки с Гердой. Мне нельзя тут оставаться! Нужно выпутаться... нужно... выжить

С таким настроем парень наконец смог сдвинуться с места, наконец проглотив первую слюну в этой комнате. Сделав ещё пару неуверенных шагов, тот медленно опустился сначала на одно колено, положив лопату около себя так, чтобы та не прогремела, а после приняв вполне себе привычную позу для переговоров через силу протолкнул воздух через голосовые связки:

— Насекомое приветствует владычицу загробного мира, Муэллу. Нижайше прошу чести аудиенции с вашим превосходительством

> Почему я мечтаю, чтобы она оказалась такой-же как Лаура? Ммм... лучше не говорить больше положенного. Лучше пусть испытает омерзение как Лаура, чем просто меня прикончит за длинный язык","",""
"16.08.2026 19:20:44","ktoia","#6622","— Сора Райдэн —

Девушка доброжелательно усмехнулась и убрав руки с пояса, сказала, глядя на фембоя:

— Замётано малец. Я тебе проблем не создаю, а ты мне.

Она перевела взгляд в сторону.

— Вот и порешали. Значит, я пока пойду. Ещё увидимся, Петрония. /Под конец пробубнела себе под нос:/ Гдеж Лойд... тс...

Сора с очень важным видом направилась вперёд, мысленно радуясь, что пиздилка не началась. Она шла по направлению к краю острова, осматривая окрестности и размышляя о словах Петронии, которые никак не сходились с тем, что она уже знала.

> Ай, ладно. Скоро всё равно к ней вернусь. А если эта сучка меня обманула - мир лишится ещё одного эльфа. Кстати... Пока я иду, можно как раз задать вопрос. А кто может ответить на всё? Правильно - Джигоку! Он же должен понимать, врала ли эльфийка или нет.

Девушка взяла меч за рукоять, слегка приподняла его, чтобы тот оставался большей частью в ножнах и мысленно обратилась к нему:

> Хэй. Слушай, а эльфийка в каких-то моментах мне врала? Ну... я имею в виду по поводу вопросов, связанных с твоим первым владельцем. Просто у меня лично многое не сходится...","biok_ymer","1538562657123049572"
"17.08.2026 14:51:16","biok_ymer","#9440","—Муэлла—
|-----------------------------------------------------------------------------|
Девушка со спокойной улыбкой посмотрела на парня, после чего чуть приподняла руку, отчего парня чуть сильнее прижало к земле, заметив это девушка все же отпустила руку сбавляя давление, говоря:
|-----------------------------------------------------------------------------|

—Смертный прошедший всю бездну ради встречи со мной, что тебя привело ко мне? Я позволяю тебе встать и поведать о своей цели. В зависимости от сказанного я и буду думать о твоей судьбе, ""иномирец"".

|-----------------------------------------------------------------------------|","samin__","1538577493634580582"
"17.08.2026 14:56:23","biok_ymer","#9440","—Джигоку—
|-----------------------------------------------------------------------------|
Меч послушав девушку, завибрировал, голова в голову девушки:
|-----------------------------------------------------------------------------|

—Лжи не было сказано с уст эльфа.

|-----------------------------------------------------------------------------|","ktoia","1538583301625749544"
"17.08.2026 15:11:16","samin__","#2997","— Лойд Фронтера —

Парень не видел что там происходит на троде, однако молчание его слегка напрягло-о-о-о. Стояло ему об этом подумать, как тот почувствовал как его позвонок встал на место. Ох... ну вот и что не так сказал спрашивается?

Услышав разрешение встать, парень смекнул и оперевшись на о руки привстал, меняя позу перенеся вес на колено, тот встал на одно колено, посчитав что лучше остаться в такой позе. Приподняв глаза, тот встретился взглядом с самой смертью и сразу почуствовал как давящее ощущение вновь усилилось, а дыхание сбилось с нужного ритма, от чего его ""суперсила"" начала улетучиваться

> Вот жешь... нужно собраться. Легче рядом с ней не будет, но... она узнала что я иномирец? Плохо... минус 1 козырь. Фуф... ладно Лойд, работаем

Через силу выдохнув, парень прислонил руку к сердчу, проверяя бъётся ли то и проговорил, пытаясь не показывать напряжённости:

— Благодарю за оказанную честь госпожа Муэлла. Я преодолел всю бездну для того чтобы узнать истину этого мира. Как вы верно подметили, я иномирец и попал в затруднительную ситуацию...

Сказав это, парень выставил руку с печатью перед собой:

> Нет смысла скрывать то что она и так увидит, главное чтобы она не прознала что я хочу помешать её сестричке очнуться... стоп... ""Смерть/жизнь"" может они как инь янь?

Подняв взгляд на свет по середине зала, парень слугка спорщился, а после быстро перевёл взгляд обратно и продолжил:

— Так получилось, что я связался с грешниками и хотел бы понять, стоит ли иметь дала с ними, а для того чтобы докапаться до истины, нет места лучше чем ад

> Пусть пока что будет так... потом можно будет увести разговор в другую сторону, только вот главное чтобы меня сейчас не прикончили","biok_ymer","1538877874608799924"
"17.08.2026 15:21:26","ktoia","#6622","— Сора Райдэн —

Продолжая идти, вибрирование меча всё сильнее путало мечницу.

> То есть не лгала? Как... Пф... В итоге твой владелец был ёкаем или нет? Заперт ли именно он в том древе в диких землях или нет?

Девушка потихоньку стала подходить к краю острова.","biok_ymer","1538879164734509056"
"17.08.2026 16:56:06","biok_ymer","#9440","—Джигоку—
|-----------------------------------------------------------------------------|
Меч недолго думая вновь провибрировал в мысли девушки:
|-----------------------------------------------------------------------------|

—Не могу ответить, я не помню всего.

/Подойдя к краю, за облаками не было видно даже дна... Бездонные небеса, под коими где-то скрывалась земля./

|-----------------------------------------------------------------------------|","ktoia","1538885466537853051"
"17.08.2026 17:10:11","biok_ymer","#9440","—Муэлла—
|-----------------------------------------------------------------------------|
Выслушав ответ девушка задумчиво положила руку под голову, говоря:
|-----------------------------------------------------------------------------|

—Значит иномирец ставший частью мира, хочет иметь дела с потускневшими душами, что никак не могут оставить бренную оболочку? Это весьма странно и что ты хочешь от меня знать по этому поводу?

|-----------------------------------------------------------------------------|","samin__","1538882910336327763"
"17.08.2026 19:00:46","ktoia","#6622","— Сора Райдэн —

Услышав не то, что хотелось, мечница прикрыла глаза и вздохнула. Подойдя к краю, она глянула вниз и... тут же присела на землю, свесив ноги над бездной.

> Не можешь ответить... Да уж... Ну а что делать. Скрывать бы ты от меня ничего не стал, правда?

Достав клинок, девушка стала рассматривать его, а затем проведя пальцем по лезвию, слегка наклонила голову.

> Ладно. Джигоку. Тогда... Мх... Скажи мне вот что, дабы я хоть в чем то была уверена. Твой первый владелец действительно запечатан в том древе в Диких землях или нет?","biok_ymer","1538909290059014205"
"17.08.2026 23:00:54","samin__","#2997","— Лойд Фронтера —

> Всмысле? Эу... а ты не до много догадываешься? Ты как поняла что я частью мира стал? Лаура даже не вдуплила. Ух бля... ладно... она же ""смерть"", так что своих чует

Не предав прямо таки великого значения рассекречиванию не столь важной информации, парень кивнул, отвечая:

— Я бы хотел узнать почему они существуют. Вернее... почему именно они удостоились столь незавидной судьбы, быть выброшенными из колеса перерождения и очищения. Не сочтите за грубость, однако мой недостойный беглый взгляд увидел в большей части из них больше человечности чем в ныне жывущих. Да и если уж об этом зашёл разговор, то и во мне...

Договорив парень склонил голову:

> Вопрос, конкретизация, дополнительный вопрос и наконец нотка самоуничежения чтобы точно получить вопрос хотя бы на что-то. Вроде как не плохо. Бр... как же сложно говорить с ""правителями"". Лаура и Кай не считаются... они... слишком нормальные... а тут хуже королевы Монжетано","biok_ymer","1538912833943900210"
"18.08.2026 04:08:33","biok_ymer","#9440","—Джигоку—
|-----------------------------------------------------------------------------|
На это меч ничего не ответил, незная ответа на данный вопрос.
|-----------------------------------------------------------------------------|","ktoia","1538940665759801414"
"18.08.2026 05:00:23","ktoia","#6622","— Сора Райдэн —

Ладно, такой ответ убил. Вроде он на это уже отвечал в прошлый раз...? Иначе каким таким боком меня ""вело"" в Дикие земли? Вздохнув, мечница встала на ноги и продолжая смотреть на меч, сказала уже вслух:

— Что ж... Допустим, так. Может, с Лойдом ситуация станет яснее. Надо наконец к нему идти. Как это там делалось...

Сора попыталась отбросить все ощущения и мысли, кроме сосредоточения на мече, после чего представила границу. То, что она уже почувствовала единожды ранее - похожее, но всё ещё не сильно въевшееся. Она медленно подняла опущенный клинок перед собой. И в голове девушка стала представлять следующую картину: лезвие проходит сквозь пустоту, заставляя воздух расступаться. Вслед за этим в прорезе окажется знакомое ей существо. Вроде парень, так себе на вид, но всё же не прямо уж урод. На орка смахивает моментами, но в целом что-то есть. Каштановые волосы и впрочем, что тут думать - чертового Лойда Фронтеру не с чем не спутать. Девушка стала представлять именно его.","biok_ymer","1539078516727881838"
"19.08.2026 01:18:42","biok_ymer","#9440","—Муэлла—
|-----------------------------------------------------------------------------|
Услышав забавный интерес, девушка оьлокотив одну ногу на другую стала отвечать:
|-----------------------------------------------------------------------------|

—Ответ весьма очевиден, они сами не откинули своей прошлой жизни, отчего и страдают сейчас. Да и не я располагаю путем перерождения, я отвечаю за мучеников, отказавшись пойти на этот путь. Между прочим мне ничего бы не стоило выйти в мир и покарать тех окончательной гибелью души, а не давать им растворяться в своем же грехе. Моё отсутствие внимания и есть их благословения и при разговоре с Обероном, ты мог понять, что они ничем не жалеют....

/Тут девушка прервалась и на её личике на мгновение появилась серьезное мина, отчего она проговорила чуть строже:/
-Первородные... У нас гости, все сюда.

/После данной фразу тут же из теней по бокам зала стали появляться неизвестные но явно властные демоны? Что склонив голову перед королевой стали ждать приказав, на что она вернула ухмылку, говоря уже смотря на Лойда:/
-Прошу прощения что прервалась, однако кое-кто решил переместиться в сам ад без моего разрешения, отчего я вынуждена ""встретить"" гостя.

/Глянув на деманов:/
-Найдите нарушителя и заставьте его пожалеть о решении идти против меня... Что с ним делать, на ваших головах.

/Услышав приказ те склонили головы в честь согласия и тут же растворились вновь, оставляя парня с немым вопросам с королевой... И что делать то? Не дав парню подумать, девушка вновь скучающе облокотилась о руку, говоря:/
-Что ещё ты хотел уточнить? Вижу по лицу, что мой ответ тебе толком ничего не дал.

|-----------------------------------------------------------------------------|","samin__","1539001094829514802"
"19.08.2026 01:21:09","biok_ymer","#9440","|-----------------------------------------------------------------------------|
Ура, удачно! Девушка открыла куда-то портал и зайдя в него оказалась... А где она оказалась? И где орк? Она оказалась в какой-то огромной на вид адской пещере... Видно что-то она напутала, но...что?
|-----------------------------------------------------------------------------|","ktoia","1539091561374031993"
"19.08.2026 01:39:47","ktoia","#6622","— Сора Райдэн —

Удивительно, но всё произошло с первого раза. Что ж, не о чем не жалея и даже испытав мимолетную радость от своих действий, девушка вошла в портал, выходя на той стороне...

М... Как бы вам сказать! Она точно представляла Лойда, а не пустое место. Нет конечно может это и есть Лойд, но даже для Соры он не особо пустое место - вроде как союзник. Так чего ж она тут одна? Слегка опустив меч, девушка поглядела по сторонам и... это определённо пещера! Тёмная... Эх... Только выбралась из катакомб и на тебе ещё одна. И где ж его тут искать? Хотя раз она тут, то наверное и рядом с ним? Во всяком случае, это единственное предположение, которое приходит в голову.

Однако отчего то здесь прямо пробирает холодок, поэтому она поплотнее надела накидку, которая всё это время держалась на плечах. Так, ну... В темноте мечница не видит - она не кошка и не кто то ещё. Но за годы работы... в принципе хоть какой то навык развился: всего то нужно подождать какое то время и хоть что-то здесь будет видно. Не нравится ей бродить по пещере в поисках Лойда... Это и есть Бездна? Тогда херня это какая то.

Потерев свободной рукой затылок и опустив её, Сора сделала шаг вперед от только что закрывшегося портала, а затем глянула в пустоту, пытаясь для начала прикинуть, насколько вообще здесь опасно.","biok_ymer","1539398779835260969"
"19.08.2026 01:52:29","biok_ymer","#9440","|-----------------------------------------------------------------------------|
И вот стояла она так в темноте, привыкая к ней, стояла, стояла и вот как только стала различать окружение увидела темную фигуру, что медленно тянулась к девушке и ухмылялась. Странно, ведь предчувствие опасности не сработал на нём, а лишь её глаза узрели его.
|-----------------------------------------------------------------------------|","ktoia","1539403466617790615"
"19.08.2026 02:02:46","ktoia","#6622","— Сора Райдэн —

> Пу-пу-пу... что-то спокойно. Мх... получается в Бездне никого нету? Бред какой-то - тут как минимум есть Лойд и заточенный ёкай. Ме... Ладно, придется походиииииии...

Девушка глянула в другую сторону и ОХУЕЛА. Какого хуя она это не почувствовала? Да бог с ним - не услышала! Понятное дело, она дернулась рывком назад, поднимая меч и на эмоциях выдала:

— **НИХУЯ СЕБЕ! БЛЯТЬ!.. ЧЕ ЗА ХУЙНЯ?**

Сора стояла и держала взгляд на нём, напрягая всё тело.

> Здоровая падла, ладно... Бездна, ты меня напугала. На разумное это едва ли похоже, а жаль. Монстр? Да, определенно монстр. Что ж... Херня не выглядит поворотливой. Пусть что-то ещё выкинет и я её лишу жизни.","biok_ymer","1539406664413749288"
"19.08.2026 03:32:01","biok_ymer","#9440","|-----------------------------------------------------------------------------|
Нечто не вернулось на такую реакцию, сильнее ухмыльнувшись, после чего его рука с хрустом стала растягиваться дальше, словно та не имела лимита, да и как только тот осознал, что его видят, рука и вовсе ускорилась, двигаясь нечеловеским образом.
|-----------------------------------------------------------------------------|","ktoia","1539409252295245824"
"19.08.2026 03:41:36","ktoia","#6622","— Сора Райдэн —

Сора заметила, как рука монстра начала стремительно удлиняться. Отступать даже не планировалось - нужно действовать. Вместо того чтобы пятиться, она сделала резкий шаг вперёд, перехватывая меч поудобнее и с коротким замахом рубанула по тянущейся к ней конечности.

Она не знала, насколько монстр чувствителен к боли, но если конечность можно отсечь - значит, он не бессмертен. Мечница держала в голове, что тварь может менять форму и растягиваться, поэтому старалась не давать ей застать себя врасплох и постоянно держалась в движении, постепенно сближаясь.","",""
"19.08.2026 03:47:31","biok_ymer","#9440","|-----------------------------------------------------------------------------|
Рука и вправду отрубилась, однако как только она отделилась от тела, та стала растворяться в воздухе, а у нечто стала появляться новая на месте отрубленной, отчего он вновь продолжил её тянуть, однако на сей раз он подключил и вторую, начиная некий СПАМ атак, сам про этом он не двигался сидя на картах и улыбаясь. Не было ясно больно тому или нет, однако данное действо похоже больше его веселило, чем беспокоило.
|-----------------------------------------------------------------------------|","ktoia","1539434124731879534"
"19.08.2026 04:02:36","ktoia","#6622","— Сора Райдэн —

Сора нахмурилась, когда отрубленная конечность растворилась в воздухе, а на её месте мгновенно выросла новая. Хуже того - монстр подключил вторую руку, и теперь они обе тянулись к ней с пугающей скоростью, словно щупальца....

Мечница процедила сквозь зубы, уходя в сторону от очередной атаки:

— Да ты, блин, веселый!

Бесконечно рубить конечности не имело смысла - они отрастали снова. Нужно было добраться до тела. Сора сменила тактику: она начала резко менять направление, делая рывки влево и вправо, вынуждая руки тянуться за ней, путая их. Она заставляла конечности перекрещиваться, на мгновение задерживая их в неудобных положениях, а сама стремительно сокращала расстояние. Когда она оказалась почти у самой стены пещеры, то не сбавляя темпа, резко оттолкнулась от неё ногой, разворачиваясь и устремляясь прямо к телу монстра с занесённым для удара клинком.","biok_ymer","1539435612913008690"
"19.08.2026 04:05:36","biok_ymer","#9440","|-----------------------------------------------------------------------------|
Запутав руки тварь чуть придергиваясь стал растягивать свой рот, делая его чуть больше тела и расставив, словно капкан перед девушкой и как только она была достаточно близка тот бы стал его захлопывать, дабы съесть. Ну и мерзкая же тварина.
|-----------------------------------------------------------------------------|","ktoia","1539439410595111043"
"19.08.2026 04:18:31","ktoia","#6622","— Сора Райдэн —

Сора уже почти достигла цели, как вдруг заметила, что рот монстра начал растягиваться до неестественных размеров. Как увидит крикнет:

— О, да ты ещё и жрать любишь!

Вместо того чтобы влететь прямо в пасть, она оттолкнется от одной из вытянутых рук, используя её как опору и резко уйдет вбок, проскальзывая мимо разявленной пасти. Она кувыркнулась в воздухе, приземляясь на одно колено и уже оттуда, с разворота нанесет удар в бочину лезвием пытаясь проходится настолько высоко, насколько можно.

> Хуйня похожа на слизь... В любом случае голова есть, нужно снести. А там будет видно.","biok_ymer","1539440164659535882"
"19.08.2026 04:22:42","biok_ymer","#9440","|-----------------------------------------------------------------------------|
И вновь тварь промохнулась, захлопнув рот, начиная его уменьшать, после чего получив мечик под ребрышко он стал сжимать тело в одном месте, из-за чего меч застрял в нём, а руки стали быстро затягиваться обратно, после чего стали сзади приближаться к девушке, в попытке схватить.
|-----------------------------------------------------------------------------|","ktoia","1539443413034860565"
"19.08.2026 04:32:56","ktoia","#6622","— Сора Райдэн —

Ну... тут правда - этот момент тварь застала её врасплох. Меч застрял в теле монстра и она не могла его оставить, но и позволить рукам схватить себя было нельзя. Сора приняла решение мгновенно: она схватила рукоять обеими руками, подтянула ноги к груди и с силой ударила ступнями по тому твердому месту, где застрял клинок, используя это как точку опоры, чтобы резко выпрыгнуть вверх. Прыжок должен получится высоким - почти до потолка пещеры и она этим так же должна вырвать меч... Главное чтоб за жопу не схватили - ещё нужна, Сора не насчитывает что руки так высоко будут тянутся....

Паралельно всему выдавит:

— Да ты заебал!!!! Уф... Чё неймётся тебе?! Ненавижу слизь!","biok_ymer","1539444467180896307"
"19.08.2026 04:40:41","biok_ymer","#9440","|-----------------------------------------------------------------------------|
Меч выпрыгнул с характерным звуком ПУФ, отчего нечто схватила саму себя, на что та уже недовольно покосилась на мечницу, в желании продолжить тянуться однако её остановил резкий хруст сдавленной головы, отчего та упала на землю, а на её слове стоял кто-то неизвестный, говоря:
|-----------------------------------------------------------------------------|

—Ну и чего мы тут в одиночку веселимся Бельзебут? Я может тоже хочу побиться с тем, кто так нагло вломился к нам. А судя по тому, что ты её ещё не съел, так она ещё и умелый воин, звучит как жуть интересная леди.

/Картинка для того чтобы понять с каким выражением лица и как выглядит, взрыва нет, ага./

|-----------------------------------------------------------------------------|","ktoia","1539447041946685450"
"19.08.2026 04:52:18","ktoia","#6622","— Сора Райдэн —

Сора приземлилась на ноги, чуть согнув колени, чтобы смягчить удар и тут же вскинула меч, готовая к новой атаке. Однако вместо того чтобы продолжать, она увидела, как монстр схватил сам себя, а затем рухнул, а на его месте появился кто-то другой....

Она замерла, не опуская клинка, но и не нападая сразу, быстро оценивая нового противника. Выражение лица у того было игривым, голос насмешливым. Это настораживало не меньше чем бесконечные руки первого... Нет, она пока не устала, но все равно в рот ебала слизь.

> Бельзебут? Они знакомы? Она его убила? Вот бы убила... Мф... Нет точно не убила... М... Погоди... Разумный монстр???....

Вздохнув полной грудью Сора крикнула:

— Да херли вы доебались! Дайте пацана забрать и все.","biok_ymer","1539448990976974928"
"19.08.2026 04:55:55","biok_ymer","#9440","|-----------------------------------------------------------------------------|
Демон игриво спрыгнув с другого, что стал медленно приходить в себя стал обходить сбоку девушку, говоря:
|-----------------------------------------------------------------------------|

—Ох какой запал, поистине чистый гнев. А о каком пацане идёт речь? Ты же буквально вломилась к нам в дом, как нам ещё прикажешь реогировать? Я тебе больше скажу, скорее всего живой ты отсюда уже не уйдешь, извиняй!

|-----------------------------------------------------------------------------|","ktoia","1539451916176724028"
"19.08.2026 05:17:03","ktoia","#6622","— Сора Райдэн —

Сора же наоборот, стала медленно отходить назад при приближении демона, держа обоих в углу обзора...

> А может их и того больше?... Пф... Так не думай про это, нужно пока перевести дух и придумать что делать. О вот оно как.... Ну давай.

С ноткой гнева стала отвечать:

— Ну не жрать ""гостей"" точно. ""Лойд"", знаешь такого? На орка ещё смахивает временами, вы же его не прикопали надеюсь? Ой да и... 

Сжала клинок сильнее.

— ""Отсюда не уйду?""... Знаешь сколько раз я такого слышала? Много! Да, конечно не в такой ситуации точно. Но из других выходила. М... Так может не будем испытывать удачу? А то я уже кошатиной по горло сыта.

Сора усмехнулась краем губ.

— Нападай.

||Д20 на ум дал 1...||","biok_ymer","1539452827573944391"
"19.08.2026 07:20:50","biok_ymer","#9440","|-----------------------------------------------------------------------------|
Пока второй демон говорил первый стал оправляться от удара и хрустнув костяшками восстановил свой изначальный вид обходя с другой стороны. Говорливый же продолжил:
|-----------------------------------------------------------------------------|

—Лойд? Не, не знаю такого. И кто сказал что ты гость? Ты нарушитель, а нарушители должны быть истреблены. Думаю ты тоже не была бы рада, если бы кто-то вторгся в твой дом, не находишь?

/Разминая одну из рук та резко растворилась в воздухе, словно телепортироваышись. Однако спустя мгновение меня завибрировал, а чувство опасности стало глушить все мысли в голове девушки, на что меч резко изогнулся против воли девушки в бок встречаясь с кулаком демана, что своим ударам впечатавшись в лезвие заставила ту от силы отлететь к одной из стен пещеры, а на месте удара образовался большой кратор, на что демон недовольно проговорил:/
-Ну и чего защищаемся? Воин разве не должен гордо принимать удар лицом? О и твой меч выдержал мой удар? Интересно...

/Пока девушка не успела отправиться от такого резкого выпада чувство опасности вновь заиграло, но на сей раз меч не стал двигаться сам, ведь свои действием он заставил чувства притупится, отчего он решил больше не мешать. Предчувствие подсказало что удар будет сверху и вправду оттуда выползли руки первого демона, что попытались дотянуться до девушки... Да уж, похоже теперь сора сражалась против двоих! Супер Соника и Чернильного Демона!/

|-----------------------------------------------------------------------------|","ktoia","1539458143010951238"
"19.08.2026 09:48:21","samin__","#2997","— Лойд Фронтера —

Смятение. Вот как можно охарактеризовать состояние парня от всего что произошло

> Слишком размыто. Если грешники сами не ступили на путь перерождения это... А КТО БЫ ХОТЕЛ СВОЮ ЛИЧИНУ ТЕРЯТЬ?! Нет, она буквально не слова не сказала о их грехе. Да и думаю души бы закончились, а ад просто переполнился в какой-то момент. Да и помнится Итами что-то говорила о ужасном времени в аду, да и Герда на меня орала чуть ли не на взрыд. Что-то тут не так...

> СТОП ЧТО? ОБЕРОН? ВСМЫ...

Не успел парень окончательно прифигеть, как шок мтал ещë больше. Куча... грешников? Чегось? Парень инстинктивно завертел головой, чтобы понять что происходит, однако вопросов от этой сцены стало только больше:

> Первородные? Это ещë что за уродци? Хотя та ничего такая... ОХ Ë! ЭТО МУЖИК?

> Стоп... кто-то решил переместиться прямо в ад? Хм... Донис? Точняк Донис. Ну... как минимум проблем она им доставит, а дальше пусть кокнут еë

Наконец услышав вопрос, парень прифигел ещë больше. Даже приоткрыв рот от шока

> Она знает что я говорил с Обероном? КАКОГО? Она только видела или ещë и слышала? И что это за ""прошу прощения что прервалась"" и ""Что ещë хотел уточнить"" что за срань? Если она слышала что я тут чтобы мир спасти, она бы меня кокнула или как минимум по разговору пыталась вытянуть из меня информацию и после прикончить, но... ничего? Как это понимать то?

Поднеся руку ко рту, парень насильно его закрыл, а после натянуто проговорил:

— Кхм... вы упомянули Оберона. А позвольте спросить. Вы разве слышали наш разговор?","biok_ymer","1539398161540448306"
"19.08.2026 11:46:12","ktoia","#6622","— Сора Райдэн —

Отлетев к стене и впечатавшись в неё, Сора ощутила, как воздух выбило из лёгких. Кратер от удара осыпался каменной крошкой и девушка, поморщившись, кое-как выпрямилась, продолжая сжимать клинок.

> Сучка... Быстрая... Не успела... Чёрт, быстрый. Голова ещё разболелась. Так, спиной похрустели. Значит, нужно ВСТАВАТЬ.

Она сделала резкий вдох, пытаясь восстановить дыхание, и резко выпрямилась во весь рост. Думать о произошедшем нет времени. Взгляд заметался между двумя силуэтами - один уже маячил сбоку, второй всё ещё где-то наверху. Сора стиснула зубы и оттолкнувшись ногой, рванула в сторону, уходя с линии атаки, одновременно выставив клинок перед собой на всякий случай.

— Ну, двое. КХЕ. Только вот... я не привыкла проигрывать всякой пещерной нечисти.

> Про Лойда не знают. Значит, хорошо... Есть ли у меня шансы их пережить? В целом... Ох, блять... Боги... К черту вас.

— Кхе, могу понять. Я таких убивала. Хотя сейчас слегка жалею об этом. Но эмоции, все дела. Хах, встречать лицом? Ты что, тупая?

Обозвав врага и надеясь этим его спровоцировать, Сора начала выстраивать тактику боя против двоих: во первых, не переставая двигаться, чтобы чернильный не схватил её жопу. во вторых, держаться примерно вблизи стен пещеры, но двигаться прямо - на красного демона, тем самым выйти из клещей. Напасть на неё Сора не сможет, а вот контратаковать... Уже представляется реальным. Она будет защищаться буквально прямым лезвием, чтобы когда эта тварь ударит, её рука превратилась в вермишель из нескольких огрызков.

Что делать с ними дальше - пока не ясно. Сейчас главная задача - выбраться хотя бы на какое-то открытое пространство. Там будет проще... Ох... Главное, чтобы голова не разболелась. Ну, давай, авантюристка, всю сознательную жизнь билась - сейчас пригодится как никогда.","biok_ymer","1539489295151276082"
"19.08.2026 14:39:25","biok_ymer","#9440","—Муэлла—
|-----------------------------------------------------------------------------|
Услышав забавную фразу та издала слабый смешок, после чего сказала:
|-----------------------------------------------------------------------------|

—Я слышу все, что происходит в этих стенах, таков удел судьи грешных душ. Поэтому я слышала ваш разговор, однако не нахожу вежливым взять и не узнать истории лично, все же лучше услышать от твои уст лично, нежели со стороны.

|-----------------------------------------------------------------------------|","samin__","1539526418743164978"
"19.08.2026 14:42:01","biok_ymer","#9440","|-----------------------------------------------------------------------------|
У черта при подразгиванир вздулись Вена, отчего тот резким рывком сократил дистанцию, в попытке пригвоздить ту к стенке, на что меч успел среогировать, чуть корректируя движения Соры, позволяя ей задеть руку черта проводя по ней разрез, отчего тот пролетел в стенку мимо, пробивая ту и впечатавшись. Длиннорукий же пока девушка отвлеклась на черта встал вновь в позу ожидающий головы в конце прохода, куда бежала мечница.
|-----------------------------------------------------------------------------|","ktoia","1539556075970494494"
"19.08.2026 14:45:42","samin__","#2997","— Лойд Фронтера —

Услышав ответ было видно что в голове у парня пронеслось многое, если не вся жизнь. Осмыслив своё положение, тот наклонился, опуская лоб к полу, пытаясь расшибиться как и всегда, однако так как мана покинула его тела, тот и правда чуть не расшибся, крича:

— ПРОШУ ПРОЩЕНИЯ ЗА ГРУБОСТЬ!

Тут-же лоб встретился с полом, от чего боль ударила в голову. Да, без защиты маны делать некоторые действия... не стоит. Сжав зубы от боли и головокружения парень приподнял голову с красным лбом и сказал уже более спокойно:

— Раз вы слышите всё что тут происходило, значит знаете мою истиную цель. Неудобно вышло. Нужно было больше помалкивать...

Да, парень стал проговаривать подсказки на случай если он находится в спойлере:

> Чёрт-чёрт-чёрт. Плохо! Нормальные люди так не думают и всё-же я надеюсь что у меня из прошлого получится лучше если я тут помру. Так вот что думали мои образы в спойлерах?","biok_ymer","1539599669238177914"
"19.08.2026 14:53:19","biok_ymer","#9440","—Муэлла—
|-----------------------------------------------------------------------------|
Устало выдохнув на такую реакцию, девушка смотря в бок проговорила:
|-----------------------------------------------------------------------------|

—Да ладно, все равно для иномирца ты не представляешь какой-либо угрозы этому миру, отчего я не считаю тебя угрозой, не переживай так. Ты больше похож на жаждущего, недели завоёвывающего. Грех Алчности бьёт в тебе ключом, однако с ним в тебе цепляться и Зависть к другим, что привела тебя в весьма затруднительное положение.

/Вернув взгляд на парня, продолжила:/
-Ты же знал, что от смерти нет смысла чего-то скрывать, Так отчего собрался играть в интригана? Да и... Хм, похоже гость знает о тебе, ведь он назвал твое имя, что весьма забавно, вы знакомы?

|-----------------------------------------------------------------------------|","samin__","1539601249492672593"
"19.08.2026 15:10:58","samin__","#2997","— Лойд Фронтера —

Еле как приподнявшись парень кивнул, радостный что его не принимают в серьёз:

> Видимо она не знает что я переписал мир. Чтож, это мне только на руку. Благо я не рассказал ничего Оберону. Ох... как меня это спасло сейчас

Слушая дальше о своих грехах, парень потёр раскалывающуюся голову, отвечая:

— Алчность и зависть значит? Маловато, я думал что выбил джекпот по грехам, но раз я слышу это от самой смерти - спорить не намерен. А что до того почему я пытался вас обмануть... ну... привычка наверное. Я вообще всем что-то недоговариваю. В общем-то грешен. Да и не хотел я рассказывать о спасении мира вам, что за эту затею

— Что до гостя... хм... меня к сожалению многие знают, но думаю это Донис. Мы не встречались, но скорее всего она обо мне наслышана и хотела бы прикончить, только и всего. Или небожитель какой. В общем врагов у меня не мало

Вновь привстав на колено, парень всё-же решился задать вопрос:

— Конечно жаль что во мне не видят препятствия, однако в данной ситуации я даже рад. В таком случае позвольте нескромный вопрос... зачем уничтожать мир? Понимаете, я много слышал о том что его уничтожит одна, потом вторая, даже слышал несколько версий, однако думаю вы знаете точную причину. Никто не хочет умирать по своей воле, вот я и задался вопросом. Какая цель у всего этого?","biok_ymer","1539603167111680040"
"19.08.2026 17:37:12","ktoia","#6622","— Сора Райдэн —

Сора заметила, как черт с вздувшимися венами рванул вперёд и уже приготовилась встретить удар, но меч помог более точно скорректировал движение её руки, позволяя удачно провести разрез по конечности противника. Черт пронёсся мимо, а Сора, не теряя темпа, скользнула взглядом вперед - там куда она с самого начала двигалась стоял чернильный поджидая её с раззявленной пастью...

— Я тебе не еда.

Вместо того чтобы бежать прямо в пасть, она резко изменила направление начиная двигаться в противоположную строну где уже была... Мда... Беготни будет много! Хотя... Появился шанс въебать по сонику! Рывком она попыталась достичь места, где этот демон впечатался и замахиваясь для смертоносного удара, одновременно выкрикивая:

— Быстрая какая!

В любом случае нужно что-то делать. Если она даст им перегруппироваться, то шансов на выход почти не останется. Нужно выбить хотя бы одного из них, чтобы освободить пространство для маневра. А самая тут ебнутая это соник, а не черный.","biok_ymer","1539600323927085157"
"19.08.2026 17:51:29","biok_ymer","#9440","|-----------------------------------------------------------------------------|
Черный черт недовольно закрыл рот, вновь натягивая руки к девушке, а тот черт что впечатался в стену стал недовольно отряхивается от камней и как только тот перевел взгляд на девушку, та уже замахивались с ударом, отчего тот быстрым движением поставил руками блок, отчего меч отскочил от рук черта. Твердая и быстрая, ну и мрак. А есть ли вообще смысл драться с ними?
|-----------------------------------------------------------------------------|","ktoia","1539644408134246490"
"19.08.2026 17:58:48","ktoia","#6622","— Сора Райдэн —

Сора приподняла бровь, когда руки черта не разлетелись в стороны от удара. Пожалуй, это был второй случай в её жизни - помимо лопаты Лойда, когда меч не вывез. В скорости ей его не переиграть, а на такой дистанции она сама станет отбивной. Поэтому девушка напрягла ноги и сделала длинный рывок в сторону, где пока что было пусто.

Она взмахнула клинком, сбрасывая с него прилипшую грязь и слизь, и снова подняла его на демонят, говоря с легкой усмешкой:

— Мм... Слушайте, а может, я просто уйду? Хах... Незваный гость покинет вас и всё, даже напрягаться не нужно. А?

> Конечно, это не поможет! Главное чтоб кого за спиной не появилось....","biok_ymer","1539648005336989889"
"20.08.2026 13:14:02","biok_ymer","#9440","—Муэлла—
|-----------------------------------------------------------------------------|
Слушая парня, та скучающе посмотрела на свою руку, будто рассматривая свои ногти, после чего ответила:
|-----------------------------------------------------------------------------|

—Значит недоволен моей оценкой? А разве по реакции Оберона на тебя не было очевидно, что вы одного поля ягоды? Алчные смертные, стремящиеся все забрать себе. Даже в грехах пытаешься соревноваться, ну что за вздор?

/Устало выдохнув, та вновь посмотрела на парня, говоря:/
-Значит гость не твой знакомый? Славно, им как раз сейчас занимаются или люди, отчего тебе он опасности представлять не будет. Однако отмечу что противник и вправду грозный, сразу видно благоволение со стороны Акнис... Ну ничего, все смертные подаются грехам, отчего рано или поздно гость придаться отчаянию.

/Закончив фразу с более серьезным тоном, девушка поменяв положение ног одну на другую, добавила уже более спокойно:/
-Миру суждено сгинуть, дабы возразиться вновь. Это вечный цикл бытия. Маленький жучок умирает чтобы прокормить плотоядного, а тот в свою очередь умирает и становится единым с природой. Жизнь сама по себе циклична и попытка сдержать божество Жизни, лишь усугубляет положение этого мира, отчего по сути отлаживается неизбежное, это я тебе как госпожа смерть говорю.

|-----------------------------------------------------------------------------|","samin__","1539607608426635305"
"20.08.2026 13:18:07","biok_ymer","#9440","|-----------------------------------------------------------------------------|
Услышав забавную шутку красный в итоге появился сзади мечницы, пихея ту с ноги вперёд, отчего потеряв равновесие ту схватили руки черного черта. При прикосновении от рук девушка испытала невероятную жажду и голод, такой, словно она не ела больше месяца, отчего тело почувствовала сильну слабость и тут красный проговорил:
|-----------------------------------------------------------------------------|

—Вечно как начинаете проигрывать, даёте заднию, ну что прелесть! Не переживай, пару мгновений в его объятьях и ты забудешь о своих мирских проблемах навсегда.

|-----------------------------------------------------------------------------|","ktoia","1539649847047491634"
"20.08.2026 14:09:49","samin__","#2997","— Лойд Фронтера —

Слушая ответ, парень понемногу начал приходить в себя. Нет, буквально ""в себя"". В нём проснулось осознание что прямо сейчас он говорит с самой смертью, хотя только утром унижался перед какой-то там главой гильдии авантюристов в стране, которую ещё тогда он мог стереть с лица земли. Понимая что понемногу перестаёт быть ""не совсем обычным человеком с необычной лопатой"", становясь своим главным страхом ""какой-то внеземной хераборой"" выдохнул смотря на девушку уже чуть спокойнее:

> Властная, странная, высокомерная, но при этом почему я чувствую какую-то ""заботу""? ""Что ещё ты хотел уточнить?"", ""я не считаю тебя угрозой, не переживай так"", ""отчего тебе он опасности представлять не будет"". Странные ощущения у меня от неё. Скучающее божество, стандартная конфигурация, главное что ей пофиг на меня, а значит шанс что я смогу от сюда выйти - велик. Но какую фигню она несёт...  моё почтение

Пытаясь не смотреть на ножки, которые то и дело маячили перед глазами парень уже чуть спокойнее и раслабленее ответил:

— Госпожа смерть, я понимаю цикличность жизни. В моём прошлом мире был похожий устой, однако прелесть жизни в её скоротечности и естественном окончании. Извините, но мой смертный мозг не может так просто монять божественный замысел. Зачем насильно уничтожать мир, если сейчас он функционирует? Зачем нарушать свои-же устои и начинать новый цикл насильно, когда население этого мира только входит в новую эру?","biok_ymer","1539940569588170853"
"20.08.2026 14:13:40","ktoia","#6622","— Сора Райдэн —

Сора даже не успела моргнуть, как мир перевернулся - удар в спину, потеря равновесия и она уже летит вперёд, прямо в руки длиннорукому. В момент касания по телу разлилась пугающая слабость, накатил дикий голод. Она попыталась дёрнуться, но мышцы будто превратились в вату.

Девушка прохрипела:

— Блять, да что за...

Руки чёрного черта держали её и с каждой секундой становилось только хуже. Она попыталась сфокусироваться, вспомнить хоть что-то, что могло бы помочь, но в голове были только две мысли: пожрать и вырваться нахуй. Так... кусать эту херню бесполезно. Она не такая уж и твёрдая, если не твердеет, но блять нет - даже при таком чувстве голода и непонимании, что делать, Сора не станет кусать эту погань, а то изнутри порвёт.

Значит... ммм... Девушка не уронила клинок - он всё ещё в руках. Да, со слабостью, но ей ничего не оставалось, кроме как попробовать. Сора насколько может сжала меч и понимая, что почти все конечности схвачены, крутанула его исключительно в кисти, чтобы по окружности разрезать всё, что попадётся под лезвие, дабы тем самым выбраться из хватки.","biok_ymer","1539941597720875028"
"21.08.2026 13:12:41","biok_ymer","#9440","—Муэлла—
|-----------------------------------------------------------------------------|
Девушка лениво уставилась вверх, говоря:
|-----------------------------------------------------------------------------|

—Потому что такова судьба, а люди напротив сопротивляются устою, заточив жизнь в цепях. У меня тогда к тебе такой же вопрос, зачем избегать неизбежного? Какой в этом смысл? Сам подумай, с моей стороны мне кажется больше вы психами, чем тех, кто стремиться обречь мир к естественному этапу.

|-----------------------------------------------------------------------------|","samin__","1539954609643065424"
"21.08.2026 13:37:08","biok_ymer","#9440","|-----------------------------------------------------------------------------|
Меч и вправду разрезал руки и ту плюхнулась на землю, рядом с которой уже появился красный черт, говорящий:
|-----------------------------------------------------------------------------|

—И к чему это сопротивление? Ты даже будучи самим божество не сможешь противостоять первородным грехам.

/После сказанного тот сел на картаны, дотрагиваясь до девушки, отчего та испытала невероятную ярость. Словно это касание перекобчило какой-то клапан девушки, на что черт ухмыльнулся, говоря:/
-Для начала побари саму себя, а после уже думай над победой над нами, подруга ~.

|-----------------------------------------------------------------------------|","ktoia","1539955576564617217"
"21.08.2026 14:06:22","ktoia","#6622","— Сора Райдэн —

Сора рухнула на землю, с трудом переводя дыхание, когда рассечённые конечности чёрного черта отпустили её. Она попыталась встать, но тело слушалось откровенно плохо - слабость всё ещё пульсировала в мышцах, а в груди оставался тот самый дикий голод, который видимо в ближайшее время стихать не собирался.

Она подняла взгляд и увидела красного черта, сидящего на корточках рядом с ней. Демон улыбался... пф, вот же сука. Нет, позвольте, Сора бы продолжала пытаться что-то выкинуть, однако слабость давала понять, что это уже почти бесполезно. Да и благоразумие подсказывало: если он настолько близко, ничего не получится. Нууу, благоразумие закончилось, когда до неё дотронулись.

Руки сами собой сжались сильнее, вплоть до крови, а девушка стала смотреть злобно на красного демона. Сердцебиение участилось и казалось, что никаких мыслей, кроме как ударить кого-то из них, не осталось. Она ещё сильнее напряглась и не сводя глаз с демонов, с трудом поднялась на колени, опираясь на меч, словно на трость. Затем её взгляд снова поднялся на красного черта. Она сжала зубы до скрежета, чувствуя, как пальцы сами собой сжимаются на рукояти и сквозь них проговорила:

— Иди нахрен со своей философией, у меня своя есть. Вы мне к черту не сдались...

Мечница пытается держаться, но кажется, скоро сорвётся. Хотя даже так она вряд ли сможет им что-то сделать.","biok_ymer","1540308771710967848"
"21.08.2026 15:10:12","samin__","#2997","— Лойд Фронтера —

> Бред высших сущест. Вот сука... и что делать? Тут переубеждение не сработает. Где нарутотерамия, когда она так нужна? Судьба эта, судьба это... тс... как я от этого устал. Судьба дерьмо у всех миров что ли? Иногда мне кажется что чем больше оттягивать валун, который должен переехать мир, тем с большей силой он выстрелит

Найдя ответ, который и не ожидал парень глубоко выдохнув, решившись ответить чуть менее грубо, ведь впервые вопрос задали ему:

— Зачем избегать неизбежного? Как бы сказать... за тем-же зачем жить. Возможно это прозвучит для повелительници смерти, однако как правило живые не стремятся умирать, просто потому-что понимают что это неизбежно. Они борятся, они пытаются и выживают там, где это кажется невозможно, продлевая свои страдания, однако поколение за поколением продолжают это делать

Поняв что уходит нетуда, парень замолчал, выдыхая накопившейся страх, а после продолжил спокойнее, смотря в глаза смерти:

— Раз смысла в уничтожении мира нет, можете сказать почему такова судьба? Почему вы искренне верите, что таков закон и нужно ему следовать?","biok_ymer","1540302619384357046"
"21.08.2026 23:08:32","biok_ymer","#9440","—Муэлла—
|-----------------------------------------------------------------------------|
Слушая про борьбу девушка перевела взгляд на парня, говоря:
|-----------------------------------------------------------------------------|

—И вправду живые весьма странные. Стремиться избежать предначертанной кончины, дабы прожить на пару десятков лет больше. Хммм, думаю это лишь подтвердило то что живые отличаются мышления от моего.

/После подумав та ответила уже на вторую тему, говоря:/
-Ну а с этим все просто, это конечный итог всего, отчего не вижу смысла ему противостоять... Хм, думаю это не особо имеет смысла и дальше пытаться понять друг друга в этом. Да и судя по всему твой ""знакомый"" почти канул, интересно отринет ли он свою жизнь и переродиться или как и все попадает на вечный круг страданий? Все же людей и вправду сложно понять мне.

|-----------------------------------------------------------------------------|","samin__","1540332193266536448"
"22.08.2026 00:40:24","samin__","#2997","— Лойд Фронтера —

Парень уже даже не пытался скрыть скептиза, закатив глаза:

> Ну тебе то не понять, естественно, ты бессмертная на секундочку. На пару десятков? Да я бы многое отдал, чтобы на пару дней больше прожить, не говоря о десятилетиях! Мэ... не приведи стать такой занудой. Предначертано то, предначертано это! Тьфу! И вот на что Оберон говорил что ей нужно дать надежду? Какую? Ей на всë наплевать! Тьфу! Какое свидание, тут как бы от скуки не подохнуть...

Продолжая острить в голове о смерти, парень полностью расслабился, понимая что убивать его не будут не сейчас не потом, ведь... хах... в этом не было смысла, от чего тот спокойно сказал:

— Нус, хороших знакомых у меня в целом не много, а тех что умеют телепортироваться и подавно, так что мне лично всë равно

Отведя взгляд, повисла гробовая тишина. Ну буквально! А о чëм говорить с сущностью, что не имеет эмпатии, чувств и цели существования? Посидев так немного, тишина начала давить, а немой взгляд смерти всë так-же вызывал мурашки, от чего парень всë-же спросил:

— Думаю вам не понять смертных, а смертным вас. Скорее всего это в порядке вещей. Но... позвольте поинтересоваться, неужто нет ничего, чего бы вы хотели сделать, увидеть или... быть можем... эм... просто хотели?

> Как сложно разговаривать с женщинами? Нет, это конечно психически не девушка, но физически... АЙ КАК СЛОЖНО ТО!","biok_ymer","1540452567060971521"
"24.08.2026 16:26:12","biok_ymer","#9440","—Муэлла—
|-----------------------------------------------------------------------------|
Услышав ответ про гостя та устало потянувшись проговорила:
|-----------------------------------------------------------------------------|

—Что же, тогда я пожалуй лично узнаю чего хочет гость, раз он так рьяно борется. А по поводу желания, хммм, думаю единственно чего бы я хотела это возвращения жизни в свет, он единственный кто заставлял меня жить...

/Грустно вздохнув, та посмотрела в сторону, говоря:/
-Хватит развлекаться, ведите сюда гостью и думаю я разрешу вам всем развлечь наших гостей, если уж вы такие пытливые.

/Закончив свою мысль в следующее же мгновение по бокам появилась все так же толпа деманов а в центре зала появилась лежащая, голодная и злая <@&1496357108331970590> , что и не совсем поняла, что произошло, на что красный черт недовольно сказал:/
-Но это так скучно, сказала разбираться с гостем, а после отобрала игрушку.

/На это смертнушка лишь закатила глаза, однако увидев кто был гостем недовольно цокнула, говоря:/
-Этого ещё нехватала, так твоя гостья ""это"". Фу, глаза бы мои тебя не видели, однако за столь отважную битву пологатьсч награда. Спрашивай, чего хотела и быть может уйдешь отсюда со своей головой.

|-----------------------------------------------------------------------------|","samin__","1540475686324674600"
"24.08.2026 20:00:43","ktoia","#6622","— Сора Райдэн —

Правды ради, девушка бы не сдержалась и накинулась бы на ближайшего врага. Да, это было бы абсолютно неэффективно, однако была дана воля эмоциям, а эмоции говорили причинить хоть какой то вред тем, кто её сейчас окружал. Собственно, она так и сделала. Хотя как приблизиться и попытается схватить красную за что нибудь как... А? Бабах - и она на полу не пойми где.

Девушка со злостью обперлась рукой о пол и приподняла взгляд, сразу же оглядываясь... И злое оцепенение немного спало, уступаю непониманию, ведь она увидела помимо себя в этой комнате порядком... эм... **шесть демонов**, **какую то бабу на троне и орка**... Стоп чё? ЛОЙД? ЗДЕСЬ? В голове всплыла куча бессвязной херни, однако прежде чем она хотела потоком выкинуть всё это, глядя на окружающих, на неё начала крошить батон баба на троне. Некая доля непонимания ушла, уступая место опять злости. Поэтому мечница решила привстать, однако сил на это не то чтобы было, так что её максимум - сесть на колени, опираясь на меч.

Изрядно пожаловавшись про себя, она выпалила, вообще не пытаясь разобраться в ситуации, в которой оказалась. Первым делом она глянула на красную и сказала:

— Игрушка?! Иди ка ты нахрен!

Тсыкнув, она сразу глянула на Лойда, а после на женщину на троне:

— ЧЕ? КАКИЕ ВОПРОСЫ??? Я тебя не понимаю!

Девушка говорила очень пренебрежительно. Эх... Злость... а че поделать?

||<@&1496353875748323470>||","biok_ymer","1541438480155025450"
"25.08.2026 00:57:10","samin__","#2997","— Лойд Фронтера —

Парень уже сотню раз пожалел что пришёл к этой дуре. Оберон сука! Ещё раз поверить ему...

> Скучный ответ, скучной смерти. Действительно, мы друг друга не поймём. Ладно, не сильно и надо. Я получил ответы, которые хотел, а значит ничто не помешает мне заточить жизнь ещё этак на бесконечность лет. Э, чего? ОН? ОНА РАЗВЕ НЕ КОРОЛЕВА? Нет, я подозревал что вы бесполые все, но чтобы на столько. Такс... важны трактовки при переписи...

Собравшись с мыслями парень всё-же решился ответить:

— Всмысле...

И именно на этом слове появилась СОРА?! Парень разумеется не ожидал ТАКОГО совпадения, от чего вскрикнул:

— ВСМЫСЛЕ?!

После этого парень заткнулся, наблюдая за окружением, попутно смотря за теми, что пришли сюда, время от времени поглядывая на полудохлую Сору:

> Что блять... чего нахуй? Ты... ХУЛИ ТУТ ДЕЛАЕШЬ?! Так... спокойно... спокойно... если она здесь... то... ОНА ТЕПНУЛАСЬ В АД?! Бля-я-я-я... Сора не поменялась! Вообще! Только сиськи отрастила!!! Так, что делать? Что делать... эти первородные... значит сильные раз гг в прайме побили. Думаю-думаю... чёт ничего не придумаю! Делема, проблема! Та-а-а-ак! Нет... стоп... она же ведь нужна для плана этой сучки! Она не будет её убивать!

Стояло парню об этом задуматься, как Сора пошла в разнос! Критическая ошибка! Не думая не секунды, парень рванул с места, набрасываясь на Сору, пытаясь её прижать к полу, не ожидая особо ничего, ведь она - гг, а он сейчас немногим сильнее обычного человека, однако... Сора прогнулась... сильно прогнулась. Парень буквально впечатал ту лбом в пол, от чего потерял равновесие, вновь ударившись лбом о пол

Оставалось только сделать вид что он так и задумывал, от чего не поднимая головы проговорил сквозь боль от разбитого лба, на грани сотрясения:

— Тихо-тихо-тихо. Сора, это Муэлла. Владычица ада, владелица загробного мира, повелительница грешников и просто сама госпожа смерть

— Госпожа, простите эту дурёху, что проявила неучтивость придя сюда, проявите снисходительность

||<@1405305963375759440> ||","biok_ymer; ktoia","1541492468313366653"
"25.08.2026 01:17:05","biok_ymer","#9440","—Муэлла/и её подсосы—
|-----------------------------------------------------------------------------|
Девушка лишь недовольно фыркнула, однако проигнорировала слова девы, предпочитая дать возможность поговорить демонам, на что те довольно начали тираду, первый был вальяжный полуголый демон, говоря:
<@&1496357108331970590> 
|-----------------------------------------------------------------------------|

—Как низко пал владелец меча погибели, раз спустился в ад и падает низ перед нами, где же твоя ГОРДОСТЬ? Тс, почему мы не можем попросту из перебить, к чему нам следует давать им волю вести себя так нагло, так ещё и нарушать наши личные границы?

/Тут вмешалась лениво сидящая девушко, говоря тихо и спокойно:/
-Ох, а разве это не показывает нашу беспечность, раз мы пропустили до сюда, так ещё и позволили высказать подобное нашей госпоже? Может просто забрать их волю к жизни и они сами сбросятся там в овраг?

/Красная чертила вмешалась, говоря гордо и недовольно:/
-Эй, это было бы скучно просто поубивать их, да и наказа на это не было, был приказ ""поприветствовать"" гостя, а как уже на наше усмотрение и могу заметить, что нас пока не заткнули, что даёт нам право поговорить с ними, так к чему думать над их итогом? Они же простые смертные, против нашей воли и сделать ничероа не смогут, верно, злюка ~?

/Та с ухмылкой уставилась на Сору, на что вмешался уже чёрное нечто, говоря:/
-Какие же вы все же дети. Её ЖАЖДА знаний довела её в саму преисподнюю, как и этого человека и вместо награды мы их хотим покарать за их старания? И после этого я неразумная голодная тварь?

/И тут вмешался импозантный женщина мужик, говоря сладко и мягко:/
-К чему эти Соры братья и сестры? Почему бы все не решить по доброму? Если мы их разок простим, может и они помогут нам чем снаружи, подумайте о возможностях распространить свое влияние наверху ~.

/Некоторые под задумались, на что последняя девушка в помещении также решила высказать:/
-Если позволите мне сказать, я вижу в них стремления добиться чего-то большего и они ещё не приняли какую-то точную цель на жизнь. Так почему бы не узнать их мотив и не направить их, как делают глупые боги?

/После сказанного все уставились на двоих, а королева лишь устало зевнула, на всю эту беседу./

|-----------------------------------------------------------------------------|","samin__","1541567070930477146"
"25.08.2026 02:13:19","ktoia","#6622","— Сора Райдэн —

Сора определенно точно продолжила бы выговариваться, вообще не фильтруя базар и только изощрённее бы оскорбляла каждого из присутствующих - особенно ту, которая говорит ""ФУ"". Но её пыл слегка остудился, когда она получила удар оттуда, откуда не ждала. Лойд, чтоб его, воткнул её в пол! Ну спасибо. И какого хуя она вообще за ним шла? Будь у неё силы, она бы его пнула куда подальше, но сейчас не может... Гррр... Пф...

Однако, услышав его пояснение о том, кто эта манда на троне, девушка действительно немного стала приходить в себя. Возможно, этому поспособствовала и встреча с полом. Кто знает... Но факт есть факт - она стала постепенно успокаиваться. Не полностью, но уродкой смерть точно называть не будет.

Когда она услышала шушуканье и щебетание шестерок в зале, то не стала терпеть и как-то отвечать лёжа, ибо ну его! Мечница собралась с силами и свободной рукой стащила руку Лойда со своей головы, если она вообще всё ещё была там, а после вовсе приподняла голову, недовольно потирая лоб. Затем, снова садясь на колени, она косо глянула на распластавшегося Лойда и сказала:

— Ты совсем больн... мх...

Глубоооокий вдох.

— НЕТ, НУ ТЫ СУК...

Ещё один глубокий вдох.

— Пфф... мгх... кхе.

Пауза и девушка перевела взгляд с Лойда на Муэлу, потом опять на Лойда и Муэлу.

> Так... Она Ёкай смерти? Бог смерти? На психованную очень даже похожа! Я представляла её себе как-то иначе что-ли... В любом случае - у тебя че, кот на общей связи? Херли я и тебе сделала? НУ ДА! Пришла в Бездну, а че? Тут таблички не стоит о том, что нельзя... Ай ладно, спокойно Сора. И давно Лойд с этой болтает? Почему вообще я сразу к нему не переместилась, а появилась в пещере с этими... уебками. А их тут...

Она поглядела по сторонам на демонюг.

> Достаточно... Нам пиздец. Так... эм... вроде отпустило. Нет, конечно, я бы ебальничек той красной все еще бы подправила, только не могу. Ме! Уйдите, дряные мысли.

На этом Сора встряхнула головой и перестала раздраконивать саму себя. Что ж, в пору было бы им высказать своё НУ ОЧЕНЬ АВТОРИТЕТНОЕ мнение, которое девушка скажет, начиная... с... какого то полуголого мужика (Гордость):

— Горделивый смотрю??? Я пала? Возможно! Однако не я жду приказа от кого то, чтобы что то сделать - шестерка гребанная... Вообще оденься!

В миг мечница вспомнила, что это они тут на коленях стоят и их могут в любую секунду убить и угрюмо, но достаточно искренне добавила ему же:

— ИЗВИНЯЮСЬ за... то что сказала. Голова болит из-за кое кого...

В очередной раз глубоко вздохнув, чтобы унять потоки гнева, Сора решилась не отвечать на каждый бред про убийство и наказание, а ответить на самые нормальные слова демона - ЧЕРНОГО:

— Да... ЖАЖДА знаний и... не только - привела сюда. Все таки некоторые ответы можно узнать исключительно здесь... однако визит и в правду был весьма наглым.... Прошу прощения....

||<@&1496353875748323470> даю слово тебе, а то я ебал так много писать||","biok_ymer","1541572080741519431"
"25.08.2026 10:43:40","samin__","#2997","— Лойд Фронтера —

> Ожидаемо смертушка заткнулась. Не было понятно, она уже решила что будет делать или только думает. Оба варианта были так себе, да и сама ситуация хуже некуда. Всё шло к тому, чтобы я просто мирно ушёл, кинув на последок какую-то пустую фигню и всё, но СУКА СОРА! Реально погибель ебаная!

В этот момент начали вещать подсосы, от чего парень стал понемногу понимать что к чему:

> Первородные? Грехи. Ясное дело что первый - гордыня. Ну естественно он хочет нас прикончить, ведь тут не может быть никого более пизданутого чем он, а ведь даже ему не дано с этой сукой так говорить...

> Вторая - непонятно, но они могут забрать волю к жизни. Сучка... ладно, второй за убийство...

> Третья - тоже не ясно. Язва какая-то, однако уж больно весёлая. Точно не лень. Может подружка зависть? Ну... она хотя бы послушать нас хочет, уже что-то

> Четвёртый - чревоугодье. Правда странный он. Жажда знаний тут тоже является грехом? Но судя по его словам мы ему приглянулись, правда хорошо это или плохо - не ясно. Может он сжирает тех, кто ему нравится? Но я уже второй раз слышу о какой-то там награде. Сначала Муэлла, теперь этот. Какие-то странные у вас тут законы ребята. Соре за то что она попиздилась - поблажка, ясно сила гг, но на этом можно сыграть

> Пятый... пятая... пятое - непонятно. Странное создание, но дело говорит, можно пообещать чего и свинтить. Это дело хорошее. Правда как-то мне не нравится его полная снисходительность... сто пудов алчность. Даже в такой ситуации пытается выйти в плюс... завидую

> Ну и шестая - она что-то там видит. Стрепление? Пф... я сам не знаю чего хочу на самом деле. Хотя... она же так и сказала. Ладно... она что-то видит. Такс и итог - двоя за убийство, один за награду, двоя за использование, одна - воздержалась. В целом не безвыходно, можно работать

Перевернувшись с поклона, парень просто лёг на пол, уставившись на ""люстру"" слегка прищурив взгляд, слушая бредни Соры:

> БЛЯТЬ, ОНА НЕ ПОМЕНЯЛАСЬ ВООБЩЕ! ЗАТКНИСЬ НАХУЙ! О... ладно, крохи разума имеются, даже извинилась, НО ТЫ МНЕ ХУЖЕ ДЕЛАЕШЬ СУЧКА! Хотя бы извинилась 2 раза, хотя маловато для того что ты высрала. Ну... попробуем

Когда Сора закончила, а сечатка глаза начала гореть от света, парень махом принял сидячее положение, а после вновь встал на одно колено, понимая что как минимум эта поза - безопасная. Осмотрев всех первородных, тот ответил:

— Правда есть в ваших словах, мы и вправду жаждем знаний и полны стремления добиться большего. Скажу от лица обоих - наша цель спасти этот мир от погружения в новый цикл. Соглашусь команда откровенно странная. Почти обычный человек, на пару с причиной уничтожения мира. И как бы грустно это не было признавать - шансов изменить судьбу у обычного человека почти нет. Я думал что смогу найти ответы здесь, однако госпожа лишь ответила что все мои потуги бесполезны

Сделав грустную мордашку, парень уставился в пол

> Не так плохо. Правда на грани лжи. Даже Герда если бы была здесь не почувствовала подвоха. Сто-о-оп. Если она демон зависти, то первородный грех зависти тоже может читать мысли? Так... думаем меньше, говорим больше. Пока что просто наблюдать и притоиться...

||<@&1496357108331970590> <@1405305963375759440> ||","biok_ymer",""
"31.08.2026 16:57:19","biok_ymer","#9440","—Муэлла/и её подсосы—
|-----------------------------------------------------------------------------|
Многие недовольно посмотрели на потуги в переговоры, однако ничего говорить не стали преждевременно. Перед этим, красный черт щёлкнул пальцами, отчего гнев сооы улетучился, после чего он проговорил:
<@&1496357108331970590> .
|-----------------------------------------------------------------------------|

—Злая ты конечно забавная, однако пока этого хватит. Но вот с голодом будешь договариваться уже сама... Ладно уж, видно беседа намеривается быть долгой, представлюсь как я! Все же с владельцем меча надо дружить, вдруг подарит нашему греху процветание на поверхности, как было более 15 лет назад? Ах прекрасное время, когда я чувствовала себя выше других от твоего гнева! Я первородный грех гнева, сама Немезида!

/Дождавшись окончания слов гнева, вызвался горделивый, говоря:/
-А как было понятно само олицетворения греха гордыни, что в отличии от вас знает рамки своих возможностей и не пошел против смерти, ведь иначе бы меня бы тут не было и заменили бы каким грешником, как было с алчностью... Имя мне Мелиодас, обращайтесь ко мне как господин Мелиодас, иначе снесу вам голову.

/Тут вмешался расфуфыреныц парнишка улыбаясь и говоря:/
-Опять ваша это лишняя злоба, к чему она~? Страсть и Любовь это то что делает людей такими очаровательными! Ох, где мои манеры? Я первородный грех Похоти, Фэш, могу для вас стать тем кого вы сами представите~. Однако не ожидал ваши специфичные вкусы, не ожидал я, что вы оба по девушкам, один любит доминирование, а вторая любит запретный поот однополых отношений? Как забавно!

/Тут вмешалась темная девушка, недовольно встревая:/
-Не нужно тут твоего ""лживого"" подхода дружбы, ты же грех, вот и соотвествуй. Я Анага, грех зависти, надеюсь наше представление закончиться быстрым заканчиванием темы, а не продления её ещё дальше... Да и чё ты мужик голову склонил? Разве тебе не обидно, что тебя пытаются затмить какие-то грешки? ПФ, сдерживаешься из-за девке на троне? Очоравательно...

/Уткнувшись от своих же слов, вмешался уже черный монстр, говоря:/
-Ммм, все же их цель весьма забавна. Спасти мир от неизбежного пожирания самого себя, мне даже хочется на это глянуть, может чего толковое выйдет. Меня звать Бельзебут, олицетворения чревоугодия, надеюсь с вами поладить, для нашего общего затвмивания греха. Вашего любопытства, а моего будущего роста...

/Тут уже лениво выдохнула последняя, что уже чуть ли не лежала на земле, говоря:/
-Вот всех ваших бессмысленных разговоров так гонит в сон... Я Энму, лень. Давайте ближе к делу что хотите знать, мы можем ответить побольше коровы, однако если утомите долгим разговором, не обещаю что не усну...

|-----------------------------------------------------------------------------|","samin__","1541714669881008179"
"01.09.2026 10:46:23","ktoia","#6622","— Сора Райдэн —

Сора слушала, как один за другим представляются первородные грехи и её взгляд метался от одного к другому, пока внутри постепенно утихал гнев, наконец уступая место другим чувствам.

> Ага... Теперь точно. Эта на троне - тот ёкай, которого сослали сюда... Мда... Правда, она не выглядит как та, которую запечатали здесь насильно. ""Разум потерпел коррозию""... Ммм... Ладно-ладно, фиг бы с ней. Помимо неё здесь... значит, гнев, гордыня, похоть, зависть, чревоугодие и лень. Ну охрененно весёлая компания. ""Более 15 лет назад владелец меча подарил гневу процветание на поверхности""? Это она имеет в виду то?? Мх... Нет, ну, возможно, да, но возможно и нет... Ай, пока оставлю это, но цифры вроде как сходятся с теми событиями.

Мелиодос ушёл в игнор с пометкой ""напыщенный упод"". На похотливого демона девушка лишь слегка растерянно покосилась. Зависть... Нафиг зависть. Голодомор даже на разумного стал походить, правда всё ещё некоторые дурные мысли в его сторону витают. Ну и лень? А что лень? Говорить исключительно по делу? Пожалуй, не худший из вариантов. Свалить бы отсюда по хорошему и побыстрее, а то веет от них не самым лучшим образом.

> Вопрос... вопрос... ну, в принципе... хотя... нет... точно не у них. А если... Ну, теоретически, они же могут знать? Ну по сути дела? Чёрт. Ай фиг с ним.

Девушка вздохнула и кивнув в сторону <@&1496353875748323470>, четко и твердо сказала:

— Передаю право на вопрос ему.","biok_ymer","1543983025316958208"
"01.09.2026 12:04:24","samin__","#2997","— Лойд Фронтера —

Когда началось представление, парень начал крутить головой на 360, пытаясь всё запомнить или как минимум не забыть имена:

> ВСМЫСЛЕ ДОМИНИРОВАНИЕ?!?!?!?!? Кхм... так вот значит какие у меня вкусы... стрёмно, но учту. Кхм...

> Гнев, гордыня, похоть, зависть, чревоугодье и лень. 6 из 7. А где же мой браток алчность? Или сестричка? Не, лучше уж браток. Его заменили? Это как-то странно, но пока что не имеет значения. Мне не нужна поддержка всех грехов, лишь большинства

> Мэх... думай Ким... думай! Нужно выстраивать предложения, чтобы заручиться поддержкой большинства. Гнев - на приколе, гордыня - мэ, похоть - будет сложно, но есть рычаг, сеструха зависть - язва, но можно связать с гневом, чревоугодье - уже считай на нашей стороне из-за ""ненасытности"", однако оно связано с алчностью... ДА ГДЕЖ МОЙ ГРЕШОК! Ну и лень - говорить лаконично. Это будет ой как не просто подруга, но постараюсь держать накал чтобы подогревать твой интерес

И тут как гром среди ясного неба - передача права на вопрос. Неужто Сора РЕАЛЬНО поумнела? Хотя не сказать что это было в плюс. Право на вопрос было скорее ""милостью"", что дали Соре, чтобы она быстро сказала и ушла, а Лойд... да он и так уже спросил всё что хотел, хотя... грехи могли сказать и по больше.

Уяснив правила игры, парень всё-же поднялся на ноги, понимая что смертушке в целом плевать на то как он стоит, да и она сама говорила что не стоит, от чего этот жест мог разозлить разве что Мелиодаса, прислонив руку к сердцу, парень сглотнул ком в горле и начал **почти** по очереди восхвалять грехи, смотря на них:

— Приятно познакомиться с ВЕЛИКОЛЕПНОЙ Немезидой, ОБВОРОЖИТЕЛЬНЫМ Фэшем, НЕПРИКЛОННОЙ Агатой, МОГУЧИМ Бельзевулом, НЕВОЗМУТИМОЙ Энму и последним ну уж то-о-очно не по значению, господином Мелиодосом~. Если позволите, моё имя - Лойд. Простой иномирец ввязавшийся в непростые проблемы
> Выкуси урод. Сказал называть тебя господином, но что если у всех остальных эпитеты будут в десятки раз возвышение? Если я правильно просчитал, то его реакция понравится гневу, что даст плюсик в копилку уже мне, да и немного реабилитации от зависти должно капнуть, ибо зубки я показал

> Так... теперь нужно ударить по похоти и тут-же можно задеть зависть. Хотя... а точно ли им нравится когда проявляют их грех? Ай к чёрту! Ситуация и так дерьмо. Как минимум свой второй грех я должен перемонить на свою сторону!

Устремив взгляд на Фэша, парень проговорил понизив тон, делая голос мягче:

— Прошу, не шутите так. Я бы не сказал что у меня есть какой-то типаж. Я и за ручки то ни разу в жизни не держался, куда уж там перебирать. В свои годы я надеюсь разве что на чудо, хотя совру если скажу что не хочу отношений /ткнул пальцем в Сору/ представляешь какого смотреть, когда даже у девушки девушка есть?
> Отлично! Проявил зависть, не говоря о ней на прямую! Хух... теперь...

Тут по щеке парня потекла несознательная слеза, что накатила, пока тот занимался самоуничижением в плане отношений. Почувствовав как та стекает по щеке, парень удивился, однако поняв что это пойдёт только в плюс выдохнул, поднимая рукав к лечу, утирая скупую слезу. Убрав руку обратно, тот выдохнул собираясь с мыслями и подсчитал плюсы:
> Такс... итого, если всё сработает. Гнев, Похоть, Зависть, Чревоугодье - хорошего мнения. Гордыня хочет меня казнить, а лень... уснула. В целом ОТЛИЧНО! А теперь вопрос... что бы спросить? Что сейчас нужно?

Помолчав пару секунд, парень всё-же заговорил:

— Раз вы хотите продвинуть своё влияние на поверхности, думаю я смогу с этим помочь, однако для того чтобы это сбылось - необходимо чтобы поверхность вообще существовала, так что вопрос может быть только один */сделал тон серьёзнее/* как остановить ""обнуление""? */начал водить взглядом по каждому из грехов/* не сказал бы что я обычный человек, но любой иномирец может повлиять на судьбу, ведь так?
> Нельзя показаться слишком опасным, лучше пусть думают что я идиот, что не осознаёт своей незначимости

||<@&1496357108331970590> <@1405305963375759440> ||","biok_ymer",""
"01.09.2026 13:41:12","biok_ymer","#9440","—Муэлла/и её подсосы—
|-----------------------------------------------------------------------------|
Слушая речь <@&1496353875748323470> толпа и вправду реогировал на каждые вкинутые копканы, что в итоге привело к нервной вене у гордыни, что недовольно встал с места направляя руку в её сторону, твердо говоря:
<@&1496357108331970590> .
|-----------------------------------------------------------------------------|

—На колени. Молчать.

/После сказанного парень сам не понял как сам встал на колени, не в силах открыть свой рот, а сама гордыня недовольно хотел было что-то ещё сказать, однако тут вмешалась зависть, говоря:/
-Слушай, умолкли может? За последние века это первый иномирец добравшийся сюда и ты хочешь его кокнуть из-за неуважения к греху, что даже других не уважает? Вот тебя он уж точно продвигать не будет.

/На сказанное парень сильнее разозлился, хотев встрять, однако тут вмешалась смертушка, холодно глянув на парня, отчего тот все же нехотя встал обратно на колено, замолкнув. После такой дилемы Лойд вновь смол ощутить свое тело, а главное рот! После уже беседа продолжилась так, словно ничего не произошло и начал говорить похоть, говоря:/
-Ммм милый мой, ты проявил достаточную учтивость, чтобы мы могли подсобить советом, однако история всего конечна, отчего жизнь так и прекрасна, имея непредвиденный конец! Даже если в теории это было бы возможно, то для этого как минимум нужно побороть смерть и жизнь, решив проблему ""безумного коррозия"".

/На данные слова вмешалась гнев, говоря:/
-Пфф, ты говоришь о таких великих делах человеку. Да даже если бы он бы всесильным чертилой со своим культом и бесконечным приростом силе(отсылка к Коту), он все равно бы не смог вмешаться в божественный порядок, разве нет?

/Тут вмешался голод, добовляя:/
-Он иномирец и все же имеет возможность смотреть и влиять из вне, отчего шанс у него на что-то есть.

/Тут лениво перевернувшись на бок очнулась лень, говоря:/
-Тогда ему нужно вмешаться в строение веры людей, божественного порядка и судьбы мира. Уж многое нужно изменить, чтобы сдвинуть мир с мертвой точки конца.

/И тут вмешалась гордыня, что уже судя по всему успокоился, говоря:/
-Он в паре с хранителем меча погибели. При поддержки мечника он может в теории просто поубивать всех, превратив мир в утопию ха.

/На это несколько грехов засмеялось, а после вмешался гнев, говоря:/
-Ну вообщем ты понял, что уж больно большая ноша для человека и что ты можешь сделать? Какой твой план? Вряд-ли ты сюда пришел со смертью повидаться в двух смыслах~.","samin__","1544271700139581520"
"02.09.2026 16:26:54","ktoia","#6622","— Сора Райдэн —

||Бля как на все реагировать... ам.... мум.м. похуй||

Сора была сейчас не в лучшем состоянии. Да, гнев унялся, но другое чувство - Бельзебута точно её раздражало. Это увы, приходилось только терпеть, что она и делала. К тому же чувство опасности здесь было на пике. Не сказать, что это сильно давило на мозги и мораль девушки, однако это было очень даже неприятно. Переходя дальше, она просто сидела на коленях и слушала... слушала... слушала. Они опять упоминали про продвижение их греха. Неужели они работают как ёкаи? Чем больше веры = грехов - тем больше сил? Хотя, гнев же так и сказала. Да и зациклились они что-то между собой. Опять упоминают про меч. Первый раз слышит, чтобы его называли мечом погибели. Лойд им интересен - это хорошо. Так... Погоди. а если...

Девушка, которая всё время разговора смотрела сосредоточенно куда-то в сторонку, слушая и Лойда и грехов, заинтересованно развернулась на... эм... ну... **ПОХОТЬ**. Поглазев на него какое то время, она собралась с силами и наплевав на то, что Лойда только что за это чуть не отпетушили, сама встала на две ноги в полный рост, облокачиваясь на ножны меча, будто на трость. Начиная почти сразу говорить:

— Коррозия.

Мимолетно глянула на смертушку, которая ничего не сказала насчет этого? Получается это не табу. После чего продолжила:

— Не первый раз слышу. Вернее, не только от вас. Можете ли вы рассказать подробнее об этом?

> Кошара же упоминала про это. Да... может, эта херня априори происходит со смертью и жизнью, но она же не могла быть всегда? Она ведь как то началась. Все таки жизнь по рассказам с ума сошла, а эта смерть... ну.... так, на пол шишечки будто бы.","biok_ymer","1544296061907238983"
"02.09.2026 19:43:33","samin__","#2997","— Лойд Фронтера —

Парень ожидал что тому прилетит за его фокусы с **манипуляции**, однако не думал что так быстро. Видимо гордыня не просто так перевоплотилась в существо, вон как завёлся всего от пары слов. Рухнув на колени, парень чуть запаниковал, однако услышав голосок своей новой подружки еле заметно улыбнулся. Чтож, ставка сыграла!

Правда расклад был далеко не в пользу Лойда, ведь у него забрали его главное оружие - способность говорить. Да, а этот идиот не на столько и глуп, что решил ударить по самому важному... а нет, Лойд уже вновь может разомкнуть уста, этот грех - бездарь

Однако было услышано новое, до этого не встречаемое слово ""безумная коррозия"". Это было... уж слишком странно. Похоже вот и часть 40%, которые он о мине не понимал, хотя учитывая этот день... 10%

Внимательно вслушиваясь в слова грехов, парень крутил головой по кругу, подмечая странности:

> Пи-здец. Побороть жизнь и смерть, вмешаться в божественный порядок, переделать строение веры людей и судьбу мира. И СУКА МЕЛИОДАС! ИДИ НАХУЙ! НЕ ПОДКИДЫВАЙ ЭТОЙ ДУРЕ ИДЕЙ!

> И откуда Немезида это сука знает?! Совпадение? Или именно она и читает мысли? Откуда она взяла что у меня тут культ? И что я могу... ТАК СТОП! Тут точно кто-то читает мысли! Пуф... тихо... значит так, кто бы не читал мои мысли - в следующий раз скажи не в значай слово ""грешники"". Мы можем договориться, как минимум грех я смогу продвинуть любой... как я надеюсь что я просто себя накручиваю... как же я надеюсь

Парень изрядно заволновался, от чего хотел промолчать, тем более что Сора наконец отрастила яйца, чтобы Айрис было приятнее, однако не ответить на вопрос не мог, от чего повернувшись к Немезиде ответил:

— Всё что могу. То что вы перечислили это и правда непосильно для человека и тут уже не важно будь он из этого мира или пришедшим из вне. А план... хм... /указал на Сору/ не дать этой дуре убивать на лево и на право. А теперь, извиняюсь что встрял

> Хух... подозрения вроде отвёл

<@1405305963375759440>","biok_ymer; ktoia","1544700148876189707"
