Date,Username,User tag,Content,Mentions,Reply to
"2026-05-11,21:19:23",biok_ymer,#0,.,,
"2026-05-11,21:19:31",biok_ymer,#0,,,1503433645048991915
"2026-05-11,21:19:44",biok_ymer,#0,,,
"2026-05-11,21:20:20",samin__,#0,"— Розария Зипл —

Девушка, не привычная к таким сборищам народа явно была не в своей тарелке. Все куда-то бежали, все куда-то спешили, а в добавок кто-то ещё и подгонял тех в след. Во всём этом сумбуре Роза сделала единственное верное по её мнению решение. Остановиться и просто оглядеться приходя в себя

Столь величественных и монументальных строений девушка видела за свою жизнь не много, а чтобы понимать что тут пройдут годы её жизни и вовсе ввергало ту в ужас. От переизбытка чуств ту даже потрясывало, однако не из страха перед неизвестностью, а скорее предвкушением перед тем что её ждёт. Та даже не сомневалась что тут начинается новый том её жизни, однако... а что тут делать то? И... а чему тут вообще учат по итогу?",biok_ymer,1503461570020245566
"2026-05-12,00:42:28",ktoia,#0,"— Бенрир Аста —

Прекрасный день! Даже более того - долгожданный. Бенрир прибыл в город ещё затемно, следуя последним наставлениям родителей: ""Впитывай, не отвлекайся на пустое, помни - знания - единственная истинная ценность"". Что ж, он и не собирался отвлекаться. Правда, о том, как именно впитывать и где искать, ему не сказали. Но ничего, разберётся на месте!

И вот он стоит посреди огромной площади, забитой людьми. Толкучка - ужасная! Со всех сторон мельтешат спины, локти и чьи-то сумки. Бенрир слегка приспустил свою обычную лучезарность, нахмурился и принялся крутить головой, пытаясь понять, куда собственно идти. В этом городе он впервые, как и большинство здесь. Строения его не привлекали - просто камень с дырами, пусть и величественный. Его интересовало другое: знания, которые хранились внутри. Учёба? Учёба на втором плане. Сначала нужно понять, где здесь можно найти что-то по-настоящему полезное. Библиотека? Лекционные залы? А может, подвалы, где когда-нибудь кого-то взорвали?

Бенрир засунул руки в карманы и стараясь наступать на ноги прохожим, начал пробираться сквозь толпу, изредко извиняясь за свою неуклюжесть. Парень шел вперед и его точно не остановить! Ой наступил на еще одну ногу <@&1503426638447120474>.",biok_ymer,1503461570020245566
"2026-05-12,01:08:41",samin__,#0,"— Розария Зипл —

Смотря на необычную картину, девушка была возбуждена как никогда. Глаза горели, мышцы по всему телу на пределе и... А? Что это?!

Когда на её ногу наступили, та дёрнулась, наступая второй нагой на наступившую на её ногу ногу, ставя подножку человеку, что мирно проходил мимо неё. Запнувшись, та сделала что-то похожий на пьяный реверанс, а после увидив что сделала ||(сам отыграешь упал или споткнулся)|| похлопала глазами говоря:

— Ой, прости что встала на проходе, ты в порядке?",ktoia,1503512646073192528
"2026-05-12,01:24:09",ktoia,#0,"— Бенрир Аста —

Бенрир не понял, что произошло. Секунду назад он пробирался сквозь толпу, сосредоточенный на своих мыслях и вдруг его нога наступила на чью-то чужую ||совершенно не специально||, а в следующее мгновение мир накренился. Чья-то подлая подножка, резкое движение и он уже летит лицом вперёд, в самую гущу незнакомых спин.

Но Бенрир всегда был быстрее, чем казался!!! Рука сама метнулась вперёд, ухватившись за чьё-то плечо - явно женское. Он дёрнул на себя, пытаясь удержать равновесие и чудом не рухнул на землю. Несколько мгновений он буквально висел на девушке, балансируя на одной ноге и плече, как неуклюжий фламинго.

Когда мир наконец перестал кружиться, Бенрир выпрямился и поправил воротник, старательно делая вид, что ничего не произошло.

— Я абсолютно в порядке.

Он отпустил её плечо и засунул руки в карманы, чтобы никто не заметил, как они слегка дрожат, отступил на шаг назад.

— Но признаюсь честно, вы, леди, опасны.....

Парень слегка прочистил горло.

— КХМ. Бенрир Аста, между прочим! Надеюсь, моя голова переживёт наше знакомство. А ваше плече - мою неуклюжесть. Идёт?!",samin__,1503519240739618897
"2026-05-12,09:56:36",samin__,#0,"— Розария Зипл —

Когда нечто повисло на Розарии, та не понимая что происходит просто пыталась **выжить** от чего двинулась назад, чтобы ту не повалили на землю

Ещë пару минут назад та думала что тут всë как-то шумно, однако теперь она скучала по моментам, когда еë смущал только шум, а не весящий на ней парень! Когда тот наконец соизволил бороться с гравитацией сам, без какой либо помощи, девушка выпрямилась, поправляя рубашку, что слегка сползла в этот момент, а после слушая слова паренька сначала не понимающе покосилась на того, а после улыбнувшись приложила руку к сердцу, говоря:

— Розария Зипл, между прочим

После напыщенного приветствия не убирая ухмылку с лица, та второй рукой похлопала незнакомого знакомца по плечу, говоря тому:

— Хах! Что я роковая красотка мне ещë никто так не говорил. Ладно, квиты

Перестав бить по плечу, та задрала голову вверх, осматриваясь и говоря в невзначай:

— И вот что тут происходит? И куда вообще идти, не подскажешь?

Вспомнив что та стоит на ""проходе"", та сделала шаг в сторону, сбивая с ног ещë одного человека понимающе смотря на него, думая про себя ""Да тут что, везде проходы?!""

— Ой, право слово, простите, я не хотела",ktoia,1503523133401858079
"2026-05-12,16:35:21",ktoia,#0,"— Бенрир Аста —  

Бенрир ответил на похлопывание коротким снисходительным кивком - мол, похвала засчитана, но не более. Он хмыкнул, когда девушка назвала себя роковой красоткой и тут же перевёл взгляд на толпу, оценивая, куда лучше двинуться дальше, после этого мимолетного знакомства. Когда она сбила с ног очередного прохожего, он лишь приподнял бровь, но комментировать не стал, хотя в душе осознал, что эта чертовка перегибает: ведь это он хотел его сбить!  

— Розария, значит? Хм... Ладно, пусть будет Рози.  

Он кивнул куда-то в сторону центрального здания, куда в принципе все и собирались.  

— А насчёт того, куда идти... Мм... Судя по всему - нам ВНУТРЬ!  

С этими словами он двинулся вперёд, на ходу закидывая руки за затылок.",samin__,1503652095918866463
"2026-05-12,22:12:06",samin__,#0,"— Розария Зипл —

Извинившись ещё раз перед незнакомцем, та заметила, что первый встреченный ею человек пропал. Оглядевшись, та поняла что тот просто ""переместился"" от чего было принято решение его нагнать. Повторяя его жест, та уворачивалась от встречного потока мяса в форме людей сказала:

— Ладно Бен! Ну и? Что у тебя с лицом. Хи-хи... как будто в колючий куст упал. Чего такого ""изуча-а-ал""?

Договорив, девушка поняла что руки начинают затекать, однако решила пока что их не опускать, повторяя жесты за новым знакомым, которого сбила тут первым",ktoia,1503752445569011793
"2026-05-12,22:27:01",ktoia,#0,"— Бенрир Аста —

Парень не удивился что это раковобольная его догнала. Она выглядела как та еще прилипала и это ему нравится! Он перестал скрещивать руки на затылке и когда распахивал их случайно шлепнул по лицу прохожему, по симу приложив руку к сердце извинился за неакуратность, а после развернувшись к Розари указал на свое лицо, а именно на узоры, улыбаясь говоря:

 — А! Ты про записи? Так у меня дома бумага закончилась, пришлось проявлять находчивость!",samin__,1503837191376207922
"2026-05-12,23:41:55",samin__,#0,"— Розалия Зипл —

Девушка не понимая что делает этот парнишка замешкалась, смотря за его действиями, от чего пока тот говорил попыталась шлëпнуть кого-то по лицу, однако вместо этого заехала по заднице проходящей мимо девушке, что непонимая покасившись по сторонам заприметила парня, что распинался перед такой-же девушкой как и она. Сделав выводы, та не долго думая отвесила <@&1503426893481771008> смачного такого леща, хмыкнув и вертя задом дальше

Роза же не заметила в этом ничего странного. Обычаи конечно тут были странные, однако так или иначе приходилрсь их впитывать. Сделав вывад что это тут вместо рукопожатия, та как ни в чëм не бывало ответила:

— Находчивость... хм... я то думала это татуировки... а ты просто нищий....

Повернув голову в бок, та указала на шею, говоря:

— А у меня много татуировок, не только для красоты конечно, но выглядят и вправду дивно",ktoia,1503840945169498223
"2026-05-13,01:05:07",ktoia,#0,"— Бенрир Аста —

Бенрир потёр щёку, на которой только что расцвел красный след от чужой ладони - кто-то шёл мимо и видимо, решил внести свой вклад в местный фольклор....... Чтож парень не стал возмущаться, ведь подумал что это его последователи, только перевёл взгляд на удаляющуюся задницу, коя его шлепнула и хмыкнул забывая. 

Слово ""нищий"" его впрочем задело. Недолго думая, парень задрал подбородок и выпятил нижнюю губу, изображая оскорблённую гордость, но долго сохранять этот образ не смог тут же усмехнулся и махнул рукой:

— Нищий, говоришь? Нищий, но с фантазией. И... И вообще нет!!! Вообще, у меня всё очень дорогое, просто... Это альтернативно надёжное хранение информации на теле! Эксклюзив.

Он взглянул на Розари, а потом заметил узор на шее и сказал:

— Так... м.. на шее вижу. Много говоришь? Где, ПОКАЖИ.",samin__,1503859794115690517
"2026-05-13,10:47:33",samin__,#0,"— Розалия Зипл —

Девушка непонимающе покивала на слова Бена. Нищий, но с выдумкой. Лучше та сказать и не могла. Судя по окружению писать на своём же теле - это только его фишка, правда записи были откровенно... странные. Но влезать в это **пока что** та не собиралась

Услышав известие о том, что её татуировками заинтересовались, девушка улыбнулась, выкатывая всё что у неё было. Задрав рукава та показала татуировки похожие на шипастые браслеты, говоря:

— Парочка на запястьях

/Приподняв рубашку, та указала на пупок, вокруг которого был вычерчен какой-то символ/
— Печатка на живот и...

Заправив рубашку обратно, та повернулась боком, схватившись за край штанов, едва приспустив те, Розалия быстро отпустила те и щёлкнула Бана по носу со словами:

— А куда это мы засматриваемся? М?

Усмехнувшись, та вновь зашагала в сторону ВХОДА, довольная тем что только что сделала. Вроде как это было в стиле этого местечка... или нет? Это ей ещё предстояло узнать",ktoia,1503880732156760064
"2026-05-13,16:02:35",biok_ymer,#0,"——
|-----------------------------------------------------------------------------|
И вот спустя не долгое(конечно же) пришествие всех людей в главный зал, главные двери закрылись и по центру зала, на сцене стоял беловласый мужчиной, что завладев вниманием толпы, поклонился, а после стал говорить... Это было весьма необычно, ведь его голос отдавался не по ушам, а словно сразу в мозг, отчего казалось, будто он стоял прямо перед каждый человеком в зале, что многих потрясло, однако со временем привыкнув, люди стали его слушать:
<@&1503426638447120474> , <@&1503426893481771008> .
|-----------------------------------------------------------------------------|

—Приветсвую господ и дам в храме знаний, академии Истинного семейства. Здесь вы сможете постичь не бывалых высот ваших взысканий, а также открыть новый путь, к изучению. Я являюсь директором этого места Джеймс Кавендиш, надеюсь на то, что вы сможете много добиться в этом месте.

-Те кто здесь впервые, могу добавить что вам распределят по знаниям и силам под разве классы, дабы вы могли сосредоточиться на конкретном курсе, недели изучать лишний пласт знаний. Отчего попрошу всех подойти к сцене и поговорить со мной наедине, а пока я всех спрашиваю и распределяю, все в этом зале первогодки, отчего можете познакомиться поближе.

/После сказанного мужчина сделал реверанс, а после его голос перестал быть слышен среди всех и ученики стали кто как подходить к нему и о чем-то разговаривать, после чего он о чем-то размышляя кивал и направлял людей в разные группки./

|-----------------------------------------------------------------------------|",samin__,1504027305943765013
"2026-05-13,21:08:16",ktoia,#0,"— Бенрир Аста —

Бенрир даже не успел толком среагировать на щелчок по носу - только моргнул и потёр покрасневший кончик, глядя на удаляющуюся Розалию с выражением в котором смешались лёгкое возмущение и **искреннее уважение к наглости**.

— Ну и характер... не то что я. 

Пробормотав, он усмехнулся, сунув руки в карманы, направился следом.

Внутри главного зала он встал рядом. Голос директора раздающийся прямо в голове, заставил его сначала вздрогнуть, но он быстро взял себя в руки - только бровь приподнял, оценивая необычную технику. Он оглядел зал смотря как люди начали по одному подходить к сцене и не теряя времени заявил:

— Так, Розария! Как думаешь, нас распределят по одному классу или как всегда - талантливых в одну сторону, а таких, как ты в другую?

Он подмигнул, давая понять, что шутит.

— Ладно, пойду узнавать свою судьбу!

Парень медленно зашагал к директору, думая что выкинуть.

||Иди к директору первым.||",samin__,1504027305943765013
"2026-05-14,00:09:18",samin__,#0,"— Розалия Зипл —

Девушка ничуть не удивилась, когда в её уши начали транслировать речь, лишь озираясь на зевак, которые как будто чувствовали это впервые. Покачав головой, та посмотрела на то, как какой-то там Джеймс, каких-то там Кавендишей распинается на сцене. Вслушиваясь в его слова, та уловила только то, что её куда-то там определят и что-то там спросят, в общем ничего сложного или опасного... ТО ЧТО НАДО!

После к ней обратился старый знакомый, который смахивал на нового, девушка надулась, явно не понимая шутки. Надув щёчки, та лишь пожала плечами, понимая что началась кровная вражда с этим нищуком... хотя и она была не лучше

Подойдя к очереди, та удивилась что люди просто стоят и не толкаются, от чего с интересом встала в очередь, наблюдая за порядками. Когда спустя продолжительное время её наконец удостоили чести (которой та не понимали), девушка вышла к какому-то там недо-изначальному или... истинному... в общем вышла к нему и улыбнувшись сказала как будто заучанную фразу:

— Здраствуйте мистер Джеймс, сегодня потрясающая погода, не правда ли?

Подмигнув после сказанного, та не понимала какой в этом смысл, однако отец сказал что это решает все проблемы... только вот как это работает?

||<@1405305963375759440> ||","biok_ymer, ktoia",1504183515703672862
"2026-05-14,00:16:19",biok_ymer,#0,"—Джеймс Кавендиш—
|-----------------------------------------------------------------------------|
Волшебник смотря на девочку с верху вниз, чуть улыбнулся, чуть пригнувшись и говоря с ней более тихо:
|-----------------------------------------------------------------------------|

—Погода и вправду хорошая, приветствую дитя... Хм, мне уже взгляда на тебя ясна что ты весьма...""интересна"". Однако хотел бы уточнить, чем бы ты хотела заняться в академии и на чём строится взыскания твоей семьи. В зависимости от твоих желаний и познаний и будет выбран курс, однако если ты не сможешь определиться, то я сам вам назначу программу.

/На последнем слове парень сильнее ухмыльнулся, акцентируя на нём внимание./

|-----------------------------------------------------------------------------|",samin__,1504229072388100297
"2026-05-14,00:34:06",samin__,#0,"— Розалия Зипл —

Девушке крайне не понравилась фраза ""с первого взгляда"", а ещё ""интересная"", а ПОТОМ ""сам вам назначу программу"". Нахмурившись на мгновение, та вновь расплылась в улыбке, отвечая ну очень странному мужчине:

— Объект исследования ""рассредоточения маны, для создания анти магических барьеров"", а вообще я бы хотела получить доступ к ""запретным знаниям"". Это возможно мистер Джеймс?

Девушка намерено умолчала о том, зачем ей это, не желая выдавать большего необходимого, опасаясь этого ""глазастого""",biok_ymer,1504230841994317936
"2026-05-14,02:31:39",biok_ymer,#0,"—Джеймс Кавендиш—
|-----------------------------------------------------------------------------|
Выслушав направления тот охнул, а услышав о пожелания ахнул! И после чуть задумчиво поднеся руку к своему подбородку, постукивая и говоря:
|-----------------------------------------------------------------------------|

—Вот оно как, а это любопытно! Никто так прямо не хотел нарушить правила академии, мне нравится твоя прямолинейность. Однако...

/На этих словах парень переместил руку с подбородка показывая палец у её рта, словно на какая той замолчать:/
-О таком желании лучше не распространяться. Если ты хочешь туда попасть добейся этого. Любое исследования начинается с сложного пути, отчего если ты сможешь добиться открытия библиотеки по росту влияния или же окольными путями, тогда ты и сможешь получит знания ""анти магических барьеров"". Не думаю что данное знание, так легко даст тебе истинный род однако...

/Мужчина убрал палец, вставая во весь рост и говоря:/
-Для начала тебе бы попривыкнуть к местным устоям, отчего направляю тебя в корпус ""Ищеек"". Захочешь ещё поговорить, буду ждать в своём кабинете, а теперь...

/Закончив свою речь парень помохав пальцем поднял ту в воздух, а после аккуратно переместил к одной из групп, что скорее всего и были ""ищейки""./

|-----------------------------------------------------------------------------|",samin__,1504235317102641315
"2026-05-14,10:36:42",samin__,#0,"— Розалия Зипл —

Девушка явно поняла что этот мужчина понял что она поняла что он понял. Тот не просто не пригрозил ей за еë прямолинейность, а ещë и дал совет как добиться нужных ей знаний, намекая что не будет вставлять палки в колëса, даже если та выберет ""окольные пути"" это озадачило девушку на столько, что весь полëт, та провела в позе мыслителя. Порешив что пока что для этого рана и мистер Джеймс прав, та приняла факт что сейчас ей нужно просто обжиться и привыкнуть к местным НУ ОЧЕНЬ странным порядкам. А вообще, а что за ищейки?

Оглядевши группку, та помахала рукой и улыбчиво сказала:

— Приветствую! Розалия Зипл! А кто такое ищейки то по итогу?",biok_ymer,1504264898929098816
"2026-05-14,11:50:45",ktoia,#0,"— Берир Аста —

Бенрир решил, что ждать своей очереди - удел слабаков и тех, кто не знает, как правильно пробиваться в жизни! ""Что ж, посмотрим"" пробормотал себе под нос и двинулся к сцене.

Первым же делом он влетел плечом в какого-то щуплого парня, который шёл с таким видом, будто уже получил распределение в элитный класс. Бенрир даже не извинился - только хлопнул его по спине со словами:

— Хорошая стойка, брат! Держись! /рванул дальше./

Дальше началось весёлое. Очередь перед директором извивалась змеёй, но Бенрир решил, что змея - это не про него. Он просто начал пробираться вперёд, как рыба против течения, но с куда большей наглостью. ""Простите, простите, я по срочному делу"" говорил он, наступая на людей направо и налево. Один раз он так неудачно развернулся, что заехал локтем в спину долговязому парню, который тут же согнулся пополам, издав звук, похожий на чайку.

— Ой, извини, думал, там столб! 

Ляпнул первое что попалось Бенрир пошел дальше, даже не обернулся.

На полпути он зацепился за чью-то сумку, чуть не упал, но вместо этого случайно дёрнул её на себя и владелец, не удержав равновесия, врезался в компанию людей, которые с криками разлетелись в стороны. На что тот с восхищением сказал, вырываясь из толпы:

— Какая динамика! 

Кто-то попытался его остановить, схватив за рукав, но парень ловко вывернулся, попутно пожав ему руку и сказал:

— Рад знакомству! Потом обсудим!

Он развернулся и тут же лицом к лицу столкнулся с парочкой - парнем и девушкой, которые стояли очень близко друг к другу. Бенрир, не долго думая, развёл их в стороны за плечи, как шторы на сцене.

— Простите, любовь подождёт. Судьба на связи!

Девушка охнула, парень попытался что-то крикнуть, но Бенрир уже был в трёх шагах от директора, толкнув последнего стоящего перед ним студента прямо в спину. Тот сделал шаг вперёд, оказавшись перед директором раньше времени. Однако не-не-не Бенрир же, подойдя, просто отодвинул его за плечи назад говоря:

— Очередь соблюдай!!

И вот... Момент к чему он так стремился, парень повернулся к директору и положив руку на сердце, улыбнулся самой деловой улыбкой в своем исполнении начиная говорить:

— Добрый день. Прошу прощения за это господин Джеймс. Кхм. Толкучка жуткая, оно и понятно почему.

||<@1405305963375759440> ||",biok_ymer,
"2026-05-14,13:40:51",biok_ymer,#0,"—Джеймс Кавендиш—
|-----------------------------------------------------------------------------|
Наблюдая за данной картиной тот даже чуть хихикнул, однако не вмешиваясь тот выслушал представление парня, а после сказал:
|-----------------------------------------------------------------------------|

—Какая яркая фигура что же... Приветствую господин Аста, я так понимаю ваша семья не оставила Надежды в развитии магии самим? В прошлый раз ваш отец был против принимать нашу помощь, предпочитая одинаковые исследования, пойдете ли вы по его стопам или вы все же займетесь тут чем-то другим~?

|-----------------------------------------------------------------------------|",ktoia,1504405601390825532
"2026-05-14,16:35:10",ktoia,#0,"— Берир Аста —

Бенрир на мгновение замер, услышав про отца. Однако через то же мгновение вернулся в ресурс и убрав руку с сердца, стал слегка жестикулируя говорить:

— Отец - человек серьёзный, да и изыскания моей семьи конечно многогранны и я никогда от них не откажусь. Но! Я знаете ли, предпочитаю не повторять чужие пути. Даже если это путь собственного отца! 

Он чуть склонил голову, разглядывая директора с притворным любопытством.

— Поэтому, если у вас есть что-то действительно интересное - не семейное, не стандартное, а такое, от чего у нормальных людей волосы дыбом встают - я готов это изучать. И даже применять. А то я как-то не представляю себя занудой, который всю жизнь будет перебирать старые фолианты и доказывать, что его метод лучше дедушкиного! Мне нужно то, что адаптируется к течению времени. И то, что удивит.",biok_ymer,1504433307335524464
"2026-05-14,19:37:37",biok_ymer,#0,"—Джеймс Кавендиш—
|-----------------------------------------------------------------------------|
Слушая мечтательный поток сознания ребенка тот кивая сделал некие мысленные заметки, а после махнув пальцем поднял того в воздух и стал направлять к одной из группы говоря:
|-----------------------------------------------------------------------------|

—Звучишь как тот, что требует ""особый"" подход. Что же, отправлю тебя к ""Скитальцем"", пока не найдешь нужный вектор. Желаю удачи свыкнуться с новым графиком.

/Закончив мысль парень уже оказался в неизвестной группке, что судя по всему были не особо рады оказаться тут, хотя если уж посудить лишь пару групп были довольны решением директора, странно это все и где узнать устои школы?/

|-----------------------------------------------------------------------------|",ktoia,1504477175368122672
"2026-05-14,20:05:50",ktoia,#0,"— Бенрир Аста —

Бенрир не успел даже слова сказать, как его оторвали от земли. От левитации он только хмыкнул и когда его аккуратно опустили в группу, огляделся по сторонам....

Засунув руки в карманы парень пробормотал:

— ""Скитальцы"", значит... Звучит как-то... не то чтобы элитно.

Он перевёл взгляд на людей вокруг. Да уж... По преводив глазами туда сюда сказал:

— Че хмурые такие? Будто бы за вас выбор сделали!

На этом тот замолчал, ожидая дальнейших инструкций, но продолжил разглядывать своих новых... сокурсников? Или как их там называть. Может кто-то выделялся?",biok_ymer,1504523090112155810
"2026-05-15,16:09:03",biok_ymer,#0,"—???—
|-----------------------------------------------------------------------------|
У первошей мало кто выделялся, однако как только тот заметил того, кто выделяется тот уже сам подошёл к тому, с ухмылкой говоря:
|-----------------------------------------------------------------------------|

—Здаров мужик, смешное представление устроил! Мне даже интересно узнать как ты планируешь учиться, учитывая, что первое мнение о тебе как о ""уебище"". Пхехее, а ты чё, ещё и не знаешь кто такие скитальцы?

|-----------------------------------------------------------------------------|",ktoia,1504530193090351124
"2026-05-15,16:11:53",biok_ymer,#0,"—???—
|-----------------------------------------------------------------------------|
Многие не особо были рады столь тупого вопросу, а некоторые попросту были зашуганы, не особо радуясь находясь тут, только парнишка в паре шагов от девушки спокойно сказал:
|-----------------------------------------------------------------------------|

—Одна из каст с самыми суровыми условиями. Если быть точным, этот курс рассчитан на повышенное внимание на учебу ввиду лекций, чтения и теории, нежели практики. Вот многие и не рады, что придется стать забрулами, а кто-то уже им стал... А тебе родные что-ли не говорили?

|-----------------------------------------------------------------------------|",samin__,1504386966500802702
"2026-05-15,16:54:30",samin__,#0,"— Розалия Зипл —

Девушка ждала ответа с долей восхищения, смотря на солнечные лучи, что пробивались через ветрожа, преломляясь и падая около её ног. На её радость, кот-то всё таки решил ответить на её вопрос, вспоминая что она тут вообще-то под прикрытием, та ехидно ухмыльнулась, отвечая странному парню:

— Неа. Мне просто сказали что тут мне и место, только всего, так что придётся узнавать всё по пути. Значит зубрить... хм... почему господин Джеймс определил меня сюда? Не-по-нят-но... А ты я сморю подкован? Меня зовут Розария, а тебя?

Сделать вид что всё под контролем, перевести подозрения в более безопасную зону, а после попытаться сменить тему. Спасибо братик, сейчас и проверим твои советы на деле... сколько всего нужно было зубрить... а теперь и тут... ой... морока...",biok_ymer,1504833702713360534
"2026-05-15,17:21:55",ktoia,#0,"— Бенрир Аста —

Бенрир не торопился отвечать. Вместо этого он неторопливо повернулся к говорившему и окинул его ленивым взглядом. А затем сказал:

— ""Уебище""?

Приподнял бровь.

— Обидно. Я рассчитывал хотя бы на ""выскочку"" или ""бестактного нахала"".

Усмехнулся.

— А насчёт скитальцев... допустим, не знаю. Но судя по кислым минам всей этой компании, это не самый завидный удел. Если говорить более заурядно и чуть-чуть предположить то.... мм... Те кто не выбрали свой путь? 

Бенрир чуть подался вперёд, понижая голос до доверительного тона:

— Так просвети неуча. Кто такие скитальцы?",biok_ymer,1504832991963250728
"2026-05-15,19:01:08",biok_ymer,#0,"—???—
|-----------------------------------------------------------------------------|
Смеясь с аристократичных высказываниях парня, тот кое-как стал говорить:
|-----------------------------------------------------------------------------|

—Кэаэха, ты кхпхпх, боже, хахах вылетый западник пхаха. Ой, не могу! Аххмха, откуда такого ""прилежного"" сюда паххах принесло?

/Чуть отмеявшись, тот все же начал отвечать:/
-Ох, да, ты прав. Скитальцы это не определёныши, что ходят по всем курсам, в надеждах найти тот, что им по нраву. А отчего не нравится? Да все просто, в отличии от всех курсов, что имеют программу и баланс учебы, мы будем учить абсолютно все курсы, отчего и получается что учимся в разы больше чем нормальные ученики. Да здравствует бессонница, прощай здоровый сон!

/Закончив рассказ тот вновь стал ухмыляться, в попытках сдержать смех. Но не долго продержавшись вновь заржал, похоже в его семье манеры это удел глупых? Странно это однако./

|-----------------------------------------------------------------------------|",ktoia,1504851327497404577
"2026-05-15,21:04:20",biok_ymer,#0,,,1504893198172946582
"2026-05-15,22:19:03",ktoia,#0,"— Бенрир Аста —  

Бенрир слушал этот ржач, и чем громче становился парень, тем шире расплывалась его собственная улыбка. Ни тени обиды, ни капли смущения. Когда тот закончил монолог и вновь заржал, Бенрир подошёл ближе, положил руку ему на плечо и с лёгкостью похлопывая, сказал, глядя прямо в глаза:  

— Ржёшь? Ну-ну. Ржи, ржи. Смех продлевает жизнь.

Он убрал руку и чуть отступил, усмехнувшись краем губ.  

— Так, значит, скитальцы - это те, кто учит всё? Хм... Звучит как полный отрыв. Никакой скуки, никаких однообразных лекций. Только горы практики, бессонные ночи и ноль свободного времени. Ммм... чувствую херню. Хотя...

Он оглядел группу, потом снова посмотрел на парня, прищурившись.  

— Ахеренное место. По крайней мере, не состарюсь от скуки за этими стенами. А уж практики будет - завались. Там и посмотрим, кто из нас чего стоит.  

Бенрир чуть склонил голову, в голосе зазвучала лёгкая насмешка:  

— Ладно, фиг бы с ним. Тебя как звать то розовенький? А то ты тут самый весёлый, погляжу. С такими как ты хотя бы со скуки не помрёшь.",biok_ymer,1504876297740878078
"2026-05-18,00:01:04",biok_ymer,#0,"—???—
|-----------------------------------------------------------------------------|
Досмеявшись с дурачка, тот встал смахнув руку с плеча, после чего чуть откашлявшись сказал:
|-----------------------------------------------------------------------------|

—Кхехе, с тобой видимо тоже не состариться от скуки хех. Меня зовут Декстер Морган, рад познакомиться Бенрир Аста, хех. Надеюсь поладим! А ты кстати не хотел бы потом после сборов обсудить наши ветки? Я слышал, что наши родители были знакомы и вроде даже ладили, отчего надеюсь и мы поладим хехе~

|-----------------------------------------------------------------------------|",ktoia,1504926102970437723
"2026-05-18,00:16:23",biok_ymer,#0,"—???—
|-----------------------------------------------------------------------------|
Парень не сильно меняясь в лице и позе спокойно ответил:
|-----------------------------------------------------------------------------|

—Артур Фернкас, надеюсь ты соображаешь быстро, ведь в нашей ветке это пригодиться. Ты всегда можешь оспорить решение с директором, однако не думаю, что что-то из этого выйдет.

|-----------------------------------------------------------------------------|",samin__,1504844429872074922
"2026-05-18,01:40:46",ktoia,#0,"— Бенрир Аста —

Бенрир услышал фамилию и на мгновение замер, начиная перебирать в голове старые пыльные воспоминания... Потирая подбородок начал: 

— Морган... Морган, Морган... Где-то я эту фамилию уже слышал. То ли отец упоминал, то ли кто из его знакомых. Не по парням, конечно, но если про семейки - могу потом что-то вспомнить.

Широко улыбнулся скрещивая руки за затылком:

— Лады, договорились! После сборов найдём тихий уголок, поболтаем. Только без слёз и обнимашек, я к такому не готов~~~

Он чуть склонил голову и добавил уже полушепотом:

— Хотя если узнаю, что наши папаши вместе бордели жгли или ещё что похуже, тогда, может и обниму. Но не надейся! **Дружок~**~",biok_ymer,1505676554481700974
"2026-05-18,12:46:45",samin__,#0,"— Розалия Зипл —

Разумеется девушке ничего не дала эта фамилия, однако имечко та запомнила. Учитывая что с этим парнем предстояло учиться вместе, оно стояло того. Правда... можно оспорить решение? Но... пока что это было опрометчиво. Директор точно что-то заметил и не просто так определил её именно в ""ищейки"". Тем более что она пока что не хотела высовываться, а просто освоиться на новом месте, ну и параллельно привыкнуть к яркому солнечному свету, что до сих пор её слепил

Помахав головой, та заметила что у собеседника явно проблемы со зрением, от чего помахала рукой у того перед повязкой, говоря:

— А ты чего? Слепой что ли? Бедняга... тебя может куда ни будь провести? Как ты вообще сюда то добрался?

Не будет лишним сказать, что всё это время девушка махала рукой прямо перед повязкой безглазика",biok_ymer,1505680410086998137
"2026-05-18,16:33:05",biok_ymer,#0,"—Джеймс Кавендиш—
|-----------------------------------------------------------------------------|
<@&1503426638447120474> , <@&1503426893481771008> 
И вот спустя долгое ожидание толпа у директора закончилась и тот вновь стал говорить у всех в головах, говоря:
|-----------------------------------------------------------------------------|

—Прошу секундочку внимания. Распределение было закончено и на сегодня вы можете быть свободны. Можете пройтись по академии и осмотреться, в общежитии есть несколько блоков, под ваши группы, в классы попрошу не заходить, дабы не мешать другим ученикам. С завтрашнего дня, начинается ваша школьная жизнь, отчего советую запомнить где и что находится.

/Закончив мысль мужчина хлопнул в ладоши и взлетев над землёй быстро улетел по коридорам вдаль. Увидев это толпа стала разбредаться, осматривая округу. Многие направились по коридорам судя по всему в общежитие, дабы забрать себе комнату получше, а некоторые стали бродить по коридорам, пытаясь запомнить архитектуру./

|-----------------------------------------------------------------------------|",,
"2026-05-18,16:34:00",biok_ymer,#0,"—Артур Фернкас—
|-----------------------------------------------------------------------------|
Парень не понимал отчего та стала махать рукой перед его лицом, однако не стал ту прерывать, говоря:
|-----------------------------------------------------------------------------|

—Я вообще-то не инвалид какой, хорошо ориентируюсь и без зрения. Моя семья занимается усилением чувств, отчего для меня это не проблема.

/Услышав голос директора тот умолк, а после направил голову в сторону, говоря:/
-Ну, предпологаю стоит двигать. Куда пойдешь?

|-----------------------------------------------------------------------------|",samin__,1505869245072936991
"2026-05-18,16:35:41",biok_ymer,#0,"—Декстер Морган—
|-----------------------------------------------------------------------------|
Послушав про сотрудничества тот кивнул, а после положив руки за спину поглядел по сторонам и услышав голос директора охнул, а после посмотря на толпу сказал:
|-----------------------------------------------------------------------------|

—Ммм, думаю надо двигать. А вот куда, это вопрос! Погнали, осмотримся?

|-----------------------------------------------------------------------------|",ktoia,1505701645059887114
"2026-05-18,18:58:26",ktoia,#0,"— Бенрир Аста —  

Бенрир дёрнул плечом, когда голос директора раздался прямо в голове, прислушался, а когда мужчина улетел, лишь хмыкнул.  

— Ну... чего-то такого я и ждал. 

Услышав предложение Декстера, он кивнул:

— Погнали.

Они прошли несколько шагов по коридору, разглядывая стены и двери, когда Бенрир вдруг остановился и громко заявил, развернувшись к спутнику:  

— НАМ НУЖНО В ПОДВАЛ!

Он уверенно двинулся дальше, оглядываясь в поисках лестницы вниз.

— Сверху ничего интересного не будет. Классы, лекционные залы, туалеты - скукота. А вот подвал... там всегда что-то прячут, к примеру трупы. **Или детей.**

Он сбавил шаг, пропуская Декстера вперёд и добавил уже спокойнее:

— Кстати, а что за тема с ветками ты хотел облизать? Можешь не стесняться, я человек открытый. Ну, в пределах разумного.",biok_ymer,1505926857541943477
"2026-05-18,19:12:10",biok_ymer,#0,"—Декстер Морган—
|-----------------------------------------------------------------------------|
Осматриваясь по округе, тот услышала предложение парня и чуть ухмыльнувшись и сам загорелся идеей найти подвал. Отчего общими усилиями они нашли проход вниз, что вёл к непонятной двери, где они и остановились, обсудить дела:
|-----------------------------------------------------------------------------|

—Ну знаешь ли, наши семейства весьма сильно похожи, изучениями. И я уверен если бы хоть кто-то из нас родился девчонкой, нас бы тут же сосватали, чтобы поделиться знаниями хех. Однако мы ведь более разумные люди и можем и сами обменяться знаниями, хоть в данный момент у нас и имеются лишь основы.

|-----------------------------------------------------------------------------|",ktoia,1505962781768159244
"2026-05-18,19:35:39",ktoia,#0,"— Бенрир Аста —

Бенрир прошёлся вдоль стены, заложив руки за спину и остановился прямо перед дверью. Не торопясь, он осмотрел петли, косяк, щель - всё то, что обычно говорит о том, как давно сюда входили. Но открывать не стал.

Обернувшись к Декстеру, он серьёзно ответил:

— Если бы ты родился девчонкой, я бы не рисковал ходить с тобой в подвалы... Пхах... Сватать, сватать... Ну слу-у-ушай, я считаю, если бы я был бы девушкой, то привлекательности было бы не занимать.

Он действительно задумался, приподняв взгляд:

— **Чёрт... Хочу магию смены пола**...

Отмахнулся, положил руку на бок и добавил:

— Кхм. Ладно. Да, вполне можем позже обменятся практиками. Но! Не будем об этом разглагольствовать сейчас. Перед нами дверь Х. Даю тебе честь - отворяй её.",biok_ymer,1505966238692671538
"2026-05-18,20:09:10",samin__,#0,"— Розалия Зипл —

Услышав объяснения от парня, Роза застыла. То есть он и вправду слепой, а его семья решила сделать так, чтобы он мог жить полной жизнью, наслаждаясь юностью даже со своим недугом. От своих же заблуждений, та умилилась, а после чуть более радостно ответила:

— Нужно занять местечко получше. Освоиться ещё успеем, а вот места к тому времени разберут и придётся опять ночевать под звёздами. Мэ... там сыро... не хочу! Так что идём!

Хватанув слепыша за руку, девушка попыталась поволочь его в **буквально** рандомную сторону, попутно спрашивая:

— Артур, значит у тебя усиленные чувства, то есть если я сейчас крикну, тебе будет неприятно, я права?

Тут все были такими чудаками! Розалия ну просто не могла не распросить всех и каждого о интересных ей теме",biok_ymer,1505926432239517716
"2026-05-18,22:33:36",biok_ymer,#0,"—Артур Фернкас—
|-----------------------------------------------------------------------------|
Артур не особо понимал отчего они направлялись в сторону уборной, однако не сопротивляясь действиям той тот стал идти с ней, говоря:
|-----------------------------------------------------------------------------|

—Можно и так сказать. Не могу располагать подробностями, да и я их толком не знаю из-за правил, однако МММ, если ты крикнешь, мне и вправду будет неприятно.

|-----------------------------------------------------------------------------|",samin__,1505980582067437568
"2026-05-18,22:42:17",biok_ymer,#0,"—Декстер Морган—
|-----------------------------------------------------------------------------|
Дверь была старовата, однако судя по креплением весьма часто использовалась. Да и судя по всему она не была запертой, а скорее выглядела угрюмо.

Парень же слушая размышления о магии смена пола чуть задумался, а после ухмыльнувшись сказал:
|-----------------------------------------------------------------------------|

—Это же сколько тем можно было обсудить если придумать такую магию хех. Вот к слову прийти в женский кампус и подслушать их секретики, я слышал они те ещё сплетницы хех. А вот дверь...

/Подойдя к той, тот недолго думая открыл дверь, открывая зрению библиотеку, ветхую, старую, но все же грамозкую библиотеку. Учуяв огромный ком пыли, парень чуть гапряг нос, а после прикрываясь руковом чихнул, говоря:/
-Ну как минимум, выглядет не особо популярно.

|-----------------------------------------------------------------------------|",ktoia,1505972147879940187
"2026-05-18,23:15:02",samin__,#0,"— Розалия Зипл —

Кивая своему новому ~~подопытному~~ другу, девушка сказала:

— Ну... мне бы тоже было неприятно, если бы мне на ухо кто-то крикнул, так что не шибко ты и отличаешься

Встав перед уборными, девушка естественно не поняла что это такое, потупив в значки пару секунд, та отпустила руку паренька и сказала:

— Ну, получается соседями будем. Чур эта моя

С этими словами, девушка без задней мысли зашла в [мужской](https://discord.com/channels/1495473722679754914/1495473983636897803/1506026839162884140) толчок",biok_ymer,1506016930077605998
"2026-05-18,23:24:24",ktoia,#0,"— Бенрир Аста —

Бенрир, стоявший за спиной Декстера, услышал про женский кампус и чуть приподнял бровь с улыбкой.

— Ох ты ж... А ты я смотрю стратег. Подслушивать сплетни? Это ты называешь ""прийти к знаниям""? Хотя... звучит... Первым же делом опробую магию на тебе дружище~~~!

Он хлопнул Декстера по плечу, когда тот чихнул и сам закашлялся, отмахиваясь от пыли.

— А-а-апчхи!.. Боже, тут что, ни разу не убирали с момента основания академии?

Говоря это Бенрир все же обошел Декстера заходя внутрь.

— Не особо популярно? Это ещё мягко сказано. Это место скорее захронение... Хотя книжонок много.... Ммм...

Он провёл пальцем по корешку ближайшей книги, сдул пыль и скривился.

— Но знаешь... в таких местах иногда попадаются настоящие сокровища. Не золото, конечно. А то,о чём не пишут в открытом доступе! О магии смены пола! ХАХ!

Он обернулся к Декстеру и кивнул вглубь.

— Что скажешь, разведчик? Идём шуршать? Или дышать пылью для тебя слишком опасно?))",biok_ymer,1506019115783946392
"2026-05-19,01:07:34",biok_ymer,#0,"—Артур Фернкас—
|-----------------------------------------------------------------------------|
Наблюдая за тем как девушка входит в мужской туалет, парень буркнул, а после проследуя следом взял ту за руку и вывел, пока та не надела там дел и направился в сторону коридора, ведущее в общежитие, говоря:
|-----------------------------------------------------------------------------|

—Дуреха, ты чего, в туалете собралась жить? Пойдем я проведу, я чувствую в какой стороне больше людей, проведу тебя...

|-----------------------------------------------------------------------------|",samin__,1506027357717266573
"2026-05-19,04:23:29",biok_ymer,#0,"—Декстер Морган—
|-----------------------------------------------------------------------------|
Поймав общую волну парень показал палец вверх по поводу магии, а после осматривая округу предложил:
|-----------------------------------------------------------------------------|

—Предлагаю разделиться. Место тут много и нужно осмотреться хотя бы поверхностно. Мы в любом момент сможем сюда вернуться, а так мы хотя бы поймём какие отделы книг тут или что тут конкретно. Встретимся через минут 15-ть у входа, до встречи~.

/Договорив свою мысль, парнишка помохал тому и стал отходить, где спустя уже пару метров зачихался, а после его звук обуви вместе с ним пропал из слышимости./

|-----------------------------------------------------------------------------|",ktoia,1506029712223502398
"2026-05-19,09:00:53",ktoia,#0,"— Бенрир Аста —

Бенрир молча кивнул в ответ. Разделиться - разумно. Он проводил взглядом удаляющуюся спину Декстера, пока тот не скрылся за стеллажам и только тогда повернулся в противоположную сторону.

Он двинулся в глубь. Проходя мимо полок, он замедлял шаг, вглядываясь в корешки книг, но ни одну не трогал. Парень искал в глубине комнаты таблички - указатели секций, но в тусклом свете разобрать надписи было сложновато. Бенрир свернул за угол, где свет почти не проникал и на мгновение замер, привыкая к темноте. Потом пошёл дальше, ведя пальцами по шершавому краю полки, чтобы не потерять направление.",biok_ymer,1506104981625897141
"2026-05-19,20:48:33",samin__,#0,"— Розалия Зипл —

Девушка успела оценить интерерчик лишь краем глаза, но... ЭТО ТУАЛЕТ! ЭТО ХАРОМЫ! ВЫ ЧЕГО?! Но она не была полной дурой, так то решила не говорить свои мысли в слух. Не желая выдавать что и вправду хотела бы пожить в местных туалетах, та стала говорить, только когда её отпустило:

— Так значит ты можешь чувствовать скопления людей? Интересно. Как думаешь, какая комната самая лучшая? Поближе к выходу или наоборот, повыше?

Про туалет та просто решила умолчать, чтобы не вызывать подозрений. Благо ей хватило мозгов не конкретизировать, что про ""выше"" она сказала с подтекстом ""чтобы крысы не добрались""",biok_ymer,1506055677318135911
"2026-05-21,04:17:14",biok_ymer,#0,"—???—
|-----------------------------------------------------------------------------|
И вот гуляя по бесконечным на вид коридорам библиотеки, тот увидил интересную картину, за столом читального зала сидела девушка, что судя по всему спокойно себе читала какую-то книгу, не особо и обращая на пыльное пространство вокруге, довольно улыбаясь своим пустым на вид взглядом. Так бы и продолжалось, если бы та не заметила парня, отчего она перекрыла книгу, переведя взгляд на того и говоря:
|-----------------------------------------------------------------------------|

—Ой и кого это сюда занесло~? 

|-----------------------------------------------------------------------------|",ktoia,1506174789889425560
"2026-05-21,04:17:16",biok_ymer,#0,https://i.pinimg.com/736x/ea/1d/73/ea1d73757854df87b33344096212a3e0.jpg,,
"2026-05-21,10:19:52",ktoia,#0,"— Бенрир Аста —

Бенрир замер на месте, когда в полумраке библиотеки заметил фигуру за столом. Девушка. Читает. Улыбается. В пыльном, забытом всеми подвале.

Прежде чем он успел подумать изо рта вырвалось:

— **Призрак?!!!** 

Он прищурился, всматриваясь в неё и двинулся вперёд.

— Хотя... красивый призрак.

Остановившись в паре шагов от стола, он засунул руки в карманы и склонил голову набок, разглядывая девушку с откровенным любопытством.

— Странное место для таких... красивых призраков. Пыльно, темно, книжки старые. Не боишься, что пауки в волосах заведутся?

Он выпрямился и огляделся, потом снова посмотрел на неё покасившись на название книги, с лёгкой улыбкой.

— А ты кто? Забрёл сюда в поисках сокровищ, а нашёл... тебя. И пока не пойму, повезло мне или нет. Хотя.... Личико милое!~

Бенрир мельком усмехнулся.... Вообще попутно этой лести парень думал о том что будет если узнаю что они забрели куда не надо, э... Выгонят? Врятли... Мх... Наверное по голове погладят!",biok_ymer,1506828185721901246
"2026-05-21,21:10:46",biok_ymer,#0,"—???—
|-----------------------------------------------------------------------------|
Девушка не отводя взора от парня накрыла название книги ладонью, а сама слушая парня покосилась по сторонам, а после спокойно ответила:
|-----------------------------------------------------------------------------|

—А разве не очевидно? Я тут читаю. Все же эту библиотеку можно сказать доверили мне, отчего я здесь и нахожусь. Но не волнуйся, на меня паучки не полезут, опасное для них это дело. А ты что тут делаешь?

|-----------------------------------------------------------------------------|",ktoia,1506919441466785842
"2026-05-21,21:12:51",biok_ymer,#0,"—Артур Фернкас—
|-----------------------------------------------------------------------------|
Направляясь по коридорам к оьщижитию тот слушал странную девушку, а после дойдя до нужного места отпустил ту, видя толкучку в коридоре и помохав головой по сторонам сказал:
|-----------------------------------------------------------------------------|

—Тут где-то должен быть указатель, нужно найти наше направлени и там занять комнаты. А по поводу выбора, я бы взял подальше, чтобы было поменьше шума... И ты подумала с кем жить будешь? Все же в одной комнате должны жить по 2 человека.

|-----------------------------------------------------------------------------|",samin__,1506352880595243018
"2026-05-21,21:51:10",ktoia,#0,"— Бенрир Аста —  

Бенрир заметил, что ему не дают посмотреть что здесь читают, поэтому, к несчастью на время отвёл взгляд от книжонки на личико неизвестной. Выслушав ответ, он не изменил улыбки, похлопал глазами, а затем потер затылок и начал отвечать:  

— А, эту библиотеку доверили ТЕБЕ?  

Он оглядел пыльные полки, потом снова посмотрел на неё.  

— Слушай... у меня плохие новости. Тебя не слишком любят. Ну, в плане... пылесборник здесь жуткий.  

Он усмехнулся, кивнув на книгу.  

— Вот оно что, паучки боятся. Хм... Что ж... Хех... Я тут по велению судьбы! А если кратко - просто увидел дверь и зашёл. Почему бы и нет? А уж книги меня потом так заинтересовали, что пришлось идти на поводу у своей алчности - бродить тут и искать что-то интересненькое.  

Он выпрямился, развёл руками и добавил:  

— Но что обо мне, да обо мне! Бенрир Аста, приятно познакомиться~~  

Он чуть склонил голову, всё ещё разглядывая девушку с живым любопытством.  

— Хм... Что читаешь?",biok_ymer,1507083249212723323
"2026-05-21,22:56:29",biok_ymer,#0,"—???—
|-----------------------------------------------------------------------------|
Девушка все также улыбаясь убрала книгу за спину вставая с места, говоря:
|-----------------------------------------------------------------------------|

—Ммм, значит студент? Меня зовут Вивьен Нарухата, отвечаю за эту библиотеку, рада познакомиться. Значит любопытный? Для мага это хороший показатель. Читаю что приходится, а ты хочешь что-то узнать? Быть может помогу с выбором книги.

|-----------------------------------------------------------------------------|",ktoia,1507093416591364146
"2026-05-21,23:22:21",ktoia,#0,"— Бенрир Аста —

Бенрир заметил, как книга быстро исчезла за спиной и усмехнулся - его любопытство только разгорелось..... Стоп погоди, а она не студент? Э.... ей же лет 19, она и за библиотеку отвечает.... Да и говорит со мной как препод....

Парнишка перестал скрещивать руки за спиной, ведь кажется он что-то начал понимать, но улыбку решил не убирать, нельзя показывать свою неуверенность!

— Хах, значит Мисс Вивьен! Приятно-приятно. Что приходится? Мх... Хотелось бы конечно **КОНКРЕТИКИ**, ну чтож, раз не хочешь делиться то ладно! Хмммм... с выбором помочь, а тут есть что-то про метамарфозу?

Аста явно не понимал кто перед ним сейчас стоит, и он НЕ ХОТЕЛ понимать кто перед ним, дабы оставаться на своей волне.",biok_ymer,1507109852722233373
"2026-05-21,23:23:17",ktoia,#0,,,
"2026-05-22,02:49:42",biok_ymer,#0,"—Вивьен Нарухата—
|-----------------------------------------------------------------------------|
Девушка благополучно воспользовавшись отвлечением подкинула книгу рукой, а после ударив той головой откинула на одну из книжных полок, после чего она продолжая держать руки за спиной подошла к одной из полок, говоря:
|-----------------------------------------------------------------------------|

—Тут целый архив знаний, отчего и подобное тут есть, можно конкретно, что тебя интересует? Метаморфоза материи, пространства или вообще другой смысл?

|-----------------------------------------------------------------------------|",ktoia,1507116359845412946
"2026-05-22,08:30:45",ktoia,#0,"— Бенрир Аста —

Что ж, не судьба узнать, что читают миленькие девушки, если они так ловко работают головой. Проводив взглядом книгу, Бенрир потерял её среди чёрных полок и решил забить на это.

Пройдя за девушкой, он остановился перед какой то полкой, покосился на неё и ответил:

— Хм. По своей сути - метаморфоза материи. Но что до неё, понадобится наверняка и пространство. Пу-пу-пу... А давай всё, что связано с метаморфозой. Знаний мало не бывает, особенно в той сфере, которую хочется изучить.

— Кстати, какими духами пользуешься? ~~~",biok_ymer,1507168543269978143
"2026-05-22,09:10:25",samin__,#0,"— Розалия Зипл —

Девушка было хотела удивиться! Как это так?! Только 2 человека?! Не по 4?! Однако довольная тем что еë ошалевший взгляд не будет увиден слепыщом, та поивела мысли в порядок, смотря на указатель, а после махнув рукой, пригласила  Артура за собой, на удивление идя в правильном направлении, начиная рассуждать в слух:

— Ну... если бы мне дали выбор, я бы пожалуй поселилась поближе к выходу. Я бы сказала что шум меня не смущает от сова совсем

— А что на счëт соседства... ммм... неа, я же тут никого и не знаю. Все знакомые на других направлениях

Да Роза. Целый один знакомый на другом направлении, ты права",biok_ymer,1507083772645085366
"2026-05-23,19:15:54",biok_ymer,#0,"—Вивьен Нарухата—
|-----------------------------------------------------------------------------|
Осматривая книжный ряд, девушка стала то и дело брать в руку книги и тут же перекладывать в руки парню и когда у него собралась достаточная кучка, чтобы тот стал пошатываться та прекратила, говоря:
|-----------------------------------------------------------------------------|

—Для теории хватит. А вот практику этих знаний применить будет сложнее, у учителей может помощь попроси там или у друзей, не хотелось бы, чтобы библиотека превратилась в подопытную.

|-----------------------------------------------------------------------------|",ktoia,1507254369039552512
"2026-05-23,19:17:28",biok_ymer,#0,"—Артур Фернкас—
|-----------------------------------------------------------------------------|
Парень досадно выдохнул, а после направляясь дальше по коридору сказал:
|-----------------------------------------------------------------------------|

—К сожалению я не нянька чтобы быть с тобой, отчего удачи найти себе соседа получше. Да и с тобой будет слишком шумно... Кхм, до встречи.

/Договорив парень скрылся в коцег коридора, заходя в случайную комнату и оставаясь там./

|-----------------------------------------------------------------------------|",samin__,1507264353479557141
"2026-05-23,19:32:05",ktoia,#0,"— Бенрир Аста —  

Бенрир с некоторым удивлением принял первую книгу, потом вторую, третью… К четвёртой он уже начал сомневаться, а когда стопка перевалила за половину его роста, он понял, что Вивьен либо проверяет его на прочность, либо просто решила, что у него три пары рук.  

— Эй, полегче! Я, конечно, любознательный, но не настолько!  

Когда девушка наконец остановилась, Бенрир с облегчением переложил стопку на ближайший стол и выпрямился, разминая плечи.  

— Для теории хватит, говоришь? А я думал, ты решила проверить, сколько я весу выдержу.  

Он взял верхнюю книгу, пролистал несколько страниц, потом поднял взгляд на Вивьен.  

— Ладно, практику поищу отдельно. А с тобой, Вивьен... приятно было познакомиться! В прямом смысле. Кхммм... Значит, ещё свидимся! А то я думаю, если промедлю полчаса - останусь без комнаты. Пока-пока Вивьен!!!

Бенрир благополучно взял всё, что ему дали и направился к выходу, надеясь, что Декстер который наверняка всё это время прохлаждался, будет там. А впрочем... кто всё-таки такая эта Нарухата? Да чёрт её знает. Потом узнает.",biok_ymer,1507779117758808175
"2026-05-23,20:54:24",samin__,#0,"— Розалия Зипл —

Девушка посмотрела в след парня, смотря чтобы тот не врезался в закрытую дверь, а когда убедилась что слепыш дойдёт до своей комнатки надула губки. Нет, бесспорно он нянькой не нанимался, да и то что она будет шуметь - чистая правда, однако можно было это сказать более нежно. Быстренько переварив этот разговор, девушка убедилась что с первым знакомством в новом коллективе ей уж точно повезло. Добрый парнишка, что в беде не оставит, повезло так повезло!

Очнувшись от любования кориродом, девушка подошла к первой попавшейся двери и не стуча распахнула ту. Если там будет 2 человека - так просто закрое её и пойдёт к следующей ища комнатку с одним человеком ||(пол не важен)||",biok_ymer,1507779511071281305
"2026-05-24,02:19:22",biok_ymer,#0,"—Декстер Морган—
|-----------------------------------------------------------------------------|
Парень же не так сильно преуспел в поисках, однако играясь с телегой для книг катаясь по коридору, тот заприметил друга... С книгами? Тот удивился, что он так быстро нашел чего-то, ещё и так много и подъезжая к тому встал с телеги, освобождая места для знаний друга, говоря:
|-----------------------------------------------------------------------------|

—А у тебя я смотрю крупный улов! Нашел как делать сиськи и убирать чернешки?

|-----------------------------------------------------------------------------|",ktoia,1507783190411214919
"2026-05-24,02:25:34",ktoia,#0,"— Бенрир Аста —

Бенрир сгрузил книги на тележку и выдохнул с облегчением.

— Сиськи и чернешки? 

Усмехнулся.

— Нет, Декстер, это всё слишком высокие материи для нашей скромной библиотеки. Тут только метаморфоза материи, пространства и всё такое. Скука смертная, но для нашей сути полезно.

Он потянулся, хрустнув спиной и добавил:

— А ты, я смотрю, транспорт освоил. Ну что, поехали? Надо занять самую пиздатую комнату... Ну... или выгнать кого-то.

Парнишка решил не говорить про свою новую знакомую, ибо не хотел себе конкурента в отношениях!~~",biok_ymer,1507885684310933608
"2026-05-25,22:13:55",biok_ymer,#0,"—Декстер Морган—
|-----------------------------------------------------------------------------|
Парень кивнул, а после надев воображаемую фуражку что часто носят извозчики, поставил ноги на колесики и оттолкнувшись поехал в сторону выхода, приговаривая:
|-----------------------------------------------------------------------------|

—Ну тогда не стоит терять времени, кто последний, тому диктуют правила комнаты~. Не отставай!

|-----------------------------------------------------------------------------|",ktoia,1507887246584315944
"2026-05-25,22:32:07",biok_ymer,#0,"—???—
|-----------------------------------------------------------------------------|
И вот спустя пару неловких заходов та зашла в комнату к девушке, что судя по всему была одна в комнате и со спокойным видом смотрела в окно и услышав звук двери медленными движениями обернулась, осматривая девушку, говоря:
|-----------------------------------------------------------------------------|

—Привет. Неужто хочешь заселиться со мной?

|-----------------------------------------------------------------------------|",samin__,1507803904274858064
"2026-05-25,23:16:10",samin__,#0,"— Розалия Зипл —

Девушка без какого либо смущения заходила по комнатам, ловя недовольные взгляды, которые не понимала, ведь: ""А как я по вашему комнату то найду""

Уйдя таким образом чуть дальше по коридору чем хотелось бы, та наконец наткнулась на комнату с ОДНОЙ ДЕВУШКОЙ. Счастью разумеется не было предела, так та ещë и первой пошла на контакт, от чего зайдя внутрь, девушка так-же оценивающе прошлась по цветоволосой, думая:

> Интересно в какие помои еë макали, что волосы приняли такой цвет?

Благо мозгов хватило не говорить мысли в слух, от чего девушка улыбнулась и ответила:

— Приветик, ну да. Тем более что такое ощущение что тут больше не осталось свободных. Меня зовут Розалия, а тебя?

> Ну вот и что у неë с глазами? А под глазом что? Это тут мода такая? Пф... стоп... а если она умеет читать мысли? Не-не-не, хватит-хватит, какая разница как человек выглядит, если главное душа?",biok_ymer,1508553272573563081
"2026-05-25,23:22:22",ktoia,#0,"— Бенрир Аста —

Это ВЫЗОВ! Бенрир думал что они спокойно в двоем доедут до выхода на телеге, но... ах ты ЖУК. Когда тот ""улетел"" парнишка посмотрев в след несколько секунд, а после начал бежать к выходу, оря тому в след:

**— АХ ТЫ СКОТИНА!**

Естественно он пришел не первый, подходя к выходу из этой бесконечной библиотеки Бенрир был весь запыхан, набрав воздуха в легкие и наверняка заприметив Дектсера, он скажет... 

— фууух.... ме... Ладно, твоя взяла. правила так правила. мх.. И где эти комнаты? Ты директора слушал?",biok_ymer,1508548693287112835
"2026-05-26,00:53:27",biok_ymer,#0,"—Декстер Морган—
|-----------------------------------------------------------------------------|
Довольный своей нечестной победой, тот оставил телегу у лестницы, а после взяв половину книг стал идти по ней, говоря:
|-----------------------------------------------------------------------------|

—Нууу я думаю нам надо идти к другому корпусу по первому этажу, а куда, ну как ноги приведут хах. Хехе, ты кстати неплохо бегаешь, в нашем деле нужно будет часто убегать от тех кому мы навредим~. Ну, погнали.


|-----------------------------------------------------------------------------|",ktoia,1508565916798156891
"2026-05-26,01:07:13",ktoia,#0,"— Бенрир Аста —  

Загрузив на руки оставшиеся книги, Бенрир пнул телегу куда-то назад, в глубь библиотеки. Заметая следы своего позора, парнишка уже с приподнятой головой стал выходить из подвального помещения, попутно закрывая за собой дверь и топая по лестнице:  

— Ага, естественно, я быстро бегаю! Как мне батя говорил: ""Если убежишь - получишь по голове от меня поменьше""... Правда, этот чёрт бегал всегда быстрее меня... Мх...  

Он глянул на книги, потом на Декстера:  

— Однако улов и правда хорош! Сейчас кого-нибудь защемим и вообще у себя на хате заживём! Пхах... Братан, а ты чего красишься? Или не высыпаешься?  

Не Бенриру говорить про мешки под глазами, но всегда прав тот, кто первый подъебал! Так... и...Где эти корпуса? Поскорее бы уже в комнату на перинушку! А кажется там!",biok_ymer,1508588840116293715
"2026-05-26,22:28:07",biok_ymer,#0,"—???—
|-----------------------------------------------------------------------------|
Девушка немного удивилась спокойствию девушки, а после все также спокойно улыбаясь отвела взгляд в окно, говоря:
|-----------------------------------------------------------------------------|

—Кэрал Буфон. И раз тебе и фамилия нашего не сказала, значит ты не местная...хм. Так будет даже проще. Распологайся, я не против твоей компании.

|-----------------------------------------------------------------------------|",samin__,1508564356051370116
"2026-05-26,22:29:33",biok_ymer,#0,"—Декстер Морган—
|-----------------------------------------------------------------------------|
Чуть потянув за мешок под глазом, тот ухмыльнувшись сказал:
|-----------------------------------------------------------------------------|

—Мешки, но если захочу стать клоуном, обязательно спрошу у тебя как нанести грим как у тебя на лице, дружище~.

|-----------------------------------------------------------------------------|",ktoia,1508592303822999552
"2026-05-26,23:46:45",ktoia,#0,"— Бенрир Аста —

Бенрир услышал подколку про грим и показательно закатил глаза, но улыбка с лица не сползла.

— Ой, Декстер, ты даже не представляешь, какой грим тебе нужен. Тут одного тонального крема не хватит - тут скульптора из храма надо вызывать, чтобы тебе нормальное лицо слепили. А то ходишь, пугаешь местных бабушек - они наверное думают, что Леший из лесу вышел по обмену опытом.

Он переложил книги поудобнее и ускорил шаг, всё ещё поглядывая на друга с прищуром.

— Ладно, веди уж. А то я смотрю, мы с тобой тут до утра будем обсуждать, кто кого страшнее. Твоя взяла, ты - король кривых зеркал. 

Он хмыкнул и кивнул вперёд, показывая, что пора двигаться быстрее.",biok_ymer,1508915013790994664
"2026-05-28,04:36:37",biok_ymer,#0,"—Декстер Морган—
|-----------------------------------------------------------------------------|
Парень хотел было съязвить, однако заприметив как тот резко погнал тому пришлось проглотить свою гордость и быстрыми темпами догонять тогоч приближаясь к общежитию, где предположительно они нашли самую удобную по их мнению комнату и выбив дверь выселили местных жильцов, занимая место и ставя книги на стол, распределяясь по койкам. Парень взяв одну из книг принялся читать, говоря:
|-----------------------------------------------------------------------------|

—Ну и нудятина, словно писал какой-то не маг, а чинуша... Воды намеренно.

|-----------------------------------------------------------------------------|",ktoia,1508934440234254437
"2026-05-28,09:59:21",ktoia,#0,"— Бенрир Аста —

Отлеживаясь на честно забранной комнатке у каких-то лохов, парнишка лежал пузом к верху и на вытянутых руках перелистывал страницы читая книгу, данную подвальной девицей. Нет конечно все это интересно! Вот только скука смертная все ещё одолевала его, от чего паренёк подумал подумал, но думанье прервал Декстер, которому по всей видимости тоже не особо нравилось читать книги.... А надо...

Вздохнув, Бенрир положил книгу слева от себя и привстал, затем сев на край кровати произнес, по умному подняв палец:

**— Без труда, не будет ни сисек, ни хуя!**

Опустив палец тот подержал паузу, а потом начал:

— Не ну ты прав слова там пишут дельные, но водыыыыы. Фу. А хули хотели, метаморфоза само по себе понятие невероятно обширное.

Хмыкнув, повадил взглядом по комнате, желая придумать занятие, а потом кааак сказал:

— А ну-ка дружок, а что у тебя там за магия семейная?",biok_ymer,1509369774696825032
"2026-05-28,10:58:40",samin__,#0,"— Розалия Зипл —

Улыбнувшись в ответ девушка смекнула что вещей у неё с собой... нет, от чего пройдясь взглядом по комнатке подошла к своей кровати, сев на неё и обалдев от мягкости. Слегка подпрыгнув на той, девушка широко улыбнулась, начиная вертеться, тыкая в ту как будто видела нечто подобное впервые, попутно продолжая разговор:

— Можно сказать что не от сюда, в таком случае будем знакомы. А ты не знаешь почему нас определили в ""ищеек""? Не то чтобы я хотела спорить, но... мэх... странновато это всё, учитывая что я сказала Джеймсу. Он точно не раскидывал нас по велению правой пятки?

Нужно было немного познакомиться, узнать что тут да как, а потом можно было уже отдохнуть после дороги",biok_ymer,1508914653088976956
"2026-05-28,14:37:45",biok_ymer,#0,"—Кэрал Буфон—
|-----------------------------------------------------------------------------|
Девушка слушала девушку, взялась за кончик прически, начиная теребить её и думать над тем, что её спросили, а после ответила:
|-----------------------------------------------------------------------------|

—Думаю дело в том, что ты не ответила конкретно, что хотела изучить, вот он и отправил тебя сюда. Лично мне нравится этот курс, ведь я как второкурсница понимаю, что это был верный выбор для моей семейной ветви. Отчего думаю что и тебе потом тут понравится.

|-----------------------------------------------------------------------------|",samin__,1509465922966917241
"2026-05-28,14:39:20",biok_ymer,#0,"—Декстер Морган—
|-----------------------------------------------------------------------------|
С радостью услышав тему помимо чтения, парень довольный захлопнул книгу, убирая ту в сторону, а после задумчиво глянув на того тот ухмыльнулся, говоря:
|-----------------------------------------------------------------------------|

—Галюцаген. А именно дым, способны контролировать человека.

|-----------------------------------------------------------------------------|",ktoia,1509450995103432795
"2026-05-28,17:26:55",ktoia,#0,"— Бенрир Аста —

Бенрир услышал ответ и на секунду замер, переваривая услышанное. Потом медленно возвел улыбку.

— Галюцаген, значит?

Он отвел взгляд почесал затылок, потом уставился на Декстера с новым, восхищённым интересом.

— Так вот это уже не скучно. **Это уже весело!!!**

— И как оно работает? Ты пускаешь дым и человек делает, что ты хочешь? Или это сложнее? Есть ограничения? Кого ты уже так.. обрабатывал?!

Прищурился.

— Слушай, а ты покажи? Ну, не на мне, конечно. Но если мы найдём кого-нибудь, кто нас бесит.......

Задумался, поняв что фиг кого они найдут сейчас, заявил!

**— Покажи на мне!**",biok_ymer,1509521456843849809
"2026-05-28,23:32:48",samin__,#0,"— Розалия Зипл —

Татуированная слушала девушку с явным интересом, думая... а что она нет конкретно там  сказала то? Конкретнее не куда! Однако спорить она не хотела, да и не зачем это было, от чего показались в окно, та уцепилась за другую фразу:

— Так ты второкурсница...

/Моментальное осознание и взгляд переместился на разноволосую/
— Стоп что? Ты на втором курсе и... живëшь одна? Ты... А? А что случилось с прошлым сожителем?

/Лицо девушки явно помрачнело/
— Неужели ты маньяка какая

А вот это словечко было ей весьма знакомо. ОЧЕНЬ хорошо знакомо",biok_ymer,1509521057894367272
"2026-06-01,22:46:54",biok_ymer,#0,"—Декстер Морган—
|-----------------------------------------------------------------------------|
Парень конечно рад был разделить счастье друга однако удивился его настырность, говоря, расставив руки в сторону:
|-----------------------------------------------------------------------------|

—Полегче друг, я и сам пока только теорию проходил, ты же в курсе правил академии? Нас не обучат семейной магии пока у нас всю информацию могут украсть... Только на втором курсе нас уже обучат или ты хотел быть окутан моими газами? Уф, странные фетиши брат...

|-----------------------------------------------------------------------------|",ktoia,1509563628351782912
"2026-06-01,22:52:54",biok_ymer,#0,"—Кэрал Буффон—
|-----------------------------------------------------------------------------|
Все же переведя все внимание с окна на девушку та села за свою кровать и стала спокойно отвечать:
|-----------------------------------------------------------------------------|

—Маньяком пока не стала, однако по фамилии и цвету волос ты могла понять что я ""отмененное"" семейство, очтего со мной никто и не хочет иметь дел. Неужто ты из местных, что стала семейством? Я думала все знают про Буффонов, что это те ещё клоуны хм.

|-----------------------------------------------------------------------------|",samin__,1509655707102871673
"2026-06-02,01:20:49",ktoia,#0,"— Бенрир Аста —

Выслушав ответ Декстера, Бенрир на секунду задумался, потом хмыкнул и откинулся обратно на кровать.

— Ладно. Подмечено верно... Второй курс так второй курс. Только ты это... не говори никому, что я предлагал. А то вдруг кто-то подумает, что у меня реально странные фетиши. Хотя и в правду странные... Знаешь я никогда не пробывал, но меня определенно влечет связывание...

Пауза, а потом резко:

— ТАК О ЧЕМ ЭТО Я! Кхм. Раз это в пролете тогда... чем займемся? Идеи есть?",biok_ymer,1511093707305254942
"2026-06-02,07:15:28",biok_ymer,#0,"—Декстер Морган—
|-----------------------------------------------------------------------------|
Парень повернувшись на бок уставился на парня с лицом типо ""чё"", ну а после стал говорить:
|-----------------------------------------------------------------------------|

—Не я конечно не осуждаю но... Ого? Кхм, ладно, не об этом друг мой бсдмный... Чем заняться? Ну у нас вроде выходной, поэтому даже и незнаю. Можем конечно ещё побуждать в поисках всяких подвалов однако... Эээто так запарно... Может сами попытаемся придумать как преобразовывать? Или может в общежитие подшутить над кем... Хм

|-----------------------------------------------------------------------------|",ktoia,1511132440255533158
"2026-06-02,12:23:24",samin__,#0,"— Розалия Зипл —

Девушка не зная что и отвечать на такое открытие в изумлении смотрела на сожительницу. Желание молча встать и уйти конечно появилось, учитывая что это могло помешать цели. Однако сдержав первый позыв, девушка нашла хотя и маленький, но плюс в этой ситуации. Если это такой-же отброс общества как и она, даже если вскроется её происхождение, Кэрал просто никто не поверит. Всё усугубляло что она уже начала подозревать странности Да и в целом второкурсник может рассказать куда больше, учитывая что остальные второкурсники уж точно имеют сожителя

Смекнув что это не столь плохая возможность, девушка прямо в ботинках увлекалась на кровать, закидывая руки за голову, сгибая ноги в коленях, как будто привыкла спать только на твёрдом и ответила:

— ""Отмененное"" семейство значит... мне о таком никто не говорил. Мда... стать семейством это всё ещё не равно влиться в общество... какая же морока...

Девушка даже примерно не представляла про что она сейчас говорит, однако просто попыталась вывернуть всё так, как будто собеседница попала в самое яблочко. Вот что-что, а тренировки по вранью от старшего братца она никогда не пропускала

Повернув голову в сторону, та вновь осмотрела волосы, да и в общем вид новой знакомой, говоря той:

— Не просветишь, за что твоё семейство так? Меня это не особо и волнует, ведь я пришла сюда за знаниями, а не чтобы влезать в эти бредни",biok_ymer,1511095215497150628
"2026-06-02,12:42:24",ktoia,#0,"— Бенрир Аста —

Бенрир утвердительно качнул головой и распластался на кровати... Выслушав предложения братан тот ответил:

— Преобразование... Та фиг мы чё пока что придумаем, нужно больше базы. Наши как таковые знания заканчиваются тем чтобы пудрить людям голову, а тут буквально метамарфоза существа... Хммм...   

Что-то подметив привстал на локтях

— А ты тут разукрашенных лохов видел?",biok_ymer,1511221691140018198
"2026-06-02,17:38:22",biok_ymer,#0,"—Кэрал Буффон—
|-----------------------------------------------------------------------------|
Клоун нейтрально поправляя волосы выслушал девушку, а после ответила:
|-----------------------------------------------------------------------------|

—Адаптация. Моё семейство изучала технику копирования магии, что и посчитались за ""лжетехникой"". Маги ценят свои ветви и ветвь, что пытается порадировать их считается противоречивой, вот нас и отменили.

|-----------------------------------------------------------------------------|",samin__,1511299187441008722
"2026-06-02,17:40:23",biok_ymer,#0,"—Декстер Морган—
|-----------------------------------------------------------------------------|
Услышав про разукрашенных тот задумался, а после отрицательно помотал головой, говоря:
|-----------------------------------------------------------------------------|

—Первошей не видел, может на втором и третьем курсе есть кто такой. Думаешь поискать таких, чтобы сделать их подопытными?

|-----------------------------------------------------------------------------|",ktoia,1511303966842028064
"2026-06-02,18:37:39",ktoia,#0,"— Бенрир Аста —

Вздохнув парнишка спрыгнул с кровати на ноги и потянувшись в право и в лево, вернул внимание на Декстера, отвечая:

— Да наверняка есть! Этих клоунов за версту видно, так что не спутаем. По этому.... Вперед искать фриков!

Развернувшись парень зашагал к двери гордо выходя в нее!",biok_ymer,1511378957516411100
"2026-06-02,19:04:16",biok_ymer,#0,"—Декстер Морган—
|-----------------------------------------------------------------------------|
Кивнув тот также встал с кровати следуя за парнем, в поисках приключений на задницу. Так бы они и ходили по общаге заходя в каждую комнату, пока не наткнулись бы на комнату <@&1503426638447120474> .
|-----------------------------------------------------------------------------|",ktoia,1511393370285801523
"2026-06-02,22:06:11",samin__,#0,"— Розалия Зипл —

Девушка качала ножками туда-сюда, ложа колени то влево, то вправо, думая над словами сожительници. Если так подумать, то это очень полезная магия. Вернее сказать сильная, если не сильнейшая. На дистанции вполне возможно что семейка то станет во главе, если разавьёт ремесло

От понимания этого, девушка уставилась в потолок, отвечая клоуну:

— Во-о-от как опасная штука на самом то деле. Я бы естественно...

И тут в комнату зашёла странная девушка с уже знакомым <@&1503426893481771008> . Приподняв голову, девушка увидела первого знакомого на новом месте, а после улыбнувшись привстала, говоря тому:

— О! Бен! Думала уже тебя не увижу. Смотрю подружку уже нашёл

Договорив, девушка присела на кровати, потянувшись, не желая отлипать от столь приятной мягкости",biok_ymer,1511378447761412197
"2026-06-02,22:09:30",biok_ymer,#0,"—Декстер Морган/Кэрол Буффон—
|-----------------------------------------------------------------------------|
Парень удивлено посмотрел на <@&1503426638447120474> , он конечно был красив, но чтобы его назвали девушкой. Тот недовольно скривится в лице, однако ничего не сказал. Девушка же все также спокойно сидя переманила взгляд с сожительницы на гопорей, говоря:
<@&1503426893481771008> 
|-----------------------------------------------------------------------------|

— так понимаю друзья...? Мне вас покинуть?

|-----------------------------------------------------------------------------|",samin__,1511445846107881492
"2026-06-03,01:14:15",ktoia,#0,"— Бенрир Аста —

Когда из-за двери показалась <@&1503426638447120474>, паренек удивился, но когда она стала говорить тот заулыбался. Просмеявшись парнишка стал хлопать по плечу кента говоря:

— Да! Именно Рози! Это моя девочка Декстер! ПХАХ... /взгялнул на скривеленное лицо братка/ Да что уж ты! Вообще то хороший комплимент, я бы обрадовался. ПХПХАХ

Последний раз проржавшись, парнишка перестал хлопать друга по плечу и положив её на пояс навел взгляд на Рози:

— Да мы тут это... /Услышал другой голос с комнаты и увидев кто говорит широко улыбнулся/ Блин, а тебе очень повезло с соседом! Мы как раз такую искали!",biok_ymer,1511446683916042461
"2026-06-03,11:03:03",samin__,#0,"— Розалия Зипл —

Услышав ответ, девушка удивилась. В её окружении если выглядел как мужик, то был мужиком, а если как баба, значит и был бабой, а тут... всё как то сложновато. Услышав смех Бена, та ухмыльнулась, вставая с кровати, подходя к двоице, говоря с небольшой усмешкой:

— Приношу свои извинения, просто у тебя волосы длинные, да и сам в платье ходишь, вот и перепутала. Приятно познакомиться Декстер. Меня зовут Розалия, будем знакомы

/Глянула на <@&1503426893481771008> /
— Не, у тебя ""макияж"" слишком вульгарный для девушки, так что про тебя я такого уж точно не скажу

/Перевела взгляд на клоуна/
— А? Повезло?

||<@1405305963375759440> ||","biok_ymer, ktoia",1511493175896707142
"2026-06-03,16:42:41",biok_ymer,#0,"—Кэрол Буффон/Декстар Морган—
|-----------------------------------------------------------------------------|
 Девушка понимая к чему будет идти разговор спокойно встала с места направляясь на выход, однако парнишка перекрыл той проход, отчего та чуть напрягались спросила:
<@&1503426893481771008> 
|-----------------------------------------------------------------------------|

—И чего вам от меня нужно...?

|-----------------------------------------------------------------------------|",samin__,1511641352834777110
"2026-06-03,17:06:45",ktoia,#0,"— Бенрир Аста —  

Услышав от <@&1503426638447120474> про вульгарность, парнишка нахмурился и удивлённо переспросил:  

— Че? У меня то вульгарный?!  

Тут же заулыбался и добавил:  

— Может быть~  

Переведя взгляд на клоуна, который попытался ретироваться, Бенрир подошёл к нему и активно жестикулируя, заговорил:  

— Привет, по-дру-га! Друг моего друга - тоже мой друг! А раз ты не выгнала Рози, значит вы точно подружились! Верно? Ах, неважно! В общем, удружи, помощь нужна! Понимаю, первый день - не хочется напрягаться, но надо! А когда надо - нужно помогать! Ты же нам не откажешь? Там всего лишь постоять на месте и потерпеть!",biok_ymer,1511726823933874257
"2026-06-04,13:48:32",samin__,#0,"— Розалия Зипл —

Девушка не видя подвоха лишь скорчила непонимание, недовольно переведя взгляд на парня:

— В смысле выгнали?! С чего бы! /Отвернулась в сторону, надув щёчки/ Вообще-то я хорошая соседка между прочим

Да и её откровенно задело что о помощи попросили не её, а первую встреченную девушку. Неужели из-за того что она не местная,  её не во что не ставят? Грубо...

||<@1405305963375759440>||","biok_ymer, ktoia",1511732881918005339
"2026-06-04,18:41:42",biok_ymer,#0,"—Кэрол Буффон/Декстар Морган—
|-----------------------------------------------------------------------------|
Девушка не особо была рада такой вниманию к своей персоне, однако по правилам она не могла сопротивляться ""помощи"", отчего остановилась, отведя взгляд в сторону и спрашивая:
<@&1503426893481771008> 
|-----------------------------------------------------------------------------|

—И чего вам надобно...?

/Парень же уже перестав привиться в обиде и сам ухмыльнулся, продолжая вставать у выхода, чтобы никто не вышел./

|-----------------------------------------------------------------------------|",samin__,1512045387488165890
"2026-06-05,13:40:34",ktoia,#0,"— Бенрир Аста —

Бенрир взглянул на <@&1503426638447120474> и хихикнул, отвечая:

— Да ты ещё та дурнушка, Рози~~, я бы тебя выгнал из комнаты... Хе-хе... Ладно-ладно! Извини. Хочешь с нами пойти?

Не дожидаясь ответа, парнишка перевёл взгляд на клоуна.

— Проверим одну интересную штуку! Вперёд за мной!

Он без задней мысли схватил клоуна за руку и довольно быстрым шагом направился в сторону их с Декстером комнаты вед ему нужна была книга, которую они там оставили. 

||<@1405305963375759440>||",biok_ymer,1512119164347879455
"2026-06-05,17:28:30",samin__,#0,"— Розалия Зипл —

Ещë бы одно слово и нищему грубияну прилетел бы подзатыльник такой силы, что он бы ослеп на пару дней, однако благо тот вовремя извинился, хотя рука у девушки уже поднялась. Будучи не особо довольной, такой ""шутке"" она лишь пошла за группкой, явно всë ещë прибывая в раздражении

||<@1405305963375759440> ||","biok_ymer, ktoia",1512405767649492993
"2026-06-05,19:25:45",biok_ymer,#0,"—Кэрол Буффон/Декстар Морган—
|-----------------------------------------------------------------------------|
Почти спокойно и без лишних слов Кэрол проследовала за парнями в комнату, войдя в которую та чуть памяла рукой, намекая, чтобы ту отпустил <@&1503426893481771008> . Декстер же осматривая книги спросил:
<@&1503426638447120474> .
|-----------------------------------------------------------------------------|

—И какую из них будем проверять?

|-----------------------------------------------------------------------------|",samin__,1512463130637238332
"2026-06-05,20:08:17",ktoia,#0,"— Бенрир Аста —  

С грохотом ворвавшись в свою комнату, Бенрир подтянул клоуна за собой и когда Декстер спросил, в чём дело, указал рукой Кэрол на книгу, лежащую на кровати.  

— ВОТ ОНА! А...

Поняв, что это не его рука, он отпустил её и снова указал на книгу теперь уже своей.  

— Теперь точно она!

Перестав тыкать пальцем, парень подошёл к книге и начал быстро листать страницы, пока не нашёл ту, на которой был какой-то магический круг. Свойства его он не ебал от слова совсем. Поглядев и почесав затылок, Бенрир кинул книгу обратно на кровать, обвёл взглядом комнату, нашёл что-то острое и принялся вырезать этот чёртов круг посреди своей комнаты, приговаривая:  

— ЩА! Секунду!!!

||<@&1503426638447120474> ||",biok_ymer,1512492637515546634
"2026-06-08,10:57:16",samin__,#0,"— Розалия Зипл —

Девушка смотрела на всю эту фигню с откровенным скептизом, что она даже и не пыталась скрыть. Цирк да и только. Вырезать какие-то круги для колдовства. Если эта ерундистика не вызовет хотя бы взрыв, что снесёт здание - это бесполезность. В реальном бою от этого смысла буквально нет, хотя... быть может это и не атакующая магия?

Вопросов у Рози было много, однако ответ на вопрос та уже скоро получит, от чего встав у стены, та на неё облокотилась и принялась ждать шоу

||<@1405305963375759440> ||

||Да, по сути я просто мог скипнуть...||","biok_ymer, ktoia",1512503339676602609
"2026-06-08,13:53:39",biok_ymer,#0,"—Кэрол Буффон/Декстар Морган—
|-----------------------------------------------------------------------------|
Клоун непонимающе уставился за придурком и медленным шагом стала отступать к выходу, где вновь встал Декстер, мешая пройти. Видно не судьба ей улизнуть от каких-то опытов, отчего та принялась ждать того, что сделает первый фрик. А вот круг что нарисовал Аста был непонятно для чего, отчего дочерив его и активировав тот понял что он похоже уничтожает материю в области, отчего лишился Ракова своей одежки! Благо он уничтожал только одежду... Что за отвратительная магия уничтожения одежды! Стоп... А почему парень ухмыльнулся...? Да и Декстер смотря за этим тоже...? Клоун с непониманием поглядывал на обоих, явно непонимая, что они хотят сделать.
<@&1503426893481771008> , <@&1503426638447120474> .
|-----------------------------------------------------------------------------|",samin__,1513451836483309688
"2026-06-09,01:22:26",ktoia,#0,"— Бенрир Аста —  

Бенрир закончил вырезать круг, отступил на шаг и с довольным видом оглядел своё творение.  

— Ну, погнали!  

Он активировал круг и в следующее мгновение его правый рукав исчез будто его никогда и не было. Бенрир на секунду замер, оглядел себя и... ухмыльнулся, сказав:  

**— Это самая полезная магия, которую я только видел!**  Но... Мхе... не сейчас. Такое надо использовать внезапно...

Парень опять взял книгу и быстро пролистал страницы. Он бросил короткий взгляд на друзей задержавшись на клоуне чуть дольше, затем снова уткнулся в книгу, явно намереваясь найти что-нибудь... **необычное**. Бенрир взял опять острую штуку и принялся чертить новый круг на старом - побольше и пострашнее. В конце концов, если уж познавать магию, то с размахом. Когда сделает потрет лоб и глянет на клоуна:

— Ну что, смотрим? Дуй в круг! Только не активируй сама!! Тут метода есть...  

||<@&1503426638447120474>||",biok_ymer,1513496224106418288
"2026-06-10,21:15:31",samin__,#0,"— Розалия Зипл —

Смотря на магический круг, девушка не понимала как эта фигня вообще должна зара... БАХ и куска одежды нет. Чего? Это как?

Глаза девушки расширились, нет не от того что эти каракули в целом сработали, а от того, что парень сказал после:

> В смысле внезапно?! Так Рози, если что-то произойдëт, ты знаешь кого винить. ТОЧНО знаешь

Однако на его слова та перестала реагировать. Ничего путного тот так и не сказал, лишь только и делал что грубил... и тут в круг что растворял одежду захотели засунуть Кэрол. А... так вот какая помощь, пубертатник недоделанный! Нет, ясно что эффект уже будет другим, но каким? Проверил бы на крысе... ты вообще отшибленый?

А... а-а-а... вот теперь девушка примерно поняла что означает ""клоун"" и ""изгой"" в понимании местных. Это почти как церковные рабы, только без рабства как такового, но вот общество к ним относится... отвратительно

Со злым взглядом посмотрев на Кэрол, та выдохнула, прикидывая:

> Можно просто встать вместо неë, но это ничего не изменит. Со мной что-то произойдëт, я выставлю себя посмешищем, а Буффон так и продолжат задирать, потому что Буфон. Можно просто возразить, но кто бы меня послушал... ну или не вмешиваться... ммм... дорогой брат, как же мне поступить...

Промедлив пару секунд, девушка чуть разочарованно опустила голову, говоря тиши обычного:

— А почему она должна?

Дыши Роза, дыши... ты сможешь. План надëжен, но что ты будешь делать если они всë таки ответят?

|| Ответьте, у меня есть завоз ||",ktoia,1513669563802189865
"2026-06-11,02:37:36",biok_ymer,#0,"—Кэрол Буффон/Декстар Морган—
|-----------------------------------------------------------------------------|
Девушка понимая неизбежного спокойным шагом направилась к кругу, однако услышав слова соседки, та остановилась, переводя взгляд на неё. Декстер же непонимая отчего та встала спросил:
<@&1503426893481771008> 
|-----------------------------------------------------------------------------|

—Эй, ты на сантиметров 10 ещё не зашла в круг, топай топай! Или проблемы какие?

|-----------------------------------------------------------------------------|",samin__,1514332200898924765
"2026-06-11,09:19:25",ktoia,#0,"— Бенрир Аста —

Парнишка и не успел дождаться, пока дорогая ""подруга"" пойдёт в новенький круг. Всё таки уж больно интересно было его непонятное строение, но.. хи-хи ха-ха перебила Рози. Ам?

Слегка удивившись, парнишка повернулся к ней, думая: серьёзно она сейчас? Не особо этого понимая Бенрир ответил:

— А почему нет? Я не вижу никаких моментов, чтобы она была против! Ни слова, ни намёка, ни упрёка. Я искренне не понимаю твоего вопроса, Рози. Да и какая разница хочет она или нет?

Закончив с этим, молодой Аста взглянул на Кэрол, которая остановилась:

— Да не переживай ты, одежда останется при тебе! Я же изменил круг! Да и он безвредный... Наверное... Э...  /взглянул на книгу/ Кажется, я забыл страницу. Ну тогда проверишь подруга! Иди-иди давай.

||<@&1503426638447120474>  сияй||",biok_ymer,1514413256691814502
"2026-06-11,10:36:30",samin__,#0,"— Розалия Зипл —

Девушка так бы и продолжила стоять с опущеной головой, однако услышав слова парней, уголки еë губ слегка приподнялись сами собой. Промедлив с пару секунд подключился и смешок:

— Пф... ха... ха-ха-ха

Подняв голову, та сразу же уставилась на <@&1503426893481771008> хищным взглядом, вставая в раслабленую позу, держа подбородок чуть выше чем обычно:

— Бен, а это весьма смешная ""шутка"". Знаешь, пожалуй лучшая за сегодня

Кинув взгляд на клоуна, та вспомнила как ещë с детства смотрела как шавки обращались с рабами, от чего сделав пару шагов в сторону девушки, приподняла руку,  касаясь еë подбородка, поварачивая еë голову на <@&1503426893481771008> :

— Хочет того или нет? Бени~, я вообще-то говорила "" почему должна"", а не ""хочет ли""

Отпустив клоуна, та ухмыльнулась, идя уже к самому Бенриру, мягкой и грациозной походкой. Достигнув того, девушка остановилась, чуть наклоняясь к тому:

— Бенчик, позволь вопрос. Кто тебе сказал что ты можешь распоряжаться **моими игрушками**. Знаешь, я думала тут будет нечто воистину интересное, но вижу... лишь то... как ты пытаешься повеливать тем что пренадлежит мне. Я же ведь могу и вправду обидеться. Знаешь, шутки шутками, но в **моих вещах** попрошу не копашиться

Ухмыльнувшись, девушка развернулась на месте идя в сторону выхода, попутно хватая Буфон за запястье, уводя за собой. Если Декстер их пропустит, то просто пойдëт в свою комнату пытаясь воспользоваться созданной суматохой, если нет, придëтся говорить уже с ним

|| <@1405305963375759440> ||","biok_ymer, ktoia",1514514376349192273
"2026-06-11,17:00:28",biok_ymer,#0,"—Кэрол Буффон/Декстар Морган—
|-----------------------------------------------------------------------------|
Девушка была явно удивлена такой резкой смены настроения у девушки, однако вслушиваясь в слова она и вправду поняла, что та по сути ничем и не отличается от других магов.  Никогда бы та и не подумала, что за её голову будет ссора, но как у представителя семьи ""Буффон"" у неё не было выбора, отчего она не сопротивляясь пошла куда вела её девушка, не особо возникая в данный спор. Парень же немного офигел от такого поведения и хотел было помешать пройти, но что-то Толи в поведении, Толи в действиях девушки его смутило, отчего он сам и не заметил как осупил в сторону, давая той пройти... Чтоже, последним препятствием бы стали слова <@&1503426893481771008> .
|-----------------------------------------------------------------------------|",samin__,1514533773520408738
"2026-06-11,21:16:31",ktoia,#0,"— Бенрир Аста —  

Бенрир замер, глядя на то, как Розалия, ещё секунду назад тихая, вдруг преобразилась. Её походка, голос, взгляд - всё это было настолько неожиданным, что он просто не нашёлся, что ответить. Он открыл рот, но так и не издал ни звука. Парень только проводил её взглядом, когда она забрала клоуна и увела к выходу. 

Он стоял, как вкопанный, с тупым выражением лица, пытаясь переварить случившееся.  

Единственное, что вырвалось из его уст, было короткое:  

— Че?

Вот только это ЧЕ произнеслось когда эти двоя вышли. Да уж... Бенрир, тебе надо больше тренироваться!

||<@&1503426638447120474>||",biok_ymer,1514630401899888771
"2026-06-11,21:36:25",samin__,#0,"— Розалия Зипл —

ПОБЕДА! ДЕВУШЕК ВЫПУСТИЛИ! Та довольно быстрым шагом пошла по коридорам, до своей комнаты, не отпуская запястье Кэрол. Дойдя до своей комнаты, девушка завела подружку внутрь, закрывая за собою дверь, попутно отпуская клоуна

Выдохнув, девушка закатила глаза, недовольно начиная причитать как бабка:

— Ну вот что ты будешь делать, почему все такие злые... ой, ну почему нельзя относиться ко всем нормально? На крысах хоть бы проверяли... ой... ну хотя бы сработало...

Повернувшись к девушке, та сделала виноватый вид и продолжила:

— Приношу свои извинения, что пришлось назвать тебя вещью... /отвела взгляд/ несколько раз... шоу выдалось хорошим, однако возможно я позволила себе лишнего",,
"2026-06-12,03:41:04",biok_ymer,#0,"—Кэрол Буффон—
|-----------------------------------------------------------------------------|
Девушка все ещё шокированная молча всю дорогу и все время разъяснений, в после кивнув сказала:
|-----------------------------------------------------------------------------|

—Очень правдоподобно... Я даже до сих пор не знаю как к этому относиться... У тебя точно нет раздвоения...?

|-----------------------------------------------------------------------------|",samin__,1514699846890688593
"2026-06-12,03:43:11",biok_ymer,#0,"—Декстар Морган—
|-----------------------------------------------------------------------------|
Парень непомая что произошло но понемногу приходя в себя указал пальцем на дверь, переводя взгляд на парня, спрашивая:
|-----------------------------------------------------------------------------|

—И что это черт побери было...? А у тебя я смотрю подруга с прибобахам... Великие семейства даже напомнила... Кто она такая?

|-----------------------------------------------------------------------------|",ktoia,1514694839239835812
"2026-06-12,12:12:27",ktoia,#0,"— Бенрир Аста —

Бенрир всё ещё смотрел на дверь, за которой скрылись Розалия и Кэрол, когда до него донёсся голос Декстера. Он моргнул, повернулся к нему и уставился с таким видом, будто сам только что очнулся от удара. Не долго думая парень развел руками и выпалил:

— А я почём знаю?!

Он провёл ладонью по лицу, пытаясь привести мысли в порядок.

— ...это было странно. Чёт я в ней такого не видел. Мдамс...

Бенрир прошёлся по комнате, потом найдя какойнибудь коврик положил по середине закрывая вырезанную магическую схему и притоптав её сказал:

— Слушай, а ты её фамилию случайно не знаешь? Зипл - это что то значит? Я просто в первый раз слышу о ней.",biok_ymer,1514792147780505761
"2026-06-12,12:40:24",biok_ymer,#0,"—Декстар Морган—
|-----------------------------------------------------------------------------|
Почесал макушку, тот подошёл к своей кровати, сев на которую задумался, говоря:
|-----------------------------------------------------------------------------|

—Зипл? Впервые слышу... Великие семейки я более менее помню, отчего звучит не особо знакомо... Кхм, ну такие просто так не появляются... Ладно, наверное нам лучше не думать об этом, лучше переведи тему в другое русло. И что нам делать с клоуном? Неужто теперь другого подопытного искать?

|-----------------------------------------------------------------------------|",ktoia,1514920309441036391
"2026-06-12,20:56:15",ktoia,#0,"— Бенрир Аста —

Услышав ответ Декстера, Бенрир улыбнулся, хихикнул и сел на своё лежбище.

— Ну что-что, а наглости ей не занимать. Я аж опешил..

Он скрестил руки на затылке и бухнулся на кровать.

— Не-а, клоуна мы без боя не отдадим. Каким таким боком она её? Не-не, если мне вещи нравятся, я их забираю - да хоть у великой семьи заберу. А если эта не из них, то... п-ф... делов то! Впрочем, это уже дела будущего. Ты это, с просонья на ковёр не наступай, а то испепелит ещё и мне не с кем будет мир шибуршить.",biok_ymer,1514927343020412970
"2026-06-12,23:53:54",samin__,#0,"— Розалия Зипл —

Услышав язвительное за емечание, девушка вернула взгляд на Кэрол, однако тот был не раздосадованнвм, а на оборот, очень довольным:

— Правда правдоподобно. Значит не зря практиковалась. Знаешь, у нас...

Тут девушка было чуть не спалила лишнего, от чего прикусив язык чуточку помолчала и ответила:

— Раздвоения у меня может и нет, но вот насмотренности подобного отношения больше чем хотелось бы... ладно не будем о грустном

Прикаснувшись к шее, тапочесала татуировку, продолжая:

— Давай уж о тебе. Ты чего молчишь то? Сказала бы что о них думаешь, да и всë",biok_ymer,1514791614290067466
"2026-06-16,01:11:34",biok_ymer,#0,"—Декстар Морган—
|-----------------------------------------------------------------------------|
Подумав подумав тот все же решил согласиться со словами друга, говоря:
|-----------------------------------------------------------------------------|

—Думаю ты прав, отложим план захвата академии до завтра. А пока, спать! Надеюсь ты во мне не лунатишь, иначе сам в круг попадешь!

/Сказав это тот спокойно стал снимать свою одежду и отложив ту на стул рядом, тот не долго думая лег под одеялко, предпочитая поспать по советам друга./

|-----------------------------------------------------------------------------|",ktoia,1515052129579172070
"2026-06-16,01:14:26",biok_ymer,#0,"—Кэрол Буффон—
|-----------------------------------------------------------------------------|
Все ещё немного побаиваясь лишний раз спорить, та спокойно отойдя от той села на свою кровать, приговаривая:
|-----------------------------------------------------------------------------|

—Незнаю где ты росла раз часто такое видела, однако мои права тут намного ниже простых людей. По правам Буффонов я не могу отправить просьбы и волю семей, отчего и приходится молча делать что скажут, лишний раз не высовываясь.

|-----------------------------------------------------------------------------|",samin__,1515096835285454969
"2026-06-16,01:47:52",ktoia,#0,"— Бенрир Аста —

Бенрир хмыкнул, глядя как Декстер укладывается спать.

— Лунатик? Не, я сплю как убитый. А если и хожу, то только за едой. Так что не дрейфь, твоя задница в безопасности.

Глянул на место где находится круг.

— И моя жизнь. Ну... придумаем что-то с этим потом. День вечера мудрее.

Он тоже стянул с себя одежду, бросил её на спинку стула и натянув одеяло до подбородка, уставился в потолок медленно молча засыпая.

*ZZZZZ*",biok_ymer,1516203544288432359
"2026-06-16,17:38:20",samin__,#0,"— Розалия Зипл —

Девушка выслушала замечание подруги, понимая что чуть не спалилась. Мда... и тут эта треклятая ""уважение к старшему"". Дедуля, если бы ты видел эти манеры и как они извратили твои идеалы... ты бы в гробу перевернулся... ах да... гроба та нет

Дошутившись про свою родословную, девушка даже улыбнулась идя к кровати и сказала:

— Поняла. Не свезло так не свезло, а магия у тебя интересная на самом то деле

Сказав это, девушка подошла к кровати и не долго думая прыгнула на ту, разворачиваясь в полёте на спину. На удивление даже не впечатавшись в стену, та повернула голову на Кэрол, закидывая руки за голову:

— Тогда именем своей ""семьи"" приказываю отказывать всем остальным, говоря что тобой повелеваю я. А я... мэх... как ни будь разберусь. Будет весёлые пару лет, чего сказать. А тут много таких как ты... ну... цветоволосых...",biok_ymer,1516204264526057634
"2026-06-16,17:45:56",biok_ymer,#0,"—Кэрол Буффон—
|-----------------------------------------------------------------------------|
Следуя взглядом за собеседницой, та спокойно ответила:
|-----------------------------------------------------------------------------|

—Весьма мило помогать клоуну, однако не понимаю твоих мотивов в этом... Кхм, таких как я не так уж и много в общем, а в академии думаю и вовсе только я. Понимаешь, отмеренные лишний раз тут не остаются и уходят куда подальше, на запад например и там остаются изучать свои взыскания. А чем твоя семья занимается?

|-----------------------------------------------------------------------------|",samin__,1516451871466848388
"2026-06-17,13:31:35",samin__,#0,"— Розалия Зипл —

Не растерявшись, девушка приподняла руку, показывая указательных пальцем вверх, широко улыбнувшись:

— Антимагия

По сути ничем... магию семейки показывать было нельзя, так что по сути девушка была обычным человеком. Нет, возможно было с колдовать какой ни будь огненный шар или зыбучие пески, но вряд ли это сойдёт за магию семьи. Так, простенькая забава... а вот антимагия - звучит интересно, помнится старший брат занимался нечто подобным... вот бы спросить как он разрубал магию...

Хмыкнув, девушка стала болтать ножками:

— Магия у нас разная, но похожая, не правда ли? Вот я и хочу помочь тебе, чтобы в будущем ты помогла мне. Да и в целом меня такое отношение бесит... вообще антимагия - довольно простая тема, всего лишь нужно решить пару проблем

> Ага... например создать её с нуля...

Человек верит, когда видит твою выгоду... Старк... как же ты выживал тут...",biok_ymer,1516453784791023790
"2026-06-17,18:19:18",biok_ymer,#0,"—Кэрол Буффон—
|-----------------------------------------------------------------------------|
Девушка вновь удивлённо уставилась на ту, а после поеосившись на ту с непониманием сказала:
|-----------------------------------------------------------------------------|

—Ты лучше не распрогяйся о подобном, иначе и сама клоуном станешь. Антимагия это же запретная ветка, очтего привторись, что не владеешь ей...

|-----------------------------------------------------------------------------|",samin__,1516752160728285294
"2026-06-18,15:23:28",samin__,#0,"— Розалия Зипл —

> Так я и не владею...

Впервые услышав что это запретная магия, девушка хмыкнула, недоумевающе покосившись на подружку, говоря той:

— А чего тогда директор ничего не сказал... а... а-а-а... так вот по какую он ""наглость"" говорил. Поняла. Ну... ты главное /нервно улыбнулась/ никому не рассказывай, а то будет комнатка с двумя клоунами

> Да Роза, ты наломала двор, нужно изучить что-то другое... но и анти магия нужна... АЙ",biok_ymer,1516824570391167160
"2026-06-18,16:53:41",biok_ymer,#0,"—Кэрол Буффон—
|-----------------------------------------------------------------------------|
Услышав очевидно та даже чуть успокоилась, улыбнувшись говоря:
|-----------------------------------------------------------------------------|

—Ну теперь когда у меня есть компромат, я могу и вправду чувствовать себя поспокойнее с тобой, спасибо. Так, думаю нужно отдохнуть перед завтрашнем днём, отчего лучше закончить на этой ноте.

|-----------------------------------------------------------------------------|",samin__,1517142708517601401
"2026-06-18,17:11:12",samin__,#0,"— Розалия Зипл —

Наконец завоевав доверие, девушка хотела было сказать ""а ты попробуй докажи"", однако итог был более чем хорошим, да и первый денёк выдался проще чем та ожидала, от чего та улыбнулась, говоря в ответ:

— Я тоже так думаю

Вот так и начинается новая жизнь ""Деревенщины с манерами""

||СКИП!!!||",biok_ymer,1517165412150804520
"2026-06-20,15:51:20",biok_ymer,#0,"—Кэрол Буффон—
|-----------------------------------------------------------------------------|
И вот наступила сладкая и приятная ночь, а после и утро, что началась с того, что девушка почувствовала понладивартя по плечу, после чего приходя в себя, она осознала, что её трогала Кэрол, что спокойно сказал:
|-----------------------------------------------------------------------------|

—Эй соня, ты планируешь вставать? Уже утро и если продолжишь валяться пропустишь первый учебный день.

|-----------------------------------------------------------------------------|",samin__,1517169817331830984
"2026-06-20,15:52:50",biok_ymer,#0,"—Декстар Морган—
|-----------------------------------------------------------------------------|
И вот ночь, сон и утро, что наступило весьма быстро, однако парня никто не планировал будить, ведь сосет и сам сладко спал. Интересно продолжат ли они спать или смогут проснуться на уроки?
|-----------------------------------------------------------------------------|",ktoia,1516212678350340157
"2026-06-20,22:02:14",samin__,#0,"— Розалия Зипл —

Не удивительно что девушка вообще не помнила как уснула. Кровать была такой мягкой, а одеяло на столько тëплым, что девушка не чуствовала подобного не разу в жизни. Не будет преувеличением сказать, что это был самый сладкий сон в еë жизни, однако когда той коснулись, она сначала промедлила, лишь глуюже зарываясь в одеяло, однако услышав что та что-то там пропустит, она резко приняла седячее положение:

— А?! Я не сплю!

От такого действия, у той даже не закружилась голова, а взгляд сфокусировался на Кэрол. Видимо подобное пробуждение было в порядке вещей:

— А? Уже утро?

Повернувшись к окну, та прищурилась, явно не понимая почему настал день",biok_ymer,1517874497460506686
"2026-06-20,22:52:52",ktoia,#0,"— Бенрир Аста —

Тишина в комнате нарушалась лишь мерным, глубоким дыханием. Бенрир спал на животе, уткнувшись лицом в подушки и даже не думал [просыпаться](https://discord.com/channels/1495473722679754914/1495473983636897803/1517978541331976343). Его рука безвольно свисала с кровати, пальцы слегка подрагивали во сне. Губы были приоткрыты и с них время от времени срывался едва слышный всхрап.

Да чет нафиг эти пары и уроки, я сам себе ученый. Если ничего не случится я не проснусь!!! 🚬",biok_ymer,1517874872108322917
"2026-06-22,18:27:55",biok_ymer,#0,"—Кэрол Буффон—
|-----------------------------------------------------------------------------|
Девушка перестала трест подругу и вернулась на свою кровать, доставая расчёску и выравнивая свои локоны, говоря:
|-----------------------------------------------------------------------------|

—А у тебя я смотрю сладкий сон, что весьма легко прервать... Да, наступило утро, решила помочь тебе встать, чтобы ты не опоздала в первый день. Я тебя разбудила заранее, отчего можешь не торопиться и подготовиться перед началом дня. Расчёску скоро дам, а вот макияж пока свободен, можешь взять на столе если нужен.

/Договорив, та спокойно продолжила расчёсывать волосы, смотря за действиями  девушки./

|-----------------------------------------------------------------------------|",samin__,1517967833655676978
"2026-06-22,18:29:56",biok_ymer,#0,"—Декстар Морган/???—
|-----------------------------------------------------------------------------|
И вот сладкая парочка спокойно себе спала, явно пропуская начала своего дня... Однако в один момент сон прервался несколькими стуками в дверь. Те дальше продолжали спать, однако в один момент стуки усилились и после дверь была с хрустом выбита... Кто же это был...?
|-----------------------------------------------------------------------------|",ktoia,1517980577460916455
"2026-06-22,19:16:47",samin__,#0,"— Розалия Зипл —

Девушка всё ещё не понимала как тут очутилась, однако воспоминания о вчерашнем дне стали приходить в голову, от чего ошалевший взгляд отступал, сменяясь спокойным и добрым. Услышав про расчёску, та поняла зачем это нужно было. Гребень и у неё был на старом месте, а вот ""макияж""? Что?

Девушка посмотрела на стол и увидела там... что? Коробочку какую-то? Потянувшись, та поправила рубашку, смотря на нечто непонятное. Хмыкнув, та взяла первый попавшийся предмет, что оказался помадой. Открыв ""упаковку"", та увидела какой-то приятный и яркий мазочек. Посмотрев на Кэрол, потом на помаду и не долго думая ""откусила кусочек"". Скривив лицо, та поджала губы и сделала вид как будто это вкусно

> Да подруга... готовить ты не умеешь...",biok_ymer,1518638678564405400
"2026-06-22,19:29:17",ktoia,#0,"— Бенрир Аста —

Бенрир даже не шевельнулся, когда дверь с хрустом вылетела. Он продолжал дышать ровно и глубоко, уткнувшись лицом в подушку, словно ничего не произошло. Лишь когда в комнату вошли, он слегка нахмурился во сне, но глаз не открыл.

— Ммм.. мхемм..

Промычав и переворачиваясь на спину он натянул одеяло до подбородка. 

— Если это завтрак, оставьте у двери.... Нямка...

Он приоткрыл один глаз, заметил фигуру на пороге и не разобравшись, тут же закрыл его обратно.

— А если это не завтрак - тогда у вас пять секунд, чтобы объяснить, зачем вы открыли дверь. Потому что я очень злой, когда меня будят.

Бенрир попытался придать голосу угрозу, начиная потягиваться.",biok_ymer,1518639183542091946
"2026-06-22,19:31:53",biok_ymer,#0,"—Кэрол Буффон—
|-----------------------------------------------------------------------------|
Девушка сериала бровь когда та стала вертеть помаду, а после увидив откус в шоках дернулась к той взяв ту за плечи и говоря:
|-----------------------------------------------------------------------------|

—Ты чё творишь!? Выплюнь, это не еда! Ох боже, ты должна это наносить на лицо, а не есть...

|-----------------------------------------------------------------------------|",samin__,1518650974023979230
"2026-06-22,21:02:56",samin__,#0,"— Розалия Зипл —

Девушка уже было думала что съела что-то ценное, ведь Кэрол подорвалась уж больно резво, однако... эээ... на лицо? Девушка спокойно достала платок из кармана, прикрывая тем рот и сплёвывая кашецу из помады. Зажав нечистоты, та начала складывать платочек, говоря с виноватым видом:

— Кхм... прости я не знала. И... что значит на лицо, я не хочу выглядеть как ты, мне волосы дороги...

Не увидив ничего постыдного или странного в своих словах, девушка подняла глазки, встречаясь взглядом с подружкой",biok_ymer,1518654774143356979
"2026-06-22,23:06:27",biok_ymer,#0,"—Кэрол Буффон—
|-----------------------------------------------------------------------------|
Отпустив плечи девушки, та чуть выдохнула, а после сев рядом взяла косметичку говоря:
|-----------------------------------------------------------------------------|

—Не на голову, а на лицо. Ты должна соответствовать местным магам, иначе выделяться будешь. Давай я тебе помогу тогда, раз не знаешь про это.

|-----------------------------------------------------------------------------|",samin__,1518677687600812094
"2026-06-24,11:27:56",biok_ymer,#0,"—???—
|-----------------------------------------------------------------------------|
На фразе про злость парень отчего-то перестал ощущать как твердости под собой, так и приятного одеялка, приоткрывая глаза тот увидел что его кто-то держит над землёй, а после с силой впечатывает в пол, говоря:
|-----------------------------------------------------------------------------|

—Мелочь тут мне угрожать ещё будет? Вставай давай спиногрыз. Или ты хочешь пойти с сломанными костями спины?

/Договорив тот понял что это был женский голос и проясняя взгляд тот увидел некого самурая? Это чё вообще такое тут в академии забыло?/

|-----------------------------------------------------------------------------|",ktoia,1518654121605861517
"2026-06-24,11:43:22",ktoia,#0,"— Бенрир Аста —

Бенрир не успел понять, что происходит - сначала мягкая постель, потом резкий рывок и вот он уже висит в воздухе, а затем с глухим стуком приземляется обратно на пол, достаточно сильно ударяясь спиной из-за чего у того аж дыхалку на секунду перехватило.

Из его уст вырвалось лишь глухое:

— Ай.. бля..

Пытаясь сообразить суть проблемы и того что произошло,  проясняя взгляд, уставился на фигуру, нависшую над ним. И чё это вообще такое? А ты точно отсюда?

Бенрир попытался сесть, и одновременно этому отползти подальше, попутно выпаливая:

— А ты... ты кто такая? И какого ты врываешься в комнату и швыряешься людьми?! Я, может, спал! Нет я спал... Аааа ты знаешь..

Он потер плечо, бросил быстрый взгляд на Декстера - жив ли тот? И снова посмотрел на незнакомку.

— Если это проверка на прочность, то она провалена. Я не сдаюсь без завтрака. Ясно? Давай там... Пока?.. мгм?

Да у Бенрира есть яйца, вот только соображать с утра когда ему угрожают он не собирается.",biok_ymer,1519257759143559288
"2026-06-24,11:51:26",biok_ymer,#0,"—???—
|-----------------------------------------------------------------------------|
Пока тот очень интенсивно что-то рассказывал девушка подошла уже к кровати Декстера, коего также схватив швырнула чуть поодаль от Бенрира, отчего тот с глухим звуком ""епты"" также плюхнулся. После чего та глянув на бессмертного зеваку встала над ним и одной ногой облокотилась на его спину, не давая тому пошевелиться, говоря:
|-----------------------------------------------------------------------------|

—Мелочь меня отправили сюда будить вас, и о кое-кто забыл, что у вас первый школьный день. А вот покушать или подтерать ваше дерьмо от того, что вы все проспали прирегатива ваших мамочек, что кинули вас ещё на входе в академию. Или ты считаешь, что я должна быть твое мамочкой? Ахах! Вставай давай или мне тебя ""аккуратно"" понести, зайка~?

|-----------------------------------------------------------------------------|",ktoia,1519261643278909510
"2026-06-24,12:26:33",ktoia,#0,"— Бенрир Аста —

Бенрир лежал на полу, пытаясь переварить не только удар, но и то что его жмут. Не медля когда им проломят пол, Бенрир сию минуту же ответит:

— ""Зайка""? Я... я даже не знаю, с чего начать. Мне обидеться? Или поблагодарить?

Он покосился на Декстера, который тоже валялся неподалёку и понял, что шансов отбиться у них нет. По крайней мере, не сейчас.

— Ладно-ладно, я встаю! И пойду. Только ты это! Ногу убери. И не называйте меня ""зайкой"" при всех. Я ещё не готов к такому статусу в академии, **котик~** /почувствовал что нога все сильнее давит/ АЙ-АЙЙАЙА ВСЕ молчу.

Он кивнул в сторону Декстера.

— И его тоже отпустите. Мы оба уже проснулись. Чесн слово.",biok_ymer,1519263673955127376
"2026-06-24,13:36:35",biok_ymer,#0,"—???/Декстер Морган—
|-----------------------------------------------------------------------------|
Убрав ногу с парня, нечто отошло в сторону, позволяя тем встать. 
Коллега по цеху ввиде сна парень также встал приходить в себя недовольно крехтя, а после и встав осматривая что вообще происходит. Как только прошло пару минут, нечто, что оказалось мускулистой девушкой произнесла:
|-----------------------------------------------------------------------------|

—Ну принцески, проснулись? Давайте ноги в руки и погнали на учёбу. Ато не хватало мне ещё вас за ручку вести, чтобы вы свои жопы просиживали, у меня и у самой дел немеренно.

|-----------------------------------------------------------------------------|",ktoia,1519272513312395348
"2026-06-24,15:56:39",ktoia,#0,"— Бенрир Аста —

Бенрир поднялся, потирая спину и с подозрением покосился на мускулистую девушку.

— Ну, по крайней мере, нас не вынесли через окно. Уже прогресс... Да, Декс?

Он поправил одежду, которая успела сбиться за время сна и примирительно улыбнулся смотря на БАБУ.

— Слушай, а ты всегда так бодро будишь людей, или это перфоманс? Ай, ладно пошли. Кстати, как тебя зовать? И кто тебя вообще сюда послал? Чтобы я знал, кого благодарить за утреннюю зарядку.

Скрестив руки на затылке Бенрир уже был готов следовать за бой бабой.",biok_ymer,1519290134573482014
"2026-06-24,20:54:13",samin__,#0,"— Розалия Зипл —

Сопротивляться может Розе и хотелось бы, но против такого - непопрëшь. Выделяться ей совсем уж не хотелось, от чего та послушно села около Кэрол, отвечая:

— Ну ладно, выделяться я и правда не хочу. Мда... влиться будет сложновато, но постараюсь держать лицо. А... для чего этот твой... макияж?",biok_ymer,1518708771654991924
"2026-06-24,22:26:00",biok_ymer,#0,"—Кэрол Буффон—
|-----------------------------------------------------------------------------|
Взяв аккуратно набор макияжницы, та стала медленно наносить марофет на девушку, попутно говоря:
|-----------------------------------------------------------------------------|

—Изначально макияж нужен был чтобы подчеркнуть красоту лица или скрыть неприятные моменты по типу прыщей или ран. Однако для магов это своего рода ""тотемная окраска"". Считай необходимость, чтобы не выделяться и чем он отвратительнее, чем ты лучше... Однако тебе такого не посоветую, главное чтобы он был, не обязательно уродовать лицо. И не волнуйся, я тебе просто основу сделаю, ничего плохого делать не буду.

|-----------------------------------------------------------------------------|",samin__,1519400270961049721
"2026-06-25,19:42:43",samin__,#0,"— Розалия Зипл —

Слушая подругу, девушка смотрела на ней как на экспонат в дорогом музее. Вопрос крутился у неë на языке, от чего не долго думая та его и задала:

— Значит чем хуже - тем выше статус? Не сочти за грубость... но... а разве ты тогда не должна стоять выше всех остальных с твоим... кхм... прости, забудем

Побегав глазками туда-сюда, девушка сменила тему:

— Ам... эм... а чему вообще учат на первом курсе?",biok_ymer,1519423367839748116
"2026-06-26,00:48:41",biok_ymer,#0,"—Кэрол Буффон—
|-----------------------------------------------------------------------------|
Девушка методично, словно робот закончив наносить один слой марофета приступила к стрелкам на глазах и прочей дополнительной ветащью, отвечая:
|-----------------------------------------------------------------------------|

—Спасибо что мой макияж ввиде ""уродливого клоуна"" ты считаешь столь значимым, однако я вынуждена носить это, так бы я сделала бы что-то менее невзрачное, как у тебя. Я вынуждена быть выделенной, из-за своего статуса, у тебя же таких обязательств нет, отчего отчасти даже завидую тебе.

/После услышав второй вопрос, та уже закончила макияж, приступая к расчёсыванию волос, словно старшая сестра, попутно отвечая:/
-А вот учат на первой курсе множество спектров базисного магического строения и очень много теории. После изучения её и сдачи экзамена ты будешь свободна углубиться в конкретную отрасль магии и изучать именно этот спектр, а на третьем же уже ты будет писать дипломную работу по тому что ты в итоге выбрала в изучение и чего добилась.

|-----------------------------------------------------------------------------|",samin__,1519744664020717808
"2026-06-26,06:54:45",biok_ymer,#0,"—???/Декстер Морган—
|-----------------------------------------------------------------------------|
Заготовка
|-----------------------------------------------------------------------------|",ktoia,1519325385576288367
"2026-06-26,07:10:21",biok_ymer,#0,Впадлу...,,
"2026-06-26,10:41:00",samin__,#0,"— Розалия Зипл —

Девушка стойко выдерживала эту пытку, понимая что один раз она это уж как нибудь переживëт. Даже когда той начали лезть в глаза, она стойко выдержала это, лишь зажмурившись. Когда пытка наконец закончилась, девушка расслабилась кайфуя от того что еë кто-то разчëсывает. Нет, она и сама могла, но говорить этого не стала

Слушая рассказ о первом курсе девушка поняла ""вот это ей и нужно"". 3 года в академии... тяжело... но та надеялась что они пройдут быстро. Значит 1 курс - изучение основ, 2 курс - собственные изыскания и 3 курс - что-то о дипломе... ... ... а что это вообще?

Решив не задавать лишние вопросы, девушка скромно ответила:

— Ух! Ну спасибо! Что бы я без тебя делала то? Можно я буду задавать тебе ещë вопросы, если они появятся?

|| Я просто хз что ещë разгонять ||",biok_ymer,1519821664911626350
