Date,Username,User tag,Content,Mentions,Reply to
"20.04.2026 19:08:27","samin__","#2997","","","1493924715243241602"
"20.04.2026 19:23:32","samin__","#2997","— Ян Цу —

Парень ожидал ответа с широкой улыбкой, однако как только девочка начала говорить, от той не осталось и следа. Мда... проехалась она по нему знатно, от чего парень отклонился на троне, докасываясь спиной спинки и мрачно ответил, от чего девочка почуствовала как будто воздух вокруг неë стал тяжелее, не позволяя себя вдыхать:

— Как же тебе повезло что ты говоришь со мней сейчас, а не 350 лет назад. Хех... я уже и забыл что такое ""видить""

Сказав это, парень прикоснулся к повязке, отвечая уже чуть спокойнее:

— Повторю очень умные слова, услышанные мной сегодня. Разговоры с Миной ОЧЕНЬ плохо на тебя влияют. Помнится 5 дней назад ты была куда более мраяной, да и куда более скромной на слова. Чтож, рад что ты осваеваешься в этом мире~

— Та змейка к слову была и для меня сюрпризом. Уж знаешь, в СВОËМ мире я чуствую всë, где бы не находиося, но этого зверя как будто и не было

Убрав руку от повязки, парень вроде отошëл от ""потрясения"", от чего стал говорить непринуждëнно как и обычно:

— Помнишь наподение на претиндентов? Такое случается впервые на моей памяти, от чего делаю вывод что дело либо в тебе, либо в Наньер, либо в Криосе.

— Криоса пытались убить, Наньер была внутри секты, однако тоже подверглась покушению, а что до тебя...

Парень наклонился, уводя торс вперëд:

— По сути ты единственная на кого не нападали. Есть мысли?

|| <@815329322881646622> ||","ktoia","1495818441251098794"
"20.04.2026 19:24:04","samin__","#2997","","","1494236142227165214"
"20.04.2026 19:32:42","samin__","#2997","|--------------------------------------------------------------|
Парень вновь осмотрел девушку, пару раз похлопав шлазами делая шаг в сторону:

— Не могу понять. Твоя душа как будто не твоя. Вернее сказать мечется в теле, пытаясь освободиться

Прищурив взгляд, парень вновь посмотрел в область живота, а после резко раскрыл глаза и махнув рукой сказал, поднося трубку ко рту:

— Ладно, не столь интересно. Меня не прильщают разговоры о культивации, так что закончу на этом. Ты вроде пришла сюда чтобы узнать побольше об этом захолустье? Странная ты, пошла бы в столицу, там как раз самое приевшееся

Договорив, парень вновь сделал затяжку
|--------------------------------------------------------------|

|| <@1405305963375759440> ||","biok_ymer","1495822373855694988"
"20.04.2026 19:32:54","samin__","#2997","","","1494239584677007440"
"20.04.2026 19:43:34","samin__","#2997","|-------------------------------------------------------------------|
|| Ебать ты попал||

Услышав ""пару месяцев"" девушки тут же изменили ясные и чистые взгляды на те, что полны порицания с некой долей призрения. Пытаясь это скрыть, те сразу постарались вернуть их обратно, что далось им ой как не просто

Чтобы замять наррчжение, что повисло в воздухе, одна из девушек сказала:

— Сола, спроси у госпожи на месте ли ""архитектор""

Та без лишних вопросов встала со стола и с неприкрытой радостью, что еë отпустили, скорой походкой удалилась вниз по лестнице, а оставшаяся девушка продолжила, пытаясь себя сдержать:

— Ну разумеется, глава бы не зашëл в столь вульгарное место...

Разговор явно пошëл под откос, от чего даже проститутка не знала что такое сказать, чтобы разрядить обстановку

|| <@1405305963375759440> ||

|-------------------------------------------------------------------|","biok_ymer","1495824596132303152"
"20.04.2026 21:45:16","biok_ymer","#9440","—Афина—
|-----------------------------------------------------------------------------|
Красавица думала думала, но так и не додумала чего этот парень от неё хотел, отчего она пожала руками и хотела направиться дальше, говоря:
|-----------------------------------------------------------------------------|

—Быть может я и странная, но не столь странная как ты... Не хочешь говорить о великом и не надо, я просто люблю узнавать что-то новое, отчего могу и до других людей докопаться с расспросами. Да и столица, боюсь будет уж сильно требовательной к моим манерам, очтего откажусь.

-О и про душу забей, ты все равно не поймёшь, считай я особенная.

|-----------------------------------------------------------------------------|","",""
"20.04.2026 21:50:50","biok_ymer","#9440","—Аполлон—
|-----------------------------------------------------------------------------|
А я ебу что я такого сказал? Непонимая, что тот сказал не так тот даже хотел напрячься, чтобы разрядить обстановку! Но ему в какой-то момент стало все равно и он устало посмотрел на стол, понимая , что он не в том состоянии, чтобы быть милашкой и попросту грустно выдохнул, говоря:
|-----------------------------------------------------------------------------|

—Да забей, я понимаю что ваша работа обходить людей, отчего и ваши эмоции читать намного проще. Я вижу что как-то задел вас, отчего можешь не стараться уладить обстановку, раз нагрубил, значит нагрубил, виноват. Все порядки не запомнишь и даже простой фразой человек способен уничтожить всё, что так сложно строил... Может лучше смерти тему? Отчего это вульгарное местно? Мне казалось все любят поговорить или развеяться в приятной компании. Или тут это порицается?

|-----------------------------------------------------------------------------|","samin__","1495827280876802271"
"20.04.2026 23:15:21","ktoia","#6622","— Сиэль —

Возможно, Сиэль действительно не следила за словами, но терпеть такие высказывания не могла - поэтому использовала единственную доступную для парирования информацию. Хотя, по сути, это и была вся информация: она упомянула буквально чёрную часть его прошлого. 

Девочка старалась не придавать значения тому, что воздух стал ЗНАЧИТЕЛЬНО тяжелее. Она понимала: после этих слов либо снова окажется на коленях, либо случится что-то подобное. Как хорошо, что Цу быстро остыл - иначе могли бы возникнуть серьёзные проблемы. Услышав очередное замечание о том что разговоры с Миной на неё ВЛИЯЮТ, лицо Сиэль стало слегка недовольным. Можно было бы начать оправдываться, но влияние МИРА (а не только Мины) было буквально налицо - даже Сиэль могла это заметить. Не настолько плохое, но всё же. В общем, она решила пропустить это замечание мимо ушей.

Дальше слова были больше по делу, поэтому следовало успокоиться. Отведя взгляд от Цу в сторону, Сиэль начала рассуждать вслух:

— Насчёт змеи поняла. ХОТЯ когда она выползла, можно было и убить её, а не давать моей команде шанс лишиться жизни.

Она вернула взгляд на Цу.

— А могли ли её как то... ам... ""пронести"" в твой мир? То есть кто то из предполагаемых претендентов по какой то причине переместил её. Не знаю существуют ли у вас такие же кольца для чего то подобного, но это первое, что приходит в голову, учитывая, что испытание пытались подвергнуть саботажу с самого начала дня.

Сиэль выдержала небольшую паузу, сделала пару шагов в сторону и блуждая взглядом по окружению, продолжила:

— Мы знаем, что даже на тех, кто с демонических земель, напали диверсанты. Насчёт Наньэр сомнительно: я более чем уверена, что даже пытаться притронуться к ней будет фатально. Да и не видела, чтобы она выходила из секты. Мх... Лично я думаю, это с ней не связано.

— Насчёт Криоса... а... **так кто этот парень в итоге?** Я понимаю, что он из демонических земель, но не больше. Так что о нём вообще не уверена.

Она остановилась, повернулась к Цу заканчивая:

— На меня и правда не напали. Я была у Хао и Чучу. По пути никого подозрительного не видела, а о нападении узнала только по замученным лицам и от пары учеников. Мм... про мою особенность знают не так много людей... хотя хотелось бы меньше. Из них так себе только: Мина, Го и... вроде всё. Не уверена, что это их диверсия - им же было бы только хуже. Да и... я очень сомневаюсь что эта ситуация из-за меня: ничего сверхъестественного до собрания я не делала.

Сиэль задумчиво приподняла голову, но вспомнив что-то, опустила её и наконец закончила:

— Мало вводных. хм... Глава секты Ян, к вам же подходил Криос и что-то докладывал. Поделитесь?","samin__","1495822238136668282"
"22.04.2026 01:36:54","samin__","#2997","— Ян Цу —

Парень цикнул не скрывая некого предупреждения, а после ответил с явной язвительностью в голосе:

— Я не выращиваю тепличные растения. Я не монстр чтобы бросать детей в яму, но и не святой, чтобы огорождать их от любого ненастья. Запомни, если что-то подобное произойдëт в этом мире, вас точно никто не спасëт. И отмазка ""этого не должно было быть"" не роможет

Кашлянув в кулак, парень продолжил:

— В общем то мы считаем что кто-то пронëс не саму змею, а ""корм"" на котором она и смогла прорваться на третий ранг. Как минимум это было бы куда проще.

— Напали на всех, включая Наньер, но закономерно до неë они не добрались. Уверен что она даже не знает что на неë вообще готовилось покушение, однако как ты погла понять, схватить нападавших мы не смогли. Злоумышленики явно знали способности присутствующих, от чего послали подготовленных бойцов. М... почти уверен что это южане опять что-то делают...

Откинувшись на троне, парень слегка сполз вниз по его спинке:

— Криос - самый странный новичëк. Способный малый, однако явно из секты небесного демона. На кой его сюда послали не знаю, однако раз он вступил в мою секту - он часть моей семьи, поэтому защищать его - моя обязанность. Ну... и от него тоже... кхм...

— Криос же лишь подтвердил мою догадку. Однако еë в слух произносить даже я не осмелюсь

Парень потянулся к лицу, чтобы поправить повязку, что закрывала его глаза, а после уже с неким пренебрежением сказал:

— То выказываешь поятение, то поливаешь помоями. Определись уже, а то я зря затыкал Кëртиса, чтобы он не растрепал всем о нашем ""родстве""?","ktoia","1495880575104454849"
"22.04.2026 10:46:52","samin__","#2997","|-------------------------------------------------------------------|
Девушка с неким непониманием покосилась на парня. Она то думала что ей сейчас придётся как-то выравнивать ситуацию, просто чтобы без лишнего шума спровадить его, однако он и сам всё понял? Так ещё и извинился? От такого поведения взгляд девушки слегка смягчился, а после и вовсе ушёл в сторону. Спустя пару секунд молчания, та всё-же заговорила:

— По своей сути вы не сказали ничего такого, просто... это личное. Общаться в обществе разумеется не зазорно, однако не зря ведь это место называется ""домом удовольствий"". А что до архитектора, мне кажется вы сказали это без злого умысла, однако именно из-за ""покупки услуг на пару месяцев"" она и оказалась здесь. Видимо госпожа Куроко вам не сказала про ""это""
|-------------------------------------------------------------------|","biok_ymer","1495859308217237606"
"22.04.2026 11:09:23","samin__","#2997","|-----------------------------------------------------------------------------|
Парнишка и сам утомился от этого разговора, однако от чего-то слегка улыбнулся, собирая удивлённые взгляды окружающих, а после оттолкнувшись ногой, прокрутился на месте, разворачиваясь на 180 и повернувшись в профиль ответил:

— Значит особенная~. В таком случае до встречи. Все странности так или иначе не проходят мимо меня, так что уж постарайся~

Махнув на прощание парень удалился, возвращаясь в ту-же сторону откуда пришёл. Странный он всё таки...

Продолжив путь девушка некоторое время наслаждалась видами городка, что казался крайне большим, состоящим из небольших зданий. Присмотревшись, та могла так-же заметить, что под дорогой шёл поток ци в сторону центра города. По видимому это и была та самая система, про которую говорил Тасир

Идя так и дальше, девушка пыталась зацепиться взглядом хоть за что-то и у неё определённо вышло. По улочке к ней на встречу шёл весьма примечательный седой мужчина, что выделялся из общей массы своей одеждой и НАЛИЧИЕМ МАНЫ?!
|-----------------------------------------------------------------------------|","biok_ymer","1495857904090222662"
"22.04.2026 11:09:35","samin__","#2997","https://i.pinimg.com/736x/ea/53/50/ea535036add4cd55d9970530a86e7ca8.jpg","",""
"22.04.2026 13:33:13","ktoia","#6622","— Сиэль —

Сиэль мысленно закрыла тему со змеёй. Мнение Цу она услышала, но осталась при своём: ситуацию следовало пресекать в момент появления, а это было как раз в его силах.

Выслушав дальнейшие домыслы девочка наклонила головку в бок, продолжая:

— Вот оно что. Ну... Мои мысли ты услышал, с моими знаниями я без понятия кто это мог быть и кто причастен, но то что на меня не напали странно. Очень... Хотелось бы узнать причину, но видимо не судьба на данный момент.

Услышав, что Кёртиса ""заткнули"", Сиэль испытала смешанные чувства - удивление и лёгкое облегчение. Но тут же и озадачилась из-за других более резких слов которые в нее кинули. Постояв и ""помявшись"" отвечать, она решила начать говорить в слух:

— И в правду моментами перегибаю... Это не особо и оправдать ""не знанием культуры Мурима"", по сути своей она везде, во всех мирах, практически идентична... Можно ли это объяснить смешиванием некоторых характеров? Мхм...

Сиэль ненадолго задумалась, мысленно перебирая все их взаимодействия с Цу и пришла к некому выводу: 

— Я извиняюсь за свои слова. Та твоя шутка меня задела сильнее, чем следовало и я ответила слишком резко. Да и с самого начала наше знакомство не задалось - в основном по моей вине. Может... попробуем начать сначала? Мне тяжело взаимодействовать с теми кого я мало знаю, но если ты не против я постараюсь чтобы наше общение стало... спокойнее, как минимум с моей стороны.

Тут девочка остановилась думая как бы продолжить, однако вспомнила другую, важную тему... по сему не продолжила, решив сначала услышать Цу.","samin__","1496278586330583112"
"22.04.2026 13:55:09","samin__","#2997","— Ян Цу —

Парень сидел смирно, пока до его ушей не донёсся поток сознания девочки. Он лишь наклонил голову в сторону, слушая всё это, а по завершению медленно встал с трона, делая пару шагов от него, расправив руки в стороны. Тот было хотел сказать что-то осмысленное, но вовремя спохватился и лишь улыбнулся, отвечая девочке:

— Извинения приняты~. По сути мне большего и не нужно. Ты - спутница Кая, от чего я и не могу на тебя злиться, а со вчерашнего дня ещё и ученица моей секты и если ты думаешь что это просто формальность... то ты по сути права. Мы ведь это сделали чтобы ты смогла остаться здесь и понемногу осваиваться, однако для меня это имеет немного больший смысл. Все ученики - мои дети, а старейшины и другие работники - братья и сёстры. Уверен Кай тебе не раз говорил ""секта - это семья"". Это я вбил ему эти мысли... буквально вбил. Далеко не все так думают и далеко не везде такое отношение, но это мой подход, от чего по сути тогда ты не обманывала, а лишь опережала события

Убрав улыбку с лица, парень продолжил:

— Однако дочерью всё равно представляться не стоит. Я и так сдерживаю новости о том, что беловолосая девочка учится в моей секте. Ммм... без Наньер было бы всё куда проще...

— Да и это я при первой встречи вспылил, заставив твои уши кровоточить, за что тоже прошу прощения

После сказанного, парень медленно стал наклоняться, согнувшись под 45 градусов","ktoia","1496458854031032422"
"22.04.2026 21:30:55","biok_ymer","#9440","—Аполлон—
|-----------------------------------------------------------------------------|
Тот задумчиво потянулся, а после поеосившись на девушку дополнил:
|-----------------------------------------------------------------------------|

—Вот оно как, значит то, что я хотел обеспечить человека на долгое время считается проблемой. А я думал вскрыл козырь...кмм, видно неправильно разыграл карту. Мне сообщили что тут есть архитектор, однако подробности я не узнал, видимо не достаточно за это заплатил... Что же, виноват и понимаю негатив. Мне и вправду нужны люди что помогут восстановить город, а не те, кого я хочу попросту использовать и ущимить...

|-----------------------------------------------------------------------------|","samin__","1496416990926209077"
"22.04.2026 21:35:52","biok_ymer","#9440","—Афина—
|-----------------------------------------------------------------------------|
ЧЕГО!? Девушка ожидала чего угодно, но то что в другом мире будет кто-то, кто имеет Ману шокировало её, очтего та приоткрыла челюсть, ну а после подмечая это прикрыла её рукой и аккуратно стала подходить к мужчине, интересуясь:
|-----------------------------------------------------------------------------|

—Оу, Вау, здравствуйте сэр, а вы весьма примечательно выглядите для столь ""бедного"" городка, как мне сказали ранее. Не хотели бы познакомиться!

|-----------------------------------------------------------------------------|","samin__","1496422657560936478"
"22.04.2026 23:25:10","ktoia","#6622","— Сиэль —

Сиэлька спокойно стояла следя глазами за Яном. Девочка стояла ровно внимания каждому слову насточиво ожидая ответа, когда тот встал с трона и развел руками она немножко озадачилась, но услышав очень даже положительные слова Сиэль с облегчение выдохнула.

Но тут Цу начал извинятся, сиэль не поняла прикола, а после тот и вовсе после сказанного слегка поклонился... Когда он склонился, Сиэль на мгновение растерялась, ведь это было сейчас слишком, по сему она в ответ повторила тот же поклон что и Цу начиная уже сама говорить:

— Хорошо что мы друг друга поняли и... не стоит...

Выпрямилась.

— Я и не пыталась предста... мкх... это да, больше не буду. Спасибо что остановил Кёртиса, значит мне его искать по всей секте не прийдется.

— Мм... кстати... Я ещё со вчерашнего дня хотела обратиться с просьбой. У меня раньше времени появилось море сознания, конечно я поговорила с Каем про это, однако честно сказать ничего особого тот о нем не рассказал, скажем... мм.... Только образно то есть - ""Некоторые считают его миром, но это не так. Это лишь потаённые уголки твоего сознания, которые иногда даже ты не можешь толковать, то что оно проявляется не из-за стадии культивации"" и т.п. Если говорить конкретно, то... у меня вопрос следующий - Хао упоминал что там можно выстроить ""оборону"", я не понимаю каким образом... Да и вообще стоит ли мне о нем сейчас думать?","samin__","1496464372896235550"
"23.04.2026 01:02:13","samin__","#2997","|-----------------------------------------------------------------------------|
Мужчина явно не первой свежести спокойно шёл по своим НУ ОЧЕНЬ ВАЖНЫМ делам, как вдруг увидел как какая-то нищенка при виде его открыла рот. Привыкший к подобным реакциям, тот хотел было просто пройти мимо, однако к нему обратились. Слегка удивившись, однако остановившись мужчина сделал шаг назад, чтобы девушке было проще на него смотреть, не задирая голову (разница в 36 см)

Выслушав девушку, тот добродушно улыбнулся, а после прислонив руку к сердцу, отвёл ногу назад и выкинув руку в сторону, принимая позу аристократического приветствия ответил ответил:

— Почту за честь мем. Моё имя Дэмиан, позвольте спросить ваше

Этот человек определённо отличался от населения этого мира и манерами и говором в том числе
|-----------------------------------------------------------------------------|","biok_ymer","1496580317220442344"
"23.04.2026 03:14:14","biok_ymer","#9440","—Афина—
|-----------------------------------------------------------------------------|
Девушка не ожидала столь яркого приветствия, отчего чуть воодушевленно повторила аристорикратчное приветсвие, говоря:
|-----------------------------------------------------------------------------|

—Очень приятно! Меня зовут Афина, рада знакомству! Не могли бы уделить мне минутку? Вы кажется немного отличаетесь от местных ммм ""цинивиков""? Словно в вас есть что-то ""манотическое"".

|-----------------------------------------------------------------------------|","samin__","1496632246398882044"
"23.04.2026 18:31:31","samin__","#2997","— Дэмиан —

Мужчина выпрямился, услышав об упоминании маны. Приподняв бровь, тот осмотрел девушку с ног до головы. Явно не ожидая такой встречи, мужчина осмотрелся, заприметив через дорогу какую-то забегаловку, а после указав на ту ответил:

— Чтож, предполагаю разговор будет весьма занятным. Что думаете о том, чтобы переместиться в более тихое место?

||Если согласишься, можешь сам прописать как заходите и начать разговор||","biok_ymer","1496665467085914214"
"23.04.2026 18:55:15","samin__","#2997","|-----------------------------------------------------------------------------|
Девушка не поняла ответа парня, от чего помолчала некоторое время, явно перебирая его слова всё снова и снова пока задумчиво не сказала:

— В каком плане ""на долгое время""? Вы же сказали на пару месяцев или я ошибаюсь? Просто тут... дело весьма запутанное с ""архитектором""

Девушка явно смягчилась, однако от слова совсем не доверяла мужчине подле себя
|-----------------------------------------------------------------------------|","biok_ymer","1496579071788974214"
"23.04.2026 18:55:53","biok_ymer","#9440","—Афина—
|-----------------------------------------------------------------------------|
И вновь удивившись столь спокойной реакции, та приняла предложения заходя в закусочную вместе с мужчиной. Найдя тихий и дальний столик, та заняло место у окна, чуть приподняв повязку и поглядывая в окно, спросила:
|-----------------------------------------------------------------------------|

—Что же господин Дэмьян, теперь вопрос о том что ""вы"" делаете тут имеет другой подтекст, не находите?

|-----------------------------------------------------------------------------|","samin__","1496896310345863258"
"23.04.2026 19:16:24","biok_ymer","#9440","—Аполлон—
|-----------------------------------------------------------------------------|
Парень понимая, что дело не только в формулировках, но и в том что тот разучился доносить свои мысли, тот почесывая шею, сказал:
|-----------------------------------------------------------------------------|

—Долгое время имеется месяц, я так понимаю он тут всем нужен и научится, отчего и сказал, что это вас и расстраивает, однако похоже случилось новое недопонимание... Что же, похоже сегодня не мой день для переговоров. 

|-----------------------------------------------------------------------------|","samin__","1496902283907301507"
"23.04.2026 20:01:44","samin__","#2997","— Ян Цу —

Парень довольно быстро выпрямившись, так и продолжая стоять. Кивая на слова девочки тот не менялся в лице. Кажется глаза и брови как-то двигались под повязкой, однако тот лишь кивнул, разворачиваясь обратно к трону, а после проговорил:

— Это и вправду весьма странно. Знаешь ли это приходит со временем, а вернее с развитием личности, которую сознание человека не может выдержать и видимо ты уже дошла до того момента, когда самосознание давит на столько, что психике приходится создавать ""резервуар"" в виде моря сознания. Люди не созданы чтобы жить более сотни лет, от чего и сознание бы попросту разрушилось быстрее тела, от чего это можно считать защитным фактором чтобы не сойти с ума. Молодец что обратилась ко мне, ведь я специализируюсь как раз таки атакой на море сознания. Думаю Тэд уже заметил это, однако... почему промолчал. Нужно будет поинтересоваться. Хотя он скорее всего не ответит...

Дойдя до трона, тот встал около него и продолжил:

— Нельзя атаковать то, чего нет, от чего считай ты в зоне риска. Защита - весьма метафарическое понятие. У Кая есть конкретное сокровище, которое позволило ему игнорировать этот аспект совершенствование, однако остальным приходится ""закрывать трещины"". Найди темы, которые могут тебя задеть и вывести из себя и сделай так, чтобы ты на них особо и не реагировала или вовсе прими негативные чувства. Только и всего. Есть и иной способ... но... он мне не нравится...

— Я рассказал своё видение ""защиты"" однако если говорить о более традиционном подходе, то в море сознания можно просто на просто переживать травмирующие моменты своей жизни ""закаливая характер"". Первый подход укрепляет тебя как личность, однако со временем ты становишься мало эмоциональным, а второй закаляет характер, оставляя эмоции на месте

— Выбор что из этого использовать - за тобой

После сказанного, парень наконец уселся, закидывая ноги на трон, поджимая те под себя","ktoia","1496607820995625042"
"23.04.2026 20:07:32","samin__","#2997","— Дэмиан —

Мужчина галантно отодвинув стул, помог сесть сначала Афине, а после сел и сам. На вопрос, тот лишь усмехнулся, отвечая:

— Вы правы Афина. Полагаю мы оба понимаем что сейчас происходит, от чего опущу формальность о донесении известия о том, что мы оба из другого мира. Да... не часто я встречаю мне подобных, вернее сказать это второй раз за прибывание здесь. Позвольте поинтересоваться из какого вы мира? Быть может мы из одного места?

В момент произнесения последней фразы, глаза деда блеснули жаждой и стремлением, что не присущи старикам","biok_ymer","1496902444251349132"
"23.04.2026 20:11:58","samin__","#2997","|-----------------------------------------------------------------------------|
||И вправду не твой день|| Девушка вновь посмотрела на парня как на говно, а после отвернувшись сказала без какого либо интереса:

— Вот значит как... очень и очень жаль. Я надеялась что милашка Яо наконец найдёт пристанище, которого так желала, а тут снова ""на месяц"". Мда... не везёт ей с жизнью... не везёт...
|-----------------------------------------------------------------------------|","biok_ymer","1496907605833023608"
"23.04.2026 22:08:03","ktoia","#6622","— Сиэль —

Сиэль обратилась к Цу не случайно. В её понимании тот, кто владеет собственным мирком и управляет им по своей воле, должен много знать о Море сознания. Ей уже объяснили, что Море сознания - это буквально мир в голове. К тому же, как глава секты, Цу наверняка укрепил своё сознание на высочайшем уровне, да и его прошлое тоже должно было наложить отпечаток. С первым предположением она, видимо прогадала - это оказалось не так важно. А вот со вторым - нет: специалист по ментальным атакам? Получается, его способности с голосом - это и есть ментальное воздействие? Или... Впрочем, спорно. Ладно, она просто примет это к сведению.

Вообще, сильно задумываться о том, почему Море сознания проявилось раньше времени не стоит. Основная и пожалуй самая удачная догадка - прошлые. Если сложить весь их жизненный опыт, получится до ужаса мрачная сумма. Конечно, она не забирает их сознание, ощущения, воспоминания и всё подобное целиком, но это и не остается без следа - целиком, не значит нет. Хм... хватит об этом думать. Пора перейти к тому, что сказал Цу дальше.

ПОНЯТНО ПОЧЕМУ ему не нравится второй вариант с прошлым. А какой из них ближе самой Сиэль? В последнее время она заметила, что стала слишком эмоциональной. Даже в Междумирье, при смене обстановки, она не показывала столько чувств, а здесь что-то меняется.. ме... Теперь их снова придётся подавлять если она примет первый вариант? Хм... Раньше эмоции можно было пересчитать по пальцам: спокойствие и гнев. Теперь их куда больше, а опыта обращаться с ними меньше. Другой вариант - переживать травмирующие события заново. Долго думать не приходится: по настоящему травмирующих событий не так много. Например в каком то плане смерть Рэди, будь проклят тот божок... Ещё момент когда у неё впервые забрали прошлых. Некоторые моменты с Ведьмой. И если не вдаваться в подробности, список можно завершить ПИЛЮЛЕЙ Яна... но это не означает что он закончился. 

Сиэль машинально покачала головой и вышла из размышлений. Цу уже раскинулся на троне, поэтому она кивнула и начала говорить:

— Спасибо, сказанное будет очень кстати. Этот вопрос постараюсь не откладывать.

Девочка на мгновение опустила глаза и взгляд задержался на колечке. Решив что неплохо было бы узнать всё сейчас, она снова подняла глаза и спросила:

— Я хотела спросить ещё кое что. М-м... Как бы сказать... После того, как я получила набор у Тэда, подумала что нужно уточнить: какова ценность пилюль? Рыночная. Что это своего рода деньги, я поняла, но их настоящей валютной ценности не знаю. Ещё меня смущает, что есть одни пилюли - денежные, а другие - нет. Например те пять штук что были в наборе - они явно отличаются от остальных. А, ну и... что за склянка с вязкой жидкостью?

Про записку Сиэль решила не спрашивать - ну просто записка. Прочитает потом самостоятельно.","samin__","1496919013635129474"
"23.04.2026 23:10:30","samin__","#2997","— Ян Цу —

Парень понял вопрос, но ответить на него было сложно. Как описать ценность валюты, если человек не знает цен? Призадумавшись, тот почесал горло, а после ответил:

— Пилюли и есть пилюли. Считай это лекарство и те что ты зовëшь валютой - тоже. По сути ты и сейчас можешь их усваивать, если конечно хочешь поскорее умереть, но да, потом именно они тебе понадобятся в очень больших количествах. По сути своей это не ""покупка за валюту"", а общепризнанный бартер среди культиваторов. У людей есть и своя валюта, но про неë я мало что знаю. Уж больно часто они меняются

— Те 5 пилюль, которые в наборе призваны залечивать меридианы. На удивление с твоими всë хорошо,но при усердных тренировках они могут пострадать, а эти пилюли призваны ускорить восстановление. Что до склянки - это средство для вывода токсинов. Штучка редкая и дорогая, от чего Чучу с Хао точно будут рады что тебе это дали за то, что заняла второе место~

— И да, принимать в внутрь не вздумай. Вообще ничего такого в рот не тяни пока не поймëшь что к чему. Для тебя почти всë из мира культивации - яд, так что всë медленно и с расстановкой. Уяснила?

Парень пристально попытался сделать вид что ""смотрит"" на девочку, пронзая ту ""взглядом""","ktoia","1496950805046231211"
"24.04.2026 10:22:36","biok_ymer","#9440","—Аполлон—
|-----------------------------------------------------------------------------|
И вновь предположение на мусор! Аполлон перестала пытаться найти общий язык и устало выдохнув рухнул головой о стол, говоря не отрывая его от дерева:
|-----------------------------------------------------------------------------|

—Ах, все же не в том я состоянии для переговоров, а ведь не так давно разговаривал с важными чинами на равных... Эх, психика и вправду на многое влияет... Я не буду вновь пытаться вырулить ситуацию, все равно не выйдет... А ведь потом ещё переговоры с перевозчиками... Эх, поскорее бы разобраться с делами... Когда я в последний раз отдыхал? Наверное сотню лет как назад... Хотя не, было это думаю несколько сотен ранее... Черт, перегорел выходит...

|-----------------------------------------------------------------------------|","samin__","1496921591395782669"
"24.04.2026 10:30:55","biok_ymer","#9440","—Афина—
|-----------------------------------------------------------------------------|
Та незнала про другие миры, однако подозревала о их наличии из-за нескольких несостыковок в рассказах других. Да и память её явно подводила воспоминаниями, что не подходили к этому месту, отчего та натянув повязку обратно направила голову в сторону мужчины, говоря:
|-----------------------------------------------------------------------------|

—Точно незнаю откуда я точно, однако вы правы, я не из этого места. Понятия маны явно у нас схожее, отчего я и заприметила в вас человека схожего со мной... Предлагаю обменяться знаниями. К сожалению я многое незнаю об этом месте, что хотела бы узнать у вас, вы же можете поинтересоваться чем-то связанным с моим миром или познаниями.

|-----------------------------------------------------------------------------|","samin__","1496920473949175879"
"24.04.2026 10:50:28","ktoia","#6622","— Сиэль —

Внимательно глядя Цу в ""глаза"", Сиэль слушала его. В очередной раз она ГРАНИТНО убедилась, что у культиваторов всё устроено не так, как у людей. Впрочем, это было логично.

Выслушав, она слегка смутилась, ведь тот говорит как будто настоящему ребенку.... а... черт... блин. Кхм. в прочем Сиэль овтетила:

— Я вообще то не беру в рот всякую гадость. И уж точно не буду принимать эти пилюли... Мехмхм...

При упоминании о пилюлях по коже Сиэль пробежали мурашки - она вспомнила те мерзкие ощущения, которые до сих пор не забылись. Кротко пробурчав что-то себе под нос, она пришла в себя и продолжила разговор, отведя взгляд от НУ ОЧЕНЬ пронзительных глаз Цу:

— Уяснила. Если понадобится что-то подобное, спрошу у Хао или Чучу.

— Ещё кое что... Сейчас я не в лучшей форме, если говорить о ""собственных силах"". Их нужно восстанавливать до прежнего уровня и развивать дальше. По понятным причинам я не могу заниматься этим где попало. Поэтому мне нужно место, где вообще никого нет и где я могла бы посвятить время свету и тьме. Конечно, я думала о Море сознания, но там я ничем не ограничена - толку от такого развития не будет. Есть ли что-то подобное? Или стоит отложить это желание на некоторое время?","samin__","1496966518901313632"
"24.04.2026 13:20:17","samin__","#2997","— Ян Цу —

Парень пронзительно ""пили взглядом"" девочку ровно до того момента, пока та не сдалась. Кивнув на её согласие, тот услышал о тренировке света и тьмы, от чего даже поджал губы, явно думая не только о месте, но и о последствиях:

— Спасибо Дао об этом никто кроме нас не знает. Скажу честно - это проблематично... даже очень. Эр с Миной могли ещё не заметить это, но теперь тут обосновалась малышка Наньер. Ей палец в рот не клади, дай залезть куда не попадя...

Опустив голову, тот проговорил:

— Нужно связаться с Ван Фэнем. По нему не скажешь, но он сможет с этим помочь. Есть ещё возможность сделать тебе местечко в малом мире, однако тогда мы привлечём только больше времени. Нужно обсудить это с Каем... кстати, ты не знаешь куда он запропастился? Его уже 3 дня никто не видел и знаешь ли это не сказать что удивительно, но как минимум меня он всегда предупреждал. Только не говори что он снова пропадёт на десяток лет?

С момента, когда разговор зашёл о Яне, тон парня переменился на слегка волнительный","ktoia","1497142673193308160"
"24.04.2026 13:38:33","samin__","#2997","|-----------------------------------------------------------------------------|
Девушка испугалась, когда странный посетитель упал на стол. Прижав руку к груди, та посмотрела с явным вопросом на парня, а после выслушав его слова призадумалась. Чтобы выровнять ситуацию и уменьшить шанс своей кончины от раздосадованного небожителя, та сказала:

— Думаю вам и вправду нужно отдохнуть. У вас там конечно всё иначе работает, но думаю небольшой отпуск никому не повредит, в особенности если учитывать ваше состояние. Не хотите выговориться? Те кто имеют дела с госпожой Куроко всегда остаются подавленными либо не найдя того, что искали, либо от того что не могут вынести правды

Девушка явно ""работала"", однако всё ещё побаивалась реакции того, кто вполне может уничтожить это местечко
|-----------------------------------------------------------------------------|","biok_ymer","1497135659326902313"
"24.04.2026 13:50:01","ktoia","#6622","— Сиэль —

— Ну... об этом никто и не узнал бы, учитывая, что я полностью отказалась от использования сил ради общего блага. Пожалуй, только тот, кто действительно искусен, смог бы почувствовать во мне те крохи, что остались... Да уж.

Она пожала плечами и снова перевела взгляд на Цу.

— Ох... **единственное**, Мина видела одно СЛУЧАЙНОЕ проявление тьмы при первой встрече. И это очень плохо. Кхм... если так подумать - это всё.

— Что касается Кая... как бы... Я уверена, что он всё ещё в Муриме, но появились некоторые проблемы, которые они как раз с Ван Фэнем и решают. В последний раз я видела их вместе несколько дней назад. Предполагаю, что они либо всё ещё решают ту проблему, либо у Кая появилась другая. мм...

Сиэль задумалась: может, стоит сказать, что его можно позвать прямо сейчас с помощью жемчужины? Но не факт, что откликнется именно Ян, а не **Ян**.

Стоит ли вообще говорить Цу, что **Ян** пробудился? Сложно. Тут девочка вспомнила следующее - Аполлон как раз был на землях демонов вместе с Мивой, и технически Кай с Фэнем были там же. Поэтому она решила рассказать об этом:

— Последний раз, насколько мне известно, они были на землях демонов. Возможно, они всё ещё там.","samin__","1497180375880044647"
"24.04.2026 13:50:03","samin__","#2997","— Дэмиан —

Мужчина кивнул на предложение дамы, от чего поправив плащ ответил, отведя взгляд в сторону:

— Значит вы здесь не столь долго. Удивительно что это вообще произошло, учитывая ""закрытие границ"". Кроме как чудо это назвать сложно. От вас я маны не чувствую, а значит вы не маг, но чувствуете ману. Как по мне это странно, однако это не вопрос терзающий мой разум

И вот вновь его зрачки блеснули, а тот куда более заинтересованее сказал:

— Как вы сюда попали? За эту информацию я готов выложить многое знаете ли~","biok_ymer","1497137752477667459"
"24.04.2026 15:02:16","samin__","#2997","— Ян Цу —

И тут глава секты, что смог выйти из под влияния и Альянса и Демонов одновременно, буквально создав своё государство выпал в осадок. Он слегка дёрнулася на все эти известия, а после просто застыл в напряжённом положении. Тот так бы и продолжил сидеть, однако в моменте его губы слегка шелохнулись, от чего по залу раздался пронзительный звук, что отражался от стен и стал понемногу усиливаться, однако тот вовремя остановился, моментально подавляя визг

Помолчав ещё пару секунд, парень тонно выдохнул и шёпотом, еле слышно произнёс:

— Я хотел отчитать тебя за ""случайность"" с Миной, но теперь это наименьшая проблема. Т-ты видела Вана? И они с Каем направились в земли демонов? И... ты говоришь это так, как будто знаешь что произошло

Наклонившись на троне, парень чуть серьёзнее, но всё ещё без злобы сказал:

— Сиэль. ЧТО. ПРОИСХОДИТ?

Ой, кажется не стояло поднимать эту тему","ktoia","1497187857180393582"
"24.04.2026 15:27:49","ktoia","#6622","— Сиэль —

**Ой, кажется не стояло поднимать эту тему!**

Сиэль припустила голову когда послышался ОЧЕРЕДНОЙ визг который давал по голове. Да черт! Кай говорил вообще то со мной только шепотом общаться... .Кхм... неприятно, но неприятность на благо быстро закончилась. 

Сиэль выслушала пару вопросов в свой адрес и поняв что не стоило этого говорить чуть-чуть помолчала собираясь с мысляи, в конце концов начиная отвечать.

— Я совсем на каплю посвящена тому что происходит в землях демонов. Мм.... 

Вздохнула.

— В безымянном малом царстве среднего мира ""Мурим"", прямо у подножия пика У, находится сумасшедший дух - ""фанатик Луны"". Как раз таки по его душу они и отправились в земли демонов. Я предпологаю что у них вышло, по этому сильно переживать наверное не стоит?.... верно?","samin__","1497206040754786385"
"24.04.2026 15:48:43","samin__","#2997","— Ян Цу —

Парень подорвался с места ещё на ""среднем мире"". Тот хотел было что-то воскликнуть, но благо вспомнил что он тут не один от чего быстро закрыл рот рукой, что-то громко промычав. Не было понятно что именно, но Сиэль отчётливо могла услышать ""Он всё ещё жив"". Рухнув на трончик, глава секты, стал в панике закрывать себе же рот, чтобы не прикончить малышку, то и дело трогая своё лицо, как школьник, который понимает что ему конец, как только мама пришёл со школьного собрания

Прошло немало времени, перед тем как парень смог прийти в себя. Тот склонил голову и еле слышно, хрипло ответил:

— Не верно... даже близко... этот ублюдок жив... ха-ха... хахаха... да... ""по его душу""... отлично сказано. Да... очень... хорошо... хотя нет! Плохо! Очень плохо...

— Сейчас в Муриме он... самый вроде сильный должен быть? Да... самый. А раз он выжил это вроде и отличные новости, однако как только он узнает что стало с Луной... так ещё и пара дней уже прошла... ой ля-я-я-я-я....................

Парень стал мять пепельные волосы на своей голове, бормоча под нос:

— Нет-нет-нет... он не мог выжить... но откуда тогда она знает про У? Она не могла узнать... Ян бы не сказал. Ван бы тем более держал язык за зубами, а тут... пик У... два из двух... ошибка исключена. Ещё и Ван попёрся к демонам... что делать, что делать... как подготовиться к пришествию бога?

Тут парень резко встал и резкими шагами направился на выход, говоря на последок:

— Сожалею, но разговор окончен. Мне нужно поговорить с Гу... хоть кем-то из них. Об этом никто знать не должен... НИКТО. Если даже Дао спросит - ты ничего не говоришь. Нет, особенно если Дао спросит - ты молчишь. Если будет нужно, лучше выдай про атрибут и силу света и тьмы, но ЭТО никто не должен услышать. Дверь закроешь на ключ, как будешь уходить. Он в правой колоне от тебя

После сказанного, парень пулей покинул зал, оставив двери открытыми, буквально улетая в неизвестном направлении","ktoia","1497212467581812796"
"24.04.2026 15:50:31","biok_ymer","#9440","—Аполлон—
|-----------------------------------------------------------------------------|
Парень устало приподнял взгляд не деву, а после подумав что он со стороны звучит и вправду жалко чуть усмехнулся, вертя одним пальцем и говоря:
|-----------------------------------------------------------------------------|

—Был бы рад поделиться всем тем дерьмом, что у меня скопилось, однако не думаю что тебе интересны проблемы странного парня, что ещё у тому что оскорбил вас. Да и зная вашу и мою профессию, каждое наше слово имеет цену, отчего мои слова будут использованы против меня же... Но спасибо за вид сочувствия, я почти купился...

|-----------------------------------------------------------------------------|","samin__","1497184971016638565"
"24.04.2026 15:57:16","samin__","#2997","|-----------------------------------------------------------------------------|
А ведь девушка и вправду потом хотела толкнуть слова, которые бы сказал парень обратно Куроке, однако не свезло. Та лишь пожала плечами, отвечая тому:

— Надеюсь у вас есть кому высказаться, без какой либо опаски, иначе это звучит и вправду грустно. Если вам интересно я и вправду могу испытывать сочувствие, но не могу посочувствовать по настоящему, как вы сказали ""из профессии"" да... как-то так, от чего большее что я могу сделать, так это сказать - надеюсь судьба сложится так, чтобы вам более не пришлось появляться в столь вульгарных местах, тем более в таком состоянии

Та явно преследовала свои мотивы, но вроде как говорила от части искренне. Не понятно от того, что ей и вправду было жаль парня, или от того, что она надеялась более его не увидеть
|-----------------------------------------------------------------------------|","biok_ymer","1497218180228190350"
"24.04.2026 16:04:02","biok_ymer","#9440","—Афина—
|-----------------------------------------------------------------------------|
Логичный и в то же время туманный вопрос. Если бы дева и сама знала, как она сюда попала, она бы с радостью вернулась обратно! Однако врать или отнекиваться не выйдет, отчего придется превратить правду в красивый рассказ...:
|-----------------------------------------------------------------------------|

—Не в глаз а в корень я погляжу... Раз уж вас не интересует моя природа, тогда сосредоточусь на втором вопросе, что был высказан...

/Чуть прикупив язык, та недовольно цокнула, однако затянув рану изнутри, та недовольно подумала про себя:/
(Тьфу ты, как сложно так возвышенно говорить... Аполлон, как ты это делаешь)

/После чего та подняла кулачки ко рту и арестократчно покашляв в него, та продолжила:/
-Скажем так, я была как я пологаю пропущена в мир из вне, по какой конкретно причине незнаю, однако знаю что я своего рода обошла ""проверку"". Но был бы выбор, я не бы не уходила из дома.

|-----------------------------------------------------------------------------|","samin__","1497187865019285506"
"24.04.2026 16:32:21","samin__","#2997","— Дэмиан —

Мужчина внимал каждому слову и действию девушки, однако не услышав ровным счётом ничего путного, огонь в его глазах погас. Закинув ногу на ногу, тот разочарованно выдохнул, а после ответил:

— Прошу меня простить, я был слишком нетерпелив и взволнован данной встречей, от чего мог вас оскорбить. Можете считать что вы ответили на мой вопрос, ведь отсутствие воспоминаний о переносе - тоже новость

— С моей стороны было бы неприлично заваливать девушку вопросами, от чего с радостью бы ответил на ваш. Что вам интересно?

Мужчина вновь спокойно и подоброму улыбнулся, подчёркивая свою спокойную и сдержанную натуру","biok_ymer","1497221584996274236"
"24.04.2026 16:36:26","biok_ymer","#9440","—Афина—
|-----------------------------------------------------------------------------|
Мало того что он это съел, так он ещё и поблагодарил повора за сделанное ничего... Та непонимающе наклонила голову в бок, однако раз его это устроило, та все же решила и сама задать вопрос:
|-----------------------------------------------------------------------------|

—Незнаю как это сказать но, меня интересует ""Ци"". А точнее... Что это вообще такое и отчего я могу обходиться без него? Мы с вами магические создания, отчего и понять вы должны мою проблему. По заверениям другим я имею ранг ""Святой"", однако в ""развитии"" Ци и прочих знаний о мире у меня нет, отчего мне и хотелось бы понять принцип этого термина, чтобы развиться... Считайте, я люблю изучать что-то новое.

|-----------------------------------------------------------------------------|","samin__","1497228711412629564"
"24.04.2026 17:11:31","samin__","#2997","— Дэмиан —

Мужчина не стал скрывать удивления, узнав что говорит со святой. Он не стал говорить, как только ему дали слово, предпочитая обдумав сказанное девой, попутно подбирая выражения, чтобы не вдаваться в дебри. Наконец найдя правильные трактовки, тот жёлкнул пальцами:

— Удивительно! Похоже вы были весьма сильны до перемещения сюда, однако позвольте вас поправить.

/Мужчина высвободил немного маны, одновременно с Ци, которые начали исходить из его тела/
— Я теперь нечто среднее

/Закончив демонстрацию, тот ухмыльнулся, начиная заливать/
— Святые - самая высшая ступень, которой могут достигнуть обычные смертные, даже если они очень искусны. Для того чтобы продвинуться дальше - нужна помощь здешних ""правителей"". Своеобразный допуск до силы так сказать. Нет, технически можно стать сильнее и самому, однако таких примеров не столь много

— Святые - это седьмой из тринадцати уровней силы в этом мире, что почти доходит до уровня ""бога"" в моём мире, отчего могу заявить что вам повезло

— Ци - это по сути та-же мана. Энергия - что можно использовать для создания каких либо явлений, вот только вы могли заметить несколько важных отличий. Для заклинаний использовать её - нельзя, и вот почему: Ци необходимо вбирать. Ммм... как бы объяснить более человечно? Маг может впитывать ману без особых проблем, присваивая её себе, да и откуда берётся мана - никто особо не знает. Тут же любое живое существо и любое действие создаёт это самое Ци. Вернее будет сказать что в любом мире есть Ци, но в намного меньшем количестве, ведь в любом мире есть что-то живое и что-то точно происходит","biok_ymer","1497229736114393261"
"24.04.2026 17:11:31","samin__","#2997","— Так вот: почему нельзя использовать Ци, для сотворения заклинаний? Всё просто, она просто не подходит для этого. Эта энергия не может спокойно выделяться, преобразуясь по воле воображения заклинателя, меняя свою изначальную природу. Для этого сначала человек должен ""впитать её"", сделать своей, скопив в какой-то части тела, смешивая её с своими запасами и наконец ""заразить"", делая своей. Как-то так

— Тут они не используют заклинания для создания того, что не может обычный человек. У них тут подход... страннее. Куда страннее. Они ""учатся понимать явления"". Не результат, а именно причины. Почему вода течёт, откуда она берётся и что будет если убрать что-то из неё. Сложно объяснить это в двух словах, ведь я и сам познал по большей части лишь один приём

— Что до того как вам развиться... тут уже сложнее. Вы являетесь весьма сильной единицей, явно не контролируя собственную Ци, но при этом она не выходит из под контроля, разрывая ваше тело, что удивительно само по себе. А... вы чествуете что-то ""новое"" в своём теле?","",""
"24.04.2026 20:07:04","ktoia","#6622","— Сиэль —

Сиэль смотрела на Цу с нарастающим недоумением. Сначала он сорвался с места, потом зажал себе рот, рухнул на трон и начал тихо паниковать.

Она хотела спросить: ""Кто это в итоге?"" но оставила вопрос при себе. Цу явно был не в том состоянии, чтобы отвечать.

Дальше его речь походила на бред безумца: ""самый сильный"", ""пришествие бога"", ""У"", ""Луна""... Она не понимала и половины, но прекрасно видела, что главу секты колотит от осознания чего-то настолько серьёзного, что он забыл о её присутствии. Вопросы множились, но Сиэль не перебивала. Просто стояла, слегка нахмурившись и наблюдала за этой странной, пугающей реакцией.

Когда Цу резко поднялся и бросился к выходу, она отшатнулась в сторону и лишь проводила его взглядом, отмечая про себя: ситуация патовая. Похоже, в ближайшее время своё местечко она не получит.

В зале повисла тишина. Сиэль перевела взгляд на распахнутые двери, потом на трон, потом на правую колонну где должен был находиться ключ. Тишину прервал тихий вопрос, повисший в пустой комнате:

— Ну и что это было?

Сиэль не паниковала. Она просто стояла и переваривала услышанное, чувствуя как в голове медленно, но верно складывается неполная картина: кто-то вернулся. Кто-то очень сильный, и это определённо плохо. Конечно, можно было понять это и по реакции Кая, но Цу был в этом плане более убедителен. И это он подавляет эмоции, чтобы развивать море сознания? Мда.

Сиэль вздохнула и направилась к правой колонне, но на полпути остановилась. Она подняла руку, достала из кольца записку с янтарём и естественно, попыталась прочитать, что там написано.","samin__","1497217726865997885"
"25.04.2026 01:00:57","samin__","#2997","|-----------------------------------------------------------------|
|| Я посмотрю ты решил собрать стрик из глобала ||

На вид это была обычный свиток, которых было огромное количество в библиотеке Тэда. Сняв верëвку, девочка увидела письмо, написанное аккуратным подчерком со вниманием к каждой букве:

> Здраствуй Сиэль. Весьма неожиданно было увидеть плод своих стараний спустя столько лет. Судьба всë ещë благоволит мне, от чего благодарю еë за твоë существование. Я бы хотела извиниться перед тобой. Так или иначе мои действия повлияли на твою судьбу, как и на факт рождения, от чего ты в праве злиться на меня или наоборот благодарить, меняя мнение по ходу своей, надеюсь долгой, жизни. Спасибо что согласилась придти в Мурим, однако ты не обязана принимать возготовленную судьбу. Данный выбор стоит только пред тобой и никто не сможет тебя заставить в назначеный час. Кай слишком много думает обо мне, от чего я надеюсь ты сможешь помочь ему избавиться от остатков тьмы в его сознании, вернув ему былое. Я всегда ему говорила: принятие - ключ к свету, однако похоже он забыл мои наставления. Так или иначе, рада что моя жертва не была напрасной, ведь теперь я убедилась что надежды не были напрасными. Один тот факт, что я могу писать тебе - уже чудо, какое оно есть, а то что ты его читаешь - великая радость для всех 3.000 миров. Не опосайся трудностей на своëм пути и помни что я как и он наблюдаем за тобой

© С любовью, частица сознания вопролещения света: Луна
|-----------------------------------------------------------------|","ktoia","1497282746605633536"
"25.04.2026 10:10:12","biok_ymer","#9440","—Афина—
|-----------------------------------------------------------------------------|
Девушка внимательно слушала рассказ мужчины и даже немного понимающе кивала. Значит мана это энергия чистая, а ци не доделаная? Интересно выходит, заклинания не имеют смысл, а имеет понятия сотворения? Значит ли это, что заветы что та долгое время старалась сотворить теперь бесполезны? Грустно выдохнув та услышала последний вопрос и задумчиво проведя рукой по своему телу, сказала:
|-----------------------------------------------------------------------------|

—Как минимум я теперь понимаю, отчего мой поток маны был нарушен. Как я понимаю, я на инстинктивном уровне стала впитывать Ци и преобразовывать в Ману, отчего её во мне и так мало, а ци и вовсе нет... Если облегчить этот процесс, быть может я бы и вправду впитала бы слишком много и взорвалась по вашим словам! Чтоже, вы и вправду дали мне много пищи на размышление, отчего вы вправе распрость что-то поподробнее, чем тот вопрос.

-И отвечая на ваш вопрос, помимо нарушения потока, я также увидела в себе трепет души и судя по словам ещё одного человека, моя духовная сущность пытается вырваться из тела, однако не может. У меня есть теория обоснования этого действа, однако не буду лишний раз загружать вас этой информацией. А, ну ещё я словно помолодела! Чувствую себя такой живой, даже искажений и порчи никакой нет!

|-----------------------------------------------------------------------------|","samin__","1497238567229849802"
"25.04.2026 10:15:48","biok_ymer","#9440","—Аполлон—
|-----------------------------------------------------------------------------|
Ожидаемая маска доброты дала трещину, однако парень не стал продолжать на неё давить, вновь опуская голову на стол, говоря:
|-----------------------------------------------------------------------------|

—Если бы я имел такого человека, было бы и вправду чудно. Да боюсь хоть крупица моей информации подставит его похлеще чем меня это чувство угнетения... Да и вновь не понимаю что вульгарного в этом месте... Вроде голые не ходите, да и обрядов никаких не вижу, отчего вполне себе милое место или я вновь ошибаюсь?

|-----------------------------------------------------------------------------|","samin__","1497219881018593361"
"25.04.2026 10:48:45","ktoia","#6622","— Сиэль —

Ладно. Сиэль была не права, когда удивлялась реакции Цу. По сравнению с тем, что она чувствовала сейчас, прошлые её эмоции казались почти детскими. Каждое прочитанное слово ломало предел, возводя всё новые чувства до абсолюта. Недоумение, гранитный афиг и скомнанность мыслей - всё смешалось в одно невыносимое состояние.

Аккуратный манускрипт, написанный с огромной бережностью, слегка помялся от напряжения - Сиэль сжала его края, чтобы хоть куда-то деть эмоции. Её лицо оставалось почти бесстрастным, но внутри бурлило. 

Луна - частица первородного света... Она же мертва! Или мне говорили что она мертва.... Нет-нет стоп, она сама же пишет что была жертвой. Благодарности, настовления, надежды и выбор.... Чтож за дела такие... Тут даже написано про Кая и помощь ему что. Что само собой разумеющееся! Это обязательство которое Сиэль сейчас не может выполнить, но которое не забудит и сделает так чтобы оно было завершено. Мх... ""Принятие - ключ к свету""... Не может же это быть какая-то злая шутка? Как оно вообще оказалось в том наборе который дал Тэд?!!?!? Нет, не может быть что это чья-то наглость, никто бы просто не посмел так наглеть и никто столько не знает. Это правда написала Луна? 

""Я как и он наблюдаем за тобой""... Сиэль подняла глазки с пергамента вверх, покачав головкой та вновь свернула этот свиток, закрывая нефритом. Момент с Цу множил вопросы, однако написанное в записке возводило вопросы в степени... Многое не ясно, однако одно четко можно было осознать - этот свиток не должен попасть никому в руки. Мх... Огромный нефрит, была бы у Сиэль такая возможность, она бы могла прочитать и посмотреть кто действительно это писал... Ладно, сомнения нужно оставить. То что она внемлила уже многого стоит. Поглатить письмо тьмой здесь опасно, по сему пусть пока полежит в колечке. 

С гудящей головкой Сиэль убрала свиток. Найдя колючик в правой колонне, взяла его и выйдя из тронного зала Цу, заперла тот. Вопросов было уйма, только эти вопросы можно было задать только тем кто занимался сейчас духом - поклонником ЛУНЫ. Ах... Все так переплетено. Засунув ключ так же в колечко, перегруженная Сиэлька покинула дворец главы секты. Спустившись по ступенькам и встав она углубила свой взгляд на одной единственной крошке щебня дороги. Задумалась, однако почти сразу вернувшись вновь из глубинных обсуждений произошедшего, сойдясь на том что нужно отвлечься....

Сиэль была почти во всех местах секты, однако в самом бытовом и наверное многолюдном все таки нет, месте где внутренние ученики секты и не только живут -  ЖК ""внутреннее"" внемли, ведь туда направляется перегруженная на всю головку Сиэль, чтобы посмотреть на жизнь внутренних и в последствии наверное ментально разгрузиться.

Попутно девочка поменяла фиолетовый жетон, на зеленый который был в колечке, фиолетовый сохранила в том же кольце на будущее.","samin__","1497356701828120596"
"25.04.2026 18:01:14","samin__","#2997","— Дэмиан —

Мужчина слушал рассуждения дамы с великой долей заинтересованности, даже не пытаясь скрыть удивления, которое явно проступило на его лице, после известия, что та преобразует Ци в Ману инстинктивно. Да и понятие искажения и порчи его явно смутили. Терпеливо выслушав ту до конца, мужчина ответил:

— Удивительно. Воистину идивительно! Мне потребовался не один год, чтобы догадаться как преобразовывать Ци в Ману, попутно перестраивая собственное тело под этот процесс

— Душа у здешних - более конкретное понятие. Вроде как для большенства из здешних Дао создаëт тела, чтобы они могли выдержать переселение, от чего и душа у тех не на месте. То-же самое и со зверьми и частично демонами

— И... искажение и порча? В моëм мире таких понятий не было. Эх... значит мы всë-же из разных. Что бы спосить, учитывая что вы здесь недавно? Хм... чем бы вы хотели заняться на ""новом месте""

Договорив, мужчина ухмыльнулся, явно выверяя этот вопрос, а не задавая на абум","biok_ymer","1497494926290845787"
"25.04.2026 18:14:51","samin__","#2997","|------------------------------------------------------------------|
Девушка отвела взгляд в сторону, слегка раздосадовано отвечая парню:

— Мы торгуем не только информацией, но и телом. Не самая завидная судьба, учитывая что большенству из нас это не доставляет особого удовольствия, отчего мы и пытаемся говорить как можно дольше, чтобы не возвращаться в постель

— Я видела как многих обезглавлевают просто за то, что они знают излишне много, от чего и рада что понимаю вас, однако надеюсь никогда не пойму
|------------------------------------------------------------------|","biok_ymer","1497496333437763635"
"25.04.2026 20:01:21","samin__","#2997","|------------------------------------------------------------------|
В ЖК не было ничего особо интересного. Как девочка и ожидала - местечко было достаточно оживлённым, однако все просто жили свою жизнь. Та могла заметить парочку вроде как знакомых лиц, которых мельком видела на вступительных. Все бродили то туда, то сюда, общались и просто адаптировались к своей новой жизни. Кто-то шёл в сторону тренировочной площадки, а кто-то возвращался с неё еле держась на ногах. Где-то в далеке проходило пару спаррингов и в общем атмосфера была такой, какой она себе представляла

Так бы Сиэль и продолжила заниматься своим любимым делом, а именно - наблюдать, как вдруг прошлые затрезвонили что кто-то крадётся к ней за спиной. Что же она предпримет?

||Да я сидел и думал что вкинуть и сука придумал||
|------------------------------------------------------------------|","ktoia","1497504626872684635"
"25.04.2026 22:25:12","ktoia","#6622","— Сиэль —

Сиэль видела именно то, что хотела: спокойную, пусть и не совсем обычную, но размеренную жизнь учеников секты. Она медленно шла по дорожке, разглядывая прохожих, площадки и тех, кто брел по своим делам. Где то слышался смех, где-то - ворчливые споры о техниках. Атмосфера была живой, без давящей напряженности, которая висела в тронном зале Цу. Лучи солнца способствовали этому.

Сиэль почти расслабилась, как вдруг в голове раздался резкий, настойчивый шепот. Прошлые забили тревогу: за ней кто-то крадется. Она не подала виду. Не оборачиваясь девочка свернула вправо, потом ещё раз в сторону, будто просто хотела сократить путь. Шаги за спиной не отстали, а значит её преследователь шёл следом. Тогда Сиэль вышла на относительно людное место и достаточно резко, но без лишней суеты, развернулась - чтобы увидеть кто же за ней идёт.","samin__","1497643694558281798"
"26.04.2026 00:57:54","samin__","#2997","|-----------------------------------------------------------------|
Шаги не прекращались, а наоборот, пытались слиться в темпе с шагами самой делочки  чтобы стать менее заметными. Стояло им выйти на достаточно людную улочку, на удивление шаги не затихли, лишь ускорились разрывая расстояние

Стояло Сиэльке развернуться, как та увидела странную картину. Зеленоволосое чудо буквально летело на неë с большой скоростью, расставив руки в стороны
|-----------------------------------------------------------------|","ktoia","1497679893214007356"
"26.04.2026 01:21:20","ktoia","#6622","— Сиэль —

Сиэль не поняла прикола когда развернулась... По естественным причинам она рефлекторно стала отходить спиной вперед от летящего в нее неопознанного летающего объекта, тем самым выигрывая себе время чтобы кротко сказать в слух и слегка расставить руки для убедительности:

— А... Чего?!? Что?! Ты...

Понимание того что эта трава в нее влетит пришло само собой, по этому Сиэль попыталась уйти в бок что... Вероятно не выйдет. ||Хотелось бы чтобы не вышло||","samin__","1497718323461226517"
"26.04.2026 01:27:18","samin__","#2997","|-----------------------------------------------------------------|
К великому счестью || сожалению || девочки. Селëное нечто пролетело мимо неë, падая плашмя на демлю, поднимая паль. Пока Сиэлька периходила в себя, зелëное нечто стало борматать прямо лицом в землю:

— Му... ну почему все беловолосые такие буки...

Быстро переведя вес на руки, трава оттоклнулась ногами, чтобы встать, однако инерции оказалось не достаточно, от чего та стала стоять на руках, смотря раздражëнным взглядом на Сиэль, попутно собирая на себя и своë поведение внимание всей округи
|-----------------------------------------------------------------|","ktoia","1497724218400575648"
"26.04.2026 09:57:32","ktoia","#6622","— Сиэль —

Сиэль несколько мгновений просто смотрела на перевёрнутую фигуру с ногами в воздухе и лицом, обращённым к ней. В голове медленно, но верно прокручивалось только что произошедшее.

Выражением ёе лица показывало не то что смятение, а вопрос, вопрос вполне понятный для той кто шел за ней.

— ...Ты зачем?.. кхм вернее, в порядке?

Слова прозвучали скорее машинально, чем от искренней заботы. Сиэль сделала шаг назад, оценивая степень абсурдности происходящего.

— Я, конечно, понимаю, что беловолосые **возможно** - буки, но обычно они хотя бы не прыгают на людей с разбегу....

Она оглянулась на зевак, которые уже начали собираться вокруг. Вздохнула.

— Зачем шла за мной?","samin__","1497725720414257262"
"27.04.2026 01:09:40","samin__","#2997","|--------------------------------------------------------------------|
Девочка приподняла брови, а затем шатеувшись в сторону от Сиэль встала на ноги. Развернувшись лицом к девочке, та расставила руки широко улыбнувшись и ответила:

— Что бы обнять конечно же!

— Знаешь ли, я уже видела тут одну с белыми волосами, так она меня чуть не прикончила, когда я попыталась к ней прикоснуться. Всë что-то говорила о ""даре мира"" и о том что она дочь небес, но я то чего? Я то ничего? Хвать еë, а она визжать, а потом верзила откуда не возьмись! Вот и думай... бука да и только. Белые волосы! Интересно же ведь!

— Но то с утра было, я потом сленяла от них, вот ходила бродила, смотрю, а тут знакомый фасончик! Думаю она или не она, потом вспоминаю что та ниже была, вот и хотела попытать удачу во второй раз, а ты возь да увернись. Вот и прихожу к выводу, что не все буки - белые, но все белые - буки. Ну, кроме меня

/Указала на белую прядь на своих волосах/
— Я то тоже из ваших... ну... на пол шишечки. А при чëм тут шишки? Ну так вот, я то тоже ""одарëная"" своего рода. Ну... почти. У меня бабушка по папиной линии была с белыми волосами, но это в старости, а так вообще у меня матушка была на половину белой...

Так девочка и продолжила заливать, если бы еë не прервала Сиэль

|| Бля, прерви пожалуйста, а то я так ещë долго могу хуячить ||
|--------------------------------------------------------------------|","ktoia","1497854126380421121"
"27.04.2026 01:48:12","ktoia","#6622","— Сиэль —

||Да ты точно ОДАРЁННАЯ.||

Сиэль слушала этот поток сознания и с каждой новой фразой её бровь поднималась всё выше.

Сначала она просто молчала, надеясь что зеленоволосая выдохнется сама. Но та не выдыхалась.............

Она хотела спросить ""ты в своём уме?"", но решила что это не к месту ||ЖАЛЬ||. Неизвестная продолжала нести какую-то чушь......

Сиэль открыла рот, чтобы вставить предложение, фразу или хоть маленькое слово, но её перебили очередной порцией про шишки и половинчатую белизну матушки. Девочка очень медленно перевела взгляд с травы на зевак, которые уже вовсю глазели на эту сцену, потом на белую прядь на голове травы, потом обратно на её сияющее лицо которое говорило без умолку. 

С каждой секундой на лице Сиэль проступало всё больше недоумения, смешанного с **тихим ужасом**. Она хотела вежливо отстраниться, но её ноги будто приросли к земле - настолько происходящее выходило за все рамки привычного. Она вдруг остро почувствовала, что всё это время в секте ей не хватало именно такого рода безумия. Или наоборот **такого ей точно не нужно было.**

Наконец, когда поток слов стал угрожающе ПРОДОЛЖАТЬСЯ и переходить в новую тему про другую БЕСПОЛЕЗНУЮ фигню, Сиэль не выдержала. Девочка подняла руку, чтобы остановить этот бесконечный монолог и твердо сказала:

— СТОП!!!!!!!!! ||Мне неприятно.||

— Я тебя услышала. Правда, сама почти ничего не поняла, но услышала. Повторять не нужно.

Сиэль выдохнула, пытаясь переварить услышанное.

— так ты меня перепутала с Наньэр.... мх.

Скрестила ручки.

— ... ну..... Мх.... я сейчас ничего, кроме статистики по букам, не услышала...

Пауза. **Но** тут же чтобы не перебили отрицательно покачала головой, сразу говоря, ведь поняла что та скажет ""ОБНЯТЬ"".

— Начнем по другому. Меня Сиэль зовут. Что ты от меня хочешь, кроме как.... ОБНЯТЬ?","samin__","1498083671650078823"
"27.04.2026 12:28:35","samin__","#2997","— Суйка —

Зеваки начали понемногу расходиться ещё в момент, когда пошёл поток сознания. Видимо те уже привыкли что если в заварушке эта ненормальная, дело не может закончиться чем-то интересным

Девушка же ни сколь не смутилась что её прервали, кивая головой, а после начиная снова заводить шарманку, продолжая активно жестикулировать:

— А меня Суйкой звать! Приятно познакомиться! И да, значит ту мелкую зовут Наньер, буду знать. Я вас не перепутала, ты меня вообще слушала? Я же говорю, что из заприметила что ты выше неё, по ощущениям раза в 2! Так вот, я подружиться хотела, чего ещё же

/Прикоснулась рукой к подбородку, начиная постукивать ножкой, отбивая ритм/
— А тебе кстати идут косички. Сама заплетала? А ты как давно тут? Я тут тебя раньше не видела, но ещё на вступительный заприметила что тут 3 беловолосые, вот 2 нашла... а где же ещё две? Не видела? Кстати у тебя же нет своей комнаты, хочешь поделюсь? Мама мне всегда говорила, в тесноте да не в обидели. Хм... нет, было как-то иначе

Наконец девушка заткнулась, начиная размышлять как же там было в пословице","ktoia","1498093371196178544"
"27.04.2026 13:36:17","ktoia","#6622","— Сиэль —

Сиэль выслушала новый поток сознания, на этот раз с каким-то обречённым спокойствием. Она уже не пыталась перебить. Вместо этого она просто стояла сложа руки и ждала, когда зелёноволосое чудо само выдохнется или запнется.... Кто же мог знать что гулять по секте без цели черевато психологическими проблемами...

Диво дивное свершилось, Сиэль дождалась. Из-за чего для начала медленно повторила:

— Суйка значит. Да.... приятно.....

Она выдержала паузу, пытаясь осмыслить услышанное. В голове всё ещё шумело от обилия информации, поданной в такой **нестандартной упаковке**.

— Таааак. ам.... 

Сиэль попыталась найти момент с чего подступиться и его она действительно нашла, вернее услышала! Она и сама забыла что у нее косички, по сему решила начать с чего-то непринужденного:

— Во-первых, спасибо за комплимент насчёт косичек, но сама я их не заплетала. Мне помогли.

— Во-вторых... ты меня в правду могла не заметить тут, мх... понимаешь после финального испытания я слегка **приболела**, из-за чего меня не было на общих мероприятиях, выдачах и объяснениях которые наверное и проводились....

— Беловолосых... /пауза/ нет, не видела. Только недавно вернулась, в одной библиотеке считай и побыла.  Ах... И нет-нет не стоит, спасибо, но у меня есть где жить.

Тут стоило остановиться и ответить на вопрос про дружбу с взвинчанной травой... По сути своей в этом нет ничего такого, друзья вроде как нужны, да и если она станет той на кого можно полож............. Нет не станет. Кхм. В любом случае не так плохо иметь друга? Пожалуй так.

Пожав плечиками Сиэлька перестала скрещивать ручки и кивнув сказала.

— Я не против подружится...................

||ОШИБКА.||","samin__","1498254527089082378"
"27.04.2026 16:23:19","biok_ymer","#9440","—Аполлон—
|-----------------------------------------------------------------------------|
Парень вновь приподнялся, потянувшись и внимательно осмотрев тело девушки, тот хмыкнул, отводя взгляд в сторону, говоря:
|-----------------------------------------------------------------------------|

—Нууу не в обиду но меня не привлекает твоя внешность, отчего и не воспринимаю тебя как сексуальный объект. Странные люди, что говорят про это место ужасное, но при этом хотят вами попользоваться. Это весьма странно, но наверное каждые сталкиваются со своими проблемами. Я лично воспринимаю подобные заведения как возможность разрядки эмоционального блеска за счёт неизвестности друг друга и возможной приятной беседы. Наверное я попросту не понимаю эти гневные взгляды и комментарии. Да и я вам за этот разговор также заплачу, отчего и вам думаю не стоит это воспринимать так категорично.

|-----------------------------------------------------------------------------|","samin__","1497616891630588117"
"27.04.2026 17:32:29","biok_ymer","#9440","—Афина—
|-----------------------------------------------------------------------------|
Девушка не видя никаких подвохов в разговоре с мужчиной потянулась развивать заданные им темы:
|-----------------------------------------------------------------------------|

—Быть может я и преобразую Ци, однако толком пользоваться ей и не могу, отчего не скажу что это так уж хорошо.

-Вот как, значит все переселенцы по сути не переселились, а были сделаны частью этого места? Весьма любопытная тема.

-Ммм дело в том, что чем больше живёт маг его душа подвергается коррозии, что подвергает его к кончине. Да и если держать в себе огромную силу, тело рано или поздно начинает портиться, отчего и следует делиться силой и знаниями или же подвергать душу циклу перерождения. Ну, по крайней мере я так думаю, на деле я пока не должила до подобного воочию.

-А чем заняться? Раз уж я попала в иной мир, я бы хотела его изучать настолько много, насколько смогу. Я же уже говорила, что я очень любопытная, отчего развилась бы и тут, заодно бы могла узнать что-то новое, разве не замечательно?

|-----------------------------------------------------------------------------|","samin__","1497613467564380253"
"27.04.2026 23:01:09","samin__","#2997","— Дэмиан —

Мужчина покивал с понимающим взглядом, говоря в ответ:

— Воистину прекрасное желание. К моему сожалению я не могу поддержать разговор о ""душах"" ибо сам в этом не смыслю, однако могу точно сказать что в этом мире цикл душ тоже существует и им заведует некая сущность зовущаяся Дао. Это что-то вроде самого мира, но который обрëл сознание... странная концепция в общем то

— При своëм перемещении я почувствовал как моë тело буквально испепеляется, пересоздаваясь заново. Признаться очень неприятная практика, куда мучительнее самой смерти, что меня уже настигала ранее

Сказав об этом, мужчина немного скорчился, как будто вспоминая ту боль, однако быстро отпустил это вновь добродушно улыбнувшись, задавая вопрос:

— А зачем вам эта повязка? Если не ошибаюсь, вы же не обделены зрением? Прошу, поправьте если я где-то ошибся","biok_ymer","1498331006871142574"
"27.04.2026 23:07:16","samin__","#2997","|-------------------------------------------------------------------|
Девушка откровенно напряглась, когда еë стали рассматривать, однако услышав коментарий еë брови поползли на лоб. Прошло немало времени, перед тем, как та ответила с небольшим смешком:

— Вот теперь даже не знаю, радоваться мне или оскорбиться. В любом случае для меня это работа, от чего как не посмотри на посетителя, я должна держать лицо, да и с вами признаться, просто вы застали в расплох со своими распросами. Нет-нет, я не виню, просто прошу понять что ни любовь ни доверие нельзя купить за деньги. Вы же создаëте впечатление человека, который и так это понимает. Ах... знали бы вы сколько раз мне делали предложение. Это же ведь всë равно что жениться на той, кто просто продал тебе свежие овощи. Как жаль что не многие это понимают...
|-------------------------------------------------------------------|","biok_ymer","1498313599863623781"
"27.04.2026 23:17:11","samin__","#2997","— Суйка —

Девочка с явным трудом сдерживалась чтобы не перебить, ведь беловолосая говорила ТА-А-АК долго. Всë время прослушивания, та то и дело вертелась и топала ножкой, чтобы в итоге услышать то на что и рассчитывала. Услышав принятие дружбы, та широко улыбнулась и подлетев к Сиэльке в мгновение ока обняла еë, заводя шарманку:

— Ух! Спасибо, спасибо, спасибо! Наконец первая подружка на новом месте! Эх, как я долго этого ждала! Сиэль! Сиэлька, Сиэлечка, Силька! Да, точно Силька! Можно я буду звать тебя Силькой?!

— А ты можешь звать меня Суйкой или Суечкой, просто Суй ну или подруга! Мне то всë равно по большей степени. Я вмесу рада буду. А ты выходит вне секты живëшь?! Круто, а у кого? Или ты всë ещë снимаешь? Бедненькая... денежек то хватает? Если ты думаешь что ты меня потяснишь, то брось это, мы ведь подружки! Я с удовольствием тебя приючу

— А ты была в библиотеке?! Тэд такой смешной, согласись? Он тебя тоже шваброй выгонял, когда ты набочик получала? Я вот всë времени не нахожу ему еë отдать то! Она у меня в комнатке как память о первом дне стоит. Даже жалко как-то отдавать, но нужно... а может купить и отдать другую, а эту спрятать? А? Что думаешь?","ktoia","1498271566159548467"
"28.04.2026 00:00:53","ktoia","#6622","— Сиэль —

Сиэль даже моргнуть не успела, как зелёноволосое нечто уже повисло у неё на шее. Она замерла, будто на неё рухнул мешок с картошкой - тёплый, очень разговорчивый и совершенно не соблюдающий личные границы. Руки дёрнулись оттолкнуть, но замерли в воздухе. Потом медленно опустились. Потом она осторожно похлопала Суйку по спине - скорее в попытке отодрать её от себя, чем в ответном жесте.

Сиэль попыталась выдавить из себя что-то сносное.. по этому сказала:

— Я... рада, что ты рада. 

Затем она НАСТОЙЧИВО попыталась вырваться из хватки и успешно покинув объятия зелёной, сделала шаг назад, чтобы соблюсти хоть КАКУЮ ТО дистанцию. Поправляя одежду, она ответила:

— НЕТ. Только не Силька. Сиэль. Или... ну, может... что УГОДНО. Но без уменьшительно-ласкательных, прошу.

Она уже не пыталась анализировать логику травы - просто плыла по течению, понимая что это единственный способ выжить в этом диалоге.

— Я живу у старших, поэтому... ещё раз спасибо, но я не собираюсь тебя теснить.

Когда речь зашла о швабре и Тэде, Сиэль прищурилась, пытаясь представить эту картину и тихо прокомментировала:

-# — Не удивлена.............

— Кхм. Оставь себе. Думаю он действительно её тебе отдал, так что не стоит к нему больше приходить и возвращать. Слушай, а ты говоришь, я у тебя первая? А что с другими? Совсем никак?

 Глядя в сияющие глаза Суйки, добавила с тихим вздохом: 

— А вообще... может, пройдёмся?","samin__","1498417750782120280"
"28.04.2026 11:41:35","samin__","#2997","— Суйка —

Девочка была несказанно счастлива что у неё наконец появилась подружка, которая не только не оттолкнула её, но и ответила на обнимашки! Наконец отпустив беловолосое нечто, та вновь терпеливо выслушала её, а после махнула рукой в знак ""погнали прогуляемся"" и пошла дальше по жилому квартальчику, что оказался куда больше, чем казалось изначально:

— Поняла, значит не нравятся уменьшительно-ласкательные прозвища. Ух! Будешь значит **Сиэльще**!

— У старших! Вау! Это у тебя значит и наставник какой есть. Или наставница? Или просто старшие сестра и браться. У меня тоже семья была большая, я бы сказала огромная! Но вырвалась к сожалению в небесный только я. Эх, жаль-жаль. Вот стану богатой и знаменитой и остальных сюда переселю. Знаешь, тут люди куда дружелюбнее и приветливее, да и воздух чище, а **трава** зеленее

— Думаешь шваброчку себе могу оставить! Хух, как корова с плеч. Я же хотела её как фамильное сокровище передавать

— А другие? Кхм... да нет, почему, просто все таки-и-ие заняты-ы-ые. Все куда-то спешат. Я к ним подхожу, а они раз и спешат оказывается. Вот странные, согласись?

Кажется девочка была либо очень глупа, либо крайне наивна, чтобы не понять конкретных проблем в стиле своей коммуникации","ktoia","1498428750541492226"
"28.04.2026 11:45:59","biok_ymer","#9440","—Афина—
|-----------------------------------------------------------------------------|
Святая с радостью решила ответить на столь очевидный вопрос:
|-----------------------------------------------------------------------------|

—О, ну это простой вопрос. Чтобы увеличить свою магическую чувствительность и восприятие нужно отказываться от других своих чувств, отчего я и ношу повязку. Если говорить проще, то я уже способна воспринимать мир вокруг себя без зрения, однако не столь детально, отчего время от времени все же пользуюсь глазами. Считайте это простой практикой для повышения своих чувств.

-А вот раз уж вы тут подольше меня, вы наверняка слышали про свет и тьму, ведь так? Отчего в мире их тут ценят сильнее чем рост ци? Неужто использования её столь сложно и редко?

|-----------------------------------------------------------------------------|","samin__","1498413718944350249"
"28.04.2026 11:48:42","biok_ymer","#9440","—Аполлон—
|-----------------------------------------------------------------------------|
И тут парень решил впервые за весь диалог разрядить обстановку добрым комментарием:
|-----------------------------------------------------------------------------|

—А разве возможность женитьбы не означает что люди хотели вам помочь сбежать от этой работы, дав свободу? Это же не обязательно означает что они хотят вас украсть для личного пользования, но также означает, что они хотят вас помочь.

|-----------------------------------------------------------------------------|","samin__","1498415256463085890"
"28.04.2026 12:22:41","samin__","#2997","— Дэмиан —

Мужчина с лёгкой растерянностью посмотрел на повязку собеседницы, наклоняясь с ней чуть ближе, чтобы разглядеть ту чуть лучше. Прищурившись как старик, что пытается увидеть срок годности на упаковке, тот вновь занял привычное положение. В этот момент стало заметно, что за весь разговор он ни разу не отводил правую руку от ножен:

— Не знал о такой практике в совершенствовании владения маной, звучит весьма занятно, хотя и довольно обременительно для повседневности

— Да, вы правы Афина, я в этом мире вот уже 30 лет и за это время разузнал о нём не мало. Тут есть что-то вроде своей веры, которая как я понимаю подкреплена реальными очевидцами, от чего в её правдивости сомневаться не приходится. Свет и тьма тут имеют не метафорическое значение, как в моём прошлом мире, а нечто более конкретное

— Тут уже давно знают про иные миры и слагают всё так, что всё сущее произошло из смешивания света и тьмы в каких-то пропорциях. Так-же они приурочивают само создание миров этим двум силам, которые существовали ещё до их зарождения, но признаться в это слабо верится. Как этот мир обрёл сознание, так и свет вроде как обрёл своё и нарёкся ""Лу́ной"". У меня даже изображение с собой имеется","biok_ymer","1498606193063497810"
"28.04.2026 12:22:42","samin__","#2997","/Мужчина достал кулон левой рукой, а поле открыл его, ложа на стол перед девушкой/

— Свет тут - чистая сила, способная как исцелять, так и испепелять. Владеют ею только 2 семьи, монополизируя ""дар"". Спросите почему дар? Потому что только девы с белыми как снег волосами могут родиться с этой силой. Как я уяснил для себя ""Не каждая дева с белыми волосами - владеет светом, но каждая что владеет светом - беловолосая"". А эти девы как раз и рождаются только в этих самых двух семьях. И тут в пору задаться вопросом почему только у них рождаются дети с белыми волосами. Я тоже в своё время задался этим вопросом и получил ответ в ту-же секунду. Их роды берут начало от той самой Луны. Как-то так...

— Что до тьмы, там всё сложнее. Тьма на сколько мне известно не обретала сознания, от чего и действует как этакая ""сущность"" исключительно благодаря инстинктам. С этой силой не рождаются, а преобретают. Способов уж я не знаю, но большенство из них сходят с ума, начиная убивать всё вокруг. Но это происходит только на землях демонов, что занимают условную половину материка. Про ту силу я знаю не столь много, ибо сражасля против её носителя только раз и вот что скажу... не без проблем. Они могут и по теням перемещаться и тварей призывать и даже из твоей-же тени отаковать. Так что если считать убойную силу, то тьма как по мне выигрывает

— Свет же сейчас считается лишь этаким символом власти, хотя и есть одно весомое исключение, но и этому осталось не долго. Парочка дев с белыми волосами сбежали в другие земли 70, 25 и 6 лет назад, так что смешения крови не избежать, что будет очень большой проблемой в нынешних реалиях

— Если продолжать этот разговор, я вновь стану проповедником как 20 лет назад, так что пожалуй остановлюсь на рассказанном. Думаю на вопрос я ответил?","",""
"28.04.2026 12:23:16","samin__","#2997","","",""
"28.04.2026 12:28:01","samin__","#2997","|-------------------------------------------------------------------|
Девушка вновь усмехнулась, отвечая лежащему на столе трупоподобному мешку:

— Если бы так. По началу я думала точно так-же. Радовалась, суетилась, однако осознание пришло быстро. Это означает лишь то, что влюбились в маску, что я ношу, а значит мне придётся работать не по 12 часов, а все 24, чтобы потом не оказаться никому не нужной. И такие примеры тут есть, от чего в такое верить не стоит. Да и вряд-ли вы найдёте тут кого-то кто не хотел бы отсюда слинять. Только вот... тут тихо, относительно безопасно и тепло. А снаружи у нас нет ни дома, ни родных, ни-ко-го. Так и выходит что остаётся ""работать""
|-------------------------------------------------------------------|","biok_ymer","1498606878752768022"
"28.04.2026 12:29:45","ktoia","#6622","— Сиэль —

Сиэль шла рядом, слушая этот бесконечный поток жизнерадостного бреда и с каждой минутой всё острее ощущала, что её внутренний мир дал трещину.

Услышав новое прозвище, она замерла на мгновение и переспросила с каменным лицом:

— **Сиэльще?**

— Это... это уже звучит как оскорбление. Или название какого-то блюда. ме... Давай без этого. Просто Сиэль... а ты просто Суйка.

Она решила пропустить мимо ушей вопрос про наставника. Объяснять Суйке что-то подобное - всё равно что открыть портал в бездну вопросов, на которые придётся отвечать весь день. Поэтому Сиэль применила стратегию Яна и сделала вид, что не расслышала.

— Могу их понять. Дел и правда может быть много. Особенно при виде... 

Запнулась, подбирая слово, но так и не подобрала. 

— Да. Кхм. Тут много странных, но куда деваться? Почти у каждого они есть, и с этим нужно мириться.

Она покосилась на спутницу.

— Мм... А ты не одна из своей семьи участвовала в отборе? И где же остальные выбыли?","samin__","1498605086065037414"
"28.04.2026 12:34:48","biok_ymer","#9440","—Аполлон—
|-----------------------------------------------------------------------------|
И вновь негатив перебил его попытки в оптимизм, отчего тот лениво опрокинул голову на стул и смотря в потолок уже без оптимизма сказал:
|-----------------------------------------------------------------------------|

—Выходит жизнь без выбора? Дерьмово. В работе переговорщиков такие люди как вы были бы весьма кстати, что могут подстраиваться под собеседника, однако без возможности роста вы остаетесь в бесконечном кругу масок, где и не понятно где ложь, а где правда хах. Отвратно это признаваться, но твоя позиция более правдивая, чем моя, отчего тут даже мои добрые комментарии не сглазят данную позицию... Пупупу и вновь я попал в тупик пытаясь сгладить углы, а вы весьма хорошо умеете меня опрокидывать!

|-----------------------------------------------------------------------------|","samin__","1498616771186393138"
"28.04.2026 12:45:10","biok_ymer","#9440","—Афина—
|-----------------------------------------------------------------------------|
Девушка была довольно что первым делом спросила про силу коей обладает, иначе бы лишних вопросов по поводу ""отчего ЗЕЛЕНОВОЛОСАЯ использует свет"" было бы не избежать. Гордо подняв свою голову та приподняла повязку, смотря на изображения. Данная фигура что-то ей напоминала, однако что именно было сложно сказать. Быть может её она видела когда поглатила силу звезд? Да нет, там было скорее белое и темное пятнышко, чем такая красавица... Или быть может она была слишком слаба, чтобы их разглядеть? Как бы там ни было, ни мужчина, ни сама девушка не могли этого знать наверняка, отчего она пожала плечами и одна повязку обратно на глаза вновь вернула голову в сторону мужчины, говоря:
|-----------------------------------------------------------------------------|

—Весьма занятно выходит, вы и вправду многое для меня открыли этим откровением. В моём мире сила ""света"" была более обыденной вещью, однако здесь её я толком не чувствую, да и пользоваться ей я ""не могу"", отчего мои чувства тут наверное и не особо помогут. Значит ли это, что мой мир был угодьями святых? Хмм, забавно звучит.

-Что же, тогда вы вправе задать мне новый вопрос, однако не думаю, что я смогу вас чем-то удивить, относительно ваших знаний.

|-----------------------------------------------------------------------------|","samin__","1498615435988570213"
"28.04.2026 23:30:45","samin__","#2997","— Суйка —

Девочка явно растерявшись, остановилась как вкопанная, а после растерянно смотря по сторонам думая что сказать начала наводить в своей голове панику. Через пару секунд, та сложила ладони в молитвенной позе и сказала:

— Ой... прости, я не хотела тебя обидеть... Сиэль, так Сиэль, как скажешь

Быстро попытавшись сленять от неудобной темы, та наигранно хихикнула и продолжила отвечать:

— Та не. Я сюда одна пришла. Семейка у нас не сказать что большая на самом то деле. Я, мама, папа и 15 братьев. А ещë ДЕДУШКА. Хэ Чпок, слышала? По глазам вижу что да! Великий человек. Лучший эксперт по дыркам во всëм Муриме и за его пределами. Я тоже этим заниматься хотела, но он меня за уши оттаскал, со словами:

/Подняла палец, начиная цитировать максимально хриплым голосом/
— Мелкая ещë зараза чтобы думать о таком. Тыж девчëнка, возьми пример со своей нерадивой мамаши. Пойди, сготовь чего. Эээ... не, только не отраву как она, этого я уже наелси...

/Девочка ударила кулаками друг о друга/

— А потом ему по шбу прилетело поварëшкой он маменьки. Так я и поняла что пакости нужно говорить только шëпотом

— Но отверстия это дело такое, всегда настигнет. Я всегда готова, но дедушка меня с собой не брал... вот я и **сбежала**  из дома и сюда подалась. Чтобы стать достойной внучкой великого Хэ Чпока! Закалить тело там и разум, чтобы доказать что я тоже могу заниматься фамильным делом!","ktoia","1498617207708585996"
"28.04.2026 23:30:48","samin__","#2997","— Тем более что братья на фамильное то дело наплевали. Мда... так и фамилии недолго забыться, а я этого не хочу. Они то чего. Один в ""Светлом лотосе"" инструктором работает. Второй торговцем снищет. Третий в поля подался. Четвëртый в демонических землях контрабандой промышляет. Пятый швеëй заделался. Про шестого принято не говорить. Седьмой кузнецом работает. Восьмой мешки всë ворочает. Девятый кирпич таскает. Десятый где-то в этом городе брущадку меняет. Одиннадцатый шишва в какой-то банде лысиков. Двенадцатый при дворе уж обжилси. Тринадцатый ямы навозные выгребает. Четырнадцатый пока ""ищет себя"". А пятнадцатый лодырь! Хотя он только родился, так что ему пока что простительно","",""
"28.04.2026 23:36:57","samin__","#2997","|-----------------------------------------------------------------------|
Девушка хихикнула, явно гордая своей победой и ответила:

— Вот это уже звучит как лесть. Хотя я выиграла в споре где вскрылось что моя жизнь весьма печальна, от чего теперь у меня смешанные чуства

В этот момент **наконец** прибежала вторая девушка, что запыхано подошла к столику, облакотившись о него и проговорила:

— Сожалею, но архитектора нет на месте, от чего она и не сможет вас принять

Тут первая девушка удовлетворëно кивнула и дополнила:

— Чтож, вы еë слышали, было приятно с вами поболтать. Приношу извинения, что нам так и не удалось удовлетворить вашу нужду
|-----------------------------------------------------------------------|","biok_ymer","1498618481501798431"
"28.04.2026 23:44:49","samin__","#2997","— Дэмиан —

Мужчина ВНОВЬ удивился тому, что собеседница имела силу света, хотя и подавленную в данный момент. Потянувшись к кулону, тот ответил:

— Вот оно как. Вполне возможно что ваш мир и был угодьями света. Знаете ли, Луна погибла 300 лет тому назад. По словам очевидцев она пожертвовала собой, чтобы дать жизнь в другие миры. Да... героический поступок, нечего сказать

Забрав кулон, мужчина сложил его во внутренний карман одежды, продолжая:

— Весьма хорошо что у вас не осталось этой силы, иначе за вами бы заинтересовалась инквизиция, что борется с теми, кто пользуется тьмой. Когда конечно находим

— И нет, отнюдь. Вы меня удивляете всë больше и больше. И возможно практической пользы в данный момент нет, информация что вы даëте, может понадобиться мне в будущем, когда я наконец найду способ вернуться обратно в мой мир. Что до вопроса... скажите, что вы умеете? Раз вам дали ранг ""святой"" это означает что в своëм прошлом мире вы были весьма сильны. Не поведаете ли старику о ваших свершениях?","biok_ymer","1498621087414489130"
"29.04.2026 01:35:11","biok_ymer","#9440","—Аполлон—
|-----------------------------------------------------------------------------|
Тот хотел было недовольно хмыкнуть, однако данная простая беседа без лишнего поиска глубокого водного смысла и вправду немного разрядила парня, отчего тот спокойно кивнул, смотря на кольцо осматривая его пилюли и говоря:
|-----------------------------------------------------------------------------|

—Хорошо, раз так, зайду чуть поздней. Сколько с меня за этот милый разговор? Меня он и вправду немного успокоил, отчего буду рад поощрить вас за это, хоть и не за столь сильную помощь в моем деле.

|-----------------------------------------------------------------------------|","samin__","1498785116850225283"
"29.04.2026 01:46:06","biok_ymer","#9440","—Афина—
|-----------------------------------------------------------------------------|
Малозаметная строчка в словах парня ввиде ""когда конечно находим"" дало понять о том, что мужчина имел некую связь с инквизицией и не зря девушка лишний раз не рассказывала о том что она некая богиня содержащая свет и тьму в одной теле как какой-то придурок(да, прошлая Мива?). Из-за этого она чуть даже напряглась, однако не услышав в свой адрес прямых подозрений, та решила приврать насчёт своего послужного списка, скрывая важные детали:
|-----------------------------------------------------------------------------|

—Что же, так как я не обладала природным даром к свету мне приходилось помогать людям чем-то иным и была своего рода писарем знаний. Я стала записывать открытия других и хранить их в себе, становясь эдакой живой книгой для других постигающих магию. Ну и за это меня и одаривали некими откровениями, которые и позволили мне так долго жить и заиметь имя ""Мудрейшей"", хотя по сущности я попросту передавала знания другим, храня и накапливая их в общий котёл.

-По поводу силы не думаю что мои знания и являются статусом ""святыни"", отчего предположу что моё долголетие и дало мне такой толчок. Но точно я знать не могу. Все же простые заклинания я и вправду вправе использовать даже тут, однако использовать их будет затруднительно с преобразованной маной из ци.

|-----------------------------------------------------------------------------|","samin__","1498787096435888359"
"29.04.2026 08:41:01","ktoia","#6622","— Сиэль —

Выражение лица Сиэль постепенно переходило от лёгкого недоумения к глухому оцепенению, а затем к философской отрешённости.

Когда Суйка начала загибать пальцы с братьями, Сиэль внутренне приготовилась к долгой тираде. К восьмому она уже перестала запоминать имена и занятия, к десятому просто приняла факт, что этот список будет длиться вечно, а к пятнадцатому мысленно поаплодировала стойкости семьи Хэ Чпока.

Девочка медленно повторила:

— Значит, дедушка - специалист по дыркам... И ты сбежала из дома, чтобы доказать, что тоже можешь... делать дыры...

— Знаешь... Я начинаю кое-что осознавать. Кхм. Твоя семья... очень... колоритна.

|| Про заразу дед не слукавил. ||

— Честно сказать, мне тут комментировать нечего. Вот моя семья... Ммм...

Сиэль остановилась и постепенно нахмурилась, но быстро взяла себя в руки и отрешённо отвела взгляд от Суйки вперёд, уводя диалог в другое русло:

— Кстати, а ты каких нибудь действительно интересных личностей среди учеников ещё тут примечала?","samin__","1498783568695136296"
"29.04.2026 12:01:06","samin__","#2997","|-----------------------------------------------------------------------|
Девушки переглянулись, а после та с кем парень говорил всё это время ||(забыл имя)|| ответила:

— Сколько считаете нужным. Информацией мы как таковой не обменивались, от чего можете и не платить вовсе. Тариф у нас установлен только за услуги иного плана. Ну и за более личные беседы разумеется

/Вторая девушка прикрыла рот рукой и наклонилась к первой, шепча/
-# — Эй, ты чего с ним так фамильярно разговариваешь?

-# — Да всё хорошо, это не обычный ""клиент""
|-----------------------------------------------------------------------|","biok_ymer","1498814870794010797"
"29.04.2026 12:55:36","biok_ymer","#9440","—Аполлон—
|-----------------------------------------------------------------------------|
Парень мог бы и вправду уйти не заплатив, однако он знал что время этих бестий не бесценно, отчего все же достал из кольца 200 пилюль и положив на стол, чуть потянулся направляясь на выход, говоря:
|-----------------------------------------------------------------------------|

—Как минимум я убедился что архитектор здесь обитает, а также хорошо провел время, отчего я думаю ваше время было потрачено не зря. Можете разделить между собой, а я пойду пока... Быть может вернусь ещё сегодня или завтра, может свезет его найти...

/Договорив тот перестал потягиваться и уже более спокойно вышел из здания, где уже принялся искать тот самый не подозрительный погреб, где ему должны были выделить толпу любителей навязать проблем!/

|-----------------------------------------------------------------------------|","samin__","1498972388094771220"
"29.04.2026 13:30:35","samin__","#2997","— Дэмиан —

Мужчина спокойно выслушал слова случайно встреченного чуда, а после ответил:

— Вот оно как. В таком случае не удивительно почему у нас с вами схожая ситуация. Я ведь тоже своего рода долгожитель благодаря мане, правда закончилась моя история не столь благополучно. Ну не буду о грустном. Судя по сказанному вами ранее, вы подозревали о существании иных миров, но не перемещались по ним. Быть может у вас есть мысли как вернуться, когда сам мир противится этой идеи?","biok_ymer","1498817617618669649"
"29.04.2026 15:40:58","samin__","#2997","|-----------------------------------------------------------------------|
По лицам девушек стало ясно что они **такого** не ожидали. Так Аполлон и вышел, оставив тех в недоумении

Выйдя на улицу тот буквально столкнулся с пареньком, что отшатнувшись назад потёр лоб:

— Тс... ай-ай

Подняв взгляд на Аполлона, тот быстро встрепенулся, говоря тому:

— ОЙ! Простите-простите! Я это... вот... за вами шёл. Всё готово, проидёмте!

||Чтобы ускорить так называемый момент, просто скипну твой пост||

Отойдя до соседней улочки, парнишка открыл старую, гнилую дверь, что чем-то напоминала дверь, что вела в ""дом наслаждений"" и зашуганно проговорил:

— Прошу, вас там ожидают

Спустившись по ощущениям на этаж вниз, перед парнем предстала картина. Куча потных, грязных мужиков, разных мастей как один перевели суровый взгляд на него. Среди них было как уже седые деды, так и юноши, которые едва ли пожили эту жизнь. Всех их объединяла только одна вещь: взгляд. Взгляд тех, кто прошёл многое и готовы пройти ещё столько-же, если конечно дело будет того стоить
|-----------------------------------------------------------------------|","biok_ymer","1498986100981497886"
"29.04.2026 16:20:35","samin__","#2997","— Суйка —

Девочка **естественно** не поняла момента грусти при упоминании семьи Сиэль, от чего не стала допытывать. Напротив, та с радостью начала отвечать на вопрос:

— Ну как-же не примечала! Тут все таки-и-ие интересные. Все куда-то идут, что-то делают. Если кого-то выделять, даже не знаю... хм... Наньер с её бугаем вроде неплохие люди, но странные. Есть парнишка, над которым все смеются, ведь он камни жрёт, представляешь! А мне кажется это круто! Но... и вправду странно... даже по моим меркам

— Ещё ходит тут павлин один. Всё новичков задирает. Такой тёмный весь. Взгляд хитрющий! Не нравится он мне, ой не нравится. Ещё есть парочка красивая. Всё ходят, да за руки держатся, но мне кажется они просто прилипли и не могут отлепиться... бедные. Видела ещё трудоголика. Он уходит когда ещё солнце не встало, а приползает, когда то уже за гору зашло. И про ""приползает"" я не преувеличиваю! Он мой сосед! Но я хотела с ним подружиться, а он и не открывает. Ускользает, не иначе. Ну ничего, я ещё с ним ПОГОВОРЮ по душам!

— А так все НУ ТАК СПЕШИЛИ что я больше выделить никого не смогу то. Приходят там ещё старшие, всё в наставничество фолуют, но я пока даже не знаю куда идти. Тебе хорошо, у тебя и старшие уже есть, а я даже не знаю... хм... группа Ча Бао смотрится неплохо если так подумать. Они смешные, да и бриться не нужно, в отличии от Ча Ха. Хм...","ktoia","1498922033415852133"
"29.04.2026 17:56:50","ktoia","#6622","— Сиэль —

Сиэль хотела услышать о ком-то новом, но как выяснилось таких здесь было немного. Наньер и её прихвостень безусловно интересные личности - как впрочем и все кто связан с Великим альянсом Мурима. Было бы полезно поговорить с кем-то о верхушке Альянса, но таких людей здесь почти нет. Что до Наньер - Сиэль точно не хотела с ней сталкиваться, та могла доставить проблемы. Насчёт её бугая - вопрос спорный, но чуть что и тот мог донести что-то не туда, куда нужно.

Камни... И этот парень ещё жив после удара Го? **Удивительно.** Криос всё ещё заставлял задуматься о том, кто он на самом деле. Парочку Сиэль не видела. И трудоголик тоже... Из семи неизвестных ей людей осталось трое. Неплохой результат, хотя в практическом плане это вряд ли сильно поможет.

Когда речь зашла о наставничестве и о том, что Суйка рассматривает вариант с Ча Бао, Сиэль чуть сбавила шаг и перевела взгляд на зелёноволосую. В целом, ей должно быть всё равно, куда эта трава направится. Но её почему то стало банально жалко если она пойдет к Ча Бао. Нет, Сиэль не сомневалась, что та их всех задолбает. Вот только за это могут и по голове дать... Хотя может она зря переживает?

Девочка решила поддержать разговор о наставничестве:

— Не думаю, что тебе будет комфортно в группе Ча Бао. Не пойми меня неправильно, но я наслышана о них разного, да и сама видела. Такие себе люди с такими себе предпочтениями. Мх... Сила ради силы. Пф... В общем скажу лишь что не советую. И Ча Ха - тоже. Наверняка есть варианты получше. Ты в секте всего то день, в скором времени найдёшь что то по душе.","samin__","1498783568695136296"
"29.04.2026 18:57:15","biok_ymer","#9440","—Аполлон—
|-----------------------------------------------------------------------------|
Парень ничуть не удивился сей картине, хотя объем людей и вправду превышал ожидания. Тот понимая что внимание привлекать не нужно потянулся, а после чуть слабо потрепав парня, что его проводил по плечу сотворил при помощи массовой иллюзии некую сценку, на которую встав стал вешать:
|-----------------------------------------------------------------------------|

—Что же господа отрешенные, рад вас приветствовать в почти добром здравии. Был бы рад познакомиться с каждым и узнать вас поближе, но боюсь времени на сей фарс у нас не хватит, отчего буду говорить с толпой. Вы бедолаги что в надежде защитить наследие Небесного или же попросту из магии наживы пожертвовали собой, дабы дать ему шанс проникнуть в город и воцарить мир, о котором многие грезят. Однако, этого не случилось. Он был жестоким образом убит теми, кому не выгодно его возвращение, отчего ваша скурпулезная работа проделана была зря, оставляя вас мало того что ни с чем на сердце, так ещё и за решеткой! И тут вашу вниманию предстаю я, не идал, не миссия, а возможность.

-Я предлагаю вам работу, оплату, жилье и лёгкое ощущение свободы от вечных распрей. Заинтересовал? Тогда слушайте. Нет? Ну идите тогда обратно в клетки, благо это устроить не сложно. Что же, а теперь к сути. Я явлЮсь представителем города Цинь, некогда великого торгового города, что был меж Альянсом и Демоническими землями, однако не так давно из-за битвы небесных город сильно пострадал, но не пал. К чему я веду, спросите господа? Ха, да услышьте же не приказ или приговор, а просьбу, до простого люда. Я хочу вам предложить укрытие там, дом, деньги и конечно же работу. В чем подвох, спросите? А вот в том что там сейчас если не город то свалка, что и нужно восстановить человеческими силами. Но не смейте кривиться люди добрые, ведь от вас мне требуется лишь посильный труд. Помощь на шахте, в строительстве, в быту. Все пригодиться, однако ключевая вещь отчего я прошу помощи именно у вас это, налаживания торгового пути. Мне нужна ваша твердая воля, что была оказана в этой миссии, дабы вновь вернуть торговый путь меж Альянсом, городом Цинь и Демонами. Ну что же, кто-то рискнёт примкнуть или быть может вам так и хочется вернуться в клетки, на пару десяток лет за простое недопонимание? Я открыт к дискуссии, прошу.

/После сказанного мужчина поклонился в пол роста, а после стал внимать народу, Ищя громких или тех, кто тянет руку для рассуждения./

|-----------------------------------------------------------------------------|","samin__","1499027717109186611"
"29.04.2026 21:40:56","samin__","#2997","— Суйка —

Девочка призадумалась, а после ответила:

— Хм... ну да, они скучненькие если так прикинуть. Тогда как вариант пойти к Мине. Она такая красивая и добрая. Я с ней в ладушки играла и она отлично это делает! Да, тогда лучше к ней

Похоже **не стояло** подвергать выбор этой малышки сомнению. Она же дальше и к Яну может пойти, а там уже Сиэльке не выкрутиться","ktoia","1499061909691830366"
"29.04.2026 21:49:15","samin__","#2997","|------------------------------------------------------------------|
Толпа разумеется загудела ещë на моменте, когда им сказали что небесный мëртв. Те не были рады так называемому ""шоу"" однако были вынуждены дослушать хлюпика, правда делали они это в пол силы, учитывая что начался голдëшь. Как тот закончил свою тираду, мужики продолжили гудеть с утроеной силой, начиная разгонять его слова. Прошла минута, вторая, а голдëшь всë не прекращался, пока с боку от Аполлона не послышался хриплый, но знакомый голос:

— Ну что дружиник, у нас 3 вопроса

Повернув голову в сторону голоса, тот увидел того самого бомжа, который был в городе Цинь ранее, что улыбаясь смотрел на него держа 3 пальца перед собой:

— Мы долгие речи не любим, так что ответь, а мы уж и разрешим.

— Первое: откуда информация такая, что небесный мëртв?

— Второе: Деньжата та есть прокормить такую араву. Мы больше чем жрать любим только прибухнуть

/В этот момент толпа заржала как один, впрочем довольно быстро остыла/
— Ну и третье. Где гарантия, что когда мы отстроим город - ты нас не выпрешь из него?

Толпа закивала в поддержку старца, явно соглашаясь с его словами, не перебивая, а напротив, создав полную тишину
|------------------------------------------------------------------|","biok_ymer","1499077114471911496"
"29.04.2026 22:34:02","ktoia","#6622","— Сиэль —

Сиэль поперхнулась, когда та упомянула Мину. Одно упоминание вернуло мысли о том, что она ей должна. Слава богам, у той нашлись какие-то дела - иначе было бы до боли худо. Вернув лицу выражение, которое не выражало бы отвращения, девочка ответила:

— НЕТ. Кхм, кхм. НАСТОЯТЕЛЬНО предостерегаю не идти к ней. Может, с виду и хорошая, но... мх... да.

Пауза.

— ... Что ты думаешь насчёт Го?","samin__","1499118306068791411"
"30.04.2026 12:05:27","samin__","#2997","— Суйка —

Девочка не поняла такой реакции от чего задумчиво потупив в небо ответила:

— Ну-у-у... раз ты так говоришь, то ладно. Го? Ты о западном старейшине? Мне кажется он стрёмный. Вроде лицо и доброго старика, но я чуствую что он волк в овечей шкуре. Дедушка мне всегда говорил ""тот кто кажется добрее всех, на деле бесчеловечен""

/Помотав головой то расставила руки в стороны, продолжая путь/
— Наверное поэтому я и нашла свой путь и обрела дао. Странное это дело на самом то деле. Просто от осознания давать такой эффект. Как по мне это неправильно, хотя... мне ли жаловаться

/Спрятав руки за спину, та повернулась лицом к Сиэль, продолжая путь для спиной вперёд/
— Поэтому нет. К Цуй я не хочу идти из принципа, вот и остаётся кто-то из Ча или Янов. Хм... звучит как мысль, но меня не возьмут. Поэтому придётся остановиться на перв... хотя... от чего-то даже шансы появились. Странно...

В моменте девочка почувствовала от новой знакомой слабую, еле заметную, но силу света, что продержалась чуть больше пары секунд и рассеялась без следа. Лицо девочки как будто изменилось на более осмысленное, а после та с некой невозмутимостью спросила:

— Сиэль... а ты точно из альянса?","ktoia","1499131669590970499"
"30.04.2026 13:27:48","biok_ymer","#9440","—Аполлон—
|-----------------------------------------------------------------------------|
Как хорошо, что я не помню бомжа! Но Апполон я думаю наверное помнит...да? Слушая вопросы тот кивая стал отвечать:
|-----------------------------------------------------------------------------|

—Информация была получена от информационного Бюро Куроки, отчего смею предположить, что данная известие не так уж и нереалистично. Но доверять ему или нет, уже ваше право.

-С работой торгового пути прибудет прибыль, с прибылью будут и деньги для вас. Однако если вы боитесь, что нету стартового капитала, боюсь огорчить, ведь я изначально собрал суму в мыслях, что мне придется вас задобрить, отчего и оплачивать ваши труды точно смогу.

-Ну и по поводу жилья, разве вы не слышали, город уже похож на свалку и если вы будете у основания, никто и не поймет, что вы неизвестно кто такие, ведь вы будете уже считаться частью города. Или вам нужно более сильная гарантия чем моё слово? Хм, хотите могу документ составить на этот пункт, если вы так хотите.

|-----------------------------------------------------------------------------|","samin__","1499120400196702472"
"30.04.2026 14:08:07","ktoia","#6622","— Сиэль —

Ну, про Го она была права. Только он этого и не скрывает. Никакой он не добрый старик. А может, Сиэль просто предвзята? Но если так подумать, Суйка уж слишком активная - это сложно не заметить. И эта активность напоминала ей одного знакомого дурака - Кёртиса. Именно из-за этого сходства Сиэль и пришло в голову посоветовать ей Го, хотя в здравом уме она бы никому его не рекомендовала.

К Цуй Суйка не хотела идти из-за своих принципов. К Янам у неё просто не получилось бы вступить, и она сама это понимала. Хм... Нет, стоп, пожалуй хватит. Тяжело давать советы, куда и к кому идти, когда все варианты звучат так себе. Поэтому Сиэль решила прекратить размышления на тему наставничества, совю лепту она и так уже внесла.

Она уже открыла рот, чтобы сменить тему, как вдруг уловила странное изменение в Суйке. Та на мгновение стала другой - более собранной, более... осмысленной что ли? Это было настолько неожиданно и нехарактерно для неё, что Сиэль даже слегка растерялась.

Стоит как-то понять откуда ростут корни вопроса, из-за чего Сиэль вопросительно сказала:

— А к чему вопрос? Я такого не говорила ещё...","samin__","1499335868417314937"
"30.04.2026 14:40:22","samin__","#2997","— Суйка —

И вот к девочке вернулся обычный, придурковато-хитрый взгляд, с которым та произнесла:

— Ну у тебя же белые волосы, а значит ты или из Гу или из Цуй ну возможно ещё из сбежавших, но тогда тебя бы сюда не пропустили, так что что-то из этих двух. А я ошибаюсь?

И вновь девочку понесло:

— Вообще мне просто показалось что ты как-то связана с кем-то с фамилией Ян. Не знаю как это назвать... женская интуиция, не иначе. Вообще мне часть всякие мысли на ум приходят, и как правило оказываются правильными. Это что-то вроде моего личного дао. Бесполезная штука, но иногда выручает

/Тут-же девочка резко помрачнела и замялась/
— Но некоторые этого пугаются, так что если не хочешь, можешь просто промолчать...

/Подняла взгляд вверх/
— А... ха! Да! Погода сегодня хорошая!","ktoia","1499366740113625098"
"30.04.2026 15:00:36","samin__","#2997","|------------------------------------------------------------------|
Бомжик подождал пока толпа снова погудит, а после резко крикнул:

— ДА ЗАТКНИТЕСЬ! Я ЭТОГО ЗНАЮ, ОН НОРМАЛЬНЫЙ!

Поперхнувшись, тот достал из-за пазухи сосуд и отпил из неё какой-то бурмолды. От выпитого его слегка перетрясло, а сам он сморщившись сказал:

— Кхя... этой девочке мы склонны доверять. На счёт деньжат мы поняли, да и не нужны они нам на самом то деле. Оформишь нам выпивку и закусон и мы твои, а вот документ... ты смеёщься? На кой он нам то? Городок нас конечно не примет, но хоть так

/Слегка посмеявшись, дед протёр рот руковом, сделав его ещё грязнее и повернувшись к толпе громко сказал/
— Короче мужики! Есть город Цинь, все про него слышали, все про него знают. Да-да, это тот который по вине суки смыло. Я там был и местечко - ДЕРЬМО. Этот недомерок - нормальный парнишка, который хотел помочь нуждающимся и на удивление сделал это, так что я его словам доверяю. Если небесный жив - нам всё равно уже делать нефиг, а если подох - так хоть сделаем что можем за него. На этом и порешим

Повернувшись обратно к Аполлону, дед ухмыльнулся, вновь потянувшись за напитном, говоря тому:

— У нас один мозг на всех, так что от лица каждохо скажу, что мы в деле! ВЕРНО ГОВОРЮ?!

И тут толпа взорвалась, начиная кричать одобрительные комментарии словам деда. И только в этот момент глаза Аполлона уловили что многие из них были на второй ступени культивации, а некоторые старики доходили и до третьей. Молодняк и вовсе был лишён этого, однако по сути это была нефиговая такая армия... от чего он не замечал этого ранее?
|------------------------------------------------------------------|","biok_ymer","1499356592787689513"
"30.04.2026 15:01:42","ktoia","#6622","— Сиэль —

Нет, Сиэль это не испугало. Сиэль просто офигела от таких слов. Как бы... э... бэ-э-э, мэ-э-э - что на это вообще отвечать?! Она, на минуточку СУЙКА - первая, кто задался этим вопросом и спросила на прямую. Сиэль ВСЁ ЭТО ВРЕМЯ думала что кто-то из Цу или Кая уже уладил эту тему с родством. Но если так подумать, у неё даже банального алиби нет на такой случай. Если этот вопрос серьёзно встанет со стороны каких-нибудь Цуй или Гу, то отмалчиваться будет не очень хорошо и неуместно.

И... чего? Связана с фамилией Ян? кхм... чего греха таить - неизвестно что думают и о чем шепчутся между собой те, кто состоит в секте по поводу Сиэль. Все таки Сиэль не скрывала, что она как-то связана с Цу и Яном, она буквально в первый же день получила статус - ""приглашенный гость"". Да и общение ученицы секты с Миной тоже безумно странное. Если собрать в кучу все странности, которые Сиэль принесла с собой, получится огромный ком, который не распутать без раскрытия карт. Но эти карты, скорее всего, окончательно придушат.

Ахуй, Суйка заставила о таком задуматься. Сиэль определённо нужно внятное алиби, чтобы спокойно прожить хотя бы несколько лет. Удивительно, что до неё ещё никто из Цуй и Гу не докопался по поводу родства.

Интересная у этой Суйки особенность - личное дао, которое даёт ответы и правильные мысли. Мх... ОГО! Суйка великодушно позволила ей не отвечать на этот вопрос. Удача, не правда ли? Поэтому Сиэль так и сделала. Взяв эмоции в кулак и слегка прочистив горло, она подняла взгляд на небо.

— Да... Погода солнечная. Люблю такую. Хотя лёгкий дождь тоже своего рода приятный. Кстати, мне стало интересно, а какие условия проживания выделила секта для внутренних учеников? Я то о них не знаю, потому что не живу здесь.","samin__","1499374856905429102"
"30.04.2026 18:59:30","biok_ymer","#9440","—Аполлон—
|-----------------------------------------------------------------------------|
Парень мог бы и удивиться, однако не стал, лишь похлопав глазами, а после пожимая плечами сказал:
|-----------------------------------------------------------------------------|

—Лаааадно. Раз вас все устраивает то ладно. Однако, я все же постараюсь дать вам место, где вы сможете чувствовать себя ""как дома"", но опять же, это уже ваше право верить мне или нет... Что же, а теперь к сути. Осталась лишь разобраться с тем, как вас туда доставить. Предлагаю вам 2 варианта, быстрый и страшный или медленный, но безопасный. Первый это при помощи моего искусства я вас переведу прямо туда, отчего и риски, а второй это вы по старинке сядите по картам и поедете в долгий путь.

|-----------------------------------------------------------------------------|","samin__","1499379947356295279"
"30.04.2026 19:08:59","biok_ymer","#9440","—Афина—
|-----------------------------------------------------------------------------|
Я без понятия что на это отвечать, отчего буду говорить наобум. Дева немного не поняла вопроса, но все же решила ответить, что первое пришло в голову:
|-----------------------------------------------------------------------------|

—Понятие другие миры быть может и присутствовало в моей голове, однако теоретически я подправила это только, когда оказалась тут и поняла, что тут нет маны. А вот возможность выхода хммм, а разве это не так просто? Если мир тебя впустил, он тебя и также может выпустить. Это теория относительности, что если произошло одна вещь, может произойти она же вновь. Если не надеяться на случай, нужно попросту сделать что-то такое, что мир неожидает увидит и не будет способен адаптироваться. Попросту удивить или чуть навредить ему и он с радостью от тебя избавиться... Ну, я так думаю, не уверена. Это же лишь теория.

|-----------------------------------------------------------------------------|","samin__","1498994904552968212"
"30.04.2026 21:27:23","samin__","#2997","|--------------------------------------------------------------------|
Парня натурально прервали по середине объяснения, явно давая понять что времени они терять не любят. Из разных углов помещения стали раздаваться возгласы ""Быстрый давай"", ""Это когда мы опасностей боялись"", "" Да харе заливать, делай уже""

Бомжара, что стоял близко к Аполлону лишь посмотрел на него, после чего кивнув в сторону толпы и сказал:

— Нус, ты нас слышал. Делай давай

И как только их в камерах держали? Да они бы разнесли всë если бы их попытались раскрыть. Похоже у этого сброда было только 2 состояния: работать и бухать
|--------------------------------------------------------------------|","biok_ymer","1499440068300115999"
"30.04.2026 21:35:06","samin__","#2997","— Дэмиан —

Мужчина слушал теорию со всей серьëзностью, да вот только под конец явно захотел расхохотаться, от чего сдерживая смех прикрыл рот рукой говоря в ответ:

— П-прошу прощения, я понимаю что вы не осведомлены, просто это звучало излишне забавно для данного разговора

Придя в себя, мужчина вновь со всей серьëзностью что у него осталась ответил:

— То что я использую ману - уже воспротивляется миром, однако если я выйду за отведëнные мне пределы, мир и вправду попросту избавится от меня

Мужчина вновь усмехнулся приставив указательный палец к шее:

— Только вот иным способом, нежели я расчитываю

Переведя взгляд на улицу, тот произнëс:

— У вас ещë остались вопросы? А нито мне нужно идти по долгу службы, сами понимаете, дело такое","biok_ymer","1499442454183673897"
"30.04.2026 21:39:23","samin__","#2997","— Суйка —

Девочка несказанно образовалась, что после вскрытия секретика, еë даже не оттолкнули. Широко улыбнувшись, та  ответила:

— А, так ты в гости хочешь?! Да без проблем, покажу как поживаю, у нас на самом то деле условия **королевские** правда у меня немного не прибрано, так что не обращай внимания. Не сказать что я растяпа, просто сегодня решила дать себе перерыв, как раз метëлочка новая в ход пойдëт! Ну давай-давай, идëм!

Схватив Сиэль за руку, та потащила еë за собой дальше по квартальчику с довольно приличной скоростью, переходящей в бег

|| Даю момент для вкида и на некс пост уже дойдëте ||","ktoia","1499380224780009643"
"30.04.2026 21:39:58","biok_ymer","#9440","—Аполлон—
|-----------------------------------------------------------------------------|
Чуть запнувшись и прикупив язык тот кивнул, после чего встал вопрос... ""А как вообще магию то творить?"". Он много раз видел как это делает Мива, однако сам он ни мог этого делать, а теперь с новой силой по сути он мог это делать, отчего голова пошла кругом. Но не упасть же лицом в грязь, оно и так от говна ещё не отерлось. И вот с пониманием(Д20 4 СУКА), Он свёл руки вместе и сделал какой-то пучек дыма. Понимая, что эта какая-то херня, тот пока при помощи кольца навёл галлюцинацию, будто он готовит какой-то откровение, а сам судорожно пытался понять принцип ебанной тьмы.
(Можешь скипнуть, я дальше продолжу рофлить, ну или дать реакцию).
|-----------------------------------------------------------------------------|","samin__","1499477283512127678"
"30.04.2026 21:46:38","biok_ymer","#9440","—Афина—
|-----------------------------------------------------------------------------|
Понимая, что прошло изрядно времени, та чуть запаниковала разведя руками, а после виновата поклонилась и встала с места, говоря:
|-----------------------------------------------------------------------------|

—Ох простите, что-то я заговорилась, прошу простить. Нет, больше ничего! Спасибо за этот разговор, все же человека с мамой не так часто можно встретить хех. Я тогда пожалуй тоже пойду, ещё раз спасибо!

/После этого та вновь поклонилась головой и тут же быстрым шагом вышла из заведения, похоже она и вправду забылась в своем любопытстве, отчего ей было стыдно. И так она шла, в поисках тихого местечка, чтобы перевести дух./

|-----------------------------------------------------------------------------|","samin__","1499479227366510705"
"30.04.2026 21:47:40","samin__","#2997","|---------------------------------------------------------------|

Мужики в непонятках переглянулись, когда увидели... эм... чëрный пердëж. Не сказать что тем было пофиг на тьму, просто пока что они выбрали помалкивать, однако когда пред ними появилась **илюзия** мужики стали шептаться:

1 — Ва-а-а... ля что делает. Это нам в эту зелëную херовину лезть?

2 — Всмысле зелëную, она синяя

1 — Да какая синяя, не видеть чтоли, зелëная круглая херь

2 — Всмысле круглая? Это же квадратная херабора

3 — А мне кажется это самагонный апарат

Так мужики и стали спорить что делает их наниматель

|---------------------------------------------------------------|","biok_ymer","1499480452254142475"
"30.04.2026 22:11:33","ktoia","#6622","— Сиэль —

Сиэлька не успела ни ответить, ни возразить, ни даже вздохнуть - её уже тащили. Схватив за руку, Суйка рванула с места так, будто за ними гнались все злыдни Мурима сразу. Сиэль, споткнувшись на первом же шагу, едва не улетела носом в землю, но чудом удержалась на ногах и подчиняясь инерции, просто понеслась следом, мысленно проклиная желание казаться вежливой.

На ходу Сиэль выдала:

— Я не говорила, что хочу в гости прямо сейчас! Я просто спросила!...я.... а... мф... Ладно.

Девочка перестала сопротивляться, смирившись с участью и просто перебирала ногами, чтобы не упасть. 

Сиэлька стала думать с филосовским отчаянием:

> Ничего. Может, у неё правда уютно. Или хотя бы есть стул, на котором можно посидеть пятнадцать минут в тишине... Я точно это переживу, я справлюсь....","samin__","1499480304749117601"
"01.05.2026 19:30:11","biok_ymer","#9440","—Аполлон—
|-----------------------------------------------------------------------------|
И вот чудотворщик кое-как смог понять принцип работы ""перемещение"" отчего окутав всех в тень тут же переместил их в подворотню города Цинь, где они буквально правой стали появляться из теней. Как только он это сделал тот с силой хватая воздух взялся за сердце и облокотившись одной рукой о стену тот стал восстанавливать дыхания, с непривычки недовольно покашляв дымку. И как Мива это так легко делала? Или сказалась количество? И вот пару минут приходя в себя тот окинул взглядом мужиков и показал палец вверх говоря:
|-----------------------------------------------------------------------------|

—Все в порядке, надеюсь вы тоже пришли в себя. Что же, для начала даю время освоиться, найти себе условный ночлег. Будут проблемы помогу и утром уже обсудим дела. Ато у вас после тюрьмы явно настроение порученное, можете расслабиться пока.

|-----------------------------------------------------------------------------|","samin__","1499482390433628382"
"02.05.2026 01:15:21","samin__","#2997","|-------------------------------------------------------------------|
Половина людей сразу повело, от чего те упали на задницу, другая половина стояли как будто ничего не произошло, сложив руки на груди, однако взгялд их был стеклянным, похоже им хуëвило не меньше, однако показывать те этого не хотели

Переведя дух вместе с ëбаным волшебником, те пришли в себя, выслушав последнее напутствие, а после чего переглянувшись направились на выход из подворотни

Не успел последний мужчина покинуть тëмный переулок, как на улице уже послышался женский вскрик, а после и крик одного из мужиков:

[Мужик] — ДА ЧЕГО ТЫ ОРËШЬ?! СОЛДАТ ЖЕНЩИНУ НЕ ОБИДИТ УГОМОНИСЬ!

[Женщина] — ПОЖАЛУЙСТА ПОЩАДИТЕ ДЕТЕЙ

[Все мужики] — ДА НА КОЙ ОНИ НАМ?!

Они привыкнут друг к другу... нужно только время... наверное...
|-------------------------------------------------------------------|","biok_ymer","1499810177572929546"
"02.05.2026 01:25:20","samin__","#2997","— Дэмиан —

Мужчина только и успел крикнуть в след:

— Ничего страшного, и вам спасибо

Как его собеседника вдруг выбежала из заведения. Не понявший такой спешки, тот пожал плечами, а после вновь направился по своим делам с приподнятым настроением

|------------------------------------------------------------------|
Так девушка и шла по улице, где все были ""обычными"" жителями этого городка и хотя их наряды вызывали у девушки некую заинтересованность, те были куда более обыденными чем у Дэмиана. Так девушка прошла добрую часть городка выйдя к улочке, что простиралась вдоль реки. Спокойненькое и завараживающее местечко с видом на закат, что может быть лучше? Тут было не столь многодюдно, однако явный взгляд Афины не мог пропустить белое пятно, что сидело около речки и свесив босые ноги матала ими по водной глади
|------------------------------------------------------------------|","biok_ymer","1499482126859636766"
"03.05.2026 00:38:36","samin__","#2997","— Суйка —

Девочка НЕ обращала внимания на выкрики подруги, просто НИИСТОВО бежа по улочке. Спустя пару минут пробежки, та резко остановилась, от чего Сиэль чуть не улетела вперёд, однако та просто дёрнула руку на себя, гося инерцию. Показав на дверь, та горделиво сказала:

— Вот тут я и живу. Комната 67, если что я не против гостей, так что если словишь меня в комнатке - заходи

Отворив дверку, девочка отпустила руку Сиэль, входя в свою берлогу. В комнате был натуральный БАРДАК ||(на скрине нет, но представим)||. В общем это была маленькая комнатка со столиками, ширмочкой и кроватью. На полу же то тут то там валялась одежда, какие-то бумаги, парочка тарелок и ещё невесть что. Входя внутрь Суйка переступила хлам, буквально выбирая место куда можно было наступать и сказала:

— У меня тут слегка неприбрано, но можешь чувствовать себя как дома

/Указала пальцем в один из углов/
— Кстати вон туда не наступай, а то я свой кинжал пару дней назад где-то в том углу потеряла

После девочка расправила руки в стороны и рухнула на кровать лицом вверх в позе ангела","ktoia","1499488399717830677"
"03.05.2026 01:12:46","ktoia","#6622","— Сиэль —

Чудом Сиэль не упала в очередной раз за этот день... И какой это по счёту с момента знакомства с этой дурындой? Третий? Она перевела дух и уставилась на дверь с табличкой **six seven**.

Как только дверь открылась, перед её взором предстало нечто, что она мысленно окрестила ""зоной стихийного бедствия"". Одежда, бумаги, какие-то тарелки - всё это лежало вперемешку на полу, оставляя лишь узкие тропинки, по которым, судя по всему и передвигалась хозяйка. Сиэль несколько секунд стояла на пороге, переваривая увиденное, пока Суйка с завидной лёгкостью лавировала между кучами хлама.

Она сделала шаг вперёд и тут же замерла, оценивая, куда можно наступить.

— Ну да, слегка...

Сиэлька осторожно перешагнула через какую-то книгу, переступила через свернутый свиток и наконец добралась до более-менее чистого участка пола. Вздохнув, она обвела комнату ещё раз взглядом и решила пока не рисковать садиться на какой-нибудь шаткий стул. Вместо этого она прислонилась спиной к стене у входа, скрестив руки.

Честно сказать, она думала, что условия будут более приземлёнными, но тут даже неплохо. Было бы, если бы это была не комната Суйки.

— Как бы... уютно... если, конечно, не считать это логово дракона на полу. 

Сиэлька помолчала, наблюдая за раскинувшейся на кроватке Суйкой. 

— А у тебя всю жизнь проблемы с уборкой? Может, помощь нужна?

||ошибка||","samin__","1500250181621383279"
"03.05.2026 01:47:10","samin__","#2997","— Суйка —

Не поднимая головы с кровати та лишь показала большой палец вверх и сказала:

— Хорошая шутка, но нет, мне и так хорошо. Я знаю где что лежит и всë всегда под рукой. Ну... или под ногой. В общем то меня к уборке не приучали. ""Зачем убираться если и так и так твоë шмотьë завалит"". Мне так дедушка говорил. Правда что и когда завалит я так и не поняла, так что решила выделять день на уборку раз в месяц. Тут ещë чистенько, я же тут второй день только

Страшно представить что тут будет через месяц. На своëм месте стояла разве что швабра, что уже сяиталась сокровищем. Наконец Суйка поднялась с кровати опираясь на локти и заинтересованно проговорила:

— Хм... а что делают подруги в гостях? Ты не знаешь?","ktoia","1500258777901957201"
"03.05.2026 03:35:54","ktoia","#6622","— Сиэль —

Услышав железобетонные аргументы в пользу того, что убираться не нужно, Сиэль решила всё же принять это и постараться очень сильно закрыть глаза на то, что происходит буквально вокруг. На срач.

Хм... Чем занимаются подруги? А Сиэль то откуда знает?! Не то что подруги в гостях, она не особо и понимает, чем занимаются друзья в свободное время. Ну... Говорят, там... ходят... А в гостях что?

Сиэль явно задумалась, глядя на Суйку, но потуги быстро прервались, а вместе с ними голова слегка покачнулась.

— Даже не знаю... Ам... Сплетничают? Пу-пу-пу... Или... А... Если... Кхм... Точно! Они... Хотя нет... М-х... нет, не знаю...

Моментами, когда Сиэль останавливалась, она начинала говорить какие-то совершенно неправильные вещи, поэтому не договаривала и перескакивала на другие, которые придумывались не лучше.","samin__","1500267437055017051"
"04.05.2026 14:16:05","biok_ymer","#9440","—Афина—
|-----------------------------------------------------------------------------|
Девушку не особо интересовало белое пятно, ведь она все это время искало спокойное и немного людное место, коим и являлась речка. Подойдя к той, та и сама уселась на краю смотря в водный поток и чуть выдыхая то напряжение, что было у неё, приподняла повязку, смотря на водную гладь и немного успокаивалась. И вот надо было встретиться с инквизитором из другого мира, что если бы узнал о магии света испепелил бы её на месте? Все же не зря один парнишка настаивал на уроках ведения своего языка... Девушка чуть удручённо выдохнула, после чего осмотрела свое окружение, где уже и заметила странную дивицу. Неужели она была помесью с зверем? Это её немного удивило, отчего она чуть отвела в сторону, предпочитая не привлекать её внимания.
|-----------------------------------------------------------------------------|","samin__","1499899554554708248"
"04.05.2026 14:20:03","biok_ymer","#9440","—Аполлон—
|-----------------------------------------------------------------------------|
Ах, женские крики... Было бы ему дело до них, он бы точно разобрался! Однако сил у него на это не было, отчего тот спокойным шагом направился на выход из удочки, а после и по улицам в поисках дома, что должен был принадлежать миве... Тот лишь надеялся, что та больше не вернётся со своего путешествия, иначе сущность могла вновь вмешаться в его и так не спокойную жизнь... Быть может по пути он сможет встретить кого? К примеру беловолосых или Чпока? Тот не особо об этом думал, да и не особо надеялся на что-то, кроме отдыха.
|-----------------------------------------------------------------------------|","samin__","1499897041512566815"
"05.05.2026 11:52:46","samin__","#2997","— Суйка —

Девочка махнув руками встала с кровати, принимая сидячие положение, смотря на свою новую знакомую с некой жалостью та произнесла:

— Так у тебя тоже не было друзей? Бедная. Не то чтобы у меня тоже не было подруг, на старом месте была парочка, но мы с ними так некуда и не ходили толком, да и ничего такого не делали... ммм... сплетни? Так я этим только и занимаюсь. Нет, я конечно люблю поговорить и всё такое, но как говорил мой **дедушка** ""слушать то тоже не забывай, дурная"" так что наверное твоя очередь?

Вспомнив про недавний инцидент, та нервно поправилась:

— А... эм... ну например... о! Какое у тебя дао? Тэд всем помог так или иначе развиться, так что у тебя за путь?","ktoia","1500294801244029052"
"05.05.2026 12:05:37","samin__","#2997","|-----------------------------------------------------------------------------|
На несчастье парня, тому на встречу и вправду шло дуо беловолосых. Лиан показывала новенькой округу, что-то рассказывая, а Лиз немо кивала, явно выглядя спокойнее, чем при прошлой встрече и как будто чуть более эмоционально?

Заприметив парня реакция была разной, Лиан тут же нахмурилась, Лиз же напротив даже слегка улыбнулась впервые за всё время, что ту видел Аполлон. Поравнявшись с ним, завязался разговор:

/Девушки переглянулись/
[Гу Лиан] — Ты уверена что это был тот чёрт?

[Цуй Лиз] — Ну почему сразу чёрт?

[Гу Лиан] — Потому что это чёрт какой он есть, ведь якшается с той теневой бестией

[Цуй Лиз] — Тебе напомнить что та самая ""теневая бестия"" остановила тебя от того, чтобы меня прикончить?

[Гу Лиан] — Слушай, я уже извинилась и не один раз, просто не начинай

[Цуй Лиз] — Если продолжишь полевать помоями моих спасителей, начну

Те даже не пытались переходить на шёпот, однако было видно что за эти часы пребывания тут они о многом успели поговорить
|-----------------------------------------------------------------------------|","biok_ymer","1500819291765866536"
"05.05.2026 13:46:37","biok_ymer","#9440","—Аполлон—
|-----------------------------------------------------------------------------|
Парень устало плелся по улицам и не ожидая новых встреч, однако тому поистине везло на случайные встречи. Встретив двух беловолосых тот чуть помохал рукой, думая пройти мимо, однако те благополучно проигнорировали его потуги пройти мимо, отчего тот выслушав странное обсуждение его, все же вмешался:
|-----------------------------------------------------------------------------|

—Незнаю о чём вы, но если простое наименование ""черт"" является помоями, тогда я и сам часто себя так обзывал хах... Ну как видно у вас тут все мирно, радует. Я только вернулся с Демонический земель, отчего мог многое тут пропустить. Вообще у меня есть много тем который я хотел бы с вами обсудить, однако не уверен что сейчас подходящее время и место... Начнем с радостного, я выбил финансирования, рабочую силу и возможность возрождения торгового пути для этого города. Это означает, что скоро тут будет не так уж и плохо хех, а у вас тут как дела?

|-----------------------------------------------------------------------------|","samin__","1501147851353489509"
"05.05.2026 23:57:17","ktoia","#6622","— Сиэль —

Сиэль не поняла этого взгляда жалости. Ну... да. У неё не было раньше друзей! Соответственно опыта тоже! По сему такой простой вопрос и был слегка сложным!

Не отстраняясь от стены, поглядела на Суйку и вполне спокойно ответила:

— Мм... у меня его **нет**. Да, я ходила к Тэду и советовалась с ним, но данный совет как то... не очень. Наверное, я слегка неправильно выразилась на его вопросы из-за чего получила немножко не то. Так что получается, у меня нет пути!

— ... .. .Слушай, Суйка, а ты знаешь что такое намерение меча?","samin__","1501144616618164355"
"06.05.2026 00:44:56","samin__","#2997","— Гу Лиан и Цуй Лиз —

Девушки переглянулись, а после сказали:

[Лиан] — Вообще не только чертом...

/Тут же Лиз наступила той на ногу, от чего та скривилась/

[Лиз] — Да, всë хорошо. Приятный город с хорошими людьми, правда с весьма трагичкой историей... вот встретила родственицу в схожем положении что и я. А... вы впорядке? Просто вы выглядте...

/Наконец вырвав свою ногу, Лиан перебила/

[Лиан] — Хуже чем обычно

[Лиз] — Ну и чего ты? Я конечно тоже не могу отбросить стериотипы, но неужели ты относилься к нему хуже чем к семье?

/Отведя взгляд в сторону, злюка хмыкнула, принявшись осматривать стену/

[Лиз] — Финансирование это хорошо, но за всë приходится платить, кхм... не буду допрашивать... извините","biok_ymer","1501173267296419840"
"06.05.2026 01:09:36","samin__","#2997","— Суйка —

Девочка непонимающе покасилась на подружку, а после услышанного вопроса с махом встала на ноги переходя в угол комнаты с самым большим количеством хлама. Присув на корточки, та начала его разгребать попутно говоря:

— Да Сиэль, ты конечно даëшь. Не выбрать путь, когда тебе его советует сам ""Мастер 3000 дао"", "" Господин младший Дао"", ""Всезнающий"". Либо у тебя железные нервы, либо у тебя слишком крутой наствник, либу ты просто ступила, других вариантов нет. Ну... подойди к нему потом, объясни ситуацию. В худшем случае получишь швабру

Возможно она хотела сказать шваброй, однако после сказанного девочка начала с твойнойсилой разгребать завал не стесняясь раскидывать по комнате всë что можно представить, пока не нашка свой любимый кинжальчик. Поднявшись, та сказала:

— Намерению меча меня учили, но это сложнач штука... нужно спокойной быть, а у меня с этом... ну... проблемы... но попробуб

Закрыв глаза, девочка присланила киндал к груди сосредотачиваясь и... ничего более не происходило. Она просто стояла уравновешивая дыхание и... всë? И только Сиэль подумала что это какая-то туфта, как из неоткуда появилось что-то похожее на меч, но состоящий из внешней Ци. Он сделал небольшую дугу по комнате, а после растворился, как будто его и не было. Дыхание девочки же сбилось, от чего та запыхиваясь ответила:

— Ну... хух... как-то так... в реальной битве... это... будет сложно использовать... но... я... ай... секунду

Немного отдышавшись, та продолжила:

— Но если научиться, то будет полезно. Представь, атаковать сразу двумя мечами или усиливать свой! Для меня  это вообще отлично, правда сложно управлять Ци вне тела. Как они вообще умудряюися выстраивать линию из неподвласной Ци во время боя - не представляю","ktoia","1501326948452794379"
"06.05.2026 10:41:46","ktoia","#6622","— Сиэль —

**Кто такой этот ваш Тэд?** Он же библиотекарь... Да, слегка необычный, но всё же библиотекарь. И если он такой важный, почему занимается тем, что ему, судя по виду, совсем не нравится? Да и работу на него сваливают немалую. Можно, конечно, сказать, что ему доверяют и на него рассчитывают, но это как-то слабо. Кхм... Кто такой этот ваш ""Господин младший Дао"", который работает в библиотеке?!.

Сиэль бы и дальше продолжала размышлять о Тэде, если бы Суйка не начала раскидывать по комнате свои вещи. Пришлось время от времени уворачиваться от летящих предметов по комнате.

Найдя свой кинжал, Суйка успокоилась, и Сиэль облегчённо выдохнула, наблюдая за тем, как та... дышит? Если намерение меча - это просто дышать и держать концентрацию, то это какая-то ерунда… И в этот момент в воздухе появилось что-то вроде призрачного меча - меч Ци. Сиэль приподняла бровь, ожидая совсем не этого. Увы, рассмотреть его толком не удалось - Суйка быстро выдохлась.

Вывод из увиденного напрашивался сам собой: ""намерение меча"" в потенциале хорошая штука, но требует отточенного, точного и резкого стиля боя, который, что интересно, должен сочетаться со спокойствием. А управлять Ци при этом нужно очень достойно, чтобы хоть как-то вести бой.... И всё это было в Фэнге? Судя по рассказам Кёртиса, у него достаточно большие запасы Ци. Да и секрет с бабочками до сих пор не разгадан. Хм... Что касается самой Сиэль - в теории этому можно научиться, но есть несколько ""но"". Во-первых, ей нельзя выпускать собственную Ци из тела, иначе вроде как могут узнать про атрибут. Во-вторых, переключаться между таким стилем боя и другими гораздо, гораздо сложнее. В-третьих, она сейчас не так хорошо владеет Ци. А в-четвёртых, это можно заменить тем же Светом и Тьмой. Но отрицать пользу такой техники глупо - если удастся её освоить, она будет очень полезной.

Ой, что-то она надолго задумалась.

Сиэль проморгалась и взглянула на запыхавшуюся Суйку.

— Извини, задумалась. Просто встречала противника с этой техникой во время испытания. Интересно, смогла бы я его победить...

Она пожала плечами.

— Суйка, а ты что-то вообще про Фэнга знаешь?","samin__","1501345145755537429"
"06.05.2026 23:37:36","samin__","#2997","— Суйка —

Услышав вопрос, девочка тут же очухалась, делая вид что только что не задыхалась, начиная отвечать:

— Внук Го? Ну... он получше чем старик. Не знаю почему, но мне он нравится. Я видела его только из далека, но многие тут про него шепчутся. Кому-то он как бельмо на глазу, а кто-то уже строит планы на совместную жизнь. Странно в общем. Говорят что он ""сын небес"" или вроде того. Ничего такого я конечно не почувствовала, но определенно парень не простой. Если спросишь хотела бы ли я с ним встречаться... хм... нет. Он слишком серьëзный. Ни разу не видела чтобы он улыбался, да и пока что слабоват. Говорят что он из малого мира пришëл, но я думаю это его не красит. Кто знает что у них там за порядки были. Говорю тебе, точно что-то отличалось, а раз так, то он странный. Ну и что ещë? Зазнайка он, вот что. Сколько про него не слышала, все восхищались его поведением, а мне кажется он просто невоспитанный павлин, только и всего","ktoia","1501489138485035028"
"07.05.2026 01:36:18","ktoia","#6622","— Сиэль —

Она отодвинулась от стены, наконец решаясь присесть на краешек стула, предварительно смахнув с него какую-то бумажку.

Что ж, теперь у Сиэль есть общедоступная информация о Фэнге. Скандальная личность... и странная. Из малого мира? Вот это определённо что-то новое - она была на сто процентов уверена, что он из Мурима. Остальное вполне соответствовало тому, что можно было прочитать по его лицу: серьёзность, павлин... и пожалуй, нельзя сказать, что он невоспитанный. Скорее наоборот, очень даже воспитанный.

И... и Сиэль НЕ СПРАШИВАЛА и НЕ ХОТЕЛА спрашивать, хотела бы Суйка с ним встречаться.

Чуть качнувшись на стуле, она продолжила:

— Сынок небес, значит. Понятно. Нужно будет как-нибудь узнать о нём поподробнее.

Она взглянула на кинжал в руках Суйки, заинтересованно прищурившись.

— Кинжальчики предпочитаешь? Хм.. я думала, ты пользуешься чем-то подлиннее. Хотя учитывая твою юркость...","samin__","1501684380479787149"
"08.05.2026 01:08:27","biok_ymer","#9440","—Аполлон—
|-----------------------------------------------------------------------------|
Парень лениво кивнул, а после слушая обоих спокойно ответил:
|-----------------------------------------------------------------------------|

—Скажем многое произошло и не обязательно хорошего, вот и повесил нос хех... Не могу рассказывать о многом в столь многолюдном месте, однако могу заверить, что это думаю пройдет, отчего не стоит обо мне беспокоиться. Вы кстати свободны сейчас для более личной беседы? Есть один момент, который я хотел бы уточнить...

|-----------------------------------------------------------------------------|","samin__","1501338940265726146"
"08.05.2026 01:10:57","biok_ymer","#9440","—Афина—
|-----------------------------------------------------------------------------|
Чуть отдохнув от собственной нерасторопности, девушка более расслабленно свесила ноги смотря на воду и чуть опрокинув воду заметила интересное наблюдение... А у девушки рядом с ней были звериные уши? Неожиданная подобного та чуть дернулась, а после сев ровно решила завязать разговор:
<@&1496356005091606529> .
|-----------------------------------------------------------------------------|

—Эм... Незнаю мешаю или нет но, а давно у тебя такие уши?

|-----------------------------------------------------------------------------|","","1500818293685096488"
"08.05.2026 11:24:01","samin__","#2997","|-----------------------------------------------------------------------------|
Девушка спокойно сидела у речки наслаждаясь последними лучами солнца, попутно остужая ножки в прохладной водичке. Прикрыв глаза та с довольным видом просто жила жизнь, как вдруг к ней обратились. Услышав первые звуки, её ушки слегка дёрнулись, навостряясь на раздражитель. Удивлённо покосившись на девушку, та открыла глаза и непонимающе стала пилить ту взглядом. После небольшого затупа та ответила:

— Эм... сколько себя помню.

/Вдруг взгляд прояснился, становясь слегка недоверчивым/
— Ты что, расистка? М-м-м..?
|-----------------------------------------------------------------------------|","biok_ymer","1502070261082620077"
"08.05.2026 11:27:08","samin__","#2997","— Гу Лиан и Цуй Лиз —

Не подозревая подвоха, Лиз тут же выпалила:

— Мы просто прогуливались, так что по сути ничем не заняты

Лиан было хотела откреститься, но ту опередили, от чего она прикрыв глаза ладонью явно напряглась, понимая о чём может пойти разговор с чертом, на выдохе говоря:

— Ну... веди...","biok_ymer","1502069631358337154"
"08.05.2026 11:36:03","samin__","#2997","— Суйка —

Девочка не поняла момента с ""узнать поподробнее"", от чего решила поразмыслить и придя в неким выводам, ехидно улыбнувшись ответила:

— О... вот значит как... ну конечно я могу разузнать для своей лучшей подруги чего ни будь про Ду Фэнга

Начиная разминать шею, а после и ноги, та ответила:

— Да, кинжалы - моё всё. Не знаю, они такие милые, хотя и сражаться с ними сложно. Правда места не занимают, да и движений не сковывают, ну ладно, я за информацией

Не успела Сиэль ничего ответить, как Сука шамором вылетела из комнаты, даже ту не закрыв в поисках того, кото можно допросить ||доебать|| на счёт Фэнга. И как она вообще это восприняла?

||Решил пока что её подскип устроить, так что да, ТЫ СВОБОДЕН!||","ktoia","1501714253558841394"
"08.05.2026 12:06:27","ktoia","#6622","— Сиэль —

Сиэль даже рта раскрыть не успела, как Суйка уже вылетела из комнаты, оставив после себя лишь лёгкий ветерок.

— Я... просто сказала, что нужно узнать о нём побольше. В смысле, вообще. А не... 

Она запнулась, понимая, что говорить не с кем.

— Ладно. Пусть бегает. Может, хоть что-то полезное найдёт.

Она перешагнула через завалы в комнате и остановившись на пороге, бросила последний взгляд на ""уютное гнёздышко"" Суйки. В конце концов, выйдя за дверь, Сиэль прикрыла её и задумалась, куда пойти дальше.

Итак: у Тэда была, Серис не найти, Цу навещала, каким-то чудом завела новую знакомую и узнала об участи Кёртиса - страдать каждый день. Ммм... Чем бы сейчас заняться? Сейчас ясный день, так что лучше проводить время на улице. Вечером она пойдёт обратно к Хао и Чучу, где опять будет, наверное, тягать ниточки. Значит, нужно найти занятие до вечера - желательно тихое и размеренное.

Пришлось сузить круг поиска: библиотека - нет, площадка для спаррингов - не в том состоянии, во дворце была, в АД - ни ногой, на торговую площадь - слишком шумно. Мхм... Парк? А может и да. Хотя, помнится, между районами были дворы - южный, северный и другие. Собственно, а что там происходит?

Поразмыслив, Сиэль решила сходить и одним глазком глянуть, что это вообще такое. Там по идее должны тренироваться ученики двора и жить старейшины. Незнание потянуло её туда. Вот только в какой из четырёх? ||Я не помню кто где.|| Сиэль всё же решила двинуться в северный двор, предварительно пройдя через парк.

||Цели нет. Есть только путь.||","samin__","1502227574225375273"
"08.05.2026 12:41:37","samin__","#2997","|-----------------------------------------------------------------------------|
Девочка без каких либо приключений добралась до райончика, где как всегда было весьма оживлённо. Каждый занимался своим делом. Кто-то пытался заработать как можно больше, пользуясь тем что попал в секту, кто-то просто ходил и осматривал округу, а другие и вовсе наслаждались жизнью

Подойдя к северному двору и заглянув в него, девочка увидела несколько учеников разного пошива в белых одеждах. Там-же там стояла Наньер со своим ""амбалом"", что о чём-то разговаривали. Никто не сражался, никто не тренировался, занимаясь чем-то более возвышенным. Кто-то рисовал картины, другие же играли на музыкальных инструментах. Место покоя и умиротворения в вечно сумбурной и невероятно странной секте
|-----------------------------------------------------------------------------|","ktoia","1502235221624357057"
"08.05.2026 12:54:58","ktoia","#6622","— Сиэль —

Секта была сектой... А вот северный двор поистине отличался. Было бы просто замечательно, если бы так было везде: покой, умиротворение и... Стоп, там Наньер? Вообще логично, но увидев её Сиэль всё поняла. Всё стало предельно ясно и очевидно! Она развернулась на сто восемьдесят градусов и направилась в совершенно другую сторону... С этой пересекаться, откровенно говоря, не хотелось. Сиэль легче было бы общаться хоть с хуебесом, но точно не с ней!

Северный двор был закрыт, а значит, предстояло осмотреть следующий. Сиэль направилась на восток... ||Лысики?||","samin__","1502244072335740971"
"08.05.2026 13:25:18","samin__","#2997","|-----------------------------------------------------------------------------|
Буквально испугавшись собственного отражения, девочка быстро ретировалась подальше от единстенного нормального места в округе, направляясь в самое НЕнормальное. Пройдя половину главной площади района, та вышла к восточному двору. Ворот около стены там вовсе не было, от чего она смогла разглядеть всё что происходило внутри

Куча потных, маскулинных мужиков, все как один - лысые, тягали тяжести без намёка на усталость. Им не было дело до того кто там на них смотрит и что вообще происходит вокруг них, они просто занимались своим делом, до тех пор, как один из них не прокричал ""АМИТАБХА"". В момент все мужики синхронно встали по струнке смирно, прислоняя ребро открытой ладони в груди, отвечая ""Амитабха"", вне зависимости от того кто чем занимался. Можно было заметить, как одному даже упал валун на ногу, однако тот даже не шелохнулся, начиная ""просвещаться"". Так они и застыли в молитвенной позе, смотря кто куда
|-----------------------------------------------------------------------------|","ktoia","1502247431801278534"
"08.05.2026 13:40:55","ktoia","#6622","— Сиэль —

Похоже... это... А... В принципе Сиэль ожидала увидеть что-то подобное, но точно не настолько возведённое в абсолют. Их лысины отбивали свет от солнца в небо, да и сами они... **Что у них в жизни не так, что их путь свёлся к этому?** Нет, это не то чтобы плохо, но это какая-то буквально слепая вера.

Мм... слепая вера... Сиэлька потерла затылок и глянула на свою тень. Мда... В других видит проблемы, а у себя не замечает и бревна перед глазами. Благо из размышлений её выбило то, что огромный валун упал на ногу парню - а тот даже не шелохнулся. Решив, что это зрелище не достойно её глаз, девочка развернулась и пошла в другую сторону.

Продолжая складывать мнение о каждом дворе, Сиэль задумалась: так и кто у нас там по счёту? Юг? Тогда - вперёд, туда.","samin__","1502255064864002048"
"08.05.2026 14:05:18","samin__","#2997","|-----------------------------------------------------------------------------|
Такое зрелище и вправду было не интересно девочке, что и сама до недавнего времени верила в своего бога... пока с ним не встретилась. Итогом послужил мимолётный интерес и вновь смена дислокации. Идя против часовой стрелки по всем дворам, всё не могло пройти так гладко. Подходя уже к знакомому Южному двору, ту встретили уже почти знакомые ей стражники, что переглянувшись вспомнили посетительницу, но на этот раз вместо переглядываний просто уставились на девочку. Потупив пару секунд один из них сказал:

— Госпожа Би предупреждала что ты пару дней к нам не зайдёшь. Уже поправилась погляжу...

Второй охраник от такого вопроса чуть проржал, провоцируя и первого на смешок. И чего они угорают?
|-----------------------------------------------------------------------------|","ktoia","1502258995195416666"
"08.05.2026 14:37:03","biok_ymer","#9440","—Афина—
|-----------------------------------------------------------------------------|
Опуская повязку обратно на глаза, та чуть задумалась над словами девушки, а после все же покачав отрицательно головой, сказала:
|-----------------------------------------------------------------------------|

—Не думаю, скорее любопытно. Я ни разу не видела людей с звериными чертами, вот и заинтересовала. Прости, если вопрос прозвучал грубо.

|-----------------------------------------------------------------------------|","samin__","1502224543950049280"
"08.05.2026 14:40:37","ktoia","#6622","— Сиэль —

Удивительно, что только этот двор охраняют стражники... Сиэлька бы и не хотела ни с кем пересекаться, тем более в этом дворе, однако это свершилось.

Сиэль нахмурилась, глядя на хрюкающих стражников. Она перевела взгляд с одного на другого, потом на себя, потом снова на них - пытаясь понять, что именно вызывает у них такой приступ веселья. Ничего смешного вроде не сказала. И не сделала.  У них смена настроения тут?

Сиэль слегка растерянно кивнула, отвечая:

— Мх... да, почти поправилась.

Она чуть поморщилась от их смешков, но лезть выяснять отношения не стала. Мало ли, может, это у них культурное такое. Или нервы... Или просто идиоты.

— Так... Госпожа Би, значит, знает. Чтож, понятно... хорошо. Я тогда пойду.

С этими словами Сиэль сделала шаг в сторону, хотя уйти от этого района подальше... Только пришла и уже такая неприятная картина, нужно поскорее на запад. Ее отпустят?","samin__","1502265133676761121"
"08.05.2026 14:41:41","biok_ymer","#9440","—Аполлон—
|-----------------------------------------------------------------------------|
И вот продолжая путь к дому, но уже с приятной компанией тот стал думать, как лучше начать разговор, а после заходя в нужный дом все же спросил:
|-----------------------------------------------------------------------------|

—Слушайте, вы же из семейки располагающей светом и судя по тому, что я узнал, вы должны быть сейчас мертвы, отчего следуя логике предпологаю, что вы сбежали сюда, ведь так? МММ, ситуация весьма неприятная, если учитывать факт, что Гу Чанге вскоре вновь захочет навести сюда визит... Что у вас произошло? Мне бы хотелось это знать, дабы я мог придумать план по вашей защите, на случай проявление названных гостей с интересом к вам...

|-----------------------------------------------------------------------------|","samin__","1502225327408283678"
"08.05.2026 14:50:00","samin__","#2997","|-----------------------------------------------------------------------------|
Кошка так и продолжала смотреть на девушку с неприязни, однако услышав отрицательный ответ смягчилась и закинув руки за голову ответила:

— Ну и хорошо. Значит не видела зверей? Ну да, нас сравнительно тут не много. Меньше наверное только драконов. Мало кто доходит до эволюции, а ещё меньше после этого выходят в Мурим. Хах, дурные!

Договорив, девушка упала на траву потягиваясь как кошка, слегка вертясь на спине
|-----------------------------------------------------------------------------|","biok_ymer","1502273123095941150"
"08.05.2026 14:53:25","biok_ymer","#9440","—Афина—
|-----------------------------------------------------------------------------|
Смотря на данную картину та и незнала как реогировать, руки тянулись погладить, а логика предпочитала их останавливать, отчего она уставившись на воду задала более нейтральную тему:
|-----------------------------------------------------------------------------|

—Спокойное и красивое место, значит не только я предпочитаю наслаждаться своим окружением.

|-----------------------------------------------------------------------------|","samin__","1502276383492018297"
"08.05.2026 15:09:38","samin__","#2997","— Гу Лиан и Цуй Лиз —

Зайдя внутрь, Лиз стала рассматривать ветхое строение, а Лиан сразу заняла единственную мебель что была в комнате, садясь на дряхлый стул, на котором в прочем просидела не долго, навернувшись с него ещё с упоминания ""братишки"". Лиз же просто встала как вкопанная, явно не понимая как вообще на это реагировать. Вставая с пола, Лиан убрала капюшон с головы, обнажая белоснежные волосы, что кажется почти светились, будучи куда более выразительными чем у Лиз. Недовольно смотря на парня та пару раз отвела взгляд в сторону, явно взвешивая риски, а после сказала:

— Да... раскрывать свою фамилию в месте, где есть тёмные - не самое взвешенное решение, должна признать. Да я та самая Гу Лиан. Ай... угораздило меня представиться настоящим именем в глуши где только две гнилые души могут знать про меня...

/Перемещаясь ближе к Лиз, та продолжила/
— Лиз из семьи Цуй и да я и сама до недавнего времени думала что она малышка мертва. До сих пор не понимаю зачем её оставили в живых, так ещё и отпустили

/Взяв ту за руку, девушка постепенно, но верно начала пятиться в сторону выхода/
— Я ожидала что от тебя стоит ожидать подлянки, но не такой. И что ты намереваешься делать? Думаешь меня не опознавали за эти 10 лет? Боюсь тебя огорчить, но от инквизиции я уходила не раз...

Взгляд девушки смешивал призрение и некую панику, что та пыталась изо всех сил скрыть","biok_ymer","1502274290823729333"
"08.05.2026 15:13:38","samin__","#2997","|-----------------------------------------------------------------------------|
Закончив потягиваться, кошечка сместила хвост в сторону, чтобы было приятнее лежать, а после уставившись на небо ответила:

— Все живые созданы для того чтобы наслаждаться жизнью, а некоторые ещё и могут делать это куда дольше. Я думаю нужно стараться только для того, чтобы увидеть как можно больше таких безмятежных и мирных закатов, а быть может и встречать восходы.

/Муркнув вместо усмешки, та повернула голову на собеседницу и сказала/
— Говорю как какая-то старая бабка, что доживает последние деньки, прости уж. Иногда хочется просто остановиться и посмотреть на то, что находится вокруг тебя
|-----------------------------------------------------------------------------|","biok_ymer","1502277244196884612"
"08.05.2026 15:18:18","biok_ymer","#9440","—Аполлон—
|-----------------------------------------------------------------------------|
Парень мог бы и запониковать с подобной реакции, предпочитая поправить углы, однако он стал спокойно смотреть на отступающую девушку, говоря:
|-----------------------------------------------------------------------------|

—Если бы моя цель была тебе навредить, я бы не занимался развитием этого места и попросту сдал бы тебя семейству Гу, на что они бы мне щедро заплатили, а тебя ты предали свету инквизиции... Однако я здесь, перед тобой, без служителей и без намерения вредить.

/Парень демонстративно наставил руки в стороны и покрутится, показывая, что у того ничего не было и даже снял кольцо, положив на землю и говоря:/
-Можешь даже для уверенности осмотреть мое только со складом, кроме пилюль и подарка Цуй Лиз у меня там ничего нет. 

/Подождав маленькой заминки тот устало облокотился о стену, продолжая:/
-Меня и сам твой братец изрядно побеспокоил. Особенно если учитывать то, что я вообще принялся что-то делать с этим местом из-за его первичного визита, что был вызван слухами о том, что тут кто-то располагает тьмой и поверь, спустя некоторое время покопав про меня он вновь нанесет визит и на сей раз вряд-ли в качестве разветки, отчего я и хочу с вами обсудить дальнейшие планы, а не запугать вас в надежде, что вы отсюда свалите.

|-----------------------------------------------------------------------------|","samin__","1502281322406744195"
"08.05.2026 15:19:11","samin__","#2997","|-----------------------------------------------------------------------------|
Стояло девочке сделать чуть больше пары шагов от ворот, парней просто разорвало. Они покатились со смеху, понимая что ошиблись, но от этого им было только потешнее. Девочка успела уловить только ""да когда там уже пустые сменщики... ХАХАХАХА"". Не обратив на это внимание, девочка продолжила путь к западному двору, где так-же был выставлен один стражник, что заприметив что идут к нему сказал суровым голосом:

— Причина визита

Да, тут ей были определённо не рады, да и выглядел парень крайне сурово и был лишь один, тогда как даже дворец охраняли минимум двоя
|-----------------------------------------------------------------------------|","ktoia","1502274021125783742"
"08.05.2026 15:28:21","samin__","#2997","— Гу Лиан и Цуй Лиз —

Остановившись в паре шагов от выхода, девушка убрала шокированную сестру за спину, пыталясь не расслабляться. Смотря то на него, то на кольцо, та не понимала на кой он его снял, однако всё-же ответила:

— Звучит как бред. Если ты хочешь развивать это место, значит самым простым способом было продать нас Дьяволу, получив не только ресурсы, но и поддержку альянса. Лиз тогда тихо уберут, а меня доставят в столицу чтобы казнить в назидание. Тогда будут в плюсе все кроме нас двоих

Тут в разговор вмешалась Лиз, что услышав про свою смерть встрепенулась, говоря:

— Но... сестра, зачем тогда меня привели сюда, а не убили на месте, когда я раскрылась?

— Потому что лучше будет передать нас двух Гу сразу, получив больше выгоды...

Девушка растерянно посмотрела на ""спасителя"", начиная понемногу менять о нём мнение, а Лиан добавила:

— Поэтому я и спрашиваю, что ты хочешь сделать?","biok_ymer","1502283502325071932"
"08.05.2026 16:06:59","biok_ymer","#9440","—Аполлон—
|-----------------------------------------------------------------------------|
Парень понимая, что его слова были проигнорированы надел кольцо обратно, а после смотря на тех не двигаясь продолжил:
|-----------------------------------------------------------------------------|

—Понимаю ваше недоверие, однако вас не смущает в столь граннциозном плане, что я бы попросту не позволил бы вам мирно тут разгуливать и поймал бы вас по одиночке, а после бы и сдал вместе? Я не понимаю, к чему всё это недоверие, если мне буквально все равно на награду полученную с вас. Я не так давно вернулся с переговоров с самой императрицей, где и выбил финансирование. Я уже в плюсе, ведь там денег на несколько жизней моих хватит, отчего ваши головушка мне уж точно не нужны...

/Парень лениво потянулся, а после сотворив в своей руке темную сферу стал в ней показывать разговор, что провел с Гу Чанге. Молча смотря за реакцией на весь разговор, а после когда тот закончился, тот добавил:/
-Теперь вы понимаете, что я больше от него получу за ложь про Ван Фэня, а не пользы от вашей сдачи?

|-----------------------------------------------------------------------------|","samin__","1502286033960697986"
"08.05.2026 16:29:15","ktoia","#6622","— Сиэль —

И вот небольшое приключение по ||зоопарку|| дворам подходит к концу. Одни места казались нормальными, другие - странными, третьи - откровенно неприятными. Увы, но ничего, кроме северного двора, её по-настоящему не заинтересовало. Впрочем, зная предпочтения Сиэль, это было вполне ожидаемо.

Взглянув на стражника, Сиэль сделала непонимающее лицо и сразу сказала:

— Извините, я не к вам.

Соваться внутрь ей действительно было незачем. Она просто ходила кругами, чтобы убить время. Поэтому, сказав это, Сиэль спокойно пошла дальше - через парк в сторону тренировочной площадки. Может быть, она заметит там что-то для себя интересное.

Если же и там ничего не попадётся, то всё просто: прогулка закончится и она потихоньку вернётся к Хао и Чучу. А что ей ещё делать? Развиваться в том, что она хочет - не может. Культивировать силу? Ну, это как-то само собой происходит, да Ци сейчас восстанавливается. Развивать боевые искусства? В этом мире она пока ничего нового для себя не заметила. К Тэду возвращаться слишком рано.

По всем законам бытия, сегодня в секте ей делать больше нечего. Остаётся только путь обратно - к Хао и Чучу.","samin__","1502283728125300776"
"08.05.2026 16:33:40","samin__","#2997","— Гу Лиан и Цуй Лиз —

Увидев проявления тьмы, Лиан насторожилась ещё больше, однако увидев представление, та нахмурилась, смотря на ""запугивание"" своего младшего братца. Лиз же смотря на это почти ничего не понимала, однако вслушиваясь в слова уловила, что Гу Чанге проиграл эти переговоры, что было весьма удивительно само по себе. Девушки терпеливо, хоть и с опаской посмотрели представление до самого конца, в ходе которого Лиан просто встала в ступоре, смотря туда, где мгновение назад был Чанге, пытаясь переварить увиденное. Лиз же не была в таком уж шоке, её скорее интересовал иной момент:

— И какие же дела у вас с императрицей? И зачем в таком случае вас помогать нам, ведь если нет причин сдавать нас альянсу, разве наше нахождение здесь не доставит ещё больше проблем местным, учитывая что Гу Чанге вернётся сюда, когда достанет Ван Фэня?","biok_ymer","1502295757468995714"
"08.05.2026 16:41:36","biok_ymer","#9440","—Аполлон—
|-----------------------------------------------------------------------------|
Парень сложил руки вместе и слушая на удивление логичные вопросы, чуть призадумался, а после стал отвечать:
|-----------------------------------------------------------------------------|

—Начнем с того, что по вине приближенного Гу Чанге и Императрицы в этом городе и твориться Хаус, отчего я и надавив на это вынудил её заплатить компенсацию на развитие города, который чуть не пал от её. Казалась бы, а зачем она вообще задумалась о восстановлении? Первое, авторитет. Если вскроется что в битве с приближенным Ну Чанге вышла ничья и к тому же пострадал нейтральный город, что развивал торговлю и с теми и с другими, это может сильно ударить лично по ней. А во вторых, чтобы вернуть выгоду с нашего города в будущем. Считай это был взаимный обмен, где моё молчание стоило ей немалых средств.

-По поводу вашей сдачи, разве я не обещал лично тебе, что тебе здесь будет безопасно? И я не соврал, я хочу сделать тут место независимое от Альянса или Деманов, место где все смогут жить спокойно, отчего и пригласил изначально сюда. Я ведь и сам как ты понимаешь в большом риске из-за тьмы и уж тем более многотонной лжи, что я наговорил, в попытках удержаться на плаву. Мы все в одной лодке, что с трудом держится на воде, желая утонуть со всем содержимым...

|-----------------------------------------------------------------------------|","samin__","1502302472188854323"
"08.05.2026 16:43:10","samin__","#2997","— Кёртис —

Стояло той отойти от ворот, те распахнулись, а из них вышел побитый физически и морально Кёртис, что еле как стоял на ногах. Выглядел он откровенно фигово, но было видно что тренировки дают плоды, ведь он поднялся на целый ранг [Начальный Элемент[2] 3-я ступень], становясь чуть более продвинутым в культивации чем сама Сиэль. Выйдя за ворота, те снова закрылись, а увидев бывшую сокомандницу, тот улыбнулся ковыляя к ней на удивление стражника. Подойдя к той, он сказал:

— О... поправилась..? По...нятно... быстро ты это... *ик* поправилась...

Договорив, тот рухнул на землю и только в этот момент стражник убрав удивоение с лица улыбнувшись, продолжил нести пост, как будто его со-ученик не плюхнулся лицом в землю","ktoia","1502301357800030309"
"08.05.2026 17:18:47","ktoia","#6622","— Сиэль —  

Сиэль смотрела на то, как Кёртис выходит из ворот и её бровь медленно, но верно ползла вверх. Он выглядел так, будто его пропустили через мясорубку. И при этом умудрился поднять ранг. Выходит, именно так здесь и повышают уровни?  

Кёртис рухнул лицом в землю. Сиэль молча посмотрела на него, потом на стражника, который, судя по всему, видел эту картину ежедневно, а затем снова на Кёртиса. Она вздохнула, закатила глаза и перешагнув через него, наклонилась. Всё-таки оставлять его лицом в гальке было бы... ну, даже для неё слишком жестоко.  

— В отличие от тебя, я чувствую себя сейчас более чем нормально... А про тебя уже слухи ходят. Мх, наверное, на этой гальке уже есть твой отпечаток.

Сиэль всё же решила помочь бывшему сокоманднику. Она схватила его и попыталась приподнять, а затем дотащить до ближайшей лавочки, которая здесь наверняка была. Попутно она продолжила:  

— Знаешь, счастливым ты не выглядишь. Хотя - Го тебя все таки взял.","samin__","1502304860257648781"
"08.05.2026 21:51:54","biok_ymer","#9440","—Афина—
|-----------------------------------------------------------------------------|
Девушка и незнала как разговаривать в подобном ключе, однако звучало это лучше, чем думать заумные формулировки, отчего откинувшись также на землю, та направляя голову вверх, сказала:
|-----------------------------------------------------------------------------|

—Ммм, глубокая и верная мысль. Нужно уметь наслаждаться тем моментом, что происходит прямо сейчас. Хм, отчего-то ощущение, что я подобную беседу уже вела...

/Девушка непонимающе приподняла руку к небу и чуть приподняла повязку второй рукой, пытаясь что-то осмыслить. Отчего в моменте она и не заметила как на кончике её пальцев появились темные лозы, заметив кои та немного испугавшись помохала рукой, однако через мгновение там уже ничего не было, отчего она уже с большим непониманием перевела взгляд на неизвестную, решаясь отвлечься:/
-Кхм, вы сказали что звералюдей не так уж и мало, однако ранее я подобных вам не видела, отчего следует вопрос, откуда вы появились?

|-----------------------------------------------------------------------------|","samin__","1502282331728249024"
"08.05.2026 23:44:57","samin__","#2997","— Кёртис —

Парень сопротивлялся помощи, однако его потуги были тщетны, от чего его усадили на скамью неподалёку от западного двора. Услышав укол в свой адрес, парень слегка улыбнулся и тихо сказал:

— Да пусть говорят что хотят. И... как тут быть счастливым? Меня за эти 2 дня пока ты валялась, чуть не убили... 8 раз, И ДА Я СЧИТАЛ! Нет, Ду Го конечно отличный старик и реально взялся за меня, что меня нехило удавило, но долго я так не выдержу. Пха... да я даже до кровати еле как добираюсь... а жру только ""наполненную ци лепёху"" судя по вкусу лепёха говяжья... и нет, я не про вкус мяса

После этих слов, парень понемногу стал сползать вниз, однако сразу остановился, а одежда натянулась. Похоже паренёк задействовал свою способность на одежду, чтобы хоть немного расслабиться","ktoia","1502313824265699340"
"08.05.2026 23:56:34","samin__","#2997","|-----------------------------------------------------------------------------|
Кошка навострив ушки непонимающе посмотрела на случайную собеседницу и сказала:

— Разве я сказала что нас много? ||(она этого не говорила)|| . Кхе, ошибочка вышла. Нас откровенно мало. Вообще мы к сожалению не едины, да и большинство моих сородичей в царстве остались, так что из белых барсов я тут одна. Есть ещё несколько, но это уже долгая история

Отвернувшись в другую сторону, девушка сложила руки за голову пригибая ушки и сложа хвост на живот ответила:

— Мы все в любом случае из царства зверей. Кто-то вышел, а кто-то нет. Постоянно кто-то выходит от туда. Примерно 2-3 раза в год. Я вышла... ммм... около сотни лет назад. Ах... а закат такой-же каким был в первый день. Такой-же приятный и чарующий. Верь или нет, но ни разу он мне так и не надоел...
|-----------------------------------------------------------------------------|","biok_ymer","1502382555893202974"
"09.05.2026 01:18:00","samin__","#2997","— Цуй Лиз —

Явно чуток успокоившись, девушка кивнула, удовлетворëнная тем, что императрица влетела на деньги, однако еë слегка смущало, состояние сестры, что настойчиво пыталась сломать той руку, сжимая еë всë сильнее и сильнее. Пытаясь не обращать на это внимание, та ответила:

— Смотря на вас я и вправду вижу много лжи... не значит ли это что ваше слово, данное пару часов назад, на деле окажется очередным обманом. Да и если вы сдадите сестрицу Лиан, то вас простят за большую часть прегрешений. Да и выйти из под влияния Альянса и демонов удалось только Ян Цу, что  основал свою независимую секту. Вернее он в любом случае связан по рукам и ногам. Помню когда училась в альянсе, мне говорили что он вынужден подчиняться нам... кхм... им... в некоторых вопросах. Но то великий человек с не менее великими связями, а что на вашей стороне?

В словах не было упрëка или какого либо оттенка тëмных мыслей, лишь интерес как у несмышлëнного ребëнка","biok_ymer","1502304468014731286"
"09.05.2026 01:30:03","biok_ymer","#9440","—Аполлон—
|-----------------------------------------------------------------------------|
Почевая шею парень продолжал спокойно слушать вопросы девушки и после все также спокойно стал отвечать:
|-----------------------------------------------------------------------------|

—Я как дипломат вынужден врать своей профессией, однако когда я лгу или говорю правду сказать сложно, отчего верить мне или нет, это ваше право. Но от своих слов я не отказываюсь, ибо в каждой хорошей лжи есть частица правды и если вы мне поверили, значит я и не врал по сути...

/Чуть задумавшись по второму пункту, тот смотря в потолок стал загибать пальцы:/
-Я заручился поддержкой Ян Цу, Куроки и Би Лайн, а также имею некую благосклонность мира, хоть и не столь сильную. По сути полноценно я могу быть уверен во второй и третьей, с Яном связана моя...кхм, знакомая и думаю через неё смогу заручиться его поддержкой. Что же, пока хвастаться мало чем, но все же, лучше чем ничего.

|-----------------------------------------------------------------------------|","samin__","1502434422086177000"
"09.05.2026 09:17:41","ktoia","#6622","— Сиэль —

Сиэль присела на лавочку и выслушав рассказ о нынешнем бытие Кёртиса, хмыкнула. Девочка вновь принялась колоть парня:

— Ну-ну, и всё же грех жаловаться. Ты, мне кажется, должен был понимать лучше всех, к чему ведёт твоя цель - стать его учеником. Так что тебе поможет только развитие. И может быть, только тогда станет легче.

Она вздохнула.

— Да и лучше бы я не валялась - вон, ты уже перепрыгнул через меня. Так и буду чувствовать себя слабой! А мне такое не сильно симпатизирует. Мх... Да и мне кажется, тебя будут дрючить до определённого уровня, а потом всё утихнет. По крайней мере так оно всегда бывает.","samin__","1502411007426035784"
"09.05.2026 10:12:15","samin__","#2997","— Кëртис —

Поëрзав на заднице, парень взволил свою тушу обратно на лавку, говоря в ответ:

— Хе... да... наверное так и есть. Я не жалуюсь, в секте небесного я бы просто не выжил, а тут есть шанс, так что я не жалею. Но сука Го - старая развалюха, меня гоняет больше чем своего нерадивого внучка, хотя тот тоже культивацией не блещет. Мэ...

Как было удивительно видеть таракана, который на удивление и вправду может получать травмы, однако тут парень запротинув голову сказал:

— Ну... тебе не понять тягости с таким папашей. Ты бы знала как я обосрался, когда безглазик меня за шкирку поймал. Мда... дела...","ktoia","1502555137992953906"
"09.05.2026 10:52:52","ktoia","#6622","— Сиэль —

Хмыкнув, она ответила:

— С Фэнгом они абсолютно разные. Не знаю даже - будто бы живут на противоположных сторонах. Странно, что у них так получилось.

Сиэль перевела взгляд на побитого таракана и скрестила руки.

— Цу не мой отец. Вышло недопонимание, которое я вовремя, из-за полученных травм, не прояснила. Так что да, теперь будешь знать. Кхм. Серис я уже рассказала, надеюсь ты тоже быстро это поймёшь.

Не долго поразмыслив, Сиэль вернула прежний холодный взгляд, откинулась на лавке и слегка покачивая ногами, добавила:

— Знаешь, честно говоря, вступая в секту, я думала, всё будет как-то иначе. Не знаю даже, как объяснить. Мх... Вот вы развиваетесь, растёте над собой, учите новые приёмы, да и используете придуманные вещи для своего удобства - как ты. А я же... ммм... с чем пришла, с тем и существую. Да, культивацию слегка подняла, но это кроха по сравнению с тем, на что я рассчитывала. Мой уровень сейчас не маленький, но если он не будет развиваться - увянет в общей массе.

Она перестала скрещивать руки и убрала с лица выпавшие пряди.

— Мх... Да... Наверное, ждать наставника - единственный сейчас вариант. Вот только ждать его... долговато.","samin__","1502568873118142474"
"09.05.2026 18:10:31","samin__","#2997","— Цуй Лиз И Гу Лиан—

Слушая парня, та не особо ему и верила, что было не удивительно. Заявлять о связи с главой единственной нейтральной секты, главной старейшиной секты небесного демона и лучшего информационного бюро предела - дикость, которая не могла уложиться в юной голове, от чего та недоверчиво ответила:

— Если поверили - то и не врал... странная логика честно говоря. До этого я слепо верила, но понемногу начинаю открывать глаза. Иметь связь со столькими людьми - ну очень слабо верится...

Тут из недолгого транса вышла и сестричка, что тихо проговорила:

— Да нет... это возможно

/Швея оторвала взгляд от парня непонимающе смотря на сестру/
— Эээ... чего?

/Лиан с прищуром посмотрела на присутствующих в комнате, а после вновь сказала/
— Говорю что это возможно, хотя и не хочется этого признавать

/Лиз непонимающе похлопала глазками, ещё более натянуто произнося/
— Нет, я конечно не столь долго тебя знаю, но чтобы ты выгораживала его...

/От такого укола, девушка топнула ногой, а после крикнула/
— ДА ЗА КОГО ВЫ МЕНЯ ПРИНИМАЕТЕ?! Я ПРЕДВЗЯТАЯ, А НЕ ТУПАЯ!

— Тс... ладно, тогда самый главный вопрос: зачем тебе это? Ну... я про развитие города, про наше выгораживание, создание независимой территории, шествии против небес. Каждая из этих вещей сама собой безумна и не несёт особой прибыли или пользы. Я понимаю почему Ян Цу сделал это, у него были ресурсы и силы, а так-же слегка чёкнутый нрав, но ты... я думала ты прогмат, что мать продаст, если предложить достойную цену. И да... я уже поспрашивала местных о тебе, включая того чертёнка с тьмой. Говорят о тебе очень противоречиво, в особенность шраморованный мужчина...

И что ей такого наговорили вообще?","biok_ymer","1502437455175876619"
"09.05.2026 18:27:43","samin__","#2997","— Кëртис и Ян Кай —

Парень спокойно улыбнувшись ехидно (на сколько то было возможно) ответил:

— Да ладно, всё равно рассказать я это никому не смогу, так что не выгораживайся. Только скажи ему чтобы хоть стучался в следующий раз. Я понимаю что это его секта, но даже я не на столько бестактен. Ну серьё-ё-ё-ё...

Тут парня как будто передёрнуло и тот подлетев со скамьи быстро отбежал на пару метров показывая рукой позади Сиэль, крича той:

— Да ладно-ладно, молчу, можете не стучаться! Ты в особенности!

Стояло непонимающей Сиэль обернуться, та увидела Яна, что кажется вообще не вдуплял что он тут делает. Тьмы от него не исходило, а сам он выглядел весьма истощённым. Медленно моргая, тот огляделся, а после сказал:

— Ага... и где я? Пф... ладно, другой вопрос... какой сегодня день?","ktoia","1502579095136112721"
"09.05.2026 18:44:13","biok_ymer","#9440","—Аполлон—
|-----------------------------------------------------------------------------|
Пупупу, парень вновь был в тупике в данной дискуссией и вновь слухи и переговоры о первом мнении о парне. Парень выдохнул, а после посмотря на Лиан сказал:
|-----------------------------------------------------------------------------|

—Во первых у каждого механизма есть свойство идти против своей задачи, отчего я не настолько пустой человек, думающий лишь о выгоде. Во вторых напомню, что желание моей госпожи было в защите этого места и развития, отчего по сути начинал я заниматься этим именно по её просьбе. А в третьих это скука, если двигаться лишь по выгоде, это же будет бесконечная гонка за своим счастьем, это банально скучное занятие, да и я так-то когда-то звался героем, отчего не могу думать лишь о себе... Ладно, аргументации у меня сейчас немного, отчего понимаю ваше недовольство и мне нечем его затмить, отчего считайте меня дураком, что помогает просто потому что.

/Парень устало выдохнул почесывая шею, после чего устало облокотившись о стену съехал по ней на землю и сев на ту направил голову на потолок, говоря:/
-Ах, а знаете что? Мне что-то потеряло интерес пытаться вас переубедить. Я вас напрягаю, вы беспокоитесь что тут не безопасно? Ну уходите и дальше живите в поисках места, где вас не найдут, обретая жизнь бесконечных побегов. Ну а если нет, то тогда я уже попытаюсь вам помочь остаться тут в безопасности? Мотивация? Отсутствует. Желание? Никакого. Решайте сами, я уже за сегодня истрепал свое позитивное мышление и красноречие, отчего строить глазки не намерен.

|-----------------------------------------------------------------------------|","samin__","1502689231565492304"
"09.05.2026 18:49:49","ktoia","#6622","— Сиэль —

Услышав ответ Кёртиса, Сиэль тяжело вздохнула понимая что сейчас придётся ПО СЛОГАМ объяснять, что он не прав. Вот только... Э? Чего вскочил-то так? Я ещё и руки к тебе не успела протянуть.

Она не поняла, чего он кричит, почему рванул с места и на что указывает. Решив глянуть из-за плеча, она увидела... ОГО. А чего так можно было? **Всего то нужно пожаловаться вслух?**

Сиэль встала и обернулась, глядя на ""НАСТАВНИКА"". Да... Выглядел он не лучшим образом. Он вообще сам сюда пришёл? И тьмы в нём не видно - в отличие от прошлого раза, когда он прямо таки сиял ей.

Услышав вопрос, Сиэль обернулась на Кёртиса, потом снова на Яна и слегка наклонив голову набок, сказала:

— Вспомнишь солнце - вот и лучик. Я отлёживалась день, позавчера было третье испытание. Значит, прошло три дня с момента, как мы последний раз виделись. И... тебе добрый день.

Можно было бы наговорить всякого, но тут Кёртис...","samin__","1502693560288284702"
"09.05.2026 18:53:52","samin__","#2997","— Цуй Лиз И Гу Лиан—

От такого откровения Лиз призадумалась. Эта фраза звучала самой нормальной за всё время от чего та открыв рот хотела было что-то сказать, однако ту перебила Лиан, что молча развернулась и отодвинув шторку, что была вместо двери, вышла из помещения, поспешно удаляясь прочь вместе с сестрой, что тянула за руку. Аполлон услышал лишь ""Ай-ай, ну куда? В ночь то?! Лиан! Лиан? Ты меня вообще слушаешь?"" Повисло немое молчание, и лишь кусок ткани что прикрывал выход немного шатался на ветру","biok_ymer","1502697712901029972"
"09.05.2026 19:01:44","samin__","#2997","— Кëртис и Ян Кай —

Не давая момента парню опомниться, Кёртис ответил на замечание Сиэль:

— У нас говорили иначе. Вспомни говно, вот и оно. Ещё столько же его бы не было. Ладно, я восполнил силы, так что думаю попросить у старших дополнительную тренировку. Чао!

Договорив, тот на удивление быстро поплёлся в сторону ворот, однако стражник того не пропустил, завязав с тем разговор, в котором таракан то и дело тыкал в сторону Яна пальцем и жалобно просил его впустить обратно

Ян же пытаясь очухаться просто впитывал колкости, переваривая слова Сиэль, бухтя под нос:

— 3 дня... добрый день... третье испытание... солнце... А?

Очухавшись от некого транса, парень наконец сфокусировал взгляд на Сиэль и сказал:

— Пуф... 3 дня значит. Спасибо Вану отпустило быстро. Хух! И... что я пропустил? Прошла?","ktoia","1502699121146855494"
"09.05.2026 19:08:21","biok_ymer","#9440","—Аполлон—
|-----------------------------------------------------------------------------|
Смотря в след уходящим девушкам парень и сам понимал, что это могло означать, отчего опрокинув голову на потолок устало выдохнул, а после сам того не осознав провалился в сон...

Сон был весьма нервным, весь сон он нервно вертелся, ему снились многое. Множество нервных и неприятных голосов, что обсуждали его действия, взгляды ненависти и за всем этим стоял высокий и темный мужчина... Как только он заметил его он обомлел и тут же проснулся в холодном поту, держась за свою шею. Понимая, что это был простой сон тот прокашлялся, а после устала встав с земли вышел из дома, в почках нового приключения...
|-----------------------------------------------------------------------------|","samin__","1502700141080215603"
"09.05.2026 19:15:24","ktoia","#6622","— Сиэль —

Сиэль терпеливо выслушала колкость Кёртиса и мысленно решила, что потом постарается побить его на тренировочной площадке под предлогом совместной тренировки. Проводив его взглядом, она заметила, как тот на удивление быстро зашагал прочь, и наконец сосредоточилась на Яне. Интересно, он часто выслушивает такое? Хм.

Её лицо стало спокойнее. Сиэль выпрямилась, кивнула и с явным удовлетворением в голосе ответила:

— Да, прошла! Наша команда заняла второе место на этом испытании. Смогли убить змею третьего ранга, хотя после стычки всё было не очень хорошо. Да и стычка с детьми старейшин произошла.

Она чуть прищурилась, разглядывая ""наставника"".

— А у тебя, погляжу, не совсем все хорошо прошло?..","samin__","1502702120082735365"
"09.05.2026 19:36:22","samin__","#2997","|-----------------------------------------------------------------------------|
||Маленький контр пост||

Продрав глаза и только пытаясь ухватиться за шею, мужчина понял что чего-то не хватает. Не долго думая, тот понял что голова определённо лежит не на плечах, а у кого-то на коленках, а тот смотрит на собственное тело со стороны. Стояло телу двинуться, прозвучал слегка ехидный мужской голос:

— О, проснулся! Прости-и-и, не хотел будить. ХАХ! Ладно, вру, хотел

После этих слов, головёшку взяли за волосы и подняв над полом развернули к себе. В этот момент стало понятно что с Аполлоном говорит **Ян**, что источая тьму улыбнулся и сказал:

— Хм... и что в тебе такого необычного? Понять не могу...

Так парень и замолк смотря с прищуром в глаза Аполлона
|-----------------------------------------------------------------------------|","biok_ymer","1502703785955426496"
"09.05.2026 19:56:39","samin__","#2997","— Ян Кай —

Парень слушая Сиэль кивал головой, довольный тем, что и без него всё шло своим чередом, однако вдруг до него дошло:

— Зверь третьего ранга! Чего?! Пуф... я думал Цу не на столько глуп... так ещё и встреча с отпрысками старейшин. Не повезло вам... а... а кому вам? Чёрт, как всегда всё пропустил

Махнув рукой от разочарования, парень потёр лоб, отвечая девочке:

— Помнил бы я что со мной было... но судя по всему мы закончили и судя по тому что старик даже ничего не сказал, знать мне это противопоказанно. Ну... тем и лучше. Помню только то, что испытал облегчение и радость в моменте, а остальное как в тумане. Густом и беспроглядном...

Протерев глаза, тот потянулся, явно нуждаясь в отдыхе, а после посмотрев на девочку слегка улыбнулся:

— Пф... это Хао тебя так? Прямо как Чучу в детстве. Ладно, попытаюсь не шутить над этим. Раз на ногах, значит вы со змеёй справились, молодцы. Я так понимаю с тобой в команде была Серис. Мда... со змеями у драконов не самые лучшие отношения. Не переживай, побить кровинушек старейшин было непосильной задачей. Это даже поражением назвать сложно, учитывая специфику","ktoia","1502705561551245493"
"09.05.2026 20:22:45","ktoia","#6622","— Сиэль —

Сиэль спокойно ответила, чуть поведя плечом:

— Со мной были Серис и Кёртис. Без них бы не справилась. И всё же жаль, что ты этого не видел... Может, заметил бы ошибки.

— Значит, вот как... Ничего так - ничего.

Сиэль замолчала и подумав, что тему стоит сменить, продолжила в другом русле:

— Хао и Чучу - хорошие люди. Да, я знаю их всего тройку дней, но от них веет теплом… Сказала бы, что они хорошие ""старшие""...

Она добавила намного серьёзнее:

— И не думай шутить.

Махнув рукой, отгоняя намёк на упрёк, она продолжила:

— Ладно, неважно. Главное, что ты более-менее в порядке. А насчёт поражения - я и не считаю, что мы проиграли. Мы заняли второе место, в секту я попала, змею убили, и никто, кроме меня, не пострадал... А ещё - на детей с золотой ложкой **мы** напали и двоих, между прочим, победили. Серис разобралась с ребёнком Би, а я с Цуй… Правда, один момент не просчитала, так что, грубо говоря, ничья. Уж больно повезло ей с погодой. Мхм... Жаль Кёртиса - тот, с кем я сейчас разговаривала. Он проиграл Фэнгу, крови Го.

Сделав паузу, она добавила:

— Вот только, отлежавшись день… я… ммм… Не знаю, что делать.... Я нахожусь в теплице, где не знаю, как расти. И это заставляет чувствовать увядание, видя, как другие - процветают.

Сиэль помолчала, однако спросила:

— Может, тебе отдохнуть нужно? Выглядишь так, будто сейчас упадёшь.","samin__","1502715941123788940"
"09.05.2026 20:45:26","samin__","#2997","— Ян Кай —

Слушая девочку, парень недвусмысленно улыбнулся, однако когда ему сказали, чтобы тот обошёлся без шуток - улыбка слезла с лица. Дослушав рассказ до конца, парень обошёл лавку и сев на ту откинулся на спинку, с усталостью начал отвечать:

— Да уж, я всегда пропускаю вступительные. И как на зло именно те, которые стояло бы увидеть. Рад что ты подружилась с моими учениками. Конечно я не видел их откровенно долго, но они ничуть не изменились, что не может меня не радовать... семья, чего уж там

— Значит вы на прямую сразились с золотым поколением? Хах, забавно! Ну с Лин не удивительно, учитывая её болезнь, а ты сражалась с Сюэ. Слышал что она родилась с предрасположенностью к инь. Чуствую не легко тебе пришлось, а Фэнг... про него лучше и вовсе забыть. Такие рождаются не каждое поколение, так что сравнивать себя с ним не стоит вовсе

/Повернувшись к пареньку, что спорил со стражником, Ян ухмыльнувшись ответил/
— А ты и вправду изменилась... даже понятиями из этого мира стала говорить, да и вроде как друзей завела, молодчинка. Прости что я всего этого не видел, уж не ожидал я найти тебя, да и выпасть из истории мира на 23 года. Благо не пропустил ничего критического. Мда... нужно время на адаптацию... я про тебя конечно же. Хотя судя по твоим словам тебе уже проще. Чтож радостно, скрывать не буду

— Значит не хочешь быть тепличным растением. Хах... могу понять, да и сковывать тебя я не собирался. Раз восстановилась, можно начать тренировки... а... кстати

/Жутко улыбнувшись, парень со скрипом повернул голову к девочке/
— А что значит ""кроме тебя"" никто не пострадал? А что было? Кхм... вернее на сколько сильно мне бить Цу за его новые выходки? М?

По знатной привычке Яна, вопрос про его самочувствие был благополучно проигнорирован","ktoia","1502722509630472253"
"09.05.2026 21:09:24","ktoia","#6622","— Сиэль —

 — Насколько сильно? Если честно, не знаю, как оценивать по шкале ""ударов Цу"". Но когда огромная змея третьего ранга вылезает там, где её быть не должно, и ты дерёшься не на жизнь, а на смерть... я бы сказала - достаточно....

Она замолчала, разглядывая свои руки.

— Я тогда почти всю Ци потратила. Если бы не Серис, которая... ну, в общем, помогла, могло быть хуже. А так - отлежалась, встала, хожу. Даже к Цу сходила... Почти все вопросы с ним решила, так что... Сильно его не бей.

Скрестила ручки.

—  В прочем ладно... Дела и рассуждения это конечно хорошо... Философствовать мне нравится, но.... Кхм... С чего начнем тренировки?","samin__","1502728218447188148"
"09.05.2026 21:37:40","samin__","#2997","— Ян Кай —

Обеспокоено посмотрев на девочку, Ян ответил:

— Знаешь что будет если потратить **всю** ци? За частую это смерть. Без но, просто смерть. Это равносильно трате всей крови для демонов. Хотя... ты же не понимаешь... ну в общем ты умрёшь если будешь так продолжать

Удивлённый тем, что девочка на столько рвётся к силе, парень поспешил её утихомирить махая руками:

— Постой-постой, для начала нужно помочь прорваться твоим старшим. В процессе быть может и поймёшь чего, а если нет - придётся работать чуть больше. Кстати, ты же была у Теда? Что он тебе подобрал?","ktoia","1502734248547979324"
"09.05.2026 21:58:57","ktoia","#6622","— Сиэль —

Сиэль задумалась, слегка поведя головой из стороны в сторону. Она прекрасно понимала, что Тэд дал ей не то, о чём она просила... Или, скорее, Сиэль сама не знала, что говорить Тэду. Но Ян явно ждал другого ответа. Говорить, что странный библиотекарь сейчас не особо поможет, было бы лишним. Поэтому она решила ответить иначе:

— Если говорить конкретно, то Тэд... точнее, я сама немного неправильно выразилась насчёт того, что мне нравится, и он... дал мне не совсем то, на что я рассчитывала. В общем, думаю, схожу к нему ещё раз, когда лучше разберусь в себе...

— Хао и Чучу ждали тебя целых 23 года. Не подумай, я понимаю, что с этим не стоит спешить, но всё же... И проводить время в безделье я больше не хочу.

Она кивнула.

— Тогда так и сделаем. Помоги им, а я посмотрю за процессом.","samin__","1502741364679643329"
"09.05.2026 22:04:42","biok_ymer","#9440","—Аполлон—
|-----------------------------------------------------------------------------|
Кошмар не хотел заканчиваться, продолжаясь уже в реальности... Он не особо понимал что происходит, однако одно он понял точно, сейчас он в логове врага, отчего не стоит лишний раз пререкаться и попытаться прощупать почву. Он чуть погодя спросил:
|-----------------------------------------------------------------------------|

—Кхм, прошу прощения, господин ""Ян"" пологаю? Что вас привело ко мне, жалкому?

|-----------------------------------------------------------------------------|","samin__","1502710837473837147"
"09.05.2026 22:14:23","samin__","#2997","**— Ян Кай —**

У парня вновь приподнялся уголок губы, от чего тот взял второй рукой подбородок головёшки и сказал:

— Тому самому жалкому, что заключил самое большое напастье за последние 3 сотни лет в самое неподходящее для него тело? Как ты вообще спал, учитывая сколько проклятий на тебя обрушилось? Уверен он и сейчас кроет тебя на чём мир стоит. Угораздило же тебя ""первый""

После сказанного, парень крутанул голову, а после телепортировал прямо в паз, от чего та прокрутилась пару раз на шее и сказал уже менее серьёзно:

— Хах, да не трясись ты так, я просто пришёл поговорить. Пока меня опять не нашёл старик, хочется хоть немного вспомнить каково быть живым

Договорив, тот отпил немного бурмолды из чаши, а затем на выдохе сказал:

— Кхя... это просто нечто. Смотрю у тебя тут всё дерьмово? Белые тебя всю ночь обсуждали","biok_ymer","1502748164493676554"
"09.05.2026 22:33:00","biok_ymer","#9440","—Аполлон—
|-----------------------------------------------------------------------------|
Вот уж что что, но начинать утро с сложных переговоров тот не хотел, однако жизнь любила преподносить ему сюрпризы... Словно игрушка лёжа в руках парня, а после и вовсе со щелчком влетая обратно в свою шею, тот поддерживая руками закрепил голову, а после чуть проясняя взгляд, стал разглядывать собеседника. По истине, пред ним стоял Ян Кай, однако судя по количеству тьмы замечание было верно и это был ""другой"". Парень бы не удивился, если и кошмар приснился из-за этого парня... Тот чуть приводя мысли вместе скрестил ноги вместе, в позе лотоса, а после стал отвечать:
|-----------------------------------------------------------------------------|

—Кх, спасибо за ваше беспокойство, однако от усталости и не в таком состоянии уснёшь... О чём же вы хотели со мной поговорить? Врятли о том, что меня обсуждают другие люди или кто-то ненавидит...

|-----------------------------------------------------------------------------|","samin__","1502750604177707159"
"09.05.2026 22:44:56","samin__","#2997","**— Ян Кай —**

Щёлкнув пальцами тот выставил указательный палец в сторону парня:

— Догадливый, мне нравится! Я тут нашёл ""личное время"" и походил по старым знакомым и каждый из них говорит как один или то что ""Аполлон меня заколебал"" или ""О, кажется я его где-то видела"". Неплохо засветился за 3 дня пребывания тут, да и шороху навёл. Я когда упомянул о тебе перед Сяньэр, у неё глаз задёргался, ХАХ! Я такого давненько не видел... хотя возможно это из-за меня, но не важно

— Я вот что хочу спросить: ты про чернило вообще знаешь чтобы каждому второму о нём трепаться? Надоела голова на шее? Так я могу это исправить! Нет право, мне не сложно ты не подумай. Учитывая как о тебе отзывались я ожидал увидеть ""героя"" или хотя бы того, кто пытается быть на него похожим, а вижу... тебя... разочаровывает знаешь ли...

Договорив, кружка исчезла из руки, явно возвращаясь куда-то неподалёку","biok_ymer","1502755287738875985"
"09.05.2026 22:56:45","biok_ymer","#9440","—Аполлон—
|-----------------------------------------------------------------------------|
Тааааак, а теперь эта страшилка ещё и угрожать начинает... Какое знакомое чувство! Хрен с горы который сильнее парня в несколько раз угрожает парню в надежде на что-то интересное. Вау, каждый понидельник что-ли так начинаться будет?

Мысленно парень уже похоронил себя, однако вспоминая про Ми...Фину... Тот недовольно скривил лицо, а после ударив себя ладонями по щекам, тот хрустнул шеей, а после уже состряпал серьезное лицо, стал говорить:
|-----------------------------------------------------------------------------|

—Значит разочаровал, хах... Что же, вы правы в высказываниях по поводу меня. До ""героя"" я уж точно не дртягиваю, однако и до того, кто вам мешает уж тем более.

/Парень почувствовав адреналин от спора с тем, кто явно сильнее его чуть ухмыльнулся, а после запракинув руки за голову продолжил:/
-Раз уж за пару дней своего прибывания тут я устроил такой сумбур, боюсь представить что будет тут спустя года. Представьте как бы это было забавно смотреть на потуги немощного меня, перепрыгнуть выше всех тех святош что сидят на вершине столетиями. Как были бы весело смотреть как их лица искажаются в омерзении, а после в сознании, что мне ничего сделать не выйдет?

/И тут парня чувствуя что назад дороги нет, улыбнулся уже во все лицо, говоря:/
-Боже, представьте сколько ещё можно сделать при помощи меня, не марая при этом своих рук? Или вы так сильно беспокоитесь о темной кляксе? В вас я вижу уж точно не труса, что печется что нечто прийдется за ним, пока он лижит свою соску. Оооо нет, если бы вы хотели вы бы меня уже устранили во сне, тут дело в большем или скорее...личном? Я же вам выгоден живым, не так ли~?

|-----------------------------------------------------------------------------|","samin__","1502758290633920602"
"10.05.2026 01:04:44","samin__","#2997","**— Ян Кай —**

Парень не менялся в лице весь рассказ Апполона, не давая себя прочитать. По завершению столь уничижительной речи, тот прикрыл глаза выдавив самую фальшивую улыбку что мои и высоким голосом проговорил:

— Ох, как я надеялся что ты начнëшь вертеться на сковородке. Думал уж не дождусь!

По завершению фразы всë вокруг поменялось. Голова Апполона вновь не чувствовала шеи, а сам он... был подвешен на ветке? Прямо на склоне горы? На против него сидел тот самый Ян, почти не изменившись в лице после перемещения тот лишь сказал:

— Знаешь... я весьма долго искал это местечко. Пик горы, дерево что не смотря на все невзгоды обосновалось прямо на вершине, там где никто бы не смог выжить. Эх... символизм на символизме и вот что я тебе скажу

Посмотрев в даль, парень произнëс:

— Возможно ты бы обманул фальшивку, стариков из альянса или даже гордецов из демонов, но ты говоришь с человеком, что и сам однажды говорил нечто подобное, так что заканчивай

/Перевëл блестяще золотой взгляд на головëшку/

— Нет, ну серьëзно. У меня и так мало времени, а ты тратишь его всë больше и больше. У меня так то дел и так хватает

— Пока что ты в лучшем случае бесполезен, но к твоему счастью я не оцениваю людей по их пользе в данный момент времени. Мне важны более... ммм личностные качества. И да, я не про доблесть с честью, эту чепуху можно приберечь для Альянса

Закатив глаза, парень по слогам начал говорить фразу, мотая головой то влево то вправо:

— Я пришëл поговорить с Апполоном, а не с чëртовой мямлей. Раздупляйся давай, а нито... тс... тебе угрожать даже нечем...

От осознания парню стало самому смешно, от чего тот пару раз ударил себе по колену:","biok_ymer","1502761266601529435"
"10.05.2026 01:04:46","samin__","#2997","— Хах! Да, точно, извини! В общем вопрос резко меняется. **Что ты будешь делать, если я скажу что в мои планы входит уничтожение этого городка?** И нет, если ты думаешь что это просто угроза, ты не прав. Видишь ли, это местечко опасно близко к  одному проходу, который ты уже спалил одной лисичке и если это место будет разрастаться, шанс того что его найдут. Смекаешь? Вроде уже 13 человек знают о Черниле? Так вот, про это местечко знаю я, мой братец, Старик Гу, Гу Чанге и все с открытых небес. Всë. Понимаешь какая это важная информация? Нет, не так... понимаешь сколько пришлось закрыть ртов, чтобы она таковой оставалась? И да, чтобы тебе не пришлось лишний раз напрягаться - поясню. Если всего 10 человек со всего мира знают о чëм-то, значит остальных уже нет в живых или они не в этом мире

— Так что? Тик-так, часики тикают, давай ка отвечая братец

Как он может говорить нечто подобное с улыбкой на лице?","",""
"10.05.2026 01:14:46","samin__","#2997","— Ян Кай —

Парень понимал что девочка очень зависима от силы, однако не на столько же! Призадумавшись тот взвесил за и против и сказал:

— Посмотрим, если Хао восстановился, можем сделать это прямо сейчас, собственно давай  и спросим

И вот фаст тревел имени Яна запустил своë приключение. В следующее мгновение те оказались в доме Хао с Чучу, что спокойно готовились к приходу младшей с прогулки. Беловолосую парень переместил на стул, а сам же появился прямо перед двоицей, начиная было говорить:

— Ну что, дава...

Ян не успел договорить даже части фразы, как тому прилетело сковородкой по лицу. Излишне будет говорить, что прилетели крайне сильно, ведь бедная, **хрупкая** Чучу испугалась такого перемещения, отвыкнуть от него за долгие года **спокойствия**

Парня спасло только то, что прилетело по касательной, о чего он дëрнувшись сказал:

— И тебе хорошего дня...

Чу же в шоке стояла со сковородкой, намереваясь добить наставника, пока Хао не положил руку той на плечо и не сказал:

— Способ самоубийства весьма изощерëнный вы выбрали, только можете сделать это, когда наконец поможете нам прорваться?

Ян недовольно потирая похоже сломанный нос ответил:

— Я за этим и пришëл... вроде как теперь я свободен от ""мирских занятий"", так что смогу за вами проследить. Вы готовы?","ktoia","1502746719362744331"
"10.05.2026 03:46:00","biok_ymer","#9440","—Аполлон—
|-----------------------------------------------------------------------------|
Мысли:
""Попытка притвориться скотиной не удалась. Блеск. Апполон, ты снова открываешь капкан для самого себя! Каждая фраза, ухмылка и движение не оказывала никакой реакции на абоненте... Да кто он... Что? Он все понял? Блеск, снова нотации? Нет? Угрозы хах... А? Куда!? Снова пафос... Как банально... МММ, мог бы просто сказать что я труп, к ,ему все эти сплетни? Ага, страшная тайна... Да как-то похрен... Стереть город? Да стирай, мне то что? Черт, да его слова никакого эффекта не оказывают! Или он хотел увидеть мучение? Он садомаза что-ли? Ну давай подыграем...""

Натянув максимально удивленный взгляд и недовольное выражение лица, тот стал делать вид, будто его слова приняли его, хотя на самом деле за всю дискуссию ему не было даже интересно вникать чем ему угрожают. Да сгорит город или нет, какая разница...? Задумавшись об этом, тот все же перестал корчить гримасу и устало выдохнув без каких либо эмоций стал говорить(🫩):
|-----------------------------------------------------------------------------|

—Сдаюсь, что-то подыграть тебе в попытку обмануть не выходит, да и смысла в этом нет. Лично мне вообще все равно что будет с этим миром, хоть сам чернила придет и спляшет на наших костях, как пофигу ей богу.

-Ты разговариваешь с ходячим мертвецом, что никак не может сгинуть. Доблесть, честь, да даже сам как такой характер давно у меня канул в лету. Я организм движемый целью, хочешь стереть город? Да пожалуйста. От меня что ты хочешь услышать?

/Тут он уже стал наигранно корчить слабочка:/
-""О нет, он такой страшный и так опасен""!

/Перестав корчить тот вновь устало посмотрел на Яна:/
-Ты этого хочешь? Чтобы весь мир делал, что ты хочешь? Беее, мало того что ты везде поднасрал своей персоной похищенной из другого мира, так и ведёшь себя словно главный герой всей жизни. От тебя мне аж тошно стало. Думаешь я тегу время, чтобы меня спасли? Да мне это не нужно. Тайны там, тайны сям. Ты хочешь заткнуть меня? Боже, у тебя есть карманный божок что в любой момент может уничтожить как моё тело, так и душу и? Что дальше? Раз фигня что вы скрываете разрастается, то и смысла прятать её ноль.

/Парень закатил глаза, смотря на восходящее солнце:/
-Да и есть ли вообще какой либо смысл что-то делать? Культивация в поисках силы и бессмертия? Смешно. Даже сам бог не способен уничтожить мировой порядок. Как там это называлось... Э, Инь и Янь? Да, вроде так. Если вы даже закроете все проблемы, уничтожите чернило и зло воплати то нихрена не измениться. Появиться новый Инь, а ваш Янь лишь утонет в говне. О, Каламбур! Ян да и в говно хах.

/Парень даже мимолётно улыбнулся со своей же шутки, а после лениво вернул взгляд на парня:/
-Трепетать языком я мастак как ты видишь, однако давай сделаем всё проще и быстрее. Что. Ты. От. Меня. Хочешь.?

|-----------------------------------------------------------------------------|","samin__","1502793480563462285"
"10.05.2026 13:45:08","samin__","#2997","**— Ян Кай —**

Парень кивал слушая поток мыслей. Не всё ему в этом нравилось, однако своей цели тот добился, от чего был частично удовлетворён ответом, не поведя бровью, когда в этом потоке даже умудрились задеть его, причём не раз. Наконец когда прозвучал финальный вопрос, парень не долго думая выставил 2 пальца вперёд, говоря:

— Отчаянный, это хорошо. Только ты упустил 2 момента

— Первый: Я и есть бог. В других мирах при полной культивации меня бы вполне могли прозвать властителем пустоты и пространства, что мне весьма сильно льстит. От чего да, мы так или иначе можем влиять на мировой порядок, учитывая что на одной стороне с нами собственно говоря... мир!

— Второй: Говоря так ты не вызываешь ни одного чувства кроме стыда. Знаешь... я уважаю людей, что способны не только говорить, но и делать. Да... ты признаться сделал больше чем все эти идиоты за 300 лет моего забвения. Быть может не всё правильно, но сделал! А когда я вижу что это сделала такая мёртвая форель как ты... во мне просыпается стыд. Стыд за то, что все эти ""боги"" во плоти боятся последствий, тогда как нужно просто брать и делать!

После сказанного, парень убрал руку, опираясь на неё встал с земли и стряхнув землю с одежды сказал:

— Труп что не может сгинуть? Без чести и морали? Едва ли. Ты спросил что мне от тебя нужно? Так вот...

/Парень посмотрел прямо в глаза Аполлона, а после широко улыбнулся 😁/
— Хочу новых союзников. Как ты понимаешь, этот король тебя очень высоко оценивает, раз в таком состоянии духа ты можешь делать столь потрясающие вещи. Ты заикнулся что тебе плевать на жизнь и духовную смерть, ведь ты ведом лишь одной целью... не поделишься? Цель в нашей жизни - всё, от чего раз ты до сих пор не сгинул она и держит тебя на плаву. И? Чего же ты пытаешься добиться?","biok_ymer","1502834055555711179"
"10.05.2026 18:24:23","biok_ymer","#9440","—Аполлон—
|-----------------------------------------------------------------------------|
Кукольная голова непонимающе уставился на того, а после не думая стал отвечать:
|-----------------------------------------------------------------------------|

—А я вот совершенно не могу тебя прочесть... Ложь, притворства и истинна не помогли мне понять твоих мотивов, отчего наверное и молчать нет смысла. Что же я хочу? Я движимый целью вернуть свою любовь, знаешь ли ты, что порождения света и тьмы нашего мира никогда бы не совместились вместе? Да что я говорю, ты ведь и так знаешь, что в одном мире не может ужиться частичка света и тьмы. А вот в нашем мире отчего так случилось и как ты понимаешь, это не произошло по щелчку пальца.

-Святая, ""Мива"" или же...мэх.. Афина. Сочетание света и тьмы в одном теле. Для данного баланса её буквально пожертвовали человество, в надежде предотвратить уничтожения путем столкновения двух звёзд... При слиянии девушка перестала быть собой, она стала ""идалом"" и... Той, кто ведьмин лишь ""защитой чедовества"". Она перестала быть той славной девушкой, что я любил... И вот, моя цель вернуть её или же по крайней мере упокоить, а не заставлять её и дальше жить, дабы рождать новых ""защитничков"". Вот и всё. Банально и скучно, да, я и сам это знаю.

|-----------------------------------------------------------------------------|","samin__","1502984832979042465"
"10.05.2026 18:30:03","biok_ymer","#9440","—Афина—
|-----------------------------------------------------------------------------|
Мир звералюдей? Забавно. Девушка вертясь на травке вновь уставилась на небо, говоря:
|-----------------------------------------------------------------------------|

—Как любопытно, а мультивселенная и вправду огромкна и необузданно, словно моя фигура и вовсе не имеет веса с мировыми порядками хех.

|-----------------------------------------------------------------------------|","samin__","1502413931140874386"
"10.05.2026 19:03:44","samin__","#2997","** — Ян Кай — **

Парень разве что не зевнул на слова парня, однако при упомянании двух звëзд призадумался, пытаясь не упустить нить. По завершению провады, тот поднëс руку к подбородку, а после стал тот тереть, молча водя зрачками по округе. Повисло неловкое молчание, которое прервалось весьма резко:

— Мда... мой прокол... не ну как бы не мой, но и мой... ай...

/Сосредоточил взгляд на головëшке/
— Вот именно, что невозможно, чтобы в один мир проникло 2 частички. Я тут цифорки прикинул и есть два варианта. Или есть ещë один мир с двумя частицами и 2 мира без них вовсе или... ммм... есть просто мир без частици... что то, что то в план не входило честно говоря... как ч помню...

— Ладно уж, цель твою я понял, мне она ничего не дала по большей части, кроме убеждения что тебе нужно просто сдохнуть поскорее и прихватить с собой свою ненаглядную, но вот что я тебе скажу... ты тупой. Нет, ну правда... ты в мире откуда всë началось и родом откуда те самые... эм... звëзды?  Вроде так? И тебе просто плевать на этот факт? Знаешь, судьба это не просто метафора, так что советую задуматься над тем что вокруг тебя сейчас и что приведëт тебя к цели, а не засматриваться на недостяживое

После произнесения последней фразы, парень выпрямился, потянулся на месте и сондливо сказал:

— Ладно, спасибо что развлëк, хотя моментами было скучновато

/Щëлкнув пальцами, пространство вокруг них стало понемногу изменяться на комнату/
— Уж люблю создавать красивые виды, ничего не поделать. Ну ладненько, до встречи~

Помахав на прощание, парня не стало. И... что это вообще было? И раз это была илюзия... на чëм тогда весит Апполон?

Оказывается всë это время тот висел на швабре, что просто с силой вбили в стену. Да... красивые сука виды...","biok_ymer","1503055108135457001"
"10.05.2026 19:28:05","samin__","#2997","— Ян Кай и Хао и Чучу —

|| Ну чтож <@&1496355042326872085> , хотеа развития - получай ||

От такого вопроса что парень что девушка встали в ступор не зная как и реагировать на то, что их наствник, что отсутствовал в мире 23 года, пропавший ещë на несколько дней говорит те слова, которые те ждали около десяти лет. От переизбытка чуств Чучу тут же покраснела не зная куда себя девать, Хао же нетерпеливо почти сразу выдал:

— Да-да-да, давайте!

/Ян понимая что ученикам не терпится, олнако решил поинтересоваться/
— Я то с радостью, но ты точно востан...

/Хао тут же перебил, начиная тараторить/

— Слушай, если мы сейчас не сделаем это, то не уверен доживëм ли мы до твоего следующего появления... ... ... а ещë Чу сейчас разнесëт дом, так что давай быстрее

Спохватившись, Ян перенëс сначала атомную бомбу, затем активатор, а после и Сиэльку вместе с собой. Местом была выбрана та самая гора, на которой прозодила первая тренировка Сиэль. Не долго думая, парочка приняла позу лотаса, ожидая чего-то, от чего Ян достав всëрток из портала показал его сначала Сиэль, говоря:

— В теории они могли прорваться и сами, но чтобы в будующем не возникло проблем, за процессом должен следить кто-то опытнее. В теории им мог помочь Цу, но эти двоя на столько пренципиальны... в общем да. Для прорыва на их рангах необходимо соблюсти пару вещей. Достяжение последней ступени в своëм ранге, понимание своего пути и достаточное количество Ци. Вот с последним и проблема, так как они не собирались прорываться, они насильно избавлялись от излишков, от чего...

/Хао вновь нетерпеливо перебил/
— А быть может будете пояснять когда мы уже начнëм?

Ян закотил глаза, раскрывая свëрток в котором было 2 пилюли, направляясь к двоице:

— Вот поэтому сейчас им и нужно дать небольшой толчëк","","1502795998269800478"
"10.05.2026 19:28:08","samin__","#2997","Передав пилюли, двоица без размышлений их поглатили, начиная источать большое количество Ци. От чего-то на небе стали собираться тучи, как будпо появляясь из того самого Ци. Ян же сделав пару шагов назад стал пятиться дальше, проходя Сиэль, удаляясь всë дальше:

— И последнее. Они должны сжечь почти всю свою Ци, отдавая еë для расширения меридиан и даньтяня. И при прорыве на последующие ступени происходит ""испытание небес"". Мложно сказать что произойдëт, так что советую отойти подальше

Так Ян и продолжил идти спиной назад, пока по Чучу не ударила молния. Как только это произошло, тот останоуиля, начиная наблюдать","",""
"10.05.2026 19:32:26","samin__","#2997","|-----------------------------------------------------------|
Девушка лишь кивнула, подтверждая слова собеседници:

— В глобалбном плане да, мы в лучшем случае пищинки в песочных часах, что рано или поздно ударятся о дно. Кстати, а ты кто. Хах, прости что забыла спросить сразу, меня зовут Мэйн Ля Ша, модно просто Мэйн, как понимаешь, нахожусь на стадии Транциндентрости[6]. А ты откуда будешь?

Договорив, девушка открыла глаза уставившмсь заинтересованным взглядом на девушку, что первый раз видела
|-----------------------------------------------------------|","biok_ymer","1503056536505815221"
"10.05.2026 20:24:33","ktoia","#6622","||Нууу не прям развитие <@&1496355042326872085> , но инфа полезная. ||

— Сиэль —

Приспокойнейше переместившись дважды ПОДРЯД - то туда, то сюда Сиэль оказалась на уже знакомой горе. Девочка скрестила руки перед собой и спокойно наблюдала за действиями Хао и Чучу. Когда они проглотили пилюли и их Ци хлынуло наружу, она почувствовала, как воздух стал тяжелее. Да и тучки что-то собираются, кажется скоро польет дождик... Предположив, что сейчас что-то да будет и видя, как Ян отходит, Сиэль тоже поспешила назад, чтобы её ненароком не задело.

Слушая Яна и пятясь, она начала рассуждать:

— Странно. Я думала, прорыв - это когда копишь силы до максимума. А оказывается, нужно почти всё сжечь в нужный момент... Как-то это... нелогично. Получается, чем больше отдаёшь, тем выше поднимаешься? Хм... Звучит как-то... ммм...

Она сделала ещё шаг назад, когда по Чучу ударила молния и чуть не покачнулась.

— Чтобы взлететь, надо сначала упасть. Или чтобы обновить сосуд, его нужно опустошить. Только вместо воды здесь Ци, а вместо сосуда - человек. Интересно, как выглядит прорыв на высшие стадии. Если такое происходит с ними, то намного выше сам мир начинает содрогаться.

Хмыкнув, девочка остановилась.

— Так, эти моменты мне понятны. Вот только... а как и зачем нужно понимание пути? Это будто бы никак не совмещается с накапливанием Ци... Путь нужно именно что найти и принять? Или что-то иное? Это и другое звучит не слишком складно... Можно ли возвышаться без пути?","samin__","1503071151574876340"
"11.05.2026 20:58:47","biok_ymer","#9440","—Афина—
|-----------------------------------------------------------------------------|
Девушка не отводя взгляд  от неба слушала девушку, спокойно отвечая:
|-----------------------------------------------------------------------------|

—Хм, я так понимаю Святая[7],   отчего не сильно выше вас по знаниям и силам. Зовут меня Афина, можете называть и по-другому, я не обижусь. Я из...хм, как я понимаю двигалась с той стороны, сюда.

/Девушка показала в сторону уходящую город Цинь, а после сюда. Она зевнула, а после сказала:/
-Мэйн вы весьма интересная персона и мне нравиться с вами говорить.

|-----------------------------------------------------------------------------|","samin__","1503072235160600797"
"11.05.2026 21:02:31","biok_ymer","#9440","—Аполлон—
|-----------------------------------------------------------------------------|
Слушая со скукой парня, тот в итоге сам и не понял, как разговор подошёл к концу. Оказавшись на швабре тот с силой поднял своё завалявшиесч тело и подойдя пошатываясь к голове, сорвал ту с швабры и нацепил обратно, с хрустои зашелкнув голову, а после задумчиво покинул здания, обдумывая слова темного. Попутно осматриваясь в надежде найти работяг или белых...ну или короля дырок... Да уж, ну и выбор.
|-----------------------------------------------------------------------------|","samin__","1503065011386319000"
"23.05.2026 20:54:17","samin__","#2997","— Хе Чпок и Лже небесный —

Парень шёл по улице, погрузившись в размышления. В поисках хоть кого-то кто ему нужен, тот увидел странную картину. По середине одной из самых оживлённых улиц, стало вдвое оживлённо, правда жителей на них не было. Толпа мужиков стояли прямо посерёд дороги, создавая голдёш, а обычные люди не решались туда соваться, предпочитая обходить странных стороной, даже если бы им пришлось делать огромный крюк

Подойдя чуть ближе, тот услышал знакомый старческий голос Хе Чпока, что как всегда нёс какую-то ахинею. Протолкнувшись хоть чуть дальше к центру заворушки, парень увидел... очень странную картину

Старик стоял на бочке, еле как дотягиваясь при этом уровнем глаз до собеседника и кричал:

— Да с какого! Это тыж мне будешь что-то говорить?! МАЛЬЧИШКА! Молоко ещё на губах не обсохло, чтобы последнюю брашку у старика отнимать!

Мужчина же стоял спокойно и с нахмуренным взглядом смотрел на потуги старика донести мысль, которой и не было. Дослуваш слова старца, тот процедил через зубы, явно уже задолбавшись говорить с Чпоком:

— Слышь плесень... это кто ещё тут из нас не понимает где оказался? Ты можешь уже перестать молоть чушь и сказать что ты докопался до славных пьянчуг вроде нас

/Естественно Чпоку было что сказать и на это/
— Ты то? Славный? Ты на рожу свою посмотри... ТЫЖ УРОД. Как тебя выносили та такого? Еслиб у меня в роду такие выродки были... ммм... угу... ладно, проехали... у меня и не такие рождались

/Мужик на откровение деда лишь ухмыльнулся, скрещивая руки на груди/
— Ну и чё ты хочешь то? Я на твою шахту и не засматриваюсь, ебись с ней как хочешь, нам то что?

/Старик не меняясь в маске недовольно пробурчал/
— МНЕ нужны работнички. Спины не сорваные, чтобы их сорвать. Смекаешь? Ручища работящие, чтобы сделать из заброшенной старушки хорошую такую дырку, в которую приятно будет входить!

/Мужик скривил лицо/
— Старик... а мы точно про шахту сейчас говорим?

||(Будет 2 голоса толпы теперь, молодой (этот тип) и старый (бомж))||","biok_ymer","1503457294648873100"
"23.05.2026 20:55:08","samin__","#2997","— Ян Кай —

Парень сосредоточено смотря за потугами своих учеников, слегка отстранено слушал Сиэль, однако всё-же ответил:

— Аналогия с сосудом неплохая, однако суть неверная. Это можно сравнить с прорывом через стену. Чтобы сломать даже тонкую деревянную стенку, нужно приложить усилия. Здесь логика похожа. Чтобы прорваться на следующий ранг, нужно оборвать как можно больше оков, которые ты смог найти, а для этого нужно влить большое количество Ци, циркулируя ею по всему телу в порядке, который для каждого человека уникален

— Путь же... не обязателен, однако понимание твоего пути, тесно связано с процессом прорыва. Понимаешь ли, если Хао и Чучу сейчас нужно прорвать небольшой барьер, попутно выдержав испытание небес, то человеку, который потерял свой путь или вовсе его не обрёл, придётся преодолеть нечто подобное крепостной стене города, при помощи только своих сил, так ещё и за ограниченное время, что хоть и звучит выполнимо, но не имеет смысла. Зачем пробиваться через стену, если рядом есть ворота? Тут подобный смысл

— Да и испытания с каждым рангом всё страшнее. Если условно я иди Цу захотим прорваться, нам нужно сначала всех предупредить по хорошему, а потом ещё и отойти на край материка, чтобы не задеть чего ненароком. Да и мир тогда содрогается от наших потугов, так что за этим наблюдает сам Дао, что тоже не делает сие действие безопаснее

В это время Сиэль почувствовала, что у Хао с Чучу осталось примерно по 20% от изначального запаса Ци, что уже было весьма мало. Старшие разгоняли Ци по телу, заставляя ту изгибаться и нестись на скорости под 45°. После попадания 3-ей молнии по Чучу, та открыла глаза, вбирая обратно некоторую часть Ци, которую высвобождал до этого, просто чтобы не грохнуться в обморок, Хао же всё ещё не вызвал даже первой...

Ещё через пару минут, Чучу встав подошла к двоице, аккуратно говоря:

— А что с ним?

Ян же прищурившись ответил:

— Сомнения. Думаю он справится, но это будет для него не просто. Что произошло с ним в последние дни?","ktoia","1503085350980026368"
"23.05.2026 23:48:43","ktoia","#6622","— Сиэль —  

Сиэль молча слушала, переваривая каждое слово. Аналогия со стеной и воротами была неожиданно понятной. Но от этого не легче.  

— То есть путь - это не просто навыки, а ключ и облегчение. Хорошо, приняла.  

Она замолчала, наблюдая за Хао, который до сих пор не мог прорваться. В отличие от Чучу, он не вызывал молний. Просто сидел, сосредоточенный, но явно не в своей тарелке. Когда Чучу подошла к ним, Сиэль перевела взгляд на старшего, а затем обратно на Яна.  

— Амм... После того случая с Ча Бао, Хао отлёживался, ничего такого не происходило... А ещё... /сделала паузу, припоминая/ Перед третьим испытанием мы с ним говорили. Обычный разговор с утра, я ничего высокого не поднимала, но он меня как-то... быстро прогнал? Неестественно. Будто не хотел, чтобы я видела его состояние. Или чтобы я что-то заметила....  

Она снова посмотрела на Хао.  

— Хммм.... Перед испытанием на всех претендентов в ученики нападали неизвестные, за исключением меня. Может, Хао с этим как-то связан? Но предположений у меня нет.","samin__","1507804088723574906"
"24.05.2026 02:16:51","biok_ymer","#9440","—Аполлон—
|-----------------------------------------------------------------------------|
Парень смотря за данным представлением незнал что и сказать, однако все же решил незатейливо так вмешаться, чуть прокашлявшись и говоря:
|-----------------------------------------------------------------------------|

—Кхе кхе, господа, я погляжу вы уже познакомились. Как славно, как раз нужно было думать куда вас представить. Я лишь услышал часть разговора, но с одним могу точно согласиться, нам нужны люди на шахтах и так как у нас много рабочей силы, что не вся как по мне должна идти на караваны, кому-то нужно будет пойти на другие места. И сразу отвечу, НЕ НАВСЕГДА. Вы будете сменять друг друга, чтобы не надоедала рутина. Поэтому нам нужно определиться кто и как начнет, а дальше уже будете чередоваться. Высказывайтесь как есть, я вас выслушаю.

|-----------------------------------------------------------------------------|","samin__","1507803875258929323"
"24.05.2026 02:17:11","biok_ymer","#9440","/монах ждать или мне писать?/","",""
"24.05.2026 10:13:51","samin__","#2997","— Ян Кай и Чучу—

Девушка нахмурилась, смотря на Сиэль, явно недовольная тем, что та буквально обвиняет Хао в нападении на учеников. Ян же и вовсе не слышал до этого момента про данный инцидент, от чего призадумавшись сказал:

— Значит кто-то напал на всех претендентов. Нужно будет позднее обговорить это с Цу, но... Хао то. На вряд ли. Хотя то что он тебя прогнал и вправду не похоже на него. Он бы скорее потерпел что угодно, нежели отказаться от общения, тем более с тобой

— Говоришь напали на всех кроме тебя? Странное дело... на всех...

Да, Ян резко стал дебилом, чтобы Сиэлька смогла блистать, однако Хао уже выглядел не лучшим образом. Вены на его лбу явно вздулись, явно предвещая что сил у него осталось не столь много","ktoia","1507847772114784406"
"24.05.2026 10:23:16","samin__","#2997","— Хе Чпок и Лже небесный —

Мужик было хотел что-то сказать, однако его перебил Чпок:

— О, я кажется тебя где-то видел, только вот не помню где. Да и чего тут думать. Видишь эту толпу? Всех ко мне в шахтёнку и дело с концом

Мужик, которому надоело слушать бредни старой рухляди, одним движением ноги выбил бочку из из под его ног, заставляя ту отлететь чуть в сторону. Старик же кряхтя плюхнулся на землю и начал тихо что-то вякать. Двухметровая шпала же повернулась к Аполлону:

— Мыж и не против. Понемногу с каждого возраста и дело с концом. А то если заставить только стариков горбатиться в шахте - это будет уже не дело

/Сложил руки в замком на груди и кивнул в сторону валяющегося Чпока/
— Это кстати говоря не из наших, уж больно странный он, даже по нашим меркам

Тут Чпок резко вскочил на ноги, опираясь на свой посох и недолго думая хернул тем по ноге мужика со словами:

— Ты чё делаешь бугай?! Недомерок, у меня спина больнее чем голова! Я тебя научу старость уважать!","biok_ymer","1507885050690273372"
"24.05.2026 11:59:45","ktoia","#6622","— Сиэль —  

Сиэль задумчиво смотрела на Хао и благо не замечала чужих взглядов. Что с ним было? О чём еще они говорили тогда? Ммм... Не размышляя об этом в себе, она начала перечислять все моменты того утра:  

— Я проснулась, видела, что он медитировал, пока я не начала выдирать расчёской свои волосы. Он чуть-чуть посмеялся надо мной и всё таки помог. Мы поговорили о всяком, о помощи, которую он всегда может предоставить... Хм... о том, чтобы его не трогали во время прорыва, пока он сам не попросит помощи - ведь у вас так принято проходить ""испытания"". Потом на вопрос о том, когда прорыв, он ответил, что готовы к этому целых пятнадцать лет, но нужно подождать, пока меридианы опять окрепнут после случая с Ча Бао. Кхм... За меня он переживал: говорил, что барьера Ча Хи не будет... До расчёсывания как раз таки сказал, что все кто нужен уже в секте, а ещё пожаловался, что не сможет увидеть прохождение испытания.... 

— Прогнал он меня, как я и сказала, чересчур быстро. Да и когда махал, выглядел так, будто делает что-то неприятное.  

Сиэль замолчала, собирая все эти детали воедино. Она определенно не видела нити связи - только точечные булавки. Но разве можно из-за них настолько сильно сомневаться?

— Знаете, если ты тянешь одно и то же дело огромное количество времени, то сомнения в себе обязательно появятся. Мх... А у Хао меридианы точно до конца излечились? Других идей о Сомнениях я не вижу.","samin__","1508005094119968840"
"24.05.2026 19:45:55","biok_ymer","#9440","—Аполлон—
|-----------------------------------------------------------------------------|
Встав между двух зол, парень пытался их разнять, говоря:
|-----------------------------------------------------------------------------|

—Да уж, ну к чему эти Ссоры? Мужчина прав и следует распределить людей кто может, а не всех. И да, этот старик считайте руководит работой в шахте, отчего он и горит желанием всех туда затащить. Надеюсь мы не будем устраивать новую битву, наша цель мирно сосуществовать, а не воевать и дальше как тот же Альянс с Деманами... Надеюсь это вы понять можете? Я тут чтобы помочь вам, а не заставлять пахать за ничто.

|-----------------------------------------------------------------------------|","samin__","1508007463054737480"
"25.05.2026 14:11:36","samin__","#2997","— Хе Чпок и Лже небесный —

Поморщившись от удара старика, мужик хотел было уже отомстить за свой мизинчик, однако услышав слова паренька фыркнул как бык, убирая ногу в сторону, отвечая тому:

— Да ты за кого нас принимаешь? Не один из нас на старца руку не поднимет, а если кто и посмеет мы его уму разуму научим, уж будь уверен
/Сказал тот, кто выбил бочку из под ног старика/

Толпа же начала подвякивать, подтверждая слова мужика, в то время как Чпок смотрел снизу вверх на всё это и пытался что-то обмозговать, однако пока его соперник по вниманию что-то там говорил, тот воскликнул:

— А! ТАК ЭТО ТЫ ТОТ ПРОСТАК! Помню-помню, давно тебя не видел. В общем дай мне кого чтобы шахту показал и РАБОТЯГ загони, а там мы уже сами разберёмси. Я их туда, сюда и того делов. /Показал на бугая/ Главное этого тупицу от меня подальше держи","biok_ymer","1508149059846930654"
"25.05.2026 14:32:13","samin__","#2997","— Ян Кай и Чучу —

Слушая рассказ девочки, двоица призадумалась. Помолчав ещё немного, после того как та закончила, Ян сказал:

— Чу, что вообще было за время моего отсутствия, быть может случилось что-то серьёзное?

Девушка ничуть не сомневаясь ответила:

— Нет, всё было как всегда. Задания, много работы, совершенствование и повседневность, ничего такого что могло бы вызвать такую неуверенность

/Парень пожал плечами, приходя к заключению/
— Значит что-то произошло в эти дни. Мда... запустил я вас, постараюсь побольше проводить времени с вами, чтобы замечать такие моменты... только вот, а что сейчас делать, даже не знаю. Он как будто сомневается что стоит прорываться, как будто чего-то боится

/Чучу отвела взгляд в сторону, тихо отвечая/
— Ну... чего-то странного я не замечала, только то что мы следили за Сиэль...

/Тут парень выпрямился, прикрывая глаза рукой, начиная причитать/
— Ну вот и зачем спрашивается вы вообще это делали. Не думаю что причина в этом, да и причина меня не особо интересует, так что мимо, отчитаю вас потом, а сейчас... остаётся надеяться только на него, ибо помочь мы не сможем

Примерно в этот момент над Хао и стала скапливаться Ци, что до этого не ощущалась. Заприметив это, Ян резко схватил девочек за руки и куда-то перенёс. По ощущениям это был какой-то лес, однако... а зачем мы тут? Стояло этому вопросу повиснуть в воздухе, как по лесу пронеслась взрывная волна, а сам лес озарился оранжевым светом. Деревья еле как держались, а листья и вовсе стали отлетать. Сиэлька же и вовсе с трудом удерживаясь на ногах, слыша от Яна лишь:

— Ну почему ты такой проблемный?!

После этих слов, парень вновь куда-то исчез, оставляя девушек по среди леса

||Твой пост и будет скип с объяснением что произошло и того что было в эти пару дней||","ktoia","1508031744278925373"
"25.05.2026 20:11:23","ktoia","#6622","— Сиэль —

Слушая перепалку, Сиэль могла бы вклиниться, но все эти вкиды были бы не к месту. Вероятнее всего, она всё равно ничего не вспомнит что было за эти пару дней. Что вообще могло происходить? Один отлёживался...кхм... Вроде отлёживался. А вторая ходила в АД и следила за бедоллагой... Или нет? Пф... 

До того момента, пока Чучу не сказала про слежку, Сиэль была занята разговорами в себе. Может, прошлые что-то заметили? Ммм... Нет. Тогда... ЧЕГО? За мной следили?!

Извините? Что? Нет, погодите в плане ""🌈 следили🍧"", или ""🧟 СЛЕДИЛИ💀""? А если они 🧟 СЛЕДИЛИ 💀, то могли заметить то, что не должны были видеть их глаза? Обдумать этот момент не было времени - с Хао определённо что-то происходило. Хорошо или плохо? Чёрт его знает, но процесс прорыва, видимо не хотел прерываться! Когда Сиэльку резко схватили за руку, прерывая наблюдение за Хао, она глянула на Яна, а после телепортации на окружение. Спрашивается, зачем мы... БАБАХ! Ну понятно. Отлично, что их перенесли в лес. В отличие от Чучу и Яна, Сиэль бы улетела назад следом за листьями. Поэтому она просто взялась за ближайшее деревце, добавляя себе устойчивости.

И... вжух - закончилось. Стало как то тихо. Сиэль перестала держаться за кору, отпустила её, глубоко выдохнула и уставилась на оранжевое зарево. Нет, это было ни в коем случае не выдох облегчениея - это была усталость. Плохо дела идут. Весь денёк был неплохим, а конец такой себе....

Какие вообще могут быть сомнения на пути к совершенствованию? Странно это всё.

Отойдя от деревца, Сиэлька глянула на Чучу. Говорить про слежку сейчас неуместно, обнадёживать - тоже. Значит, молчать? М-м... Нет. 

Сиэль потёрла ладошки от пыли и сказала:

— Старшая, думаю, думать о плохом сейчас опрометчиво... Мх... Хотя и вера в хорошее лишь оттягивает плохое... Чу, о чём думаешь?","samin__","1508432502606532738"
"25.05.2026 21:39:39","biok_ymer","#9440","—Аполлон—
|-----------------------------------------------------------------------------|
Понимая что драка вроде закончилась, не успев начаться, мужчина потер свою спину, говоря:
|-----------------------------------------------------------------------------|

—Ладно, рад что избежали лишнего казуса... Человека что покажет и расскажет про шахту найду, все равно мне нужно обговорить с главой города некоторые моменты, оттуда и направлю к вам человека.

/Сказав это тот отошёл от двоих, смотря на людей и говоря:/
-Это не боится Старца мистера Чпока, то прошу идите за ним в сторону шахты, кто же не желает связываться с этим и хотел бы заняться чем-то другим, прошу пойти за мной до города главы, где мы и подберём вам работку. Если все пройдет хорошо, то и жилье сможем выделить вам быстро, однако думаю на это понадобиться время, за что извиняюсь.

/Договорив свою фразу тот выдохнул, а после закинув руки за голову погнал в сторону здания главы города, говоря вслед:/
-Если хотите обдумать я все равно вас буду ждать там, поэтому встретимся там. На шахту также зайду, чтобы предотвратить лишних недопониманий... Спасибо за вашу помощь и терпение.

|-----------------------------------------------------------------------------|","samin__","1508427311211614238"
"26.05.2026 14:27:29","samin__","#2997","|-----------------------------------------------------------------------------|

Все мужики явно были недовольны что с ними общаются как с какими-то вельможими, от чего цикнув закатили глаза, разбредаясь кто куда, даже не думая идти за Аполлоном. Даже Чпок почесав репу поплёлся куда-то к горам, предполагая где тут может быть шахта

Подойдя к зданию главы городка, то казалось ещё более заброшенным чем обычно. И зачем спрашивается глава города вот уже месяц прячется от своего же народа? Поднявшись на второй этаж, парень застал целый консилиум. Там был старейшина, мужчина которого до этого Аполлон ранее не видел и Линци, что не скрывая неприязни смотрел на лестницу ещё до того как по ней кто-то поднялся

Стояло Аполлону ступить на доски, он привлёк к себе внимание, которого уж точно не желал. Все нахмурившись смотрели на того, как будто уже обвинили его во всех бедах, что произошли с городом за это время

|-----------------------------------------------------------------------------|","biok_ymer","1508540067684028488"
"26.05.2026 15:23:04","samin__","#2997","— Чучу —

Девушка была просто в шоке, не понимая что могло вызвать такой эффект, от чего растерянно ответила:

— О том как не уничтожить сейчас этот лес...

ЯН!!! С КЕМ ТЫ ОСТАВИЛ ДЕВОЧКУ?!

|-----------------------------------------------------------------------------|
Благо всё обошлось. Оказалось что Хао выбил ""джекпот"", который выпадает не часто. Испытание было сильнее чем тот мог перенести, от чего он перескочил сразу через пару стадий, однако попутно разрушив все меридианы, пытаясь прорваться изо всех сил, от чего на неопределённое время стал по большей части обычным человеком. Это неслабо подкосило как Яна, так и Чучу, что не особо и знали что делать.

Девочке позднее разъяснили что Бессмертное Вознесение [5] является последней стадией, в которой человека можно назвать человеком, ведь дальше идёт предбожественные царства, что не пройти без боли, сосредоточения и дюжены удачи, от чего парочка не стремилась бежать впереди паровоза, выбирая просто пожить в своё удовольствие. Ян же уговаривал их хотя бы не запускать что есть, но всё было тщетно, да и всё усугубляло что Хао стал обычным человеком, возможно те боялись что продолжая, они не выживут, а учитывая что на их ранге они бы спокойно прожили пол тысячелетия, они вообще не спешили. В ""семейке"" повисло некое напряжение и хотя ругани не было, да и всё было как прежде, но прежней дружности уже не было и в помине","ktoia","1508517854629204099"
"26.05.2026 15:23:08","samin__","#2997","Так прошло около недели, на столько однотипных, что Сиэль потеряла счёт дней. Казалось что Мина вовсе потеряла интерес, а Ян взялся за ту всерьёз, учитывая что оба ученика пока что забили на его наставления. Каждый день начинался и заканчивался одинаково. Медитации и тренировки на вершине полуразрушенной горы, под лучами первого и последнего солнца

В свободное время девочка занималась тем, что любила больше всего, а именно наблюдала за всем что происходило в секте. Тренировки других учеников и в частности своих знакомых:

Кёртис так и продолжал СТРАДАТЬ время от времени жалуясь Сиэльке о своей доле, всё больше и больше угасая. Та буквально видела как из жизнерадостного, слегка припизднутого парня делали серую массту. Сильную, от с пустыми глазами. Просто очередной солдат без своей воли и целей. Огонёк в его глазах всё ещё был, но уже не всетил так ярко, да и девочку тот перестал подкатывать

Серис понемногу начала выходить, терпя сплетни за спиной, однако её спасало то, что она была драконом, так что не многие осмеливались к ней лезть, хотя и друзей от этого у той и не было, ну а мастера она и вовсе не нашла, от чего просто слонялась по секте как неприкаянная душа, пару раз поднимая вопрос о том, что хочет встретиться с ЯН КАЕМ, а не ЦУ! Однако тот по какой-то причине отказывался её тренировать, ссылаясь что не потянет последствий от клана драконов","",""
"26.05.2026 15:23:09","samin__","#2997","Суйка как и обещала притащила слухов со всей секты про Фэнга. Среди них были как мусорные, по типу размера ноги, так и весьма интересные, вроде того, что номинально тот является частью альянса, не смотря на свои невероятные корни со стороны демонов. Про пропавшее звено в семейке Ду не было понятно, был дед, внук и... ни одного слуха о его родне. Пришёл тот из какого-то малого мира, от куда уже приходили ""сыновья небес"", что являлись по сути благословлёнными, а именно рождённые с какими-то дарами и предназначением, которое бы преследовало их всю жизнь. Выходила палка на двух концах, однако никто так и не мог понять почему он совершенствуется в разы медленнее остальных, показывая результаты, превосходящие многих, но ДАЛЕКО не всех, оставаясь чуть выше середнячка в своей весовой категории. А ещё та сказала между строк, что Сиэль с ним шиперят, распуская слухи, от чего он стал ещё более нерукопожатным. Когда девочка попыталась что-то про это узнать, Суйка пытаясь перевести тему, резко попрощалась, покрасневши убегая кпо улице столь быстро, что Сиэлька не смогла бы догнать её, если бы даже попыталась

Так серо и прошли дни, пока не настал день X. Он начался как всегда. Девочка проснулась, её привели в порядок, ведь та до сих пор не могла о себе заботиться, а после тренировки она пошла бесцельно бродить. Так прошла первая половина дня, а когда солнце повисло в зените девочка решала отдохнуть в парке, присев на лавочку в тени деревьев. Расслабившись, та и не заметила, как начала погружаться в себя, как вдруг какое-то неприятное чуство разлилось по груди. Осмотревшись, та заметила причину беспокойства, а именно Гу Чанге, что ненавязчиво прогуливался по тому-же парку. И что спрашивается тут делает внук главы Альянса?
|-----------------------------------------------------------------------------|","",""
"26.05.2026 18:47:12","biok_ymer","#9440","—Аполлон—
|-----------------------------------------------------------------------------|
Со спокойным видом тот поклонился заприметив толпу, а после с непониманием сказал:
|-----------------------------------------------------------------------------|

—Ну и чего лица такие хмуры, помер кто? Я пришел некоторые вопросы об кашлять, есть минутка?

|-----------------------------------------------------------------------------|","samin__","1508793695896338492"
"26.05.2026 18:56:38","ktoia","#6622","— Сиэль —

Не будем заострять внимание на том, что после дня возвышения стадии культивации Хао ближайшего леса больше не существовало по вине Чучу. Благо всё закончилось более-менее сносно - во всяком случае, по мнению Сиэль, никто из тех, чьей смерти она бы не хотела, не случилось.

|-----------------------------------------------------------------------------|

Начнём с начала. Хао и Чучу, по всей видимости, из-за произошедшего больше не хотят рисковать своими жизнями на пути совершенствования. Скорее именно ситуация с Хао подтолкнула их к этому. По большей части их можно понять: сейчас, когда Хао вернёт себе здоровые меридианы, они смогут жить вполне себе спокойно. Так какой смысл возвышаться всё дальше и дальше? Что их можно понять, что можно понять Яна - всё-таки он их наставник и наверняка хотел бы, чтобы старшие не забрасывали совершенствование. Увы, но к общему согласию ни одна из сторон вроде как не пришла. Мнение Сиэль же осталось таковым: смысла всю жизнь убивать на возвышение культивации нет. Не каждый этого жаждет и вполне достаточно подняться на те уровни, где ты уже можешь чувствовать себя нормально, а дальше - не нужно. Лично для таких случае в этом нет смысла. Хао и Чучу - оправданы. Не став осуждать ни тех, ни Яна, она была немым смотрителем этого ""семейного"" напряжения. Смотреть за ним, конечно, слегка неприятно, но что поделать? Сами должны прийти к согласию.

Следующие дни были именно теми, которые она и ожидала, когда Ян ещё в Междумирье говорил про Мурим. Размеренность, однотипность и... Между тем - тренировки. Удивительно, но Ян за эти дни действительно ей занялся. С тем духом уже справились? М-м... В любом случае, проявлений первой личности Яна Сиэль не замечала. Что ещё лучше - Мины и Го вообще не было видно! Это было чудесное ощущение, когда от тебя ничего не требуют, кроме отдачи на тренировках. Что до тренировок - такой темп её полностью устраивал. Медитации, тренировки, медитации, тренировки и так далее. Между тем Сиэль брала советы и тренировки уже у своих пожизненных знакомых - прошлых. Море сознания оказалось отличным полигоном для практики не только Тьмы и Света, но и для изучения других техник коими те могли поделится. 

Переходя от тренировок: в свободное время, которое к удивлению было, Сиэль просто ходила к друзьям и наслаждалась неким спокойствием. Уж больно ей это нравилось. В райончик красных фонарей, АД и прочие не совсем благополучные места не совалась. 

Что до её знакомых... Было немного ЖАЛЬ видеть жука по имени Кёртис таким. Учитывая его яростный и дурацкий характер в начале, было удивительно смотреть за тем, как тот быстро тускнеет в руках Го. Неужели он так отыгрывается на нём? Сам на себя Кёртис был похож всё меньше и меньше. Может, переборет себя - ибо если так продолжится, он станет не Кёртисом, мх... надо бы его с Суйкой познакомить. 

Серис. Тоже жаль в какой-то степени. Слухи тут расходятся быстро и как Фэнг дракончик стала не совсем рукопожатной. Её не дразнили, но было видно, что общения той очень сильно не хватает. Что до другого... Она не особо развивалась. Наверняка у неё были личные тренировки, но наставника так и не появилось. Конечно, развиваться можно и без него, но с ним - во многом продуктивнее. Что до наставников... Из старейшин Сиэль НИКОГО, кроме Цуй и того же Цу, не посоветует, даже Кая - хотя он и так не возьмёт. Увы, Сиэлька не могла ей помочь с этим, поэтому лишь могла поговорить и поддержать её скучные будни.","samin__","1508807706830438490"
"26.05.2026 18:56:39","ktoia","#6622","Суйка... Ну, про Фэнга она тогда спросила, потому что это первое, что пришло в голову. Не думала же Сиэль, что она будет ПЫЛЕСОСИТЬ каждого человека по этому поводу. Ладно. Что до того, о чём она рассказала - абсолютно большая половина бесполезность, а другое на самом деле интересно. Демонические корни да и просто семейное положение заставляли задуматься. Уж больно странно это всё, как и его способность быть лучше других, хотя он хуже... Чего? Пф... Бурда какая-то. Если будет встреча с глазу на глаз, Сиэль бы поговорила про цель, которую он аля преследует всю жизнь и которая преследует его. Все таки у неё тоже есть нечто подобное. Интересно... Стоит подумать. Ну и конечно не стоит забывать про слова о ""шиперинге""... что бы это не значало! Сначала Сиэль не поняла, попыталась узнать подробнее, но ответа не получила и этот побег Суйки подтвердил некоторые мысли и догадки девочки. Она отнеслась к этому серьезно, скорее странно. Плевать, что там и с кем о ней говорят. Дело было не в этом. Дело было в том, чтобы слухов о ней не было - ей не нужно лишнее внимание. А тут оно само появлялось с ровного места. Да и что? С кем? С Фэнгом? Что-то с этим нужно будет поделать, а может и само утихнет.

|-----------------------------------------------------------------------------|

Что ж... не скажу, что дни были серыми. Серые - это скучные, а это были вполне себе обычные. Но вот настал день ""Х"". Встать, попросить, чтобы привели в порядок... Да! Пока что не научилась сама! НО Сиэлька смотрит и учится. Возможно, через годик сама будет всё делать. Годик... кхм... И тренировка, которая прошла всё на той же разрушенной горе. Вслед за этим Сиэль по своему обычному графику прогуливалась по секте, никого не трогая, а зайдя в парк решила провести часок тут - в спокойствии, тишине и... А? Какая-то мерзкая нотка от головы дошла прямо и врезалась в грудь. От таких не очень приятных ощущений она приподнялась, перестав облокачиваться на скамью и поглядела по сторонам, не понимая с чем это может быть связано. И ой... ой-ой-ой. Лучше бы не смотрела! Честно говоря наверное не надо быть гением чтобы понять что тут просто так Гу Чанге, внук Альянса, гулять не будет! Как же хорошо было все эти дни не видеть ни одного просветлённого - по крайней мере, не общаться с ними. Но тут... ОН. Может, тот пришёл к Наньер? Всё таки она довольно важна для Альянса, поэтому и братец пришёл её проведать. Да! Наверное, так и есть! Что ж, тут оставаться было уж больно неприятно и не только из-за неприятного чувства, но и из-за ""компании"", от которой оно появилось. Ещё с первого дня испытаний Гу ей не нравится, да и с Аполлоном что-то этот мутил. Ничего хорошего не будет, если она тут останется.

Встав со скамейки, Сиэлька перестала смотреть в его сторону и начала ТОП-ТОП в противоположную от Гу Чанге сторону.","",""
"27.05.2026 00:00:37","samin__","#2997","— Гу Чанге —

Парень в назначай проходил мимо, однако заприметив Сиэль притормозил, а когда та начала уходить, ухмыльнувшись двинулся в след за ней, понемногу сокращая дистанцию, как хищник настигая свою жертву, однако ни кровожадности, ничего иного он не источал, лишь неприятное чувство в груди Сиэль, на удивление, понемногу становилось слабее, хотя Чанге приближался","ktoia","1508861437412642838"
"27.05.2026 00:10:47","ktoia","#6622","— Сиэль —

Сиэль почувствовала, как неприятное давящее ощущение в груди начало ослабевать, но легче от этого не стало. Наоборот - она вдруг острее осознала, что Гу Чанге движется за ней. Не бежит, не спешит - просто идёт следом, будто у него полно времени и он точно знает, что она никуда не денется! А ведь он ПРАВ! Тааааак.... так, последние дни она могла где-то спалится? Да.... НЕТ! Пф.......

Она не оборачивалась, лишь слегка не в значай ускорила шаг, затем свернула за угол, потом ещё раз, выбирая путь не наугад, а вполне осознанно - к главному дворцу. К Цу. Что спрашивается делать в такой ситуации? Мм... он точно её остановит, да боже, естественно он понимает что я ухожу от НЕГО! Уже странностей выше крыши! Мх.... Плевать!

Хоть сколько-то дойдя до подножья цыганского дома, она невзначай повернула головку в бок дабы глянуть где этот черноволосый, а когда его увидит сделает удивленное выражение личика и... Развернется! Да она сама остановится в пол оборота с немым вопросом.....","samin__","1508937931107074079"
"27.05.2026 11:07:53","samin__","#2997","— Гу Чанге —

Парень разумеется уже понял что его пытаюстся обвести, от чего забавы ради просто наблюдал чем это закончиться, будучи готовым даже выступить против Цу, однако на его удивление этого не потребовалось. Девочка не воплотив свой план повернулась к нему, от чего тот улыбнувшись сделал ещё пару шагов, остановившись в паре шагов для разговора. Спрятав руки за спину, тот занёс их в замок, а после наклонив голову на бок молвил:

— Ох, какая неожиданная встреча, не правда ли~? Дитя, позволь занять крупицу твоего времени?

К этому моменту, неприятное место вовсе исчезло. Почему вообще этот просветлённый так на неё влияет?","ktoia","1508940487929888898"
"27.05.2026 11:20:12","ktoia","#6622","— Сиэль —

Сиэлька на мгновение замерла, когда Гу Чанге заговорил. Её глазки на секунду расширились, но она быстро взяла себя в руки ровно настолько, чтобы не выглядеть неуместно. Она чуть приподняла бровки, словно удивляясь его внезапному появлению. Взгляд скользнул по сторонам - пытаясь понять, а может он обознался? Мх... Да, консперация не очень.

Совсем слегка наклонив головку аля из-за уважения сказала:

— Мм.. господин Гу Чанге. Конечно, у меня нет повода отказывать вам.

Голос звучал ровно, почти спокойно. Она не знала, что ему нужно, но то, что Альянс вышел на неё так быстро, было нехорошим знаком. Может, надо было перекраситься? Мысль абсурдная но смысл имела.

Она встала ровно и смотрела на Гу Чанге с вежливым, но настороженным ожиданием. 

— Чем могу помочь?","samin__","1509105856216694875"
"27.05.2026 11:43:48","samin__","#2997","— Гу Чанге —

Парень спокойно и даже... как-то добро улыбнулся сделав пол шага назад. Тут прошлые стали сообщать что они чувствуют какое-то странное присутствие, как будто за этим разговором кто-то наблюдает

Достав одну руку из-за спины, парень помахал ею, отмахиваясь от слов Сиэль, говоря в ответ:

— Не стоит, не стоит. Как ни как мы одна семья, даже если и далёкие, но родственники. Хм... кстати, а из кого ты? Я не припоминаю чтобы отправлял сюда кого-то кроме малышки Наньер

Голосок звучал приторно добро, как будто с той говорил Хао или Чучу. Из него даже не чувствовалось лукавости. Либо всё не столь плохо, либо этот притворщик ну очень хорош","ktoia","1509108955534852096"
"27.05.2026 12:31:57","ktoia","#6622","— Сиэль —

Сиэль почувствовала, как прошлые внутри зашевелились, предупреждая о чём-то странном. Кто-то наблюдал. Она не знала кто и это настораживала ещё больше. 

Когда Гу Чанге заговорил о семье, Сиэль внутренне напряглась. Семья? Вот и попалась. Она в принципе понимала откуда он это взял, но спорить сейчас было бы верхом глупости. Враньё? Мм... Пожалуй только оно и задержит того на некоторое время...

— Я?

Сиэлька переспросила, слегка приподняв бровь и коснувшись пальцами пряди белых волос, ответила:

— Честно сказать, я и сама не знаю. У меня... с памятью проблемы. Ни родных матери, ни отца я не помню. Поэтому разбираться в родстве как-то... сложно, да и меня всегда отговаривали от этого....

Она говорила ровно, без лишних эмоций, хотя внутри напряжение оставалось. Она понимала - тот не поверит, а иных выборов все равно не много... Цу же слышит всё, что происходит в стенах секты?.. Наверняка он знает об этом разговоре? Или как минимум о Гу Чанге, что тут бродит. И в случае чего появится.. правда?","samin__","1509114892710314077"
"28.05.2026 00:45:52","samin__","#2997","— Гу Чанге —

Удостоверившись, что девочка не из его семейства, парень ухмыльнулся проговаривая в слух:

— Значит пошла сюда без дозволения семьи? Смело

Прикрыв глаза, тот сделал небольшую паузу перед тем как сказать:

— Ну не переживай, пусть это будет нашим маленьким секретом. Мне и самому нынешний вектор не столь нравится, так что просто закрою на это глаза. Бук-валь-но

Договорив, тот достал руку из-за спины, занося еë чуть вверх, а после опуская на пелчико девочки:

— Ты главное-е-е...

Прикрытые до этого глаза распахнулись в мгновение ока. Во взгляде читалось не то смятение, не то крайнее удивление что так и повисто в воздухе. Пуф-пуф-пуф... похоже кто-то узнал про атрибут || Ну сука не вини меня, это в угоду сюжета, а то бы он ещë пару недель бы просто куколдил ||","ktoia","1509127012131016834"
"28.05.2026 00:53:22","ktoia","#6622","— Сиэль —

Че серьезно? **Ты не ГОВНЮК?** Нет погодите, он щас серьезно? Да?!?!! По виду именно так! Сиэлька внутри прыгала, буквально, ведь думала что все, конец.... Размеренной жизни каюк, а Гу Чанге действительно оказался вполне себе нормальным мужиком! Ну то есть, Хао и Чучу, вы говрили в принципе правду, парень то нормальный!.... 

Девочка уже расслабилась, лицо стало не столь каменным сколько ""облегченным"". Если он закроет глаза все будет отлично.... Ух.... УХХХХХХХ.... НЕ СТОИЛО РАССЛАБЛЯТСЯ.... Девочка и сама не поняла в какой момент Гу Чанге положил руку ей на плече.... Однако когда осознала, то сдерживать свои эмоции не могла, выражение лица приняла такой же ахуй как и у него... Она глянула на его руку..... глазки кнопки глянули тому в глаза, а после Сиэлька попыталась сделать шажок назад и сказала:

 — Что... мх... Да... а.. м.а... ам.... Что-то.... не....... так?

Собственный ахуй не уходил с лица. Как можно было так проебаться? Переплыла море, а утонула в луже.","samin__","1509311707200229396"
"28.05.2026 12:33:37","samin__","#2997","— Гу чанге и Ян Цу —

Парень даже не думал задерживать девочку, от чего та спокойно смогла сделать шажок назад. Однако развернув ладонь к себе, тот сжал её пару раз, как будто пытаясь осознать произошедшее, а после перевёл взгляд на Сиэль. Через силу сглатывая слюну, тот потянулся за пазуху, доставая из-за неё какой-то кубик, кидая тот на землю. В последнее мгновение, когда куб ещё не коснулся той, Сиэль услышала обрывок фразы Цу, что прогремел точечно в её голове:

— Ух чёрт! Ты это... задержи его, я сейчас ему...

Фраза оборвалась, но хотя бы догадка Сиэль была правдивой, Цу наблюдал, но как только куб коснулся земли, та перестала слышать не только его, но и птиц вокруг, на пару с шумом деревьев. Повисла гробовая тишина, которую прервал Чанге, говоря уже более холодно и чётко:

— Итак... кто ты такая и что делаешь в этом мире? Пока что я считаю это небольшой ошибкой и питаю надежды, что ты не подтвердишь мои опасения","ktoia","1509127012131016834"
"28.05.2026 12:34:11","samin__","#2997","","",""
"28.05.2026 21:38:16","ktoia","#6622","— Сиэль —

Видя, как меняется обстановка, Сиэль сделала ещё пару шажков назад. Она услышала обрывок фразы Цу и на мгновение обрадовалась. Но куб коснулся земли и мир вокруг схлопнулся. Тишина накрыла её с головой. В это время Сиэлька пыталась взять себя в руки и вполне успешно это осуществила, ведь без этого Гу не услышал бы ответа. 

Она опустила взгляд на куб, потом снова подняла глаза на Гу Чанге и..... после паузы стала отвечать:

— Я.... я Сиэль. Воот.....

Девочка на этом замолчала, задумавшись насколько он сильно чувствует тьму, хотя... в метре от себя точно почувствует, да и... он не напал сразу, значит и ей не нужно агрессировать... Нужно тянуть время. Определенно. Подумав над ответом, Сиэлька начала:

— Кхм. Сейчас в как таковых мирах происходят некоторые неприятности, из-за чего я и оказалась тут. Но, насколько я уже знаю я же не единственный подобный инцидент здесь... .. . Неужели есть какие-то проблемы?","samin__","1509489815882698803"
"29.05.2026 15:17:58","samin__","#2997","|-----------------------------------------------------------------------------|
Переглянувшись, группа сделала вид что Аполлон и не входил, начиная дальше переговариваться:

[Линци] — Я уверен что это он /Указал на Аполлона/

[Цинь Гуан] — Да с чего он то? Думаешь он бы смог привести за собой столько бандитов?

[Линци] — Ну а кто ещё, глава посмотрите на него, кто если не он?

[Цинь Гуан] — Но они ведь вернули людей из плена, зачем им снова приводить в город столько разбойников

[Линци] — Ну а откуда они могли появиться вообще?

Наконец бестактность перебил статный мужчина, что прокашлявшись привлёк к себе внимание, начиная отчитывать двоицу:

[???] — Ну что за безтакство. Вы боителсь нашего благодеятеля, так ещё и не стесняетесь при нём подозревать его же... почему бы просто не спросить?

/Повернувшись к Аполлону, мужчина с невозмутимостью сказал/
[???] — Господин Аполлон, прошу вас забыть то, что только что донеслось до ваших ушей. И... можете сказать, что вам известно о группе бандитов, что в данный момент захватила город?
|-----------------------------------------------------------------------------|","biok_ymer","1508859055710404731"
"29.05.2026 16:30:27","samin__","#2997","— Гу чанге —

Парень ничуть не меняясь в лице ответил:

— Иномирци тут хоть и редкость, не доставляют особых проблем, примыкая к какой либо стороне, вливаясь в балланс мира, однако люди с атрибутом Ян - рушат данный баланс своим существанием. Таков закон небес, что создал Ян Кай. И ладно если бы разговор шёл о твоём пребывании, но у тебя атрибут Ян, тем более недавно пробуждённый, а значит кто-то нарушил закон небес и я как их сын обязан это пресечь

— Видишь ли, после своего пришествия, Дао с подачки Кая установил закон, в котором было запрещено создавать таких как ты, воруя их из их миров. Сделал он это из-за своей истории, так что это не столь важно, но это было праведное желание, от чего я всё это время поддерживал его и за свою жизнь видел лишь двух Янов, но тут... замечаю тебя

Помрачнев ещё больше, парень сказал:

— Отныне ты под защитой небес, так что можешь сказать кто тебя пробудил не боясь за свою жизнь

Тон парня немного смягчился, однако тот всё ещё был крайне насторожён","ktoia","1509626884055498962"
"29.05.2026 17:51:59","biok_ymer","#9440","—Аполлон—
|-----------------------------------------------------------------------------|
Бандиты, захватили? Непонимающе покосившись на компанию тот подумал о ком речь и прикинув кто недавно появился тот ахнул, а после кивая себе под нос произнес:
|-----------------------------------------------------------------------------|

—Так вот как это со стороны выглядело... Кхм, ну если под бандитами вы имеете ввиду группу людей что появились вчера, это я их сюда привел, как рабочую силу. Они могут и выглядеть грозно, на деле простые потеряли без смысла жизни. Я по их поводу и пришел. Мне нужно получить разрешения работы над шахтой, а также человек что покажет что там и где. Также многие из них могут стать рабочей силой и восстановлению торгового пути, ведь почти все они хорошо управляются с повозками, да и поставил за товар смогут. Проще говоря, пришел распределять силы ""бандитов"". Да и с жильем бы разобраться.

-О и пока не забыл, я получил финансирование от Императрицы, а также письмо, при котором она обязуется не вмешиваться в дела нашего города.
/В подтверждения своих слов он достал из кольца документ, положив на стол и отойдя, давая людям обработать информацию, сказанную им./

|-----------------------------------------------------------------------------|","samin__","1509893565633789972"
"29.05.2026 18:01:30","ktoia","#6622","— Сиэль —

Сиэлька так же после успокоения не особо менялась в лице, только вот от поступаемой информации её глазки стали уж больно часто моргать. В последствии чего девочка скрестила ручки, и смотря на Чанге продолжала обдумывать услышенное.

Ого. Про атрибут Сиэль известно не столь много и не столь мало, ей еще в междумирье говорили что тот вообще не должен был пробудиться таким, что это случайности и так далее, что каким то образом Ян ""поделился"" им и пу.. пу.... А оказывается существует какой-то там небесный закон принятый **ДАО** и **КАЕМ**. Мм... Так. Думать бы, подумать. Насчет Яна... он определенно это должен был знать и наверное он это имел в виду когда упоминал Альянс. Но какой из Янов его принял?... Сиэль ОПРЕДЕЛЕННО была уверена что это было во время **Яна**, просто предположение которое сразу врезалось и встало столбом. Понятно почему он это принял, его... мх...ме... история так себе... И он хотел пресечь подобные ""инцинденты"" что были с ним и Цу. Так же Сиэль известно что людим с атрибутом Ян могут сверх нормы копить в себе Ци. и.... пожалуй все? Это и есть рушение баланса? Так. Хорошо. С этим закончили, по его словам опять таки он пробудил случайно... Мх... Однако именно от **Яна** она никакой особой реакции же не видела... кроме угроз ""рабства"".... урод. Что до Дао... от него тоже ничего толкового не услышала по этому поводу, лишь вопросы как он сделал ""это""... Интересный небесный закон. К чему это, а к тому что мне же нужно Гу Чанге ответить.

Перестав теребить прошлые воспоминания, Сиэль вернула Чанге внимание. Праведник уже отчетливо начинал мрачнеть, и затягивать с ответом не стоит... но... Ян Кай нарушил закон Ян Кая?... Поняв абсурд ситуации Сиэлька слегка покачала головой и все таки соизволила ответить Чанге:

— Выходит странная ситуация... Во всех смыслах. Ян Кай?... Меня пробудил мой наставник.

||Я бы мог потянуть кота за яйца, но чет не.||","samin__","1509911806699765861"
"30.05.2026 21:47:22","samin__","#2997","— Гу Чанге —

Услышав ответ, парень отвëл взгляд в сторону, задумчиво разглядывая землю. Именно в этот самый момент и появился Ян, что телепортировавшись между Сиэль и Чанге встал смотря на второго снизу вверх, явно с недоброй моськой

Внук главы Альянса же лениво переведя взгляд на паренька лишь тонно протянул:

— Оу, господин Ян. Я всегда поражался вашей способностью приходить именно тогда, когда вы нужны больше всего

— Вы можете мне не верить, однако речь только что зашла о вас и вашей неосмотрительности

Ян же повернувшись в пол оборота, зыркнул на Сиэль, вздохнув и отвечая парню:

— Я ожидал что вы прознаете про это, однако надеялся что этот момент отсрочится, пока всë не уляжется...

Прищурившись, парень посмотрел на куб, что лежал на земле, телепортировав тот себе в руку, оглядывая его, а после кинул в Чанге со словами:

— Я всë понимаю, так что делаете что должны, противиться не стану...

Гу Чанге же схватив куб выдохнул ещë тяжелее чем сам Ян, потупив взглядом, а после прошептал:

— Вот именно... должен...

Приподняв руку, тот щëлкнул пальцами, как вдруг из неоткула появились 2 человека что в мгновение ока заломали Яна, прижав того лицом к земле. Гу же стал мрачно проговаривать:

— Ян Кай, ты воспротивился небесам и самому мирозданию, нарушая их закон, приведя в мир детя, пробуждая атрибут Ян, что может навредить как самому миру, так и его обетателям. За это деяние, я как сын небес и первый наследник великого Альянса Мурима, приказываю взять тебя под стражу, до момента, пока ты не предстанешь пред судом великого Альянса Мурима. Судья и дата будут разъязнены тебе позднее, после перехода под стражу

Ян же не сопротивлялся и вообще не двигался. Мог ли он просто телепортироваться? Да! Но хотел ли он это делать? Разумеется нет...","ktoia","1509934718143955047"
"30.05.2026 22:19:01","ktoia","#6622","— Сиэль —

Нууу.... Сиэль АХУЕЛА. Чес слово! Со всего что было тут сказано и сделано. 

Во первых ПОЯВЛЕНИЕ ЯНА! НУ КОНЕЧНО! Прямо тогда когда она все сказала! Когда оно появилось Сиэлька переменилась с уже серьезного лица на вновь непонимающее, а после всех действий и слов где не было и доли адекватного объяснения девочка и вовсе выпала в осадок! Ей богу! ЯНА ОПЯТЬ КРУТЯТ! И месяца не прошло как он опять нарушил то закон какого-то бога чужого мира, то НАРУШИЛ СВОЙ ЖЕ ЗАКОН, В СВОЕМ ЖЕ МИРЕ, И ЕГО ОПЯТЬ КРУТЯТ И ВЕДУТ НА СУД. Даааа..... Легенда, лучший, велики и ужасный!

От этой картины Сиэлька отвела  взгляд куда то в бок, её глазик подергивался из-за сдерживаемого нервного позыва, тень стала чернее, в прочем как и тени других кто тут был. Ручки она перестала скрещивать и они опустились вниз с сжатыми кулачками. Сиэлька навела взгляд обратно на присутствующих и... разжала кулачки, потерла ладонью свои глаза, вздохнула и сказала:

— ""Я все понимаю"". А Я НЕТ. Суд... суд, конечно суд. Конечно Сиэль, еще не время и конечно я не могу тебя предупредить обо всем заранее! Нет я могу, но нет! ""Я думаю ты не будешь счастлива, если я задвину рассуждения и рассказы на пару недель."". Ян я бы пожалуй пару недель все таки послушала обо ВСЁМ! ""Единственная проблема то-то то-то"", ну так рассказал бы ПОЛУЧШЕ.......

||Прерви меня||","samin__","1510353947313963370"
"01.06.2026 14:43:49","samin__","#2997","— Дрим тим —

Староста города хотел было взять документ, чтобы ознакомиться с ним, однако неизвестный сделал это быстрее, начиная вчитываться в трактовки

В это время Линци продолжал сверлить Аполлона недовольным взглядом. Повисла напряжённая тишина, которая продлилась немало, а именно именно такое время, пока мужчина не ознакомился с документом, положив тот на стол и сказал старосте:

— По трактовкам всё чисто, проверь печать

Глава города наконец удостоившись очереди начал читать документ, попутно от чего-то неслабо напрягая глаза, по ощущениям пытаясь прожечь дыру в бумаге

Неизвестный же обратил свой взгляд в сторону Аполлона, слегка смягчившись и говоря тому:

— Подкинули вы нам конечно задачку, а мы уж думали как выгнать захватчиков. Прошу вас, в следующий раз уж удостойте нас чести знать, какие перемены предстоят в городе. Хм... в таком случае нужно организовать им кров... Линци, каковы дела в палаточном городке?

Парень, что стоял и всё это время пытался подавить враждебность вдруг вздрогнул и с серьёзным видом произнёс:

— Беспорядки улеглись, а люди принялись за работу. Многие всё ещё недовольны, однако благодарны за кров, от чего думаю стоит возвести ещё несколько кровов неподалёку, ибо люди уж точно не будут рады ""такому"" соседству

Мужчина же кивнул, говоря Аполлону:

— Чтож, вы его слышали. Если вас не затруднит, можете повлиять на них, чтобы они уважали местный закон и не приносили неудобства жителям?","biok_ymer","1509932325188927508"
"01.06.2026 15:51:54","samin__","#2997","— Гу Чанге —

Заприметив что тени сгущаются, Чанге посмотрел сначала на них, после на Сиэль, а затем и вовсе на Яна что улыбался чувствуя что происходит вокруг. Видя состояние и силы девочки, парень сделал свои выводы, а слушая поток сознания и вовсе закатил глаза

Не желая более этого слушать, парень прищурился кивая своей свите, что увидев знак тут-же исчезли вместе с Яном, а Гу грубо перебил поток сознания:

— ДОСТАТОЧНО. /смягчился/ Понимаю, данное известие может быть неприятным или даже шокирующим и можешь мне не верить, однако я тоже не испытываю удовлетворение от исполнения своей роли

Сделав шаг в сторону, парень продолжил чуть задумчивее:

— Однако когда правда смешивается с ложью, становится сложно отличить их друг от друга. Я уже понял что ты частица, от чего трогать тебя никто не собирается, да и данное разбирательство тебя вовсе не каснётся, отныне ты под покровительством небес и его сыновей, от чего можешь просто жить дальше как ты того желаешь","ktoia","1510361912838455470"
"01.06.2026 16:08:56","samin__","#2997","|-----------------------------------------------------------------------------|
Новый день на новом месте. Отринувший своё старое имя монах спокойно себе спал в заброшенном храме, который был построен неизвестно кем и непонятно когда, да... и для кого тоже не было понятно. Строение было ветхим, влага скапливалась по углам. Деревянные перекрытия то и дело трещали, сигнализируя, что держались из последних сил, однако на удивление делали свою работу

Монах был тут уже пару дней, от чего пару раз наведывался в деревеньку, что была в паре километров от пустыря, на котором и стоял храмик, который местные называли проклятым местом. Именно поэтому мужчина и заинтересовался этим местом, но за пару ночей так ничего и не заметил, от чего видимо это были очередные суеверия народа

||Пока что решил вообще ничего не вкидывать, так что просто момент для свободы! (если что памятка дописана) <@1405305963375759440> ||
|-----------------------------------------------------------------------------|","biok_ymer",""
"01.06.2026 16:14:07","samin__","#2997","","",""
"01.06.2026 17:29:10","ktoia","#6622","— Сиэль —  

Сиэль прервали, а Ян исчез так же внезапно, как и появился. Девочка всё это время взвешивала свои силы и билась о стену, которую поставили и не только о стену, но и о здравый смысл. В любой другой ситуации она, скорее всего, уже вышла бы из себя, учитывая, что навалилось, но к счастью, здравый смысл всё ещё посещал её голову. Те, чьё присутствие она всё это время чувствовала, исчезли.  

Сиэль продолжала смотреть на пустую гальку какое-то время, попутно слушая Чанге. На словах о ""частице"" она всё же подняла голову и неровно хмыкнула. Тьма нарастала сама собой - девочка перестала её контролировать. Но чтобы не наделать бед, она покачала головой, выпустила немного света, сбавила обороты черни и в конце концов взяла её под контроль.  

Закончив, она проследила взглядом за Чанге и заговорила:  

— Ну-ну... истины в жизни меньше, чем обмана. Да что уж там... дурные события не отпускают...  

Она подняла руку, провела пальцами по виску, отводя взгляд от Чанге и продолжила, будто разговаривая сама с собой:  

— Но это, конечно, было известно. Подобное вполне можно было предсказать. И всё равно не складывается: он пробудил, судят его, а тот кого он пробудил списывается со счетов. Покровительство... ну, удружили.  

Сиэль пару раз моргнула, заметив что-то и снова посмотрела на просветлённого:  

— Суд... Я верно знаю, что будет Суд. Суд - это не прямой приговор. Это обвинение с последующим вердиктом и решением судьи. Значит, существует возможность оправдаться. Верно?","samin__","1510989267470389268"
"01.06.2026 17:41:08","biok_ymer","#9440","—Аполлон—
|-----------------------------------------------------------------------------|
Выслушав рассуждения до сели неизвестного мужика тот кивнул, отвечая:
|-----------------------------------------------------------------------------|

—Все проблемы с этими ребятами я беру на себя. Отчего можете скидывать все проблемы с ними на меня, ведь я их сюда и привёл.

/После чуть подождав, тот дополнил:/
-Что касаемо шахты, я лично предполагаю что оставлять её пустой не имеет как смысла, так и выгоды, отчего и хочу вернуть её производительность с вашего позволения. Я уже направил ко входу пару ребят из ""бандитов"", а также господина что раньше там работал по имени Хэ Чпок. Мне лишь требуется ваше разрешения начать там работу, а также проводник, что им там все покажет.

/Закончив с этой темой, тот вспомнив про кольцо, заявил:/
-Также как я ранее сказал, я заполучил финансирование, отчего могу даже сейчас все вам отдать, однако мне немного и самому нужно, чтобы нанять архитектора в городе, отчего хотелось бы обсудить возможность сделать общий банк или капитал на различные траты, как вы на это смотрите?

|-----------------------------------------------------------------------------|","samin__","1510972135173259364"
"01.06.2026 20:24:30","biok_ymer","#9440","—Монах—
|-----------------------------------------------------------------------------|
Мужчина уже стал привыкать к спокойному быту. То там помоги, то тут помоги, то там помолись, то тут сдержи мат... В итоге его спокойная жизнь ввиде трёх дней, была весьма неплоха. Однако подметив шаткое положение храма тот вздумал все же как-то его подлатать, отчего взяв первую найденную палку скрепил веревкой её с перво найденным камнем и стал долбить деревья, дабы добыть новые материалы для храма. Долго или коротко тот нагрубил пару деревьев и стал их понемногу складировать у храма, думая как без отсутствия строительских знаний построить дом.
|-----------------------------------------------------------------------------|","samin__","1510993554934337706"
"01.06.2026 22:03:43","samin__","#2997","— Гу Чанге —

Почувствовав тьму парень конечно был удивлëн, однако подавил данный порыв, просто сбрасывая на то, что Ян вновь привëл частицу тьмы из своего приключения. Таких он разумеется не видел, но примерно понимал что это и для чего нужно... поверхностно, совсем поверхностно

Однако когда он следом почувствовал свет... тут его мировоззрение пошатнулось, а девочка вновь стала чувствовать от него нечто противное, мерзкое, скользкое. То что как будто катком проехалось по самой еë душе

Смятение на лице парня сменилось лëгкой ухмылкой:

— А вот теперь уже и не уверен. Сделать **я** тебе ничего не могу, однако твоë естество заинтересовало меня Сиэль

— Знаешь, что такое суд? Великолепно! Будет судья, обвинение и... пф... коль кто-то захочет - защита. И разумеется, **безпрестрастный** судья, чьë слово не оспорить

Сделав пару нагов ближе, Сиэльке стало ещë противнее:

— Только вот скажи, я ведь сейчас не ошибаюсь? Тьма... и свеи... в одном сосуде? А как ты это сделала? М? И почему не мертва? М?

Парень подходил всë ближе и ближе","ktoia","1511013748494831666"
"01.06.2026 22:24:24","samin__","#2997","— Цинь Гуан —

Наконец дочитав документ, мужчина поднял уставший взгляд на парня, что распинался, пытаясь оставить свои же деньги себе. Это было весьма глупо на его взгляд, однако перебив всех кто хотел высказаться, тот заявил чуть громче обычного:

— ХОРОШО! В таком случае так и поступим. От лица всего города благодарю что не бросаете нас. На счëт пилюль /протянул руку с кольцом/ передайте сколько сюда вместиться. Время сейчас не спокойное, так что на случай моей кончины, пусть основная часть останется у вас

— Вообще удивительно как вам всë это удалось, однако допытывать не стану

— На счëт шахты... Линци, покажешь всë. И не думай что я не знаю что ты туда ходил

Услышав это, парень напрягся, сжимая зубы, а тьма стала более густой, однако в ответ тот лишь кивнул

— Что до дозволения... ммм... так уж и быть. Отец мне рассказывал о человеке с фамилией Хэ, что и нашëл эту шахту, так что если это он, я не могу отвергнуть его помощь. Только вот как вы понимаете, добыча сопряжена с риском

— Если кто-то из вне прознает про неë, нами точно заинтересуется как чëрная гора, так и остальные сильные личности, от чего мы не хотим продолжать разработку, говоря всем что залежи закончились. Мда... даже гражданская война была где-то 5 лет назад...

Помрачнев, мужчина взял себя в руки, через силу натянув улыбку:

— Но благо теперь у нас есть защитники, от чего эта идея не звучит столь безрассудно. Но вы главное не забывайте и о местных, которым тоже нужно есть и пить, так что не обделяйте их работой","biok_ymer","1511016759183020244"
"01.06.2026 22:27:46","samin__","#2997","|| Я хз что вкидывать, так что... ||

Соорудив примитивный топорик, мужчина начал валить лес... ну как лес. Подобие уже давно мëртвых деревьев, которые даже бобры не рискнули бы брать для платины, что произрастали рядом с храмом. Вообще мало что около него росло. Страва и та увядала, не успев вырасти даже по пояс","biok_ymer","1511057872736485546"
"01.06.2026 22:29:28","biok_ymer","#9440","—Монах—
|-----------------------------------------------------------------------------|
Ходя по кругу смотря на храм тот понял, что его познаний не хватит на это великолепие, отчего оставив палки с ""топором"" направился к деревне, в надежде найти там кого-то, кто знает слово ""строительство"".
|-----------------------------------------------------------------------------|","samin__","1511088892290531480"
"01.06.2026 22:41:39","biok_ymer","#9440","—Аполлон—
|-----------------------------------------------------------------------------|
Парень тут же перевел N количество пилюль, которое вместится в кольцо мужчины, а после кивая ответил:
|-----------------------------------------------------------------------------|

—Я предполагал что с шахтой есть какая-то история, но сокрытие... Хм, нужно будет продумать как вывозить оттуда руду и не привлечь внимания... Ладно, я могу и у местных поспрашивать кто готов работать, но сохранить информацию в одном месте без выхода наружу, будет весьма сложно, значит нужно ещё продумать защиту от нападения заранее... Пуф, ну по крайней мере демонические земли не будут угрозой, а вот гора и альянс... Что же, видно мне нужно будет и туда пойти за документом... Что же, на этом мой доклад пока закончен, ещё раз прошу прощения, что вмешался.

|-----------------------------------------------------------------------------|","samin__","1511088043606671471"
"02.06.2026 09:09:23","ktoia","#6622","— Сиэль —

Кажется, Сиэль запамятовала, насколько это необычно для других. Но поступи она иначе ситуация была бы хуже. Наверное.

В тот момент, когда она увидела на лице Чанге смятение, в голову врезались мерзопакостные ощущения будто её встряхнули. Она не понимала, как это работает, но чувствовала что эта штука направлена именно против неё. Словно в самой душе ползёт склизкое, липкое нечто. Ощущая эту мерзость, Сиэль слушала другую мерзость, которая становилась всё ближе. Понятное дело, девочка делала ровно противоположное - медленно отступала назад, настолько, насколько он приближался и пыталась отвечать:

— Мне стоит утверждать, если всё было видно? Но... прав.

На вопрос ""почему не мертва"" отвечать было странно, поэтому она пропустила его мимо ушей и продолжила:

— Так это хорошо. Раз так, можно ли встать на сторону защиты?

Было видно, что девочке очень неприятно от компании. Она пыталась держать лицо, но когда он приближался, это сбивалось.","samin__","1511082839448486069"
"02.06.2026 14:40:13","samin__","#2997","— Гу Чанге —

Парень не отставая тщетно пытался сократить дистанцию, отвечая девочке:

— Ох, так ты хочешь защищать преступника? Смелости тебе не занимать, учитывая что на такое существование обрёк тебя именно он. Ну чтож, мне по душе твой дух, от чего дозволяю, только вот...

На этом слове прямо между Гу и Сиэль возникла преграда в виде вычурной двери, которую сложно было не узнать. Это была дверь дворца Цу, что с огромной скоростью вонзилась в землю

Гу же удивлённый такому сюрпризу аккуратно выглянул из-за той на Сиэль, слегка приподняв взгляд на замок. В этот момент неприятное чувство вновь отступило. Повисла тишина, а Гу пожав плечами кивнул, отвечая собеседнику:

— Ну разумеется вы тоже приглашены, как и все родные подсудимого. Чтож, а теперь попрошу простить, но меня ждут иные дела

Сделав пару шагов в сторону, выходя из-за двери, парень окинул Сиэль взглядом, говоря той:

— Я учну твоё желание и надеюсь что ты сделаешь всё что будет в твоих силах, а оказывается в сил и сюрпризов у тебя немало. Не беспокойся, я не собираюсь противиться вам, ибо и сам считаю господина Ян Кая героем

Сделав неглубокий поклон, мужчина развернулся и направился по ступенькам вверх, идя к дворцу","ktoia","1511250358624583771"
"02.06.2026 14:52:30","samin__","#2997","— Цинь Гуан —

На удивление Аполлона количество пилюль как будто и вовсе не уменьшилось, в отличии от лица главы города, что стало на много счастливее. Тот кивнул в ответил и сказал:

— Именно по этой причине мы и не предавали огласке на сколько большие у нас недра, допуская к раскопкам лишь доверенных граждан, прикрываясь торговлей /хитро улыбнулся/ ведь если хочешь что-то спрятать, лучше делать это на самом видном месте, маскируя наши ресурсы, смешивая те с торговыми. А теперь... это и вправду станет проблемой

— Ну хотя бы вы избавили наши головы от ещё одной проблемы с ""захватчиками""

По завершению фразы, Линци закатив глаза спешно затопал вниз по лестнице, покидая помещение первым","biok_ymer","1511092385575211068"
"02.06.2026 17:21:40","biok_ymer","#9440","—Аполлон—
|-----------------------------------------------------------------------------|
Кукла кивнула, а после задумчиво и сам стал покидать помещение, приговаривая:
|-----------------------------------------------------------------------------|

—Что же, тогда я вас покину на пока. Нужно и вправду многое обдумать. Прошлая идея с торговым путем звучит неплохо, можно будет продумать торговый путь для увеличения выработки шахт... Кхм, а пока я попытаюсь добыть нам архитектора, отчего оставлю вас. Если буду нужен, вы можете вызвать меня в любое время, главное, чтобы я услышал вас зов... Кхм, до встречи.

|-----------------------------------------------------------------------------|","samin__","1511336708573102172"
"02.06.2026 20:15:15","ktoia","#6622","— Сиэль —

Сиэль уже не выдерживала того, что он продолжает сближаться и хотела высказать ему свою неприязнь прямо в лицо, но...  

**БАБАХ!**  

Кажется, по прогнозу погоды сегодня ожидалось дверопадение, причём довольно ценных дверей. Откуда прилетело, было понятно сразу, поэтому Сиэль сначала глянула из-за плеча в сторону дворца, а затем сразу вернула взгляд на Чанге - не желая выпускать его из поля зрения. На этом ""взаимодействие"" закончилось и мерзость снова почему то перестала быть мерзостью.  

Когда тот закончил и начал отходить, девочка бросила ему в спину:  

— Ага... конечно.  

Развернулась и добавила уже тише:  

— До встречи....  

Попрощавшись с тем, кто сломал и перевернул её планы на ближайшее будущее, девочка зашагала ПРОЧЬ от дворца - по крайней мере, на время. Мыслей была куча, а из них следовали вопросы, которые не давали покоя. Но кто мог на них ответить? Цу сейчас занят Чанге и по всей видимости, очень зол. А когда он зол, лучше не находиться рядом с ним в звуковом пространстве. Тогда кто может хоть немного поговорить об этом? Вопрос повис в мыслях, но почти сразу нашёлся ответ - самый обычный, непримечательный и усталый человек в секте. Тэд.  

Сиэль направилась в библиотеку.","samin__","1511333616318419134"
"03.06.2026 11:38:13","samin__","#2997","|-----------------------------------------------------------------------------|
Мужчины вновь переглянулись, не понимая как им по итогу связаться, но говорить ничего не стали, давая тому уйти. На выходе из здания же его окликнул Линци, что стоял отперевшись о стену около входа в здание, говоря тому:

— У меня будет к тебе разговор. Сегодня ночью я приду, так что будь готов

А тьма то у парнишки закипала... но дожидаться ответа тот не стал, лишь отслонившись от стены, начиная уходить в сторону гор. И спрашивается что на него нашло?
|-----------------------------------------------------------------------------|","biok_ymer","1511374245987619007"
"03.06.2026 11:43:23","samin__","#2997","|-----------------------------------------------------------------------------|
Приключений благо по пути не было. Девочка спокойно дошла до библиотеки, где уже по привычной методике Тэд сидел за столом, однако на удивление был вполне себе бодр и даже не пытался притворяться спящим, хотя ему даже не нужно было спать

Заприметив Сиэль, тот нахмурился, выдыхая спёртый воздух и говоря той:

— Ох! Как неожиданно, доброе утро! Ты всё-же решила использовать свой пропуск во вторую секцию?
|-----------------------------------------------------------------------------|","ktoia","1511417932641734666"
"03.06.2026 12:14:46","ktoia","#6622","— Сиэль —

Удивительно, кажется звёзды действительно сошлись и Тэд не притворяется спящим! Более того он не говорит что я его шиза! Хотя отматывая время на несколько десятков минут назад и да... Заезды действительно сошлись.

Сиэлька прошла чуть в глубь библиотеке и посмотрев из-за стойки на Тэда стала говорить:

— Не очень доброе... Мх, нет я пришла поговорить, по другому поводу... О.. ну... небесных законах.

Сиэлька выглядела морально заебаной.","samin__","1511651504140976248"
"03.06.2026 16:55:12","biok_ymer","#9440","—Аполлон—
|-----------------------------------------------------------------------------|
Парень устало покосился на линци и выслушав его кивнул, подмечая что в скором прибытии Гу Чанге, его возможно зарежут ещё перед этим свои же люди, что было просто великолепно! Устало буркнув тот хотел было переместиться обратно в город, однако вспомнив о словах ""доброго"" Яна. Тот направился вновь искать беловолосых, уточняя у них несколько моментов, перед своим уходом.
|-----------------------------------------------------------------------------|","samin__","1511650202786725898"
"04.06.2026 15:53:04","samin__","#2997","— Тэд —

Как будто не замечая состояния девочки, мужчина лишь улыбнулся, отвечая той:

— Угу-угу... книжку значит хочешь. Тебе технику или историю мира? А быть может ещё что-то хочешь? Могу дать интересную технику, буквально сам недавно изучил. Самая новая во всём Муриме! Представляешь, она помогает посевам всходить раньше времени, если изучишь, деревенщины будут тебе та-а-ак благодарны

Парень сегодня был довольный как слон, явно что-то зная, но почему-то не хотел вообще говорить об этом","ktoia","1511659400253931661"
"04.06.2026 16:04:25","samin__","#2997","|-----------------------------------------------------------------------------|
На этот раз это было не столь просто. Походив по городку, тот наконец вышел на окраину, где собрались ""бандиты"", которых он сам и привёл, а неподалёку от них были и заметные белые волосы. Девушки стояли в стороне, где Лиз отчитывала Лиан за что-то
|-----------------------------------------------------------------------------|","biok_ymer","1511729973055066192"
"04.06.2026 16:12:16","ktoia","#6622","— Сиэль —

Услышав ЭТО... ну, вот ЭТО... Сиэль, которая стояла прямо медленно начинает сутулится и опускает голову, чтобы не было видно её обречённого личика. Всё хватит. ну... Вот все достаточно. 

Подняв головку к Тэду, начинает резко жестикулировать:

— Тэд. Понимаешь.... Я владею светом.

Она создаёт в правой руке клубок света и выбрасывает его в сторону.

— Я владею тьмой.

Из её тени начинают рваться наружу многочисленные чёрные руки, но она топает ногой и они тут же скрываются обратно.

— Ах!!! НУ И КОНЕЧНО!!!

Сиэль делает несколько твёрдых шагов в сторону Тэда и пытается просто прикоснуться к нему.

— У меня атрибут ЯН!

Она отступает, перестаёт размахивать руками и в заключение добавляет:

— Мне не нужны ПОСЕВЫ. Мне нужно знать, что такое ваши **небесные законы**!","samin__","1512076725662646374"
"04.06.2026 16:13:30","samin__","#2997","|-----------------------------------------------------------------------------|
Пройдя по равнине, примерно в километре от храма, стала встречаться живность, как и растительность, что была выше кустарника. Пройдя ещё с километр, парень пошёл до деревушки, в которую ходил последние 3 дня. Тут его уже знали и хотя чутка не доверяли, но всё равно то и дело махали рукой

Слово ""строительство"" тут знали все, но вот строить умел не каждый, а если и умел - помалкивал, чтобы не припахали, от чего лично он такого человека не знал. Но деревня то как-то возвелась, так что кто-то точно что-то то умел
|-----------------------------------------------------------------------------|","biok_ymer","1511089317622054923"
"04.06.2026 16:31:29","samin__","#2997","— Тэд —

Вот такой реакции парень уж точно не ожидал. Как только тот смеклун что что-то будет, он незаметно ударил коленом о стол, от чего двери, распахнутые позади закрылись, не давая шуму выбраться наружу. Смотря на то, что сейчас ему покажут. От увиденного, тот слегка скривил лицо, однако быстро взяв себя в руки хмыкнул вставая со стула, снимая притворство, становясь серьёзным:

— Ладно, это я знал, однако не думал что тебе хватит духу раскрыть это перед малознакомым человеком. Думал это будет Хао или Чу, ну на крайний случай Фэнг, но чтобы я... вот не знаю теперь радоваться или плакать...

/Прикоснулся к очкам, начиная их поправлять, ведь от богатой мимики, те слезли почти на край носа/
— И истерикой делу не поможешь, так что возьми себя уже в руки. Будь на моём месте кто другой, ты бы уже была либо мертва, либо схвачена. Будь хоть сколько ни будь осмотрительной в конце концов

/Переведя раздражённый взгляд на девочку, тот спокойным шагов вышел из-за стойки, начиная рыться в стеллажах, чтобы успокоиться, попутно говоря/
— Небесные законы - это то что есть в любом мире, но у нас мирок научился говорить и мыслить, от чего ""законы"" поистине стали законами. Среди них есть как фундаментальные, например что человек не может стать сильнее мира, ведь тогда мир рухнет, или менее примечательные, например что любое вмешательство в мир несёт последствия. Как культиватор платит своей жизненной энергией за вмешательство, так и за всё приходится платить равную цену. Среди них есть и принятые после становления Дао - явлением мира

— Тебе интересны на счёт твоего атрибута? Их всего 2. Запрещено пробуждать людей с атрибутом Ян насильно, любой кто ослушается должен предстать перед судом, а если деяние подтвердиться - должен будет быть уничтоженным, а душа расщеплена самим Дао. И второй - любой пробуждённый с атрибутом Ян находится под защитой мира, от чего если кто-то попытается использовать их по ""назначению"" то их немедленно постигнет кара небес","ktoia","1512081557479751781"
"04.06.2026 16:31:36","samin__","#2997","","",""
"04.06.2026 18:47:02","biok_ymer","#9440","—Аполлон—
|-----------------------------------------------------------------------------|
Довольный своей находкой, тот спокойным шагом стал подходить к паре, говоря:
|-----------------------------------------------------------------------------|

—Доброго утра красавицы, рад что вижу вас тут, а не убежавших прочь. Что делаете?

|-----------------------------------------------------------------------------|","samin__","1512079583585767434"
"04.06.2026 18:50:02","biok_ymer","#9440","—Монах—
|-----------------------------------------------------------------------------|
Кивая то тому, то первому жителю тот спрашивал людей про стройку, однако  не получая нужного ответа тот в итоге прошел всю деревню и понимая, что похоже топу придется строить самому, он решил поспрашивать жителей надо ли тем что, быть может по пути бы и им помог.
|-----------------------------------------------------------------------------|","samin__","1512081867615113248"
"05.06.2026 01:08:23","samin__","#2997","— ОПГ беловолосые —

Девушки стояли и о чëм-то спорили, однако заприметив <@&1496355132990816256>  замолкли. Лиан посмотрела на того с большей ненавистью чем обычно, а после отвернулась демонстративно уходя к бандитам, лишь кинув в след:

— Если что я буду с лживыми

Швея же проводя сестрицу недовольным взглядом выдохнула, показывая на ту:

— Ну вот что ты с ней будешь делать. Мы спорили на счëт лже-небесных. Признаться я удивилась когда их слова увидела, хорошее вложение... да...

Девушка намеренно отвела взгляд в сторону, рассматривая землю, перебирая руками, чтобы чуть успокоиться, не наговорив лишнего","biok_ymer","1512120506474827848"
"05.06.2026 01:11:10","biok_ymer","#9440","—Аполлон—
|-----------------------------------------------------------------------------|
Парень мог бы изобразить понимание, однако ему было впадлу играться с эмоциями и лениво спросил:
|-----------------------------------------------------------------------------|

—Лже...кто? Ты о этих бродягах? Я их из тюрьмы забрал и припахал. Я даже не знаю о чем вы...

|-----------------------------------------------------------------------------|","samin__","1512216477015478373"
"05.06.2026 01:15:19","samin__","#2997","|------------------------------------------------------------------|
На удивление когда парень опрашивал уже 20-го бедного жителя, тот сказал что брат его сестры от другого отца ему курятник сворганил. В общем отправили монаха к брату сестры от другого отца какого-то зеваки

Там его встретил простой, пусть и весьма мускулистый мужик, что на просьбу ответил прямо:

— Услуга за услугу, тут у нас так и принято. У меня там колодец что-то засорило, коль разберëшься, я тебе что угодно отгрохаю

Мужчина естественно не знал что ему предстоит ремонтировать ЦЕЛЫЙ ХРАМ!
|------------------------------------------------------------------|","biok_ymer","1512121260157440060"
"05.06.2026 01:17:50","biok_ymer","#9440","—Монах—
|-----------------------------------------------------------------------------|
Священнослужитель кивнул на данную просьбу, а после узнав где колодей глянул на того и не увидя снаружи проблем, совершенно спокойно спрыгнул внутрь, смотря что же там его засорило.
|-----------------------------------------------------------------------------|","samin__","1512218220369809508"
"05.06.2026 01:20:56","ktoia","#6622","— Сиэль —

У Сиэльки действительно опять началась истерика, слишком много всего ежемоментно нужно делать, а тут ей предлагают выращивать растения. Но... она ожидала совершенно другой реакции, и... В каком это смысле он ЗНАЛ? На осознании этого Сиэль притихла начиная слушать. 

Выслушав полностью Сиэль похлопала глазками от того что он сказал, а затем стала говорить:

— Знал? То есть... ты знал и... ничего? Но... а.... откуда?

Продолжая Сиэлька действительно попыталась успокоится...

— Да.. ошиблась, большая ошибка на самом деле. Не стоило давать волю эмоциям. 

— Понятно, небесные законы - обычные фундаментальные мирские правила... Однако в этом мире да... он живой... Пробуждене людей с Ян = уничтожение. Бред какой... хотя... зная прошлое.

Скрестила ручки.

— А насколько давно ты про все ""это"" знал?....

Да Сиэлька пока что ушла от темы, ибо ебать че за хуйня.","samin__","1512086395064156291"
"05.06.2026 12:14:36","samin__","#2997","— Цуй Лиз —

Девушка непонимающе посмотрела на парня, отвечая тому, как будто это знает каждый:

— Ну... лже небесные. Они же и сами так себя называют. Ну... те кто идёт в путешествие вместе с небесным, чтобы у того было больше шансов. Ну, те кто притворяются им, чтобы убийци переключались на них, хоть немного расчистив дорогу для настоящего. В общем вот они /Указала пальцем в сторону толпы/","biok_ymer","1512217176616996905"
"05.06.2026 12:26:32","samin__","#2997","|-----------------------------------------------------------------------------|
Заглянув в колодец там и вправду ничего не было видно. Темень да и только. Однако это не помешало ~~конченому~~ монахуй спрыгнуть вниз. Летел он не долго, однако по приземлению почувствовал что-то в меру податливо мягкое, мокрое и довольно склизкое. Ничерта видно не было, но это что-то уж точно закрывало доступ к водичке
|-----------------------------------------------------------------------------|","biok_ymer","1512218853759778919"
"05.06.2026 12:35:02","samin__","#2997","— Тэд —

Вновь начиная перебирать книги, парень ответил:

— Ну да, прошлое до принятия закона - просто ужас. Ты бы знала какой глобальных характер это носило...

Замяв тему, мужчина стал отвечать на вопрос:

— Я знал про ""это"" с самого начала. И что я по твоему должен был сделать? Я всего лишь остерёг тебя от использования ци, во избежание раскрытия атрибута, а ты буквально напоила Сюэ... мда... удивлён что тебя раскрыли только сегодня, учитывая что об этом не знает... хм... только Ча Ха?

Положив книгу, тот наконец перевёл взгляд обратно на девочку","ktoia","1512219635922112572"
"05.06.2026 13:56:04","ktoia","#6622","— Сиэль —

Слушая Тэда, девочка поняла, что просчиталась почти во ВСЁМ.

— Мина... Го... В смысле, а... А Цуй откуда? Сюэ же и виду не подавала. А ты с самого начала... Пфф...

Она потёрла висок.

— Что ж... Почти все знают. Удивительно. А я молодец.

Она опустила руки.

— А теперь ещё ко всему этому - Гу Чанге. А значит и Альянс. Хуже ситуации придумать сложно. Нужно как-то оправдывать Яна. Но как? Его просто невозможно оправдать, да он и не отрекается от того, что сделал. Ужас какой...

У Сиэль пока не укладывалось в голове, что делать. Про ""покемонов"" она и не думала.","samin__","1512389277152051212"
"05.06.2026 17:41:44","samin__","#2997","— Тэд —

Парню слегка надоело слушать причитания в такой прекрасный день, от чего он взяв очередную книжошку кинул еë в девочку ОПЯТЬ. И та снова зависла в сантиметре от еë лица. Выбив тем самым девочку из размышлений, тот спокойно сказал:

— Достаточно. Тем что ты сейчас раскроешь это ещë большему количеству человек, его не отпустят. Хотя... если за него кто-то встанет, быть может что-то и случится... хм... ну да. Беспристрастный суд не столь и беспристрастен, учитывая кто будет судить

Вытянув руку, книга полетела обратно в неë, а парень продолжил:

— Ну или можешь просто наблюдать, как всегда любила делать. Цу уж точно в стороне не останется чтоб его... так что на удивление выбор у тебя есть

Пожав плечами, парень продолжил перебирать книги, а взяв одну из них и вовсе положил на воздух, как будто выключив ей гравитацию, как делал это Кëртис","ktoia","1512409671711854612"
"05.06.2026 18:43:53","biok_ymer","#9440","—Аполлон—
|-----------------------------------------------------------------------------|
Посмотря в направления пальца, тот проговорил:
|-----------------------------------------------------------------------------|

—А у них наименование есть, я подумал простые смертники. Ну да, я помню что когда небесный со мной ехал тот спокойно проскочил, пока люди отвлекали внимание на себя. Так и к чему сыр бор, да они как раз ложные, простые ребята без смысла жизни, так как небесного снова убили.

|-----------------------------------------------------------------------------|","samin__","1512384136587903096"
"05.06.2026 18:45:00","biok_ymer","#9440","—Монах—
|-----------------------------------------------------------------------------|
Не долго думая(ведь тот не умел), он подумал мягкую штуку и стал пиздить её ногами, пытаясь убрать.
|-----------------------------------------------------------------------------|","samin__","1512387136056197140"
"05.06.2026 19:04:00","ktoia","#6622","— Сиэль —  

**А ДЛЯ ТЕБЯ ЭТО ХОРОШИЙ ДЕНЬ?**  

Не то чтобы Сиэль не могла среагировать она просто не ожидала, что ей в лицо снова полетит КНИГА. На инстинктах она сделала шаг назад, поднимая ручку, но... книга зависла в воздухе. ОПЯТЬ.  

Поняв, к чему всё идёт, Сиэль замолчала и начала слушать библиотекаря. Тот говорил действительно дельные вещи. Оправдать Кая невозможно, но если за него вступятся сильные мира сего и в большом количестве, его просто не смогут судить так, как судили бы. Суду придётся хотя бы задуматься. Хм... Спасибо, Тэд!

Смотря за его феерическим раскладыванием книг, которые больше не летели в лицо, Сиэль заговорила спокойнее:  

— Да, это правда… Мне нравится когда всё решается само собой, кому это не понравится? Вот только такое происходит не часто. И это точно такой же случай. Выбора я здесь не вижу. Нужно будет ещё и с Цу поговорить... И подумать, до кого я могу дотянуться. Хм... Фэнь? Нет, не достучаться...  

Она прикинула ещё пару вариантов, но в итоге пришла к какому-то выводу. Однако одно оставалось неясным, и это ""неясное"" сразу полетело в сторону получателя:  

— Библиотекарь, с которым достаточно сильно считается глава секты. Так ещё и ""много знает"". Тэд, а ты кто?","samin__","1512466458985234513"
"07.06.2026 21:43:05","samin__","#2997","— Тэд —

Парень перевëл непонимающий взгляд на девочку, явно не ожидая таких слов. Быстро вспимнив что та не из этого мира, тот отставил книгу, освобождая руки и сняв очки начал потирать глаза, отвечая той:

— Ладно, застала меня в расплох. За 310 лет жизни у меня такого не спрашивали. Смотри главное при остальных подобного не скажи, вопросов потом не оберëшься

Вытянув руку в глубь библиотеки, тот застыл в такой позе, как Тор, что ждëт свой Мьëлнер. Через пару секунд из глубины и правда что-то прилетело, ожидаемо это была книга. Раскрыв еë, парень тяжело вздохнул, говечая Сиэльке:

— Нелюблю я читать книги про себя. Всë что тебе нужно знать свяше, что 373 года назад Мурим был другим. Тут жило множество открытых небес, что познали множество дао, однако Луна всех их... тс... ""подбила на авантюру"". С этого момента книга и берëт своë начало:

> И вот ушли герои былого, оставляя мир на попечение приемникам, забирая с собой знания, что знали лишь они. Мурим должен был погрузиться в безпамятство, возвращая мир зверям. Благо сбыться этому было не суждено. Ниспосланое дитя каким-то чудом вобрало в себя ранее потеряное, становясь мостом между потеряным прошлым и будующим поколениями

Захлопнув книгу, тот приподняв подбородок взглянул на Сиэль, говоря:

— Если говорить проще, я знаю большую часть дао с самого рождения и узнаю их сразу же, покуда те появляются в Муриме. А являясь сыном небес, **обязан** передавать эти знания новым поколениям

— Вообще у меня было 2 пути, стать человеком, что достигнет открытых небес в 200 лет и ознаменует новую эпоху или просто передавать знания, что терзают меня с рождения. Излишне будет говорить, что я планомерно избавляюсь от того что имею. Так что я и правда ""обычный"" библиотекарь. Хранитель знаний, но в более буквальном смысле

Выдохнув, спесь ушла с лица парня и тот начал говорить нормально:

— В общем как-то так. Будующее уже определено, как и решение о твоëм действии иди бездействии, так что тебе всего лишь нужно хорошенько подумать","ktoia","1512487162577424515"
"08.06.2026 00:51:00","ktoia","#6622","— Сиэль —  

||Пропустим момент пафосного признания Тэда в том что он ТОР.  ||

Слушая поток информации, девочка стояла неподвижно. Когда он закончил, она выдержала паузу и заговорила:  

— Ага... действительно библиотекарь, да ещё и сын небес... Теперь всё становится яснее. Выходит, особенный. Если это всё, что я должна знать... то хорошо. Множество открытых небес ушло из-за авантюры Луны? Очень странно.  

— В любом случае спасибо, что хоть что-то прояснил. И судя по всему, ничего важного не утаил... 

Значит, вместо того чтобы самому стать открытыми небесами, Тэд выбрал делиться знаниями? Интересный выбор. Слова о том, что Мурим был другим, тоже стоит запомнить. Когда там вообще Дао появился? Триста лет назад? А открытые небеса более 373 лет назад куда-то ушли. Ммм... будто бы это число уже где-то фигурировало. мх... А это событие связано с Луной. Погодите, а в какой временной промежуток Луна вообще ""умерла""? Из одного омута в другой.  

Ладно. Ответ на вопрос, почему к нему так относятся уже есть. Можно было бы расспросить его еще, да и книга в его руках явно была любопытной, с ""предсказаниями"", но наверное лучше пока это оставить. 

Сиэль кивнула и добавила:  

— Тут и думать нечего. Естественно, я не буду бездействовать! Значит, нужно найти тех, кто сможет вступиться. По правде, идеи есть, но сначала надо поговорить с Цу...  

Она задумчиво посмотрела на Тэда, постучала носочком по полу и завершила:  

— Тогда... пожалуй, я пойду ""хорошенько думать"".

С этими словами Сиэль покинула библиотеку, решив направиться к Цу в надежде, что Гу Чанге уже ушёл.","samin__","1513251976157073458"
"10.06.2026 21:22:53","samin__","#2997","|-----------------------------------------------------------------|
Неведомая (в прямом смысле ведь было темно) немного подержалось, однако спустя десяток пинков сломался пополам, утопая в воде, в месть за это утягивая с собой и Монаха... ну или это была просто гравитация?

Что же сделает монах чтобы не утонуть и выбраться из ямы?
|-----------------------------------------------------------------|","biok_ymer","1512482383033536653"
"10.06.2026 21:26:17","samin__","#2997","— Цуй Лиз —

Слушая Аполлона, взгляд девушки становился всë стеклянее и стеклянее, пока не стал совсем безэмоциональным к завершению фразы. В ответ та лишь нервно улыбнулась, отвечая тому:

— Ааа... вот оно как... признаться вы очень хорошо сочиняете истории... да... правда неправдоподобные до ужаса

Договорив, еë глаз слегка дëрнулся. Не понятно от нервов или чего-то другого","biok_ymer","1512482099490324551"
"10.06.2026 21:31:38","samin__","#2997","— Тэд —

Парень лишь кивнул, бросая книгу в сторону, чтобы та нашла своë место, тихо говоря в спину Сиэльки:

— По правде утаил...

Как только та обернулась, парня и след простыл, а на его месте был указатель, что недвусмысленно показывал на выход

После столь странного прощания, девочка без приключений дошла до дворца, в котором отсутствовала одна из дверей. Войдя внутрь, та увидела Цу, что привычно сидел на троне, только вот в этот раз с опущенной головой, и ногой, что постукивала по полу, создавая в зале эффект маятника, стучащего раз в 2 секунды","ktoia","1513299266444197988"
"10.06.2026 21:54:10","ktoia","#6622","— Сиэль —  

Да тут в Муриме на прямую говорят и не утаивают только если тебя убить хотят..

Покинув библиотеку всезнающей, очкастой и вездесущей культиварки, Сиэль, к счастью, добралась до дворца без приключений. Обойдя впечатанную под девяносто градусов дверь, девочка зашла внутрь и прошла всё дальше, вплоть до тронного зала. Она заглянула, выдохнула и переступила порог.  

Увидев восседающего на троне цыгана, Сиэль нахмурилась, частично понимая, что сейчас свалилось ему на голову. По виду Цу проблема была огромна - впрочем и без него это было понятно.  

Немного постояв в тишине под звуки маятника, девочка перестала хмуриться и решила прервать молчание:  

— Кай предупреждал, что суд с Альянсом неизбежен. Вот только не так скоро... Ты как?  

Сиэль притихла в ожидании ответа и до боли громких звуков. Все таки нужно было как то начать диалог.","samin__","1514336258288123986"
"10.06.2026 22:07:57","samin__","#2997","— Ян Цу —

Как только девочка заговорила, маятник ускорился. Помолчав ещë пару секунд, парень откинулся на троне, поджимая ногу под себя, продолжая второй отбивать ритм на удивление шëпотом ответил:

— Да знал я. Только чтобы такое произошло... не свезло так не свезло, нужно было вмешаться как только я его засëк... у порожков... мда... сама то как, о чëм с Тэдом говорила?

На удивление даже Цу не слышал того разговора и на ещë большее удивление был пугающе спокоен","ktoia","1514341928466911375"
"10.06.2026 22:49:02","ktoia","#6622","— Сиэль —

Удивительно. ОЧЕНЬ УДИВИТЕЛЬНО. Сиэлька не ожидала что тот будет говорить нормально, да что уж там нормально - ТИХО. Вот это ДЕЙСТВИТЕЛЬНО настораживало. О! Так Сиэль не прийдется говорить о ошибке что он сразу не присек Гу Чанге! Отлично он сам понял! 

Сделав пару шажочков вперед начала говорить:

— Я - плохо... А Тэд? А что с ним... Только и узнала за ""небесные законы"" и что он за интересный библиотекарь.... Ну и... слова не обнадеживающие - по этим законам его буквально не оправдать. Никак не оправдать, а учитывая что судит Альянс, то **определенно не оправдать**... Вердикт - стирание души... пф. Нет, его определенно не будет, Дао наверняка не даст, **который кстати будет на этом суду**.

Помолчав, добавила:

— Кто может вступиться за Кая?...

Понятный и естественный вопрос, который нужно было задать.","samin__","1514345396028178612"
"11.06.2026 02:23:26","biok_ymer","#9440","—Монах—
|-----------------------------------------------------------------------------|
Великий из умов однажды сказал, что путь в гору лежит в тропах сторонних, а напрямик идут лишь глупцы... Что же, парень осознал, что идти напрямик было опрамктчиво. И дело рук не цитаты великого философа, а то что он стал тонуть, а скользкие камни колодца не давали тому ухватиться. Паника? Мимолётная. План? Никакого. Он попросту решил что так не вытереться и с экономив силы хмыкнул и задержав дыхания нырнул, пытаясь дотянуться до дна, а после уже от того попытаться оттолкнуться. Опрамктчиво? Возможно. Если ли в этом логика? Частична. Поможет? Навряд ли. Но будет весело! Ну... Или он подаст много шума и его спасут...возможно... А возможно он просто дебил... Да, это звучит более реалистично.
|-----------------------------------------------------------------------------|","samin__","1514334055720816701"
"11.06.2026 02:27:57","biok_ymer","#9440","—Аполлон—
|-----------------------------------------------------------------------------|
Казалась бы, а в чем он был неправ? А в том, что сказал всю историю без контекста. Однако видя стеклянный взгляд тот выдохнул, отводя взгляд на мужиков, приговаривая:
|-----------------------------------------------------------------------------|

—Я решил помочь бедолагам без дома, неужто люди без крова и без цели столь ужасны? Я думал помогать ближнему своему бравое дело... Ах, ну и ладно, все равно прошлого не воротить. Может лучше смену тему?

/Повернув взгляд на девушку, тот спокойно сказал:/
-За вами ночью псих не смотрел? Мне просто он утром голову оторвал, говоря что слушал ваши сестрическиее беседы всю ночь... Не хотелось бы знать подробностей, однако предположу что обо мне? Хах... Как же много внимания я привлекаю для смертника без культивации.

|-----------------------------------------------------------------------------|","samin__","1514334907847933982"
"11.06.2026 12:28:11","samin__","#2997","— Цуй Лиз —

Девушка явно не понимала, почему парень знает о их ""разговорах"", от чего отведя взгляд стала говорить на постороннюю тему:

— Сестра не понимает, но это хорошие люди. Не бандиты, ничего, а как раз таки самые святые люди что ходят по этому свету. Во всяком случае это моё мнение. Если смотря на человека ты не знаешь что у него за намерения, то смотря на них сразу можно судить что они не приченят вреда и не обманут в угоду себе. Пожертвовавший всем ради идеи и разделивший учения небесного демона не может жить с тьмой в сердце

Выдохнув и потянув время, девушка перевела взгляд обратно на парня и ответила уже на его прямой вопрос:

— Не знаю как вы узнали, но сестра и правда взбеленилась по середине ночи, говоря что рядом... кхм... *тёмная тварь*. Ну и говорили мы далеко не только о вас, но и о том, что делать дальше, да и о разговоре с братом Гу, что уж точно не оставит нас в покое","biok_ymer","1514410827158130738"
"11.06.2026 12:40:40","samin__","#2997","|-----------------------------------------------------------------|
Мужик и правда был крайне глуп, если подумал что сможет противостоять подземным течениям. Как только тот ослабил хватку, течение подхватило его и понесло за собой, ну... хоть дыхание успел задержать и на том спасибо

Спустя время. Не ясно, долгое или нет, тот увидел свет! И сразу за этим тьму с оглушающим звуком. Того пронесло под землёй и выплеснуло из родника, в котором люди набирали воду, от чего монах вывалился прямо кому-то в ведро
|-----------------------------------------------------------------|","biok_ymer","1514409690585370665"
"11.06.2026 13:03:25","samin__","#2997","— Ян Цу —

Парень сжав челюсть, процедил через зубы:

— Дао... да этот ублюдок и может, учитывая что Кай уже своё ""отработал"" найдя тебя. Ммм... и... в смысле Дао придёт? Окак! А это уже интересно. Суд мирового масштаба выходит?

Примолкнув, парень начал вертеть головой, словно осматривается, на деле же он просто прикидывал варианты:

— Многие из демонов, в том числе Руш. Ммм... звери в теории могут, но там у них вой интерес. Драконы... не, драконы братца недолюбливают, разве что Роч впишется, но там вопрос другой. Из альянса... да никто... пожалуй никто. Ван точно придёт и... а что там с теми что ""на другой стороне""... хм... а знаешь, можно устроить потеху, если свезёт

После сказанного парня слега перетрясло и тот ещё тише чем шёпотом сказал:

— Ммм... не...

Огорчённо выдохнув, тот призадумался, говоря:

— Го, Мина если узнают, возможно Эр, но это вряд ли. И... жёны его конечно. Но кто бы их ещё выпустил... мда... даже наверное хорошо что они сейчас не в Муриме. Узнай они об этом, пол мира бы разворотили...","ktoia","1514355735733993543"
"11.06.2026 16:44:01","biok_ymer","#9440","—Монах—
|-----------------------------------------------------------------------------|
Рыхнув как селядь на сушу тот пару раз подергался, а после выплеснув воду тот стал приводить дыхание в порядок, после чего стал вставать с земли, делая спокойный вид и говоря:
|-----------------------------------------------------------------------------|

—Русло воды всегда должно быть частью пути и никогда не следует идти против течения. Истина в спокойствии, а не в глупом страхе.

/Сделав довольный вид, будто сказал что-то умное, тот осмотрелся, смотря на своих слушателей./

|-----------------------------------------------------------------------------|","samin__","1514565021256913069"
"11.06.2026 16:52:44","biok_ymer","#9440","—Аполлон—
|-----------------------------------------------------------------------------|
Выслушав россказни, тот переглядываются на мужиков, прикидывая слова девушки у ним, а после стал отвечать:
|-----------------------------------------------------------------------------|

—Не уверен в их чистоте помыслов, однако то что сейчас им некуда идти это уж точно.

/После выслушав слова о разговоре, тот вновь зайтклел взгляд на девушке, приложив руку к шеи и немного почесывая, говоря:/
-Не мне это говорить, но я вроде как пообещал своей госпоже защитить это место, отчего хоть Гу, хоть само божественное влияние если прийдёт сюда, я постараюсь справиться с этим, не давая местных и тех кто мне доверился в обиду. Да, возможно звучит по геройски,  ну такой уж я человек, что был рождён для защиты хех и раз уж я не обладаю той же великой силой что Открытые Небеса, единственное чем я смогу орудовать это силой своего коварного языка, отчего мне вновь придется идти на лукавство и обман поэтому... Ах, извини, но даже имея хорошие мотивы, мой путь поверь будет тем ещё гнилым ради этих целей, поэтому твоя сестра права на мой счёт и нет мне ""доверия"". Однако я обещаю постарать отдать всего себя, ради вашей спокойной жизни...

/Закончив свою пламенную речь, в которую и сам парень не верил тот выдохнул, а после опустив голову тот чуть выпустил пар из рта и запракинув руки за голову тот уставился на небо, о чем-то размышляя./

|-----------------------------------------------------------------------------|","samin__","1514561880520261812"
"11.06.2026 17:52:12","ktoia","#6622","— Сиэль —  

Кай ""отработал""? Меня нашел? А... Кажется, понимаю, о чем он... ай... ну и ладно, пока хорошая тема для разговора, но черт бы с ней, сейчас немножко вектор с себя надо увести. Итак:  

Демоны, драконы, Альянс, звери - слишком много сторон, слишком много интересов, которые чем-то закреплены и просто так выдвигаться не будут. Так. Демоны - прошлое Яна достаточно сильно с ними связано, поэтому наверняка действительно не только эта Руш, но и возможно, некоторые другие личности. Если Цу хотя бы её упоминает, значит, от её слова будет сила, а если так, то она очень-очень высоко. С другой стороны, приводить демонов на СУД АЛЬЯНСА - дело такое себе, авось и война начнется. Хотя... там Дао будет, может и не будут грызться между собой физически. Хорошо, а как с ними связаться? Точно... **Аполлон**. Пометка сделана, идем дальше.  

Про зверей ничего не знаю, поэтому пропущу и пойду к старейшинам секты. Да, старейшины Мина и Го. Ну очень интересный выбор. К Мине - ни ногой, ещё про моё существование вспомнит. Го же - с ним придется договариваться, а идти на это я не хотела. Цуй Эр? Да точно Ян же говорил, что с ней в принципе нормальные отношения ещё при появлении в Муриме. Насчет Цуй придется думать: с ней вообще ничего не ясно, да и тем более она тесно связана с Альянсом. Конечно, это только будет в плюс, если Альянс пойдет против Альянса, но кааак её подвязать к нам? Вопрос отличный.  

Идем дальше, а дальше кто? Дра-ко-ны. Так... Ян, насколько помнится, дракон, а почему его драконы не любят? Тяжело. Такой информацией она не обладает. Роч... М-м... Стоп. То есть? а... ну да... Сильнейший дракон, один из пяти сильнейших мира сего, открытых небес - Роч. По совместительству - дед Серис. Мир тесен. Если так предположить, Ван Фэнь и Роч будут НЕВЕРОЯТНО сильным аргументом. Два сильнейших мира сего на стороне Кая, а учитывая, что и Цу кого-то соберет и возможно, даже демоны придут... Да, суду быть. Только всё разбивается об одно: а ГДЕ Роча то искать? Сиэль находится через одно ""рукопожатие"" с ним, но он находится в другом мире. Значит, придется искать Серис. Не может же она отказать в помощи Яну Каю? правда?  

Призадумавшись, Сиэль перестала смотреть на Цу, перебирая варианты и всё же пришла к некому умозаключению.  

— Понятно, с одной стороны варианты есть. Но с другой все они гипотетические...  

Пауза. Сиэль подняла глаза на цыгана.  

— У меня есть связи с демонами. Объяснения думаю лишние и сейчас не к месту. В общем, есть тот, кто в теории сможет попытаться достучаться до этой Руш и возможно, других старых знакомых Яна. Твои же старейшины - Мина, Го, Цуй... Честно сказать, я никого из них особо не смогу перетянуть на сторону Яна без последствий. Мх. Если ситуация будет складываться так себе, то что-то с Миной и Го придумаю.  

Она скрестила руки перед собой и закончила на следующим:  
 
— А почему драконы негативно относятся к Каю?","samin__","1514570746955829249"
"11.06.2026 22:20:23","samin__","#2997","|-----------------------------------------------------------------------------|
Тот и правда сказал что-то странное. Однако аудитория была не менее странной. 3 ребёнка и ахуевший мужик, что пришёл набрать воды у родника, а получил в подарок монаха и наставления по жизни. Поняв что в этом родничке водится и не такое, тот невозмутимо, не отрывая взгляда от странного мужика взял сначала одно ведро, выливая его содержимое, а после невозмутимо принялся очищать остальные ёмкости
|-----------------------------------------------------------------------------|","biok_ymer","1514626263149711360"
"12.06.2026 02:20:17","biok_ymer","#9440","—Монах—
|-----------------------------------------------------------------------------|
Непонимая такой реакции, мужчина подумал, почесал лысину, а после встав в позу мыслителя сказал:
|-----------------------------------------------------------------------------|

—Ценность вещей и вправду цениться больше не в физическом, а духовном мире. Спасибо за этот урок господин, вы открыли мне глаза.

/После сказанного тот кивнул, а после прозревая от своего же открытия, он направился искать мужика, которому обещал починить колодец, по пути осматриваясь./

|-----------------------------------------------------------------------------|","samin__","1514710910764323021"
"13.06.2026 11:53:53","samin__","#2997","— Цуй Лиз —

Девушка слушала парня с неким скептизом во взгляде, однако перебивать не стала. Дослушав до конца, та немного прищурилась, отвечая тому:

— Признаться верится с трудом. Теперь я понимаю почему сестрица такого мнения о вас. Быть может я вам и верю... во всяком случае хочу это делать, однако всё равно это звучит слишком... наивно? Или может просто глупо? Но в любом случае это лучше чем было... тем более что сестра не понимает, что если даже мы сейчас уйдём, то если вы и правда хотели передать нас Гу, те нас догонят, а так... ну... будет хотя бы шанс

Договорив, девушка натянуло улыбнулась, явно боясь обидеть ""благодетеля"", которого на прямую назвала глупцом","biok_ymer","1514628454883266631"
"13.06.2026 12:10:42","samin__","#2997","— Ян Цу —

Парень немного оживился после новости что на суде будет Дао, однако всё ещё говорил шёпотом, понимая что если поднимет голосок, секте будет не очень. Услышав мысли девочки, тот чуть наклонился на троне, говоря:

— Мне не нравится куда ты ведёшь. Я в теории могу привести на суд одну личность, однако про Роча даже я не думаю

Посидев так ещё пару секунд, тот откинулся на троне закидывая ногу на ногу, отвечая той:

— Ну ладно, останавливать тебя я не собираюсь, просто надеюсь ты знаешь что делаешь. Кай ещё когда был ""прошлым"" неслабо насолил им, будучи человеком поглотив душу их прародителя. Формально он стал их правителем, однако у духов уважение держится на чистоте их крови, а ты представляешь что у кровь у ""дракона"", что был человеком. Такая адская смесь их из себя выводит, от чего само его существование бесит большую часть из них

Схватившись за колено, парень замкнул пальцы в замок перед собой, говоря той:

— Вообще у духов всё пошло под откос когда их прародители погибли. Вылупляться перестали в общем то. А тут появился Ян, на пару с Ю, что помогли вылупиться новому поколению. Некоторые им благодарны, а некотые... лучше бы умерли, чем принять помощь у них. Мда... духи высокомернее Альянса, честно слово. Ну... высшая раса, чего уж там","ktoia","1514643421912891455"
"13.06.2026 12:26:04","samin__","#2997","|-----------------------------------------------------------------------------|
Мужик вообще ничего не понял, однако всё-же решился заделать родничок от греха

Лысик же идя в рандомном направлении видел деревья. Деревья и... срущего оленя. В общем лес. Мда... далеко его отнесло от деревеньки. Однако на его удачу, через время тот и вправду вышел в деревню. Подойдя к дому горе строителя, тот смотрел в колодец, почёсывая репу, явно не замечая Монаха, думая что теперь у него в колодце завёлся новый житель, ведь видел как тот парой минут ранее сиганул туда
|-----------------------------------------------------------------------------|","biok_ymer","1514771287279403049"
"13.06.2026 13:41:25","ktoia","#6622","— Сиэль —  

Она кивнула, обдумывая услышанное и продолжила, стараясь говорить спокойно:  

— Подожди, то есть Роч - не прародитель? Я думала... Странно. Допустим, да. Сама частично понимаю, что дотянуться до этого дракона очень сложно. Однако, пожалуй, это тот самый вариант, который гарантирует успех суда. В нашу сторону.  

Сиэлька отвела взгляд в сторону, собираясь с мыслями.  

— Значит, к их старикам дороги нет. Получается, остаётся идти только к тем, кто из ""нового поколения"" и некоторым другим.  

Она замолчала на секунду, покачав головой.  

— Ну и наворотил дел Кай.  

Она снова посмотрела на Цу:  

— Ладно. Искать тех, кто готов его поддержать... Даже если их голоса не решат все, все же они создадут шум. А шум лучше, чем молчание.

— . .. ...Ты случайно не знаешь где Серис?","samin__","1515282258292903948"
"14.06.2026 07:09:38","biok_ymer","#9440","—Монах—
|-----------------------------------------------------------------------------|
Не долго думая монах и сам встал у колодца смотря в того, пытаясь разглядеть сквозь тьму что-то, однако ничего не увидя, тот обратился к мужику, скрестив руки в молитвенной позе и говоря:
|-----------------------------------------------------------------------------|

—Исполнил вашу волю и очистил колодец от черни. Что же, теперь велено вам подсобить ученику просветления. Вы сейчас свободны?

|-----------------------------------------------------------------------------|","samin__","1515286123788632075"
"14.06.2026 07:14:58","biok_ymer","#9440","—Аполлон—
|-----------------------------------------------------------------------------|
Не замечая оскорбления тот лениво проложил руки за голову, посмотря на небо и говоря:
|-----------------------------------------------------------------------------|

—А я ведь и вправду глупец, раз до сих пор цеплясь за материальный мир. Может зря я все это затеял? Какой смысл ставить это место на ноги, если сущности выше человеческого понимания могут по щелчку взять и забрать все, словно наша жизнь и не имеет вообще никакого смысла. Однажды у меня он забрал всё и история вновь повторяется... Что же, видно получать нож в спину с тупым лицом моё истинное предназначение.

/Сказав последний фразу тот даже немного улыбнулся своей глупой шутке, а после посмотрев на девушку сказал:/
-Я вам рассказал абсолютно все, что связана с Чанге. Если вы до сих пор мне не верите, но хотите что-то с этим решить вы всегда можете залезть ко мне в голову. В прямом и переносном смысле~.

/Сказав последний фразу тот демонстративно из-за спины достал вторую пар рук, коими подвхртил голову и стал жанглировать, едко ухмыльнувшись. Видно он хотел сбавить атмосферу, но вряд-ли у него это так просто выйдет./

|-----------------------------------------------------------------------------|","samin__","1515278025841840220"
"15.06.2026 22:39:14","samin__","#2997","— Цуй Лиз —

Девушка слушала того с неким непониманием, но не перебивала и не отвлекалась, думая... а что на такое ответить то? Однако когда тот достал вторую пару рук, та нахмурилась, явно вспоминая не лучшие фрагменты жизни, а когда тот оторвал голову, начиная той жонглировать, девушка и вовсе открыв рот стала смотреть на ""шоу""

Вторую пару рук та то видела, но вот фокус с отделением головы был чем-то новеньким, тем более после столь странных и душевных слов. В воздухе повисла некая неловкость, ведь девушка определëнно не поняла шутки","biok_ymer","1515570221698646017"
"15.06.2026 22:39:39","samin__","#2997","|---------------------------------------------------------------------|
Мужик и не знал чего ему делать. Жизнь в этих краях была суровой, но быть повинным в утопце было как минимум неприятно, от чего тот с прищуром смотрел наклонясь в глубь колодца, прислушиваясь к звукам внизу, однако тот НУ ВОТ ВООБЩЕ НЕ ОЖИДАЛ что его окликнут сзади

Чуть не нпвернувшись в колодеи с испугу, мудик схватился за его край, медленно поворачивая голову на монаха. Оглядев того, он посмотрел вниз, потом опять на шамана, что оптекал от воды, а затем и вовсе покачил головой, пытаясь свыукнуться что он и правла туда спрыгнул и выжил

Услышав вопрос, тот растерянно сказал:

— Ну... да... теперь то да. Что построить то надо?
|---------------------------------------------------------------------|","biok_ymer","1515568876920897546"
"15.06.2026 22:40:26","samin__","#2997","— Ян Цу —

Парень слушал девочку с лединящим молчанием, а как та закончила вновь отклонился на троне в своей привычной позе и всë так-же прошептал:

— Наворотил не то слово. Уж шума я наведу, можешь не сомневаться. Правда это может как помочь, так и помешать. Врагов у Кая не меньше чем обязанных ему, так что если познают... ууу... будет тяжело...

Сделав вид, что тот смотрит чуть левее Сиэль, тот сказал:

— Серис сейчас дерëтся с Тэдом...

Повернул взгляд нахад:

— Не спрашивай, у них там свой мирок. Уж поверь, были бы у меня глаза, я бы их точно закатил, смотря на то что они устроили, но сейчас не до этого

Засунув руку в рукав одеяния, тот продолжил:

— В таком случае разделимся. Не думаю что у тебя что-то получится, так что попытаюсь дотянуться до кого могу, а могу я... хм... немало

Осознавая этот факт, парень широко улыбнулся, а после вынув что-то из рукова кинул нечто в Сиэль и оно РАЗУМЕЕТСЯ зависло в паре сантиметров от еë лица. Эта картина уже перестала быть странной за неделю, а Цу же проговорил:

— Это жетон главы секты с моим отпечатком. Штука страшная, так что используй только в крайнем случае. Тебе теперь и так скрывать по сути нечего, только вот это прибереги. Если просто кому-то показать - они поймут что сейчас ты под моей защитой, а если влить Ци, то... /улыбнулся/ придëтся затыкать ушки

Встав с трона, парень неспешно направился в сторону выхода, явно чуствуя себя важным, попутно говоря:

— И да, если будешь передавать информанию демонам, проследи чтобы императрица не узнала об этом. Там история длинная, но вот еë на суде лучше пусть не будет","ktoia","1515305084710293535"
"15.06.2026 22:42:18","biok_ymer","#9440","—Аполлон—
|-----------------------------------------------------------------------------|
Поняв, что что-то разрешить обстановку не вышло тот налепил голову обратно с характерным щелчком, а после спрятав руки обратно за спину тот хмыкнул, говоря:
|-----------------------------------------------------------------------------|

—А раньше работало... Теряю хватку выходит. Ну лишний раз повторять что я ничего от вас не утолил смысла нет, отчего и на ваше спокойствие повлиять не могу... Хм, может смерти тему? Вот к примеру, у тебя же был магазин в том городе, может и здесь тебе местечко найдем для этого?

|-----------------------------------------------------------------------------|","samin__","1516165206177218651"
"15.06.2026 22:44:37","biok_ymer","#9440","—Монах—
|-----------------------------------------------------------------------------|
Не меняя молитвенной позы, тот призадумался, как бы ему сказать это и весьма тупо ответил:
|-----------------------------------------------------------------------------|

—Храм... Ну... Там ""косметический ремонт""... Крыша ""немного"" течет и пол ""немного"" скрипит. Дела на ""15 минут"".

|-----------------------------------------------------------------------------|","samin__","1516165310569382019"
"16.06.2026 01:40:29","ktoia","#6622","— Сиэль —  

Ну на третий или какой уже раз Сиэль перестала дергаться, когда в неё что-то летело. Оно определенно остановится... Правда? Уверенность была ровно до того момента, пока предмет не приблизился почти вплотную. Она приподняла руку... и да - он замер. Может в ответ кинуть КОПЬЕ? Оно тоже замрет. кхм. Сиэлька аккуратно взяла жетон, повертела в руках, рассматривая. Очередной жетон - уже третий. Ученица секты, приглашённый гость и главы секты. Уже коллекция, не иначе.

Она спрятала его от греха подальше в кольцо и снова посмотрела на Цу.

— Ага.... Хорошо, что упомянул про императрицу. Передам это.

— Да и я сама не особо верю, что смогу до него дотянуться. Ну... не попробуешь - не узнаешь, правда? Хотя... звучит так себе.

Она махнула рукой на прощание, развернулась и направилась к выходу. Выйдя из дворца, Сиэль остановилась перед входом, задумавшись. Взгляд сначала упал на вдавленную дверь в гальку, затем начал блуждать по территории открывающейся с высоты. Серис дерётся с Тэдом... Стоп, что? Когда они успели? Разве они так долго с Цу говорили? Вроде только от Тэда пришла... Мм... А почему Тэд не возьмёт её в ученицы? Не думаю, что это запрещено. Хм... Ай, ладно. Где они могут драться? Либо на тренировочной площадке, либо в зоне спаррингов.  

Недолго постояв, Сиэль решила отправиться к зоне для спаррингов.","samin__","1516165510734155887"
"16.06.2026 13:32:15","samin__","#2997","|---------------------------------------------------------------------|
Мужик хмыкнул не замечая подвоха, отвечая тому:

— Храм... это тот проклятый что-ли? Ну... ладно уж. Раз помог, я уж тоже в долгу не останусь. Погодь, я только инструменты возьму

Залетев к себе в дом, тот довольно быстро вышел обратно с ящичком, проходя мимо Монаха, говоря тому:

— Ну, чего стоишь? Идём уж... бр... не люблю те места
|---------------------------------------------------------------------|","biok_ymer","1516166562451689503"
"16.06.2026 13:48:29","samin__","#2997","— Цуй Лиз —

Девушка всё ещё стояла в неком шоке, однако рот прикрыла. Половину слов та пропустила мимо ушей, устремив взгляд на шею Аполлона, что уж точно была... мягко говоря необычной. Когда к той обратились, девушка отвела взгляд в сторону, говоря тому:

— Да уж... сестрица была права... необычное вы ""существо"". КХМ... не думаю что тут нужна лавка с одеждой. Знала бы что тут всё так... бедно, взяла бы несколько нарядов с собой. Ммм... а ведь даже шить неизчего, да и оставаться тут будет проблематично, вы же говорили что Чанге скоро придёт сюда, а тогда уж жизнь точно подойдёт к концу...

В этот момент Лиз увидела как её ""милая"" сестрёнка уже дошла до точrи кипения, от чего крикнула в её сторону:

—  ЛИАН! Подойди ка

Не увидев реакции, та выдохнула, и крикнула ещё раз:

—  ЛИАН! А ну быстро сюда!

На второй раз девушка недовольно обернувшись на мужиков, что уже тоже были не в лучшем расположении духа от встречи с ""тепличными растениями"", пошла в сторону Аполлона и Лиз","biok_ymer","1516165980789674154"
"16.06.2026 13:54:09","samin__","#2997","|-----------------------------------------------------------------------------|
Цу сложив руки за спину поплёлся куда-то в сторону от дворца, где были пики, которые разнёс Хао неделю назад

Сама же Сиэлька не поняла куда ей направляться, от чего пошла в зону спаррингов, однако на её счастье, та почти сразу увидела Серис! Только вот та летела спиной вперёд прямо на СИЭЛЬ! А Тэд... а какой Тэд? Его там и вовсе не было. Вообще не было или уже сбежал, было не ясно, однако сейчас была другая проблема! ПРИБЛИЖАЮЩАЯСЯ ТУШКА!
|-----------------------------------------------------------------------------|","ktoia","1516210822555242648"
"16.06.2026 14:13:31","ktoia","#6622","— Сиэль —

Сиэль только успела заметить дракониху на поле спарингов, как та уже неслась прямо на неё... А где ТЭД??!??!? Особо времени искать его нет, единственное что... Ну... Он бы не ушел! Да. Точно. Определенно он где-то тут просто я его не вижу. И если я буду стоять на месте, то дракон остановится в сантиметре от меня... Тут же всегда так работает. Приняв это Сиэлька просто невозмутимо стояла... Она НУ ТОЧНО не ошибается.","samin__","1516395455213211679"
"16.06.2026 16:44:54","biok_ymer","#9440","—Монах—
|-----------------------------------------------------------------------------|
Ничуть не разбираясь в стройке, мужик и вправду думал что дела на 15 минут, отчего став уже в спокойную позу привел того к храму, что похоже дожидав последние дни. Может там будет что-то ещё?
|-----------------------------------------------------------------------------|","samin__","1516389942551515176"
"16.06.2026 16:46:43","samin__","#2997","|-----------------------------------------------------------------------------|
||Если что ты только спустился с последней ступеньки перед дворцом||

Тушка летела довольно медленно. Удивительно как та ещё не плюхнулась на землю, однако БАХ! В этот раз она не остановилась, сбивая Сиэльку с ног. Видимо в этот раз... не свезло. Однако на удивление как только те полетели на ступеньки, их завернуло в сторону, чтобы они упали на землю, не сильно травмировать. Странное дело, однако Тэда даже близко не было видно
|-----------------------------------------------------------------------------|","ktoia","1516400326633193623"
"16.06.2026 16:48:55","biok_ymer","#9440","—Аполлон—
|-----------------------------------------------------------------------------|
Смотря за ""ссорой"", тот спокойно не обращая внимания продолжил:
|-----------------------------------------------------------------------------|

—Я же сказал что разберусь с ним, я вам сообщил это чтобы накопать на него информацию для манипуляции. Все же обещания я стараюсь держать, отчего ты все же подумай о моем предложении. Как я верну торговый путь, сюда будет идти больше людей, отчего твой бизнес тут может разместить более. Может не сразу, но со временем уж точно. А насчёт...

/Не успев договорить к ним уже подошла сестрица, отчего тот умолк, предпочитая не бесить тут своим говором./

|-----------------------------------------------------------------------------|","samin__","1516394027778441256"
"16.06.2026 17:10:42","ktoia","#6622","— Сиэль —

||Ааааа да? Понял.||

Сиэль успела только моргнуть, когда поняла, что привычное ""остановится в сантиметре"" в этот раз не сработало... Мда. Тушка врезалась в неё с глухим ударом, и они уже обе полетели к ступенькам, прежде чем какая-то неведомая сила аккуратно завернула их в сторону от ступенек на землю....

— Ай.

Сиэлька выдохнула, чувствуя, как воздух слегка вышибло из лёгких. Она лежала на спине, глядя в небо и пыталась понять, что вообще произошло, начиная медленно приподниматься на локтях. Оглядываясь и замечая дракона сказала:

— Ты куда так полетела...","samin__","1516438882558808086"
"17.06.2026 11:34:36","samin__","#2997","— Серис —

Мир всегда возвращает деяния бумерангом и теперь дракониха лежала на Сиэльке, как та неделю назад, ещё на испытаниях. Благо рогами хоть не проткнула. Приподнявшись с девочки, та недоумевающе посмотрела на ""подушку"", недоумевающе отвечая той:

— В тебя...

Наконец поднявшись с Сиэль, та приподнялась на ноги, будучи в боевой готовности, стала крутить головой по сторонам, дополняя:

— Ну и где этот ненормальный","ktoia","1516444915582636232"
"17.06.2026 12:04:13","samin__","#2997","— Цуй Лиз и Гу Лиан —

Девушка продолжая наблюдать над горе сестрой слушала парня, попутно отвечая тому:

— Ммм... быть может. Во всяком случае хотелось бы в это верить. А что до Чанге... мы с ним много играли вместе, ещё с детства. Компромата... на него как такового нет. Он рождён ""идеальным"". Тс... кусок...

В этот момент уже подошла Лиан, которая дополнила:

— Дерьма. Не нужно слышать разговор, чтобы понимать о чём он

Хмыкнув, швея призадумалась, говоря чуть злее:

— А ведь на него и правда ничего нет...

С осознанием, её кулочки сжались, а Лиан быстро подхватила:

— В смысле ничего. Ты забыла кто перед тобой? Я вообще-то на него не мало всего нарыла, хотя и отдаю должное, для ""человека"" слишком мало у него грехов /повернулась на Аполлона/, что интересует?

Похоже сам факт ""поднасрать"" Гу Чанге заставил её пойти на уступки с совестью","biok_ymer","1516439437561827408"
"17.06.2026 12:09:28","samin__","#2997","|-----------------------------------------------------------------------------|
Ещё на подходе к храму, мужик чуть замедлил шаг, а после и вообще остановился смотря на него, говоря Монаху:

— Хера себе 15 минут. Не, я конечно предпологал что работы на пол дня, но ТАКОГО я не ждал. Я не хочу тебя расстраивать, но легче уж новый построить чем восстанавливать... ЭТО! Как вообще туда булыжник... ой да... ДА!

Договорив, мужик развернулся и поплёлся обратно в деревлю, понимая что на этом его полномочия всё
|-----------------------------------------------------------------------------|","biok_ymer","1516438425568546836"
"17.06.2026 13:17:29","ktoia","#6622","— Сиэль —

Сиэль желала сейчас больше всего чтобы с нее слезла туша дракона, и фигли ты такая тяжелая? ""В тебя"" - да ну?! Не заметила! 

Наконец когда с девочки стали, Сиэлька приподнялась переходя из положения полулежа в сидячее, потирая бок, и с лёгким недоумением посмотрела на дракониху, которая уже вскочила на ноги и вертела головой, явно высматривая... Тэда. Ну спасибо за доставку, не отходя от кассы... Мх. Если Тэд владеет любым дао то и получается дао Цу? Значит он +- слышит все что происходит в секте? Ну-ну....

Перестав думать о на данный момент не нужном Сиэлька решила встать и сказать:

— И как так случилось что ты против Тэда вышла...","samin__","1516722721315094619"
"17.06.2026 15:52:07","samin__","#2997","— Серис —

Девушка не оборачиваясь продолжала осматриваться, проверяя не только стороны, но и небо, а так-же землю под ногами, лишь раздражённо отвечая:

— Я вышла? Это этот ненормальный на меня накинулся! Опять из комнаты выкинул! ""Не хочешь ли прогуляться до дворца"" НЕ ХОЧУ!

/Оглянувшись, та увидела дворец/
— Чёрт... прогулялась называется","ktoia","1516748613374443621"
"17.06.2026 19:11:28","ktoia","#6622","— Сиэль —

Сиэль, наконец, поднялась на ноги, отряхнулась и выпрямившись тоже огляделась, а после вернулась к Серис.

— Вот оно что... Какой он негодяй.... Ну думаю если мы его не видим, то не найдем.

Скрестила ручки.

— Слушай Серис. Я как раз тебя искала.","samin__","1516787528357904444"
"17.06.2026 20:18:44","biok_ymer","#9440","—Аполлон—
|-----------------------------------------------------------------------------|
Парень удивившись, что тому дали права голоса, воспользовался шансом, интересуясь:
|-----------------------------------------------------------------------------|

—Мне нужно побольше узнать о нём, его слабости, точки давления и прочее что поможет мне его обдурить окончательно. Мой обман вскроется и в этом я уверен на сто процентов, отчего мне нужно придумать новую ложь разбавленную правдой, кою он не сможет опровергнуть.

/Сказав, тот чуть опустив голову дополнил:/
-Мне он и сам кажется головной болью, отчего если я избавлюсь от него, это поможет не только вас устроить спокойную жизнь... Так и что ты накопила на ""идеального""?

|-----------------------------------------------------------------------------|","samin__","1516730175859986454"
"17.06.2026 20:23:53","biok_ymer","#9440","—Монах—
|-----------------------------------------------------------------------------|
Посмотрел на камень, посмотрел на мужика а после сплбнув слюну в сторону чуть матбкнулся, а после пошел за мужиком, говоря:
|-----------------------------------------------------------------------------|

—Прости мужик, но похоже ты прав.. ой, кхм. Твои суждения верны и я предположу, что храм окончательно откинул свой дух... Быть может ты посадишь просветленному и приютишь его на денег, пока я буду думать, что с этим сделать...?

|-----------------------------------------------------------------------------|","samin__","1516731498974150746"
"18.06.2026 15:32:24","samin__","#2997","|-----------------------------------------------------------------------------|
Остановившись, мужик ухмыльнулся, говоря тому:

— Хех... вижу что монахи тоже иногда теряют свою безмятежность. Ну давай уж, отплачу тебе за колодец хоть так

Так и прощёл остаток дня, в котором мужик занимался своими делами, а Монах побродив ещё по деревне, помог паре человек, от чего ничего не получил, кроме слов благодарности и небольшого количества еды, которую сразу же съел

Когда завечерело, горе строитель курятников постелил гостю на полу, а сам уже готовился отойти ко сну. Бедновато, но зато гостеприимно. Так бы и прошла ночка, если бы не стук в дверь, на что мужик недовольно поднявшись с кровати поплёлся к той, говоря по пути:

— Да чтож такое? Кого в такой час принести могло...

Открыв дверь, тот притих, а после натянуто произнёс, чуть громче:

— Ох... и что же нужно такому благочестивому МОНАХУ в столь поздний час от обычного деревенщины?

И с чего он так напрягся?

||Да, решил чутка ускорить, чтобы не задушить тебя||
|-----------------------------------------------------------------------------|","biok_ymer","1516855922578952314"
"18.06.2026 15:48:12","samin__","#2997","— Гу Лиан и Цуй Лиз —

Закатив глаза, девушка закрыла их рукой, раздражённо говоря:

— Лиз, ну честно слово, он безнадёжен...

/Открыла глаза, начиная причитать/
— Ты вообще понимаешь против кого ты выступаешь? Этот уродец **буквально** свят. Представь младенца, какие у него могут быть грехи? Правильно, никаких. У этого меченого тоже самое. Он идиален, а любая ситуация тому на руку. Не знаю, толь мир ему благотворит, толи он просто умный, но думаю и то и другое. Сын небес... ну что за бред

— Единственный его страх ты уже вскрыл, начиная говорить о ""черни"". Если то что ты показал - правда, то он уже тоже понимает с чем может столкнуться. Не знаю уж откуда ты это узнал, но да, это буквально единственная его слабость. Просто расскажи побольше про ""другую сторону"" только и всего. Даже он не посмеет тронуть того, кто пришёл от туда

Лиз, что стояла и слушала всё это вообще ничего не поняла, довольно растерянно произнеся:

— Я... ничего не понимаю... что за та стор...

Не успела та поговорить, как Лиан положила руку на голову, начиная поглаживать, говоря на удивление спокойно и по доброму:

— Тихо-тихо, тебе не нужно такое знать, а то ещё кошмары начнутся... просто думай что мы говорим о своём. Главное что это всё пойдёт против гада, что обидел мою сестрёнку

Ничего себе, она может быть и такой?!","biok_ymer","1516854625054097634"
"18.06.2026 16:13:27","samin__","#2997","— Серис —

Девушка и не думала успокаиваться, она просто фыркнула, продолжая осматриваться:

— Сиэль, я сейчас, немного-о-о занята. Что ты хотела?

||Тут мог быть скип||","ktoia","1516837696532910131"
"18.06.2026 16:56:40","biok_ymer","#9440","—Монах—
|-----------------------------------------------------------------------------|
Спокойно себе кайфуя от жизни добряка, тот и не думал что его прошлое настигнет его так быстро... Он уже спокойно отдавал молитву стоя на коленях выдуманном у богу ""Чила"", однако его молитву на словах ""...похайпить немножко..."" Перебили повышенном тоне говоря о другом монахе? Незная с кем тот говорит, но предпологаю худший исход, тот спокойно себе встал разряд ноги, а после открыв окно выпрыгнул, убегая со всех ног вдаль!
|-----------------------------------------------------------------------------|","samin__","1517144954357416059"
"18.06.2026 16:57:29","ktoia","#6622","— Сиэль —

Видя что та не собирается успокиватся и продолжает бой с невидимым Тэдом, девочка похмурилась и скрестив ручки отвела взгляд, но придумав с чего начать вернула внимание, говоря:

— Про Яна Кая не хочешь поговорить?","samin__","1517155286761209949"
"18.06.2026 17:00:53","samin__","#2997","— Серис —

Услышав знакомое словечко, девушка быстро расслабилась, принимая более спокойную позу, а после повернувшись на <@&1496355042326872085> сосредоточив взгляд на ней сосредоточено ответила:

— Слушаю

Да, Сиэль в миг завладела её вниманием","ktoia","1517166366472278077"
"18.06.2026 17:01:52","biok_ymer","#9440","—Аполлон—
|-----------------------------------------------------------------------------|
Я что ебу про какую сторону и чернь она говорит? Парень почесал голову, а после посмотрев на небо улыбнулся, беспечно говоря:
|-----------------------------------------------------------------------------|

—Какой же мне пиздец!

/Сказав столь радушную мысль, тот посмотрел на девушку, говоря:/
-Ладно, значит нужно избить идеального младенце в словесной битве и не с таким справлялись. Чего стоил прошлый проповедник веры единства... Ох, было же время....

/Прижавшись воспоминаниям, тот подумал, а после сделав вокруг себя темную дымку, сказал:/
-Похож я на злодея? Нужно ещё с лицом поработать... Ладно, есть идея обмана, спасибо!

/Договорив тот убрал дымку закинув руки за спину и идя дальше по дороге, оставляя девчуль одних. Значит гора и архитектор могут подождать, нужно как-то восстановить мораль, но вот как...? Нужно заняться делом! Подумав так, тот пошел к шахтам, намериваясь посмотреть как там идут работы и в случае чего помочь. Если там дел не будет, он пойдет по людям спрашивать по шахту и предлагать работать тем, дабы брать под колпак всю информацию о шахте, ставив людей под процент.../
|-----------------------------------------------------------------------------|","samin__","1517148929702105138"
"18.06.2026 17:16:52","ktoia","#6622","— Сиэль —

Вот оно как работает! Чтож, возможно это будет намного проще чем думалось!

Сиэлька взглянула на Серис и после кивнула в бок, предлагая ""пройтись"". Начиная идти в сторону библиотеки, где обычно мало кто ходит, девочка стала задвигать, начиня с далека:

— Знаешь Серис. Возможно что ты не особо жалуешь все эти ""сектантских"" разборки, но сейчас дело касается не просто чьих-то амбиций. Кай под судом. Альянс собрался судить его за то, что он кое что сделал....

Глядь на дракона.

— Я хочу помочь ему. И судя по всему, без тебя у меня ничего не выйдет.","samin__","1517167224647979179"
"18.06.2026 21:10:28","samin__","#2997","— Серис —

Идя в след за Сиэлькой, та слушала еë слова с интересом, а после и с беспокойством. Как только той дали слово, она взорволась:

— ДА КАК ОНИ ПОСМЕЛИ?! Что он мог такого сделать. Ух уж эти людские законы... я бы... я бы...

От переполняемых чуств, та положила руку на плечë Сиэль, начиная говорить значительно быстрее:

— Костьми лягу, но помогу. Что от меня нужно? Я же... /отвела взгляд/ ничего и не знаю...","ktoia","1517171246037471342"
"18.06.2026 21:26:30","ktoia","#6622","— Сиэль —

Сиэль на мгновение замерла, ощутив руку на своём плече и почувствовала, как внутри разливается что-то необычно теплое - неожиданная поддержка от той, кто ещё недавно была просто случайной попутчицей.... Сиэлька ответила глядя на дракошу:

— Спасибо. Правда.

Она отвела взгляд в сторону, собираясь с мыслями и продолжила уже более деловито:

— Что нужно? **На самом деле, не так много.** Ты - **единственная**, кто может связаться с Рочем. Твой дед - один из сильнейших существ в этом мире. Если он выступит в защиту Кая, это изменит всё..... Что думаешь? мм?","samin__","1517230032295034970"
"18.06.2026 21:26:46","samin__","#2997","Девушка было хотела сказать что тот и так похож на злодея в еë глазах, да и лицом смахивает, однако не успела ведь тот здулся

— Хэ Чпок —

Подходя к шахте, тот увидел весьма удивительную картину. На выходе из шахты стоял Чпок и на удивление... командовал? 

— Эщ! Ты! Возьми вон ту херовину и прихерач еë вон туда!

— /Свист/ э-э-э! Куда ты кирки поторабанил?! Тут оставляй!

— Ну чëж ты делаешь?! Все ШТЫРЬКИ просыпал. Мы что вбивать будем?! Собирай теперь! Крот недоделаный!

— А ты чë вылупился?

Работа шла полным ходом, и лишь Линци стоял подле Чпока недовольно озираясь по сторонам, однако заметив Аполлона, тот скривил лицо, сплюнул в сторону, направляясь в пещеру

Чпок же увидев это посмотрел на харчëк и стал кричать ещë громче:

— Эу, мелюзга! Ты добро то своë подбери и съешь

Чуть подошëл к слюне и брезгливо приговорил:

— Может оно это... заразное

И... с этими словами старик стал присыпать ту землëй","biok_ymer","1517167471763918989"
"18.06.2026 21:30:31","samin__","#2997","— Серис —

В момент когда девочка перевела взгляд на дракона, тот уже был в конце улочки, крича той:

— Ой извини, у меня дела появились, ещë нужно с Тэдом поговорить. А мой герой уж точно себя в обиду не даст, не в первой в передрягах бывать, так что я уверена как выберется он опять расскажет ОЧЕНЬ занимательную историю. Обязательно пригласи потом послушать...

— ПОКА!!!

Договорив, та значительно ускорила шаг, переходя на бег","ktoia","1517234068431966299"
"18.06.2026 21:37:21","ktoia","#6622","— Сиэль —

Сиэль так и застыла с открытым ртом, глядя вслед удаляющейся драконихе. Внутри всё оборвалось - то самое тёплое чувство, которое только начало зарождаться, резко схлопнулось, оставляя после себя пустоту и глухое раздражение.

— Да конечно... Конечно, да... Что же могло пойти не так.

Она постояла ещё пару секунд, потом медленно опустила руки и глубоко на выдохе КРИКНУЛА, срываясь с места переходя сразу в бег за драконом:

— ДА ПОЧЕМУ ТАК КАТЕГОРИЧНО?! СТОЙ! ДАВАЙ ПОГОВОРИМ!!! 

Бег-бег-бег.... Не начнет догонять ускорится иным образом.... НО ДОГОНИТ.","samin__","1517235076906352751"
"18.06.2026 21:43:10","samin__","#2997","— Серис —

На удивление Сиэлька была куда быстрее чем дракона, видимо разница в культивации дали свои плоды, однако заприметив быстро приближающийся объект, девушка раскрыла глаза пошире, а после ускорилась что есть мочи, крича в ответ:

— Я ПРАВДА ЗАНЯТА, ДАВАЙ НЕМНОГО ПОЗЖЕ. ВОТ КАК СУД ПРОЙДËТ, ТАК СРАЗУ!

||Ты еë догонишь, так что можешь сразу отписывать что догнал||","ktoia","1517236796017344572"
"18.06.2026 21:51:29","ktoia","#6622","— Сиэль —

||А, ну если догоняю, то без приколов!||

Сиэль стиснула зубы, когда слова Серис долетели до неё.

— КАКОЙ ПОСЛЕ СУДА, СТОЙ ТЫ!!!! 

После этих слов она сосредоточилась на беге - ноги сами нашли нужный ритм, дыхание выровнялось, а взгляд прикипел к фигуре драконихи, которая всё ещё пыталась уйти вперёд. Расстояние сокращалось с каждым шагом.

— Думаешь, я просто так отстану......

Когда между ними осталось всего пара метров, она собрала остатки сил и не сбавляя скорости, прыгнула вперёд, сбивая дракониху с ног. Они обе рухнули на землю и Сиэль, дыша, придавила её ручками, чтобы та не встала сразу.

— Дела откладываются. Поговорим. **СЕЙЧАС**.","samin__","1517238260835815616"
"18.06.2026 21:55:44","samin__","#2997","— Серис —

|| Вторая арка с изнасилованием ||

Заполненная дракониха рухнула на землю, пытаясь отдышаться, видимо та и правда выкладывалась на полную, чтобы избежать разговора, но не выло, та лишь отвела взгляд в сторону слушая подружку, а после начала вырываться:

— Не-хо-чу. Нет, я останусь здесь! Не хочу домой! Я уже это пережила! Даже нижнее бельë привыкла носить! Не хочу к Рочу, не хочу к старикам!","ktoia","1517240355496526026"
"18.06.2026 22:07:34","ktoia","#6622","— Сиэль —

||ДАА износ дракона.||

Сиэль не ослабила хватку, чувствуя, как Серис ТОЧНО пытается вырваться. Она прижала её сильнее.

— Тихо, тихо.... 

Глубокий вздох...

— Послушай. Я.... ам.... ПОКА, не подумал как ты можешь с этим помочь напрямую, но я точно знаю что мне НУЖНА твоя помощь. Я не собираюсь.. или... собир... КХМ... Пока не собираюсь заставлять тебя туда идти.... Слушай, там что... настолько плохо?!","samin__","1517241423446147233"
"19.06.2026 09:53:55","biok_ymer","#9440","—Аполлон—
|-----------------------------------------------------------------------------|
Я думал постом сделать скип до Гу Чанге, отчего я и не ожидал этого... Аполлон видя рабочий процесс чуть улыбнулся, а после подойдя к старику сказал:
|-----------------------------------------------------------------------------|

—А ты молодцом Хэ, быстро модилизировал людей на работу. Я в будущем к тебе ещё народец приведу, отчего быть может будешь всех пинать и те будут на счастье твое работать, а ты лишь контролировать хех.

|-----------------------------------------------------------------------------|","samin__","1517234134001647626"
"20.06.2026 21:38:11","samin__","#2997","— Серис —

Естественно драконяик пытался вырваться, на столько что даже Сихльке было не просто ту удержать, ведь она продолжала истерику:

— Мир маленький, ублюдский, так ещë и Фениксы... НЕ-ХО-ЧУ! Я тут увидела больше за пару дней, чем там за всю жезнь! Чëртов два я туда вернусь пока не достигну прогресса, чтобы со мной считались!

Тут Сиэлька стала чуствовать как руки девушки стали значительно твëрже","ktoia","1517244400286306444"
"20.06.2026 21:45:08","samin__","#2997","— Хэ Чпок —

Ковыряя хорчу, тот даже не заметил как к нему подкрался парень, от чего услышав его голос дëрнулся, подпрыгнув на месте призепляясь прямо в харчу:

—АЭХ! Тьфу... теперь ногу отрезать...

— ТЕБЕ ЧО НАДО?! Не виш, работа в разгаре. Мужики тут конечно умом не блещат, но и вопросов лишних не задают, радостно

— И ты это, гони сюда кого можешь. Мы работаем пока что в пол силы, так что тыщи 3 человек будет достаточно. Недро тут хорошее, не обманул. Ух, забуримся и горку то того... ПРОСАДИМ!

— Правда шлак этот чëртов мешает. Куда не копни, а там он! Вот и что ты с нм делать будишь...

|| Зная тебя, ты забыл, так что уточню, что он как раз про херню, которую тебе продавать нужно ||","biok_ymer","1517422161201991700"
"20.06.2026 22:01:34","ktoia","#6622","— Сиэль —

Действительно... ей ОПРЕДЕЛЕННО не нравится, даже просто думать о своем ""мирке""...

Сиэль быстро отпустила Серис, вставая на ноги и отступая на шаг, чтобы дать драконихе пространство. 

— Понимаю. И всё же... Ты можешь показать, где и как попасть к тебе? Дальше - **ладно уж**... **сама**. Повторюсь: **только показать - идти туда не надо**. Договорились?

Надеясь что дракониху сейчас опять не прийдется догонять, Сиэль накинула до кучи:

— Я не буду тебя заставлять, да и просто не могу. Обещаю. Просто покажи что и куда, а дальше я разберусь сама. Ты даже не будешь знать, что я там делала, если хочешь.","samin__","1517961781228601484"
"20.06.2026 22:08:57","samin__","#2997","— Серис —

Когда девушку отпустили, та с удивительной скоростью сделала кувырук назад, вставая в позу бегуна, однако услышав слова Сиэльки прищурилась, глядя на ту:

— Правда возвращаться не нужно? Ммм... у нас не просто так людей нет... найти то портал не сложно, я из него выходила, а вот пройти в него могут только драконы... ммм

Та прижухла, думая взвешивая всë:

— Тебе точно ОЧЕНЬ нужен дедуля? Ты же понимаешь что это может быть походка в один конец. Может хоть кого-то по сильнее попросишь туда сходить?","ktoia","1517967669113127105"
"20.06.2026 22:34:30","ktoia","#6622","— Сиэль —

Сиэль напряглась и её носочки сами собой сжались, готовые к рывку на случай если дракониха снова сорвется с места. Но к счастью этого не произошло. Сиэль чуть расслабилась, наклонила голову набок и начала говорить:

— Я... понимаю. Мне уже говорили, что драконы считают себя ""высшими"" существами. А учитывая, что я знаю о вашем ""характере""... да, проблемы будут. Мда... и я здесь не дракон.

Она вздохнула, поднимая голову, встречаясь взглядом с Серис:

— Да, он мне нужен. И просить некого. Отправиться туда нужно... у меня есть ""фокусы"" в рукавах, но... не более.

Не став заканчивать решила пойти в другую сторону:

— А что совсем нет никаких способов для не дракона попасть в ваш мир?","samin__","1517969527890247762"
"21.06.2026 20:50:03","samin__","#2997","— Серис —

Непонимающе покосившись на девочку, дракончик ответила:

— Ну да, мы высшие существа. Это же история доказала. Не сказать что я презираю людей, но то что вы ниже - факт. Разве что тела у вас идеальны

Поняв что она начинает грубить, девушка выдохнула и проговорила:

— Кхм... Способ то попасть есть... дедушка сам его оставил, чтобы люди могли входить, но не донимать. В общем, если при тебе будет кровь дракона, то ты сможешь войти. И казалось бы всë просто... только вот сородичи сразу поймут что она моя

Осознав это, девушка погрустнела:

— Мда... не знаю когда я вернусь, но если пропущу туда чужака - рады мне не будут...","ktoia","1517975955245764670"
"21.06.2026 23:08:59","ktoia","#6622","— Сиэль —  

Сиэль услыша слова Серис про ""высших существ"" осознала насколько глубоко эти убеждения сидят в драконах. Это будет огромной проблемой. Она выдержала паузу, чтобы не ответить сгоряча и заговорила:  

— Как мне кажется, твои отношения с теми драконами, кто относится к тебе уже плохо, вряд ли изменятся значительно. Учитывая то, что случилось, когда ты выбралась из ""гнезда"", да и та же ситуация с Рочем, уже сформировали мнение о тебе... Конечно, хуже может быть всегда, но я не думаю, что то что уже думают сейчас, станет гораздо хуже. А может и вовсе повысится, учитывая, с какой целью я туда иду. Все таки какие-то драконы всё же уважают его, а ты считай своей помощью помогаешь мне и Каю.  

Она отвела взгляд в сторону.  

— Конечно, глава секты Цу тоже максимально постарается помочь с Альянсом. Вот только это не гарантирует успех, а твой мистер Роч как раз более чем закрывает все потребности в том, чтобы наша сторона имела не малый вес. Все таки Кай нарушил не просто закон..  

Сиэль снова посмотрела на Серис.  

— Я бы хотела услышать твой ответ, Серис. Я понимаю насколько это большая просьба, но она мне нужна. Буду благодарна, если ты согласишься. Да что уж там, если будет что-то в моих силах и ты попросишь я в долгу не останусь.","samin__","1518312059438235810"
"22.06.2026 10:17:56","samin__","#2997","— Серис —

Выслушав подругу низшей рассы, девушка призадумалась, повисло неловкое молчание. Спустя пару минут молчания, сопровождающихся муками совести, девушка всë же ответила:

— Я с рождения в долгу у господина Яна, так что уверена что я как бы и обязана помочь, но и ломать отношения с сородичами... да и ты там вряд ли выживешь, если конечно не встретишь как можно скорее Сяо. Ммм... ЛАДНО ХОРОШО! ПОНЯЛА Я ПОНЯЛА! ДАМ Я ТЕБЕ КРОВИ!

Переведя дух после эмоционального момента, девушка продолжила:

— Но знай, это правило существует не просто так. Либо тебя примут за человека, которому я **ОЧЕНЬ** доверяю, либо за того, кто меня убил. Просто... держи это в голове...

Сказав это, девушка чуть сжала кулаки, явно недовольная своей же простодушностью","ktoia","1518347021080334386"
"22.06.2026 11:24:34","ktoia","#6622","— Сиэль —  

Молчание действительно было очень неловким. В первый раз её так заставляли ждать ответа и обычно то, что делала Сиэль, зависело от неё, а тут - нужно было просить дракона. Когда Серис начала говорить, Сиэль застыла, перестала моргать и уставилась на неё с ожиданием.  

""Я с рождения в долгу у господина Яна, так что уверена, что я как бы и обязана помочь, но и ломать отношения с сородичами.."" - Да.. ты ему в каком-то роде обязана. Он же новый ""выводок"" вылупил... как бы странно это ни звучало. Но при этом, при помощи пострадают ""семейные"" отношения.  

""Да и ты там вряд ли выживешь, если конечно не встретишь как можно скорее Сяо..."" - Сяо? **Действительно** же... существует **Ян Сяо**. **Невероятно**, как можно было про него забыть. План потихоньку начинал выстраиваться.  

И наконец ответ. **Положительный ответ.** Сиэль облегчённо выдохнула, сбавила напряжение и чуть опустила голову. По-бе-да. Маленькая и возможно, победа приведет к смерти, но этого удалось добиться и вытянуть это было достаточно напряжённо.  

— Спасибо, Серис. Я тебе очень благодарна. Предостережения я приму, но всё же постараюсь оправдать твоё решение.  

Перестав скрещивать ручки, Сиэлька добавила:  

— Итак тогда... Мм... Где находится ""вход"" в малый мир драконов?","samin__","1518515368518484032"
"22.06.2026 13:43:21","samin__","#2997","— Серис —

Горько выдохнув, девушка превратила одну из рук в драконью лапу, проколов когтём палец, смотря на обычную красную кровушку. Сжав зубы, та кивнула на решение, подходя в притык к Сиэль:

— Пожалуй это меньшее что я могу сделать...

Дойдя до девочки, та взяла ту за плечико, развернув к себе спиной. Раздвинув волосы, та прислонила окровавленный палец той к шее, говоря:

— Представляю их лица. Ты это... передай привет моим родителям. Скажи что у меня всё хорошо и... м... ничего. Всё, на этом всё. Надеюсь они достаточно глупы, чтобы повестись...

Убрав руку, та отпустила волосы девочки, засунув палец себе в рот, чтобы кровь случайно не капнула на землю:

— Он в святыне. Только вот как бы объяснить... там ещё люди из альянса стоят... много","ktoia","1518532135810633758"
"22.06.2026 15:08:03","ktoia","#6622","— Сиэль —  

Увидев, как Серис так просто превратила руку в драконью, Сиэль приподняла бровку. Дальнейшим манипуляциям она не сопротивлялась, только в момент разворота и прикосновения к шее прищурилась, ожидая что сейчас будет сильно больно. Но... отнюдь ничего особенного не почувствовала. Получается, она не змея, раз её не прожгло? Ну... или это жжёт только при касании к чужой крови. Неважно.  

Развернувшись, Сиэль потерла правую сторону шеи ладошкой и кивнула в ответ:  

— Хорошо, постараюсь. Ты это... не унывай, наверное. Всё не должно быть так плохо.  

Она взглянула в сторону ворот и продолжила:  

— Значит, ""портал"" на территории Альянса... Ой... беда.  

Прикинув пару идей, Сиэлька вернула внимание на Серис:  

— Как думаешь, поверят ли если я скажу что иду к Сяо, чтобы передать весть о его отце и суде?","samin__","1518567063352774687"
"22.06.2026 16:04:04","biok_ymer","#9440","—Аполлон—
|-----------------------------------------------------------------------------|
Выслушав мужика и протягивая тому руку дабы помочь встать, тот подумал что херни какой-то в шахте вряд-ли будет, отчего сказал:
|-----------------------------------------------------------------------------|

—Я думаю это какая-то неизвестная руда, пособирай пока её, а я спрошу что это такое и если полезное то будем добывать.

-А насчёт людей это пока временное решение, в будущем планирую ещё людей привезти, отчего не переживай, рабочих рук у тебя будет достаточно, главное что работа идёт славно. 

-А насчёт Линци не переживай, он подходит пару дней, а потом поймет что ты ровный мужик и отстанет от тебя, ты же великий шахтер как никак.

/Ухмыльнувшись на свои же слова, тот в конце добавил:/
-Я просто пришел посмотреть как у вас тут протекает работа, мешать не хотел. Быть может помогу чем, пока свободен?

|-----------------------------------------------------------------------------|","samin__","1517963532589727996"
"23.06.2026 21:12:47","samin__","#2997","|-----------------------------------------------------------------------------|
Монах бежал со всех ног, даже не думая о битве с ним... кхм... о чём это мы. Ах да, он бежал столько, сколько мог. Ночь уже сменилась утренним заревом, а после и вовсе зенитом, а мужчина бежал... и бежал...

Откровенно устав, тот было хотел передохнуть, однако услышав чьи-то шаги, тот рванул с удвоенной силой, жаль что он не понимал что это был обычный кролик. Спустя не столь продолжительное время, монах бежал уже скорее по наитию, ведь в глазах всё помутнело. Последние образы - это то как его тело стало совсем уж лёгким и невесомым, а в лицо дух прохладный ветерок. Да-да уважаемый читатель, ты верно думаешь, наш герой рванул с обрыва, совершенно верно!

Не ясно сколько времени прошло, однако можно сказать наверняка, голова у него болела, хотя тот даже не думал что там вообще может что-то болеть. Глаза всё ещё не могли дать чёткой картинки, однако... что это? ГУСЬ?!
|-----------------------------------------------------------------------------|

||<@1405305963375759440> ||","biok_ymer",""
"24.06.2026 11:13:28","biok_ymer","#9440","—Монах—
|-----------------------------------------------------------------------------|
Устало приводя дыхание в норму, парень обомлел. Он видел тупой взгляд птицы, что не особо отличался от его самого... Парню было не особо до того, однако урчание живота сменила курс его мыслей с побега, на восстановления сил, отчего он устала стал вставать с места а после улыбнувшись невинной улыбкой стал направлять руку к гусю, с намерением схватить за шею).
|-----------------------------------------------------------------------------|","samin__","1519042554644135936"
"24.06.2026 21:00:49","samin__","#2997","— 🪿 —

Гусь не дурак, гусь сделал пару шажков назад, как только к нему потянулись, не желая чтобы к нему прикасались. Угрожающе расставив крылья в сторону, тот захрипел:

— Кхххххххх. Га-га-га

Так он и попятился назад, приближавшись к костям","biok_ymer","1519254119972605973"
"24.06.2026 21:06:52","samin__","#2997","— Серис —

Дракончик как и полагается ""высшему существу"" не зная ответа на вопрос отвернулась, прикрывая глаза, складывая руки вместе:

— А я откуда знаю. Меня они встречали не особо гостеприимно. Думаю они вообще хотели войти в портал, но дедуля его вовремя прикрыл, так что представляю их лица, если ты просто так пройдëшь

— Особых проблем возникнуть не должно в любом случае

|| Раз решил брать Фэнга, то на выходе его и встретишь, он будет заходить в секту МАКСИМАЛЬНО заëбаный, так что можешь сам это прописывать, если соберëшься уходить ||","ktoia","1518588379942617148"
"24.06.2026 21:28:58","samin__","#2997","— Хэ Чпок —

Старик прифигел, когда упомянули ""великого шахтëра"". Повертевшись, тот почесал репу:

— ХТО шахтëр?! Я то?! Я не ШАХТËР! А повелитель дырок! Великолепный и единственный между прочим. Общепризнанный на секундочку!

Цикнув, старик пнул камень лежавший на земле:

— Понял, значит пока что шлак оставлю. Горка будет во-о-о-он тама!

Показав в сторону, старик повертел головой, а после уставившись в харю Аполлона сказал:

— Помочь хош? Делать нечего? Так это поправимо... ток не дня тебя. Ты это, если помочь хош, то не мешай, понял? А теперь брысь-брысь, не мешай мне /чавк-чавк/ наслаждаться

Расставив руки в стороны, старик пошëл внутрь шахты, вкушать спëртый воздух, что напитывался потом

|-----------------------------------------------------------------|
Так <@&1496355132990816256> и пошëл по своим ""нк очень важным делам"" ходя по городу тот хотел спросить не нужна ли кому-то помощь, однако все либо побаивались ему ответить, либо говорили что и так всë налажывается. Тот даже встретил паренька, которому посоветовал стать плотником, что поблагодарил его, сказав ято теперь он работает в паре с охотниками, что понемногу перебивают дичь, возвращающуюся в долину
|-----------------------------------------------------------------|

Спокойная жизнь длилась недолго, ведь спустя пару часов блуждания на пару с передышками, парень уже начал понимать темп города, что резко стал иным. Все как-то оживились, очищая главную улицу города. Пойдя посмотреть чего такого стряслось, Аполлон увидел то, чего и боялся... Гу Чанге! Только вот на этот раз тот не скрывался и пришëл... ох бля... не один!

С ним была целое сопровождение из какого-то старца с сединой и странной одеждой (да Дэмиан) и десятком войнов, что выстроено шагали по главной улице, кажется даже не проваливаясь в грязь, что покрыла дороги, когда те были затоплены

Заприметив Аполлона Гу Чанге улыбнулся, не ускоряя шага наклоняясь к Дэмиану, что-то говоря тому

|| Напоминание! Гу чанге [7], Дэмиан и все остальные [4] ||","biok_ymer","1518602474615738440"
"24.06.2026 21:31:52","ktoia","#6622","— Сиэль —  

Как и полагается ""низшему существу"", от ""высшего существа"" не поступило того ответа, на который она рассчитывала. Ну ничего, Серис уже сделала достаточно. Здесь Сиэль благополучно забудет, что так и не узнала точное местоположение святилища и попрощавшись с дракончиком, направится прямиком к выходу из секты.  

Медлить Сиэль не хотела. Да, оставлять Чучу и Хао в неведении было таким себе удовольствием, но у них и так сейчас свои дела, да и проблема Хао стоит остро. Поэтому она решила, что не стоит им говорить о Яне.  

Шагая по тропинке из отменной гальки, девочка уже дошла до выхода из секты, когда встретила Фэнга. Она не припомнила, чтобы видела его настолько уставшим за последнюю неделю. Если сравнивать, это было что то похожее на состояние Кёртиса.  

Когда Сиэль уже собиралась пройти мимо, она вспомнила, что не знает, куда идти, ведь ей известно только название места. Остановившись и посмотрев несколько секунд на ворота, она развернулась, нагнала Фэнга и подойдя, спросила:  

— Это откуда ты так?","samin__","1519403455536435401"
"24.06.2026 21:37:43","biok_ymer","#9440","—Монах—
|-----------------------------------------------------------------------------|
Не дотянувшись тот сжал воздух, разочаровано смотря в него, после чего стал медленно вставать на ноги, разминая и так слабое тело, говоря:
|-----------------------------------------------------------------------------|

—Ну епты, теперь ещё за едой бегать блять... Ах сука, мне и так херово.

/Тот хрустнул шей, а после осмотрясь увидил кости человека отчего сильнее напрягся, осматриваясь из стороны в сторону, говоря:/
-Тут что маньяк какой есть? А чего тебя тогда не убил?

/Тот почесал репу, не увидив маньяков и вновь уставившись на гуся подумал, подумал и сам расставил руки в стороны говоря:/
-ЕДАААА!

/После чего прыгнул на того./

|-----------------------------------------------------------------------------|","samin__","1519401931678810294"
"24.06.2026 21:45:02","biok_ymer","#9440","—Аполлон—
|-----------------------------------------------------------------------------|
Ура ДЭМЬЯН! Увидив толпу тот цикнул, а после попробовал скрыть тьму( https://discord.com/channels/1495473722679754914/1495473983636897803/1519412648687571047) неудачно, тот лишь издал маленькую думку, что тут же рукой убрал, после чего уже на пофигах двинул к толпе, говоря:
|-----------------------------------------------------------------------------|

—А вы весьма скоро господин Гу, да ещё и не одни, а в компании я погляжу? Рад бы вам место найти поприглчднее главной улицы, да чтобы людей поменьше пугать...

|-----------------------------------------------------------------------------|","samin__","1519409016864768080"
"24.06.2026 21:56:28","samin__","#2997","— 🪿 —

А гусь не дурак, гусь возьми и взлети маша крыльями. Ну... полëтом это назвать сложно, скорее просто большой прыжок, что спас тому жизнь, а монаха отправил прямо в кости. Гусь же приземлился на задницу монаха гагача:

— Га-га-га

В этот момент в голове к мужика прозвучал ""внутренний голос""

> МАНЬЯК-МАНЬЯК!","biok_ymer","1519411218668847217"
"24.06.2026 22:18:45","biok_ymer","#9440","—Монах—
|-----------------------------------------------------------------------------|
Услышав про маньяка парень напрягся, вертя головой по сторонам, однако его смутил лишний вес, что стал плясать на его спине, отчего тот недовольно сказал тому:
|-----------------------------------------------------------------------------|

—Эй гусь не мешай! Слышал, тут маньяк какой-то! Нужно от него бежать, а ты мне встать не даёшь!

|-----------------------------------------------------------------------------|","samin__","1519415936334037164"
"25.06.2026 00:56:40","samin__","#2997","— 🪿 —

Услышав о маньяке, гусь переполошился, топчасть по монаху, улепётывая с пробуксовкой в стороне тропы крича:

— КРЯ! КРЯ! КРЯ!!!

Кажется парень нашёл себе друга по разуму...

> БЕГИ! БЕГИ!","biok_ymer","1519421543963295754"
"25.06.2026 01:26:37","biok_ymer","#9440","—Монах—
|-----------------------------------------------------------------------------|
Не долго думая, тот последовал голосу разума и побежал в припрыжку вместе с гусем подальше. В какой-то момент бегатки тот окончательно выдался и упал на землю, говоря:
|-----------------------------------------------------------------------------|

—Все... Мой путь тут кончается... Беги без меня, гусь!

|-----------------------------------------------------------------------------|","samin__","1519461285685760000"
"25.06.2026 19:10:48","samin__","#2997","— Ду Фэнг —

Парень шëл опустив плечи, с кругами под глазами и лицом, что готово было заснуть в любой момент. Стражники у ворот даже постеснялись спрашивать что с ним, от чего молча их открыли, пропуская парня внутрь

За ним шëл шлейф из фиолетовых бабочек, что становился только плотнее, по мере его продвижения, а артефакт на его поясе, что тот проверял каждую встречу с Сиэль, на удивление впервые за долгое время светился как зеркало на солнце

Как только девочка обратилась к тому, парень остановился, лениво переводя взгляд на ""к сожалению знакомую"", выходя из транса. В этот момент шлейф из бабочек понемногу начал пропадать, ведь те разлетались кто куда. На вопрос же тот выдохнув ответил:

— Со столицы альянса... тс...

Договорив, тот выдохнул, продолжая путь","ktoia","1519409746380198000"
"25.06.2026 19:22:18","samin__","#2997","— Гу Чанге —

Как только Гу Чанге приблизился на расстояние 50-ти метров, Аполлон почувствовал какое-то странное чувство, как будто внутренности хотят выйти на этой остановке, что было странно, ведь в прошлый раз он такого не ощущал, да и судя по лицу ублюдка, он не атаковал парня

Дэмиан же чуть напрягся, увидев Аполлона, слегка прищурив взгляд, на что его свита тут же потянулась за мечами, на что он поднял руку. Свита увидев взгляд послушно встала по стойке, ничего не предпринимая

Гу Чанге же улыбнувшись парню добродушно ответил:

— Ох да что вы господин Аполлон, с нашей последней встречи ведь прошло 3 дня! Прошу простить за мою ""нерасторопность""

Посмотрев на улицу и явно ошалевших людей, парень кивнул, отвечая Аполлону:

— Соглашусь, мой визит по всей видимости создаëт некие неудобства. /Посмотрел чуть вверх/ быть может проведëм беседу в той пагоде, что находится позади вас?","biok_ymer","1519413058055700711"
"25.06.2026 19:35:19","samin__","#2997","— 🪿 и 🐹  —

А гусь то что, тот лишь посмотрел на упавшего монаха и ответил тому:

— Га-га---АГА

И побежал дальше, чего ему ещë оставалось. Вспомнит ли он о странном мужике? Нет! Жалко ли ему его? Нет! Вертëтся ли он за ним? Естественно нет!

Монах только и мог, что смотреть как его новый знакомый убегает без него, однако побег был не долгим. Буквально спустя пару тройку гусиных шагов, в него влетела ЛАСКА, что своей тщедушной тушкой прижала гуся к земле, самодовольно пища:

— Вот так вот! Ты пойдëшь на обед!

Заприметив монаха, та покосилась уже на него, говоря:

— Какая ты странная обезьяна... ладно, тебя я тоже удостою чести быть съеденным великим мной!","biok_ymer","1519468821164064809"
"25.06.2026 20:21:31","ktoia","#6622","— Сиэль —

||И нахуй мне его доебывать если он и так доебаный.||

Сиэль замечая, как бабочки разлетаются и на мгновение задержала на них взгляд, но сразу вернула внимание к Фэнгу. Его ответ прозвучал коротко, сухо и устало, но одно слово - ""Альянс"" заставило её сильно заинтересоваться. Без труда поравнявшись с ним девочка все еще глядя на того сказала:

— Из Альянса? И как тебя угораздило туда отправится?","samin__","1519736631924494367"
"25.06.2026 21:42:29","biok_ymer","#9440","—Монах—
|-----------------------------------------------------------------------------|
Так бы он и лежал, принимая свою смерть, однако услышав неприятный голос тот напряг нерв, после чего приподняв взгляд увидил как бедного гуся торчит какой-то суслик... Это есть маньяк? Не долго думая тот засунул руку в корман и достав горсть камней стал закидывать сучку, чтобы слезла с гуся.
|-----------------------------------------------------------------------------|","samin__","1519742801489690694"
"25.06.2026 21:45:57","biok_ymer","#9440","—Аполлон—
|-----------------------------------------------------------------------------|
Смотря за свою спину тот видел лишь пустую улицу, однако сделав вид что понял, тот стал двигать туда, куда он имел ввиду, говоря:
|-----------------------------------------------------------------------------|

—Вы же и так знали что в этом городе помимо меня нет никого представляющего интерес, к чему такая показущная рота? Мне конечно лстит что вы так сильно меня цените, но мне жаль бедолаг что проделали столь долгий путь ради простого разговора.

|-----------------------------------------------------------------------------|","samin__","1519739524735959091"
"26.06.2026 11:46:08","samin__","#2997","— 🪿 и 🐹  —

Так бы зверёк и стоял, упиваясь своим уловом, однако первый же камень прилетел тому в голову, сбивая того с гуська, отбрасывая чуть в сторону. Поднявшись, тот поднёс лапку к головке, говоря:

— Ай-ай-ай... ну вот почему мелочёвка всегда встревает... и почему вообще обезьяна защищает травоного? Странные вы... но это только лучше

На удивление быстрая Ласка тут-же ринулась уже на монаха, уворачиваясь от камней, что летели в неё, однако в момент остановилась на месте, вставая на задние лапки, озираясь на гуся, говоря:

— Чего?

Кажется зверёк открылся","biok_ymer","1519774804369211482"
"26.06.2026 11:51:56","samin__","#2997","— Ду Фэнг —

Парень уже не особо обращая внимание на девочку лишь бубнел себе под нос:

— Зачем... почему... старики вызвали. И ладно бы просто так вызвали... НО ещё и пророчество поправили. ФЭН чтоб его. Не дождёшься... я не буду плясать под твою дудку, только вот как...

Кажется у парня были и свои проблемы связанные с Альянсом","ktoia","1519754426833703042"
"26.06.2026 12:04:23","samin__","#2997","|-----------------------------------------------------------------------------|
Да-да, на удивление Аполлона в городе ПРЯМО В САМОМ ЦЕНТРЕ всё это время стояла высокая пагода, в которую он не разу не наведывался, но всё бывает в первый раз
|-----------------------------------------------------------------------------|

— Гу Чанге —

Парень не особо заострял внимание на словах парня, однако ответил как будто в этом ничего такого не было:

— Это необходимый минимум для моего визита в оспариваемые земли. В прошлый раз я был здесь инкогнито, а сейчас представляю интересы Альянса, что повышает мой статус в официальном разговоре, от чего все настояли чтобы я взял хотя бы 200 человек, но чтобы не пугать народ я успешно уговорил всех на пару учеников секты и главы наших инквизиторов, что великодушно согласился меня сопроводить

Услышав это, Дэмиан улыбнулся, отвечая на слова парня:

— Вам не стоит так говорить, для меня честь сопровождать столь важную персону в его визите

От чего-то взгляд старика стал куда жизнерадостнее, неужто он тоже чувствует тьму внутри Аполлона? Да и что это за старик, что заменил собой 188 человек?","biok_ymer","1519775679032463500"
"26.06.2026 12:08:18","ktoia","#6622","— Сиэль —

Кажется с ней сейчас не говорят. А может кого другого найти... Ммм... Долго, а он так себе... Фэн это ещё кто? Пророчество поправили... Вот они проблемы небесных.

Продолжая думать стоит ли его вообще тыкать, Сиэль продолжала идти подле него тоже призадумавшись и начиная говорить уже о своих проблемах смотря вперёд:

— Да... Альянс... Ну надо было Гу Чанге появится...  Бред эти трактовки небесных законов. Мх... И где мне найти это Святилище... 

Пауза и повернулась на Фэнга. 

— Слушай, а ты...

||Реакт будет или мне продолжить?||","samin__","1519988576836915271"
"26.06.2026 12:21:37","samin__","#2997","— Ду Фэнг —

Парень так бы и продолжил идти в неизвестном направлении, пока во что-то не впечатался, однако услышав о Гу Чанге, а после и о Святилище очнулся от транса, наконец сфокусировав взгляд на девочке, в этот же момент амулет на его поясе погас, а сам он сказал:

— А... ты что тут забыла? И... какого тут уродец Гу забыл?

/Помотал головой, выпрямляясь, принимая более нормальную позу, хватаясь за голову/
— Тс... и что это сейчас было? Л...Ладно... что такое это такое это твоей святилище? Его упоминание весьма странно на меня повлияло... или это из-за урода, что я встретил на входе...

Что-то странноватый он... даже относительно своего обычного поведения","ktoia","1519992694880080043"
"26.06.2026 12:57:24","ktoia","#6622","— Сиэль — 

Сиэлька рассчитывала что Фэнг остановится и не будет в нее врезаться, но это ладно! Меньшая из проблем. Продолжая не понимать что за артефакт у него на поясе она, сделала шажок назад и уже смотря на ""прояснившегося"" Фэнга сказала:

-# — я тут всегда была...

Подождите, а он не любит Альянс? Да... По его словам это было понять можно, но чтоб настолько... Так это... Это же... Бинго. 

Перестав тянусь Сиэль стала говорить:

— Чанге прибыл сюда за мной.... Мх. И не мог же Цу предупредить.

Когда парнишка схватился за голову Сиэль наклонила свою в бок и продолжила:

— Святилище? Так... Это там где портал в малы мир драконов.. Не понимаю. Подожди, а кого ты встретил на входе?....

В принципе Сиэльке ничего скрывать не было необходимости. Да и тем более она все ещё помнит некоторые странные высказывания Тэда... Ладно, это все понятно, но а чё с Фэнгом то такое? Он был занудным, но не таким....","samin__","1519996043951997061"
"26.06.2026 13:11:18","samin__","#2997","— Ду Фэнг —

Парень непонимающе смотрел на девочку, не понимая что вообще вокруг него происходит, однако когда та договорила усмехнулся, отвечая той:

— Да так... столкнулся с братцем твоим. Только о чём мы с уродом говорили вспомнить не могу... тс... ну вот и что этот урод Гу от меня хотел? Пф... и на кой тебе к драконьему пределу? Твой нерадивый родственничек чего поручил?

Сказав это, парень отслонил руку от головы, поправляя свои локоны","ktoia","1520005051601387662"
"26.06.2026 13:47:27","ktoia","#6622","— Сиэль —

Выслушав Сиэлька похмурилась и сказала:

— Сплюнь. И не называй его моим братом... 

Вздохнув, вернула прежнее личико и продолжила:

— Так... Тебя подтерли? Хм. Ясно... Нет, собственная, не совсем конечно желанная но инициатива. И не **к**, а **в** драконий предел. Сяо нужно весть передать и разобраться в кое-чем...","samin__","1520008549026234378"
"26.06.2026 18:21:25","biok_ymer","#9440","—Монах—
|-----------------------------------------------------------------------------|
Мужчина все ещё не до конца восстановился, отчего сила броска и сами броски были не точны и весьма слабы, что ему не особо нравилось. Однако он не мог остатьсч в стороне от гуся, что между прочим бежал с ним как братка! Хотя он бы мог и оставить его.. однако бешеная ласка кою он не понимал(я сделал прикол, что он не понимает никого, кроме гуся), тот судорожно кидал камни, пока у него не осталась маленькая горсть и тот уже хотел было принять удар в лицо, однако увидив что та остановилась тот из последних сил накинулся на неё, пытаясь задушить.
|-----------------------------------------------------------------------------|","samin__","1519987116333858896"
"26.06.2026 18:24:34","biok_ymer","#9440","—Аполлон—
|-----------------------------------------------------------------------------|
Глава инквизиции и дьявол... Как иронично подумал парень заходя в ранее невиданное здание, Изя место для переговоров. Как только то было найдена, тот уселся на пол, дозволяя тем окружить его, говоря:
|-----------------------------------------------------------------------------|

—Что же, выходит Ван Фэнь решил не встревать в данную тему, раз уж вы все же наведались сюда, значит даже мои связи не помогут мне избежать вопросов, с чего начнем?

|-----------------------------------------------------------------------------|","samin__","1519991708996079796"
"27.06.2026 10:52:26","samin__","#2997","— Ду Фэнг —

Про ""подтерли"" парень не особо и понял, однако услышав то, что девочка направляется не к пределу, в него, тот нахмурился, и начал говорить уже более серьёзно, схватившись за ножны:

— В предел? Ты серьёзно убила того дракона ради этого? Я то думал вы товарищи... вот поэтому я никому и не доверяю. И кто такой Сяо?

И с чего он это спрашивается взял?","ktoia","1520017646664286369"
"27.06.2026 11:03:23","samin__","#2997","— Гу Чанге —

Зайдя в нутрь, те прошлы ещё пару этажей, удивляя ВСЕХ кто там был. Судя по одежде, люди в пагоде были куда опрятнее людей на улице, однако те лишь и могли, что ошарашено смотреть на проходящую компанию. Забравшись на третий этаж, тех и правда ждал стол, за который и уселся Аполлон. На против него же сел и Гу Чанге, свита же стала стоять сзади него

Парень улыбнулся на слова Аполлона, говоря тому:

— Чтож, для начала хотелось бы отметить сколь сильно изменилось это место, после моего последнего визита. Возможно такое впечатление создаёт просохшая земля, а быть может ваше вмешательство. Но изменились не только мои ощущения от города, но и от вас в целом. Вы весьма искусно скрывали тьму внутри себя, как же вам это удалось, что я не заметил даже доли тьмы в тот раз. Хм... признаться меня это неслабо ошарашило по прибытию~","biok_ymer","1520087387173031987"
"27.06.2026 11:18:35","samin__","#2997","— 🪿 и 🐹  —

Ласка с неким непониманием смотрела на гуся, когда на неё набросились... или нет? Так думал только сам монах, что помнил прыжок, однако после... темнота. Снова вырубился, снова ступил. Очнулся он уже в ""подвешаннос состоянии"", он сладкого вкуса во рту. Того подвесили на палку, связав лианами руки и ноги, привязав те к той самой палке, а во рту у него был... какой-то фрукт, что он плодотворно жевал?

Ласка была рядом, недовольно причитая:

— Нет, это конечно хорошо что ты набиваешь желудок, грызть будет интереснее, но ВОСЬМОЙ ФРУКТ!!! Ты во сне жрёшь больше чем моя бывшая, честное слово. НА!

На этих словах Монаху запихали в рот ещё один фрутк, а Ласка начала долбить камень о камень, под гусиные крики, на которые она и не особо обращала внимание","biok_ymer","1520086591589060638"
"27.06.2026 15:41:18","biok_ymer","#9440","—Аполлон—
|-----------------------------------------------------------------------------|
Слушая вполне логичный вопрос тот и сам хотел узнать на него ответ! Однако тому нужно было что-то выдумать, отчего облокотив голову о руку держав на столе, тот заявил:
|-----------------------------------------------------------------------------|

—Приятно слышать, что город со стороны начал преобразовываться, ведь на бтл и вправду уходит много моих сил. А по поводу тьмы, скажем сейчас уже не имеет смысла её скрывать точно также, как и вам самим. Можно сказать это мой знак, что я готов идти на контакт без утаек.

/Сказав это, тот задержал взгляд на нескольких инквизиторов, говоря:/
-А вот вы я пологаю немного все же озадачены тем, что про меня в архивах информации толком нет, на что тоже есть воля мира или скажем того, зачем стоит сама тьма... Хм, думаю лучше уточнить, насколько я могу открыть говорить на данную тему?

|-----------------------------------------------------------------------------|","samin__","1520338744719179857"
"27.06.2026 15:44:37","biok_ymer","#9440","—Монах—
|-----------------------------------------------------------------------------|
Хорошенько выспавшисо и главное неосознанно наевшись тот проглотил залпом новый фрукт уже более спокойно говоря:
|-----------------------------------------------------------------------------|

—А... Так это ты говорил? Вкусный фрукт, однако менее сытный чем мясо. А ты чего, меня связал? Я же бля... Ой, кхм, моя воля не поколебима и ты лишь слегла её потрепал своими действиями. Так к чему вражда, отпусти меня о славный...грызун?

|-----------------------------------------------------------------------------|","samin__","1520342572722032640"
"27.06.2026 16:07:22","samin__","#2997","— 🪿 и 🐹  —

||Я думал ты будешь её изнурить||
Услышав слова парня, Ласка обомлела смотря на него вытаращив свои глазёнки. Когда тот закончил, зверёк наклонил голову в сторону:

— Вы... вы откуда такие взялись вообще? /Кинул камни в сторону/ 2 недоразвитых, но разговорчивых... даже слишком. Лысую обезьяну я вообще не понял! Вот вроде слова есть, а смысла и нет

Подойдя та, чтобы монах его видел, грызун посмотрел в его глаза, говоря тому:

— Вот вроде осмысленный взгляд, а вроде и глупый. Недавно пробудился что ли? Хм... похоже на то...

Гусь же в этот момент продолжал орать как резаный, хотя на него не обращали внимания","biok_ymer","1520409520147267604"
"27.06.2026 16:11:12","biok_ymer","#9440","—Монах—
|-----------------------------------------------------------------------------|
Монах и незнал пока, что его речи были необьятны для собеседника, отчего он продолжил:
|-----------------------------------------------------------------------------|

—Глупы? Я вас как-то задел своими речами? Прошу простить, не хотел. Да и напал на вас я лишь из сильного голода, за что я нижайше извиняюсь. И меня кстати немного все же смущает что вы меня связались как и бедного гуся, мы вроде не сделали вам ничего плохого, чтобы вы нас так мучали. Даже напротив, мы бы принесли больше пользы, если бы были свободны.

|-----------------------------------------------------------------------------|","samin__","1520415244646879232"
"27.06.2026 16:47:09","samin__","#2997","— 🪿 и 🐹  —

Вслушиваясь в высокопарные выражения обезьяны, ласка еле как выудила из них смысла, начиная махать лапой:

— Да ладно, зачем извиняться. Нападать из-за голода - норма. Ну а пользу вы принесёте для моего продвижения когда я вас поглощу. Странная вы конечно парочка, так что даже не знаю сколько из вас я получу, но уж точно голодать не буду

Договорив, ласка быстренько на четырёх лапах попрыгала за камушками, а после продолжила разводить костёр","biok_ymer","1520416210032791703"
"27.06.2026 23:15:57","ktoia","#6622","—  Сиэль — 

Окей, сейчас она изрядно удивилась. Сиэль так сильно похожа на убийцу? Чтож, спасибо.

Девочка не двигаясь с места опустила взгляд на меч, а после подняла обратно Фэнга, отвечая:

— Нет. **Это ты сейчас серьезно?** Я честно сказать даже немного оскорбилась... Мне дали кровь, а не жизнь. И... Сяо это... ам... хм... сын Кая? Наверное так можно сказать.

Пауза и закономерный вопрос:

— C чего сразу тянешься за оружием?","samin__","1520335991939006524"
"27.06.2026 23:33:05","samin__","#2997","— Гу Чанге —

Услышав что тот не будет скрываться, бровь парня еле заметно шатнулась, однако когда тот произнёс ""точно также, как и вам самим"", неприятное ощущение, что исходило от парня значительно усилилось на пару мгновений, на столько, что если бы Аполлону нужно было дышать, он бы точно не смог этого сделать. Однако благо всё пришло в относительную норму неприязни, ведь парень вроде как успокоился. Почему же этого не было в прошлый раз?

Всё-же придя в себя парень всё так-же спокойно ответил:

— Попрошу не распространяться о ваших знаниях, ведь если кто-то из присутствующих прознает про тему нашей беседы, то его ждёт незавидный конец, чего бы я предпочёл избежать во благо счастья своих спутников. Но в любом случае я считал ваши намерения, от чего можете быть спокойны

//Чуть сменив позу, парень продолжил//

— Ну чтож, в таком случае перейду к делу. Вас и правда нет в наших архивах, что не столь удивительно, сколь вам кажется. Я связался с нашими мудрецами и мы сошлись во мнение, что вы не предоставляете угрозы... во всяком случае это было пока вы не показали тьму. Не сказал бы что мы против людей что владеют тьмой, однако вы уверены что находитесь в своём уме?

И на что это он намекает?","biok_ymer","1520408686793588928"
"28.06.2026 03:18:26","biok_ymer","#9440","—Аполлон—
|-----------------------------------------------------------------------------|
Замечая странную реакцию, а после необычную речь на его обычную речь, тот стал медленно разбирать свои же слова, пытаясь понять, что он сказал не так, однако мысли прервали угрозы в его сторону, отчего ему пришлось немного сменить тему, скрестив руки вместе и поставив голову ровно:
|-----------------------------------------------------------------------------|

—Неужто моё гостеприимство и открытость была воспринята как ""безумие""? Я как ранее заявил решил не скрывать ничего и перестав сдерживать и скрывать что есть во мне. Рано или поздно вы бы и так это празднали, а так у вас будет меньше ко мне вопрос ввиде ""а отчего я скрывал это"" или ""отчего она у вас вообще есть"". Для этого мы и здесь, чтобы обозначить, что в этом городе нет ничего интересного для Альянса. Как минимум у меня есть некие связи...

/На сказанное ему тот потянулся к кольцу и под интересом многих достал одеяние что ему давала Цуй Лиз, а именно одеяния верховного посла альянса, после того как люди осознали, что это не подделка тот убрал её обратно, дополняя:/
-Ныне покойного, но все же приятного и великого человека. Он мне многое рассказал и я считай более осведомлен о ваших внутренних расприях, чем хотелось бы господин Гу. Это достаточный аргумент, что мне можно доверять или вам нужно больше деталей? 

/Перед тем как закончить тот чуть поклонился, говоря:/
-Будьте аккуратны в своих желаниях, иначе я могу взболтнуть и лишнего господин...

|-----------------------------------------------------------------------------|","samin__","1520527415674408992"
"28.06.2026 03:18:49","biok_ymer","#9440","","",""
"28.06.2026 03:20:43","biok_ymer","#9440","—Монах—
|-----------------------------------------------------------------------------|
Смотря за данным деянием, тот не понял что не так сказал и чуть раскрутка верёвку почесал голову в непонимании, а после покорно убрав руку обратно сбавил темп, говоря:
|-----------------------------------------------------------------------------|

—Слушай, а зачем тебе есть нас? Разве не выгоднее взять нас в долю, чтобы мы рисковали жизнями добывая еду, нежели самому рисковать?

|-----------------------------------------------------------------------------|","samin__","1520425258136506429"
"29.06.2026 00:38:17","samin__","#2997","— Гу Чанге —

С появлением костюмчика лицо парня наконец содрагнулось. Страх? Непонимание? Нет, это было натуральным смятением. Гу помнил этот костюм и уж точно знал кому он принадлежал. Из транса он вышел только когда того и след простыл, однако дыхание уже сбилось, что заметили все в комнате, а Демиан и вовсе чуть улыбнулся, начиная понимать обрывки фраз

Сглотнув ком, парень вновь вернул себе лицо, говоря в ответ:

— Чтож, теперь я вижу что вы в своëм уме, что не может меня не радовать. Отрадно слышать что наш посол на землях демонов, что почил 8 лет тому назад вместе со всеми родными, перед смертью нашëл такого хорошего знакомого, которому передал своë бремя

— Я несказанно рад, что его знания останутся у вас, однако прошу, будьте осторожны, ведь именно они и послужили причиной его кончины от рук той демоници Би Руш, от чего питаю надежду что вы не встретитесь с этой особой

— А что до ваших слов на счëт интереса Великого Альянса Мурима, вы правы. Мне нечего вам противопоставить в данном вопросе, однако во избежание казуса с Южными землями, что произошли пару лет кому назад, можете поведать мне свои планы на это место... если разумеется вас это не затруднит

Ну и чего он никак не уйдëт то?","biok_ymer","1520584124111388733"
"29.06.2026 00:44:18","samin__","#2997","— Ду Фэнг —

Схватившись за рукоять, на слова Сиэль, парень встал в позу для рывка, отвечая девочке:

— Да... так я и поверил что дракон отдаст свою кровь той, кого знает меньше 1.000 лет... ну ты...

Так бы он и продолжил тираду, однако краем глаза заметил... Серис, что проходила мимо, приспокойнейше направляясь в свою комнату. Пересекаясь взглядом с Фэнгом та покраснела и ускорила шаг, скрываясь за углом. Парень же округлив глаза выпрямился, отпуская меч, говоря Сиэльке:

— Кхм... прошу прощения...

Переведя взгляд на Сиэль, тот цикнул и продолжил уже нормально:

— Ты издеваешься? Все знают что у Яна нет детей... и слава Дао что так и есть...

Закатив глаза, парень перенëс вес на одну ногу, продолжая заливать:

— Ну допусти что я знаю где находится предел, не сказать что это секрет конечно, но... и что с того?","ktoia","1520523100977102950"
"29.06.2026 01:09:38","ktoia","#6622","—  Сиэль — 

**Ты издеваешься? ** Сиэль все еще откровенно говоря не верила в то что сейчас происходит, даже когда тот приготавливался к рывку её личико не стало изменятся, а руки продолжали быть скрещенными. Когда тот начал говорить про кровь вновь, Сиэль бы и ответила. Однако от чего-то его лицо изменилось после того как он отвел взгляд. Сиэль следом за его взглядом глянула через плечо, ибо все еще не верила в нападение и... увидела Серис. Вздохнув, она обернулась обратно на Фэнга и тот уже начал извнятся... ну спасибо. 

Ам... в каком смысле у Яна нет детей?.. Так дочка и дракон... или... ах... то есть он это скрывает? Не поверю что Фэнг не знает... значит да... В итоге нужно как-то выкручиваться. Слегка обдумав с чего бы начать Сиэлька, решила грамотно умолчать о Сяо, переходя на важную для себя тему:

— Мне было бы очень кстати если бы ты мне немного помог... все же...

Пауза. Спросите почему? Так потому что Сиэль подумала стоит ли поднимать все таки эту тему, в итоге поняв что ничего больше у нее нет продолжила:

— Помнишь ситуацию с той ""девицей"", где я тебе ""подыграла""? Насколько я понимаю из того что слышала, эта ""ситуация"" разошлась и теперь к тебе перестали особо приставать... да... Конечно ты мне заплатил, но.. Мкх... Я бы сказала это мало за спокойствие, по этому.... ну.... Не мог бы ты мне помочь достичь предела?

Отвела взгляд.

— Я конечно не прошу тебя конкретно идти со мной. Может есть ам... карта? Или еще что-то...

Может это нагло! А может и нет, но Сиэлька ||Я|| ничего грамотнее не нашла.","samin__","1520907724957683773"
"29.06.2026 01:25:26","biok_ymer","#9440","—Аполлон—
|-----------------------------------------------------------------------------|
Ай Цуй Лиз, ай молодец. Простая одежда, надетая лишь раз явно заставила и так нервного Гу сильнее поджать хвост, однако тот до сих пор пытался скатиться. Неужто всех аргументов было недостаточно? Парень стал терять надежду запугать этого мужика... Он что, стальной? Чуть подумав тот заметив улыбку Дэмьяна и сам улыбнулся тому, а после вернув взгляд на мужчину сказал:
|-----------------------------------------------------------------------------|

—Точка столкновения. Данное место я хочу привести в независимость, где будет течь поток информации, торговли и людей между землями Деманами и Альянсом. Некий проект, в коем война информации начнет обрастать стальной коркой и недопонимания могут сложиться в нечто цельное, а не большой ком Хауса. Безумно скажете, быть так, но распри мед двух сторон только на руку тому, что пока сидит в тени и в наших же интересах подавить это, чтобы сосредоточиться на более существенных проблемах, не находите?

/Что же а вот и правда, что была минута в пучину лжи и как же он её воспримет?/

|-----------------------------------------------------------------------------|","samin__","1520906208486232184"
"29.06.2026 14:03:44","samin__","#2997","— Ду Фэнг —

Слушая девочку, парень и правда вспомнил о том моменте, от чего закатил глаза отвечая:

— Не полностью конечно, но стало чуть легче. Ну признаю, в этом вопросе ты мне помогла

Призадумавшись, тот отстегнул артефакт с пояса, смотря на него, говоря членораздельно и по одному слову:

— Хорошо, но я пойду с тобой внутрь предела

На удивление парня на артефакт села одна из многочисленных бабочек, что кажется взялась из неоткуда, на что артефакт засветился ярким светом, сжигая ту, сразу потухнув. Увидев реакцию, которую тот до этого не замечал, парень повесил артефакт обратно, заинтересованно посмотрев на девочку, говоря:

— Да, я иду с тобой","ktoia","1520914101285421166"
"29.06.2026 14:18:04","samin__","#2997","— Гу Чанге и Дэмиан —

На этот раз Гу Чанге вообще не изменился в лице, лишь натянув спокойную улыбку, что нельзя было сказать о Дэмиане, что при утверждении о ""независимости"" приоткрыл глаза, подняв одну бровь, а сопровождающие и вовсе хотели было начать перешоптываться, однако вспомнив при ком они приставлены, только ошарашено стали пересматриваться

Выдержав паузу, показательно для своих спутников, парень сказал, вставая со своего места:

— Чтож, от части вы правы. Я понял ваше мировоззрение и обязательно передам детали нашего разговора трём мудрецам. За сим позволю себе откланяться, чтобы более не занимать вашего ценного и **спокойного** времени

Отвернувшись, парень направился в сторону ступенек, спускаясь ниже, говоря на последок:

— До скорой встречи, Аполлон~

Хух... УШЁЛ!

||Постик осознания + возможность для <@&1496355042326872085> связаться, а дальше скип до ночи, чтобы тебя поебал ещё и Хайшень||","biok_ymer","1520918075891781663"
"29.06.2026 14:18:49","samin__","#2997","","",""
"29.06.2026 14:31:38","samin__","#2997","—  🐹  —

Зверёк слегка завис от слов парня, обдумывая его изречения. Поняв что тот в целом прав, он хмыкнул говоря:

— Хм... а что если не есть вас, а использовать как приманку или вообще заставить рисковать жизнями добывая еду? Вот же я умный! Точно!

Придумав эту потрясающую идею, зверёк махнул на Монаха, говоря тому:

— Так, ладно развязывайся, а я займусь гусём

И правда, белое нечто пошло за гусём, освобождая его, попутно говоря:

— Да не ори ты... знаю что умный, знаю","biok_ymer","1520584701214068746"
"29.06.2026 15:47:52","biok_ymer","#9440","—Монах—
|-----------------------------------------------------------------------------|
Понимая, что тут придется говорить попроще тот спокойно развязался, а после бухнув в ветки, чуть охнул, а после встав на ноги подошёл к компании, смотря за действиями зверя и удивляясь его интеллекту, говоря:
|-----------------------------------------------------------------------------|

—Удивительное конечно вы создание, ни разу не видел разумных животных.


|-----------------------------------------------------------------------------|","samin__","1521115929319313479"
"29.06.2026 17:31:08","ktoia","#6622","— Сиэль —

Удивительно, но это действительно помогло? Так он еще и туда проводит?... Кхм... Исход в правду неожиданный, тем более от Фэнга. Так еще и... опять эти странности с бабочками и артефактом. Стоит будет расспросить про это, но.... не сейчас. Кое что нужно обдумать причем не одной, по этому взглянув на Фэнга, девочка сказала:

— Честно сказать... не ожидала такого согласия. Мх. Тогда давай так: ты подготовься, а я закончу свои дела. Встретимся здесь же, у выхода. Как будешь готов подойди.

На этом Сиэлька развернулась , направляясь в сторону **пустого переулка**, где можно было уединиться. Когда она остановилась у стены, огляделась, убедилась, что рядом никого нет и обратилась к <@&1496355132990816256>:

> Привет, Аполлон. Не отвлекаю? Я бы хотела поговорить... Мм... ты сейчас один?","samin__","1521108908779896833"
"29.06.2026 18:56:54","samin__","#2997","—  🐹 и 🪿  —

Ласка как и сказала подошла к гусю, начиная развязывать тому лапы, а после и крылья, попутно отвечая:

— Серьëзно? Хотя судя по тому что ты живой - да, в сознании ты их не встречал. Может было до этого, но ладно, не важно. И... помойся, а то тебя за пол леса чутко, вон уже кошаки понабежали

Кивнув в сторону кустов, там и правда горели какие-то глаза, что скрывались в тени. Ласка, что не обращала на них внимания сказала:

— Разберись с ними, может что-то из тебя и выйдет. Может поумнеешь хоть. Но моего уровня тебе конечно далеко, но всë возможно, главное не унывать","biok_ymer","1521135115302867036"
"29.06.2026 19:51:17","biok_ymer","#9440","—Монах—
|-----------------------------------------------------------------------------|
Глянув на блеск в кустах тот подумал, подумал, а после взяв оставшиеся камни, стал кидать в то, что пряталось в кустах.
|-----------------------------------------------------------------------------|","samin__","1521182687715659889"
"29.06.2026 22:28:20","biok_ymer","#9440","—Аполлон—
|-----------------------------------------------------------------------------|
Смотря в след уходящей гвардии и нервно дерда свою улыбку тот дождался пока те выйдут, а после выдохнув услышал голос в голове, отчего чуть закряхтел, взявшись за голову. Непривычное ощущение, парень встал с места и направляясь на выход из здания, а в последствии к дому что ему ""принадлежал"" зашёл внутрь, где закрывая за собой дверь стал отвечать в мыслях:
|-----------------------------------------------------------------------------|

""-Можно и так сказать. Только что от Гу Чанге избавился, сложно же его обдурить, пронырливый нос, аж целую инквизицию на меня направил... Что-то случилось?""

|-----------------------------------------------------------------------------|","ktoia","1521161101469814804"
"29.06.2026 22:58:36","samin__","#2997","—  🐹 и 🪿  —

Как только камни полетели в нечто в кустах, то прикрыла глаза и развернувшись убежало в глубь леса, на что Ласка цикнула кидая камень уже в макаку:

— Ты вообще? Ну вот! Спугнул... ктож так охотится?

Гусь в этот момент уже освободился, говоря в голову монаху:

> Спасибки","biok_ymer","1521196373121171547"
"30.06.2026 01:07:28","biok_ymer","#9440","—Монах—
|-----------------------------------------------------------------------------|
Парень не понял в чем был не прав. Разве ему не нужно было попросту отогнать зверя? Услышав негодования тот выдохнул, а после осознав, что силы вновь с ним тот побежал в след за зверем, в попытках его нагнать.
|-----------------------------------------------------------------------------|","samin__","1521243512874729533"
"30.06.2026 01:41:40","ktoia","#6622","— Сиэль —

Сиэль услышала ответ Аполлона и на мгновение задумалась. Она чуть прикусила губу, обдумывая, стоит ли говорить это через мысленную связь или лучше встретиться лично. Итогом стал ответ:

> Хорошо, подожди секунду.

Она сосредоточилась, чувствуя, как тьма начинает клубиться вокруг неё и сделала шаг вперёд в сгусток. Перемещение через тьму было вообще не самым привычным способом передвижения, но по хорошему стоит развивать этот ""навык""...  Мх. Главное ещё чтобы никто посторонний не почувствовал этого.

Когда она вышла из тени возле Аполлона, мир для нее на мгновение качнулся. Сиэлька пошатнулась, приложив ладонь к голове, пытаясь удержать равновесие. В голове громче чем обычно зашумело, а перед глазами мелькнули тёмные пятна, которые быстро рассеялись.

— ах.. мх... тс...

Встрехнула головкой, медленно огляделась, а после взглянув на Аппалона сказала:

— Я здесь. Ме... Не привычно..

Убрала ручку с головы, добавляя:

— Говоришь Гу Чанге здесь был?...","biok_ymer","1521235894407790742"
"30.06.2026 03:40:10","biok_ymer","#9440","—Аполлон—
|-----------------------------------------------------------------------------|
Тот спрятался думая спокойно переговорить, однако на свое же удивление он заметил колебание в тени, а после и выходящую оттуда Сиэль, что немного его удивило, но тот все же решил не уточнять что к чему, давая девушки прийти в себя. На удивление девочка могла почувствовать большое единство с Апполоном, в также обильное количество тьмы, что тот похоже в отличии от Сиэль или Мивы не особо и умел скрывать, да и контролировать в принципе. Дав той прийти в себя, тот облокотившись о стену спросил:
|-----------------------------------------------------------------------------|

—Не частый гость в моей глуши наследник голосов... Видно дело серьезное, раз ты аж примчала сюда и да, я буквально минуту назад выгнал отсюда Гу Чанге, что пришел сюда явно с мыслями добить город до конца... Ну думаю тебе вредяли интересны мои дела по построению ""райского уголка"" коего хочет Мива, отчего было бы славно узнать, что же тебя привело сюда?

|-----------------------------------------------------------------------------|","ktoia","1521284547877011587"
"30.06.2026 12:18:01","ktoia","#6622","— Сиэль —

Сиэль на мгновение замерла, прислушиваясь к своим ощущениям. Что-то определенно было не так. Она чувствовала Аполлона слишком отчётливо - его тьма не просто была рядом, она буквально пульсировала, да и... Разве она была раньше? Решив пока умолчать об этом  очень жирном недопонимании, девочка взглянула на входную дверь, а после на него сказала:

— К сожалению да... Просто так я бы сюда не пришла. Назрела большая проблема связанная с Альянсом.

Вздохнув, девочка скрестила ручки приопустив головку.

— В общем то... назревает суд, суд над Каем. Где при дурном исходе его душу сотрут... 

На этом Сиэль пока остановилась, дабы увидеть реакцию, а после уже все объяснить по подробнее.","biok_ymer","1521314370200535202"
"30.06.2026 22:48:23","biok_ymer","#9440","—Аполлон—
|-----------------------------------------------------------------------------|
Немного дёрнув бровью, парень с задумчивым взглядом положил руку на подбородок, говоря:
|-----------------------------------------------------------------------------|

—Выходит Альянс не просто так решил так резко активизироваться... Плохо, ведь я слышал что в ту сторону и пошла Мива... Кхм, это конечно не хорошо, однако был предсказуемый исход учитывая его влияние на мир и то чем он сейчас является...

/Чуть потупив в пустоту, тот глянул на девушку, говоря:/
-Допустим и что ты хочешь обсудить на этот счёт? Я имею связи у деманов а не в альянсе, помочь вряд-ли чем-то смогу с судом.

|-----------------------------------------------------------------------------|","ktoia","1521444692389007433"
"01.07.2026 00:51:20","ktoia","#6622","— Сиэль —  

Сиэль скрестила руки и выслушав Аполлона, сделала несколько шагов вперёд, остановившись примерно в трёх шагах от него. Она отрицательно покачала головой и взглянула ему прямо в глаза.  

— Как раз таки ты и можешь помочь... Кхм. Наверное, надо все таки объяснить для понимания ситуации.  

Она выдохнула и продолжила:  

— Гу Чанге заявился ко мне, чтобы узнать, кто я и из какой я ""семейной ветви"" Гу или Цуй. Я сумела откреститься и он даже готов был меня отпустить... если бы не атрибут Ян, который Кай мне пробудил.  

Сиэль замолчала на секунду, подбирая слова, затем продолжила уже более сжато:  

— Этот атрибут нельзя пробудить самостоятельно - только с чьей-то помощью. И он считается запретным. Его полностью запрещено пробуждать у кого-либо. В Муриме таких людей с атрибутом Ян всего трое? Ам... Ян Цу и Ян Кай... и дочь Кая. Гу не составило труда догадаться и мне не удалось отмахнуться. В итоге он понял, что пробудил меня именно Кай.  

Она перестала скрещивать руки и отвела взгляд в сторону, продолжая уже чуть тише:  

— Этот запрет закреплён ""Небесным законом"". И создал этот закон сам Кай. Потом появился и **сам Кай** и он, не сопротивляясь, отдал себя в руки ""правосудия"". Теперь ему грозит Суд, который даже теоретически законодательно невозможно выиграть.  

Сиэль снова посмотрела на Аполлона:  

— Поэтому придётся заставить их ""пересмотреть"" решение. При помощи сильных ""знакомых"". Если кратко - вот так. Лично я сейчас собираюсь направиться в драконий предел. Ян Цу, глава Небесного Павильона, тоже пошёл собирать силу. А ты... ты тоже можешь помочь. Ян в прошлом, а именно его первая личность, очень плотно сотрудничал с демонами. Поэтому они тоже могут поддержать и настоять на ""помиловании"" на суде Альянса.  

Она сделала паузу, собираясь с мыслями:  

— Я узнала, что какая то **БИ** Руш, вероятнее всего, поможет без особых проблем. Да и некоторые другие демоны вероятно тоже. Но мне настоятельно сказали и попросили о том, чтобы Императрица не узнала про этот суд.

— Вот...

На этом Сиэлька **пока что** решила замолчать и послушать мысли.","biok_ymer","1521603326821793873"
"01.07.2026 00:58:41","biok_ymer","#9440","—Аполлон—
|-----------------------------------------------------------------------------|
Парень слушал рассказ на уровне ""ну и бред"". После чего сдерживая смешок стал говорить, отведя взгляд в сторону:
|-----------------------------------------------------------------------------|

—Сделал закон по коему его и пиздят... Да, типичный второй Кай, первый судя по разговорчики такую дичь бы не допустил.

/Слушая про первого тот чуть цикнул, вновь глянув на девушку, говоря:/
-Не хочу тебя расстраивать, но с первым Яном как у меня, так и у деманов откровенно говоря хуевые отношения, отчего я даже и не хочу помогать ему если честно. А если вспомнить Би Рущ, то она скорее наоборот подставит его чем поможет, прости, ничем не могу помочь.

/После сказанного, тот пожал руками, вообще игнорируя то, что дело серьезное./

|-----------------------------------------------------------------------------|","ktoia","1521634267728445540"
"01.07.2026 01:08:07","ktoia","#6622","— Сиэль —  

Сиэль застыла на мгновение, глядя на Аполлона так, будто он только что сказал что небо - это земля. Несколько раз поморгав, девочка непонимающе сказала:

— ...Серьёзно?

Она опустила взгляд на пол, чувствуя, как где-то внутри закипает разочарование. Она молчала несколько секунд, переваривая услышанное, а затем медленно подняла голову и посмотрела на Аполлона слегка подругому.  

— Ладно.... Допустим.

Она выдержала паузу и чуть склонив голову набок, задала вопрос: 

— Слушай... Я немного пыталась узнать у других о тебе, но так и не услышала ничего внятного. Кто ты такой, Аполлон?","biok_ymer","1521636118636793866"
"01.07.2026 01:18:56","biok_ymer","#9440","—Аполлон—
|-----------------------------------------------------------------------------|
И вот клеймо ""забытого"" стало ныть. Чертов Эон... Весьма ужасно осознавать что никто не мог запомнить его речи и влияние на историю наследников, а ведь он был первым! На глазах парня на секунду появилась разогревание, однако тот вовремя выдохнул понимая что это вина сущности, привязавшейся к нему. Парень скрестил руки вместе уставившись на девушку, говоря:
|-----------------------------------------------------------------------------|

—Первый наследник и тот кто продвинул веру Света и Тьмы. Однако моя слава давно была забыла и то что ты меня сейчас помнишь это лишь временный эффект, ведь спустя пару лет ты как и другие меня забудешь... Ах, думаю тебе на самом деле не особо интересна моя личность, ведь мы на одной стороне, хоть и идём разными путями, только вот Ян в этой истории не особо и нужен по моему мнению в нашем пути...

/Сказав это парень выдохнул, глянув в сторону и добовляя:/
-А Муриме есть люди достойнее в роли спасителя миров, чем тот кто не может даже самого себя контролировать.

|-----------------------------------------------------------------------------|","ktoia","1521638493560897566"
"01.07.2026 01:34:48","ktoia","#6622","— Сиэль —

Сиэль слушала Аполлона и по мере того, как он говорил, её лицо менялось от удивления до задумчивости, а затем до чего-то по глубже. Когда он закончил, она вздохнула, опустив плечи и заговорила, стараясь говорить ровно, но в голосе всё равно проскальзывала лёгкая резкость:

— Значит, ты считаешь, что в Муриме есть кто-то, кто сможет помочь так же, как Кай? Назови хоть одного.

Она замолчала на мгновение, затем быстро перебила саму себя:

— Хотя... я понимаю, почему ты так говоришь. Кай действительно не выглядит как тот, кто может спасти мир. Его первая личность - это... это проблема, да и вторая постоянно что-то скрывает. Но... но отнюдь, его лояльность - она настоящая и огромная. И это сложно оспорить.

Она нахмурилась, отвела взгляд в сторону, а затем снова посмотрела на Аполлона.

— А что вообще несёт вера Света и Тьмы? ты... ты как первый можешь это объяснить?","biok_ymer","1521641216809369724"
"01.07.2026 01:44:04","biok_ymer","#9440","—Аполлон—
|-----------------------------------------------------------------------------|
Не долго думая тот вернув взгляд на девушку, а конкретно сфокусировав взгляд на тень смотря на всех говоря:
|-----------------------------------------------------------------------------|

—Хоть одного достойного спасти мир? Небесный Демон, обладающий бессмертием. Ван Фэнь, способны видеть все и быть везде. Да даже Фэн, избранник культа небесного... Проще сказать, кто не подойдёт на замену Яна, чем тот, кто не сможет. Он несмотря на свое ""доверие"" множество раз подставил нас всех и продолжает это делать, учитывая что из-за суда он подставляет тебя с прошлыми. Ты и вправду хочешь защитить его или скорее то, что у него есть? Может ты цепляется за чувство опоры, что он пытается для тебя сделать?

/Недовольно хмыкнув тот отстранился от стены, говоря уже погромче:/
-Или ты попросту пропиталась к нему симпатией? Наша цель спасти вселенную и вот с ним или без уже не имеет никакого значения. Конкретно моя цель, это прервать круг наследников, сделав нас свободными и ради этого нам нужно уничтожить все осколки, что при Яне, мы сделать не сможем... Он не спаситель, он угроза. Имея множество осколков в себе, тот способен буквально уничтожать миры при своем желании и что мы ему сможем противопоставить? Вот именно, ничего.

/Закончив распыляться, тот восстанавливая нервное дыхание вновь оьлоктилмя о стену, отведя взгляд в сторону и говоря:/
-Наша Вера и строится на построении мира и не допускает того, чтобы появлялись жертвенники на подобие Афи... Мивы, что поглотив два осколка обрекла себя на вечные мучения. Наша цель не допускать подобного и я это и пытался довести, что как видишь не особо и вышло...

|-----------------------------------------------------------------------------|","ktoia","1521645207391830017"
"01.07.2026 02:33:08","ktoia","#6622","— Сиэль —

Сиэль слушала, не перебивая. По мере того, как Аполлон говорил, её лицо становилось всё более задумчивым. Она просто впитывала его слова, чувствуя, как где-то внутри они начинают оседать и складываться в картину, которую она до этого не хотела видеть.

Когда он закончил, она выдохнула и медленно кивнула, глядя на него:

— Знаешь... в твоих словах есть правда. Кай действительно далеко не идеален. Он совершал большие ошибки, подставлял людей, скрывал вещи, которые должен был говорить открыто и прямо. И да он по сути несёт просто гигантская угроза, если его не контролировать. А контролировать его по настоящему попросту нельзя.

Она отвела взгляд, чувствуя, как внутри нарастает тяжесть.

— Но ты думаешь тем кого ты перечислил, не всё равно? Единственное, что я могу действительно одобрить - это Ван Фэнь, и то... ... мх ... ...ай, ладно.

Сиэль тяжело вздохнула, скрестив руки и уставившись в пол:

— Да! Я привязалась к нему! Я не хочу, чтобы он стирался. Я просто не могу взять и отвернуться, даже если это было бы разумнее. Да и боги... пф...

Она замолчала на мгновение, собираясь с мыслями, затем продолжила смотря на Апаллона:

— Наша вера - на построении мира? Наша цель - спасти вселенную? Да уж... честно говоря, какую вселенную мы можем спасти, если даже в своём мире нет настоящего ""мира""? Я серьезно... я искренне в это верила... Но посмотрев на другие миры и хотя у них тоже не всё хорошо, они во многом ""мирнее"" нашего. Да и... прервать круг наследников? Что это... хм... пф... Скажу честно, я тону в сомнениях. По поводу всего. Мы идём в глобальную проблему, хотя даже в нашем мире при ""балансе"" ничего нормального не было. Так действительно ли мы делаем всё правильно? Я искренне хочу в это верить. Но противоречия которых раньше не было начинают рождаться....","biok_ymer","1521647539101634770"
"01.07.2026 04:00:54","biok_ymer","#9440","—Аполлон—
|-----------------------------------------------------------------------------|
Слушая девочку тот время от времени переглядывалсч с тенями, что похоже не сильно помогали той, просто ожесточенно споря между собой над лишь малой частью слов высказанным Апполоном, отчего тот недовольно выдохнул а после показав пальцем у губ сказал:
|-----------------------------------------------------------------------------|

—Да тише вы! Чего расшумелись и так думать мешаете... Ах.

/Парень отранившись от стены стал ходить по комнаты с одного края в другой, о чем-то думая, а после обдумав мысли встал на месте, посмотря на Сиэль и говоря:/
-Значит ""привязалась"" к тому, что нужно бы желательно устранить... Кхм, ладно, я тебя понимаю. Ведь уже испытывал нечто подобное к Аф.. да неважно к кому. И что ты предлагаешь? Я отказываюсь спасать бомбу, что может в любом момент снова рвануть. Отчего хотел бы услышать план её обезвреживания или же контроля, иначе это пустая трата как наших сил, так и большой риск в целом. Возможно тебе больно, ведь ты ещё совсем Юна и не понимаешь всей тягости данного решения, однако пойми что если оставить все как есть он уничтожит не только здешние устои, но и нас самих, что я уж никак позволить не могу...

/Договорив, тот уставился на свой меч, что недовольно задёргался, говоря:/
-Да и у меня у самого обязательств хватает, отчего подохнуть вновь я не намерен.

/Чуть ещё подумав, тот указал пальцем на тень и медленно стал показывать на других, говоря:/
-А вы место того чтобы спорить, наблюдать и дрыхнуть уж лучше бы применили бы мозги, если желаете и дальше существовать в ""вечности"". Если вы и дальше будете давать девочки совершать ошибки, ничего ей не говоря вы в итоге и не заметите, как подохните вместе с ней. В отличии от нашего мира, тут вы не восстание вновь и сдохните окончательно, отчего все вы лучше примените крупицу мозга и помогите ей обмозновать это, а не грызытесь между собой... Почему я вообще должен об этом вам говорить? Бхех...

/Договорив тот стал в нейтральную позу, наблюдая как нам понемногу успокаивается./

|-----------------------------------------------------------------------------|","ktoia","1521659886499270869"
"01.07.2026 06:11:17","ktoia","#6622","— Сиэль —  

Что ж. От умозаключений и требований Аполлона некоторые из прошлых, а именно большая часть действительно успокоились, перестав спорить между собой. Они начали задумываться о своих ошибках и о том, что их помощь моментами могла бы изменить ситуацию. Для одних этот урок стал полезным, для других не совсем. Та часть, что приняла сторону Аполлона и хотела помочь, могла бы обсудить с Сиэль услышанное, но она предпочла закрыться от них и выдвинуть своё.  

Сиэль заговорила резче, чем планировала:  

— Я не буду их слушать, если что-то уже решила. А сейчас именно такой случай. Хорошо, Аполлон, мне не нужна твоя помощь. Последствия от **Яна** будут и они могут оказаться такими плохими, как ты говоришь. Но сейчас я хочу поступить недальновидно и помочь ему. Я... обязательно найду решение в будущем, но сначала эту бомбу надо спасти.  

Она вздохнула, пытаясь вернуть голосу привычный тон:  

— На этом и сойдёмся? Твое мнение - твое, у меня - свое.  

Она перевела взгляд на тень Аполлона, затем снова на него:  

— У тебя раньше не было такой тьмы. Да и... я перестала чувствовать Миву. Что с ней? Ты говорил, она в стороне Альянса?","biok_ymer","1521681974249390170"
"01.07.2026 06:51:01","biok_ymer","#9440","—Аполлон—
|-----------------------------------------------------------------------------|
Парень вылупился на девушку не как на разумного собеседника, а как на умолешонную. Какого хрена она пытается держаться своей точки зрения, при этом не Ищя возможности укрепить его? Данное необдуманное действие напомнило парню, что нынешнее поколение наследия и вправду худшее из возможных и именно из-за таких самостоятельных решений, их мир и канул в отврат и разгром... Мужчина потерял интерес к этому разговору, отчего раз она решила сменить тему, так он и поступил подумав о том что смена наследника не такая уж и дурная идея...

Выслушав последние часть, тот перевел взгляд в сторону, говоря:
|-----------------------------------------------------------------------------|

—Я не могу с ней контактировать по контракту, а также не могу знать точное местоположение. Однако я уверен, что она двинулась в сторону альянса и что с ней сейчас я незнаю... Моё тело впитало её тьму, что выходит что у неё сейчас имеется лишь свет. Она бы могла сойти за Цу или ГУ, однако её познания мира и переговоров ниже нас обоих вместе взятых, отчего если ты все же беспокоишься хотя бы о нашем боге, было бы славно, если бы ты узнала что с ней и как она там... Если бы не запрет... Кхм, вообщем в этом вопросе я надеюсь на тебя.

|-----------------------------------------------------------------------------|","ktoia","1521714786717536326"
"01.07.2026 11:55:55","samin__","#2997","|-----------------------------------------------------------------------------|
Скорость монаха была не маленькой, однако едва ли тот сможет догнать... а нет, от чего-то рысь замедлилась и... а... она решила всё-же забрать ""еду"" с собой, раз та сама лезет той в пасть. Развернувшись, кошак замахнулся, выпуская когти, целясь по ногам монаха
|-----------------------------------------------------------------------------|","biok_ymer","1521275940137861241"
"01.07.2026 19:23:19","ktoia","#6622","— Сиэль —

||А бляд, тут мало че вкинуть можно.||

— Мива... а... Вот как. Мива ушла.

Сиэль нахмурилась, пытаясь осмыслить услышанное. Она чувствовала, что за этим стоит нечто большее, в чем все таки стоит попытаться разобраться:

— Но как это произошло? Как она оказалась там? И что за контракт, о котором ты говоришь? Это же не могло случиться на пустом месте... Объяснись.","biok_ymer","1521724787401949194"
"01.07.2026 20:59:18","biok_ymer","#9440","—Монах—
|-----------------------------------------------------------------------------|
Чуть замедлевшись, парень успел среагировать на выпал рыси( https://discord.com/channels/1495473722679754914/1495473983636897803/1521937986311159900), после чего не долго думая и сам попытался навалиться на ту, в попытках обхватить шею, для удушения.
|-----------------------------------------------------------------------------|","samin__","1521801518322286612"
"01.07.2026 21:02:12","biok_ymer","#9440","—Аполлон—
|-----------------------------------------------------------------------------|
Тот не мог рассказать про угрозу со стороны сущности, отчего он опустив взгляд сказал:
|-----------------------------------------------------------------------------|

—Скажем мне запретили связываться и контактировать с ней, иначе она может погибнуть... Отчего я и не имею представления что там у неё и планировал в будущем послать туда какую разведку, однако раз ты как раз будешь в том направлении, было бы удачно если бы ты как раз и узнала что с ней. Это и вправду была бы очень кстати ведь... Я не могу этого сделать, отчего я бы взамен мог пойти на многое...

|-----------------------------------------------------------------------------|","ktoia","1521914110713921646"
"02.07.2026 13:49:39","samin__","#2997","—  🐹 и 🪿  —

Рысь было и хотела сопротивляться, однако от чего-то застыла на мгновение, промедлив в момент подставляясь под удушающий. Спустя минуту борьбы, хватка рыси стала ослабевать и в этот момент подошла Ласка с гусём, что хлопая сказала:

— Неплохо для примитивного, только странно ты охотишься, вырвал бы ей чего или сразу шею свернул, чего мучаешь?

Спокойно говоря рассуждая об убийстве, тот спокойно подошёл поближе, а после махнув лапкой, сразу юркнув в сторону вскрыл артерии рыси, на что та перестала подавать признаки жизни, а в сторону хлынула кровь, от которой Ласка и увернулась

Гусь же смотря на всю эту ситуацию лишь сказал:

> Страх...","biok_ymer","1521938264775327869"
"03.07.2026 03:51:14","ktoia","#6622","— Сиэль —

Раз Апаллон напрямую не говорит кто запретил и почему запретили значит и не скажит... Понимая это Сиэль отсекла эту притензию, однако... Кто может угрожать смертью Миве?... Кто про нее знает? Дао?... Это единственный действительно возможный вариант кто бы мог выдвигать угрозы. Чтож... Все понятно с тобой **""мир""**.

Дослушав Сиэлька похлопала глазками, а после отведя взгляд в сторону начала:

— У меня появилось много вопросов связанных с этим.... но ты на них не ответишь, верно?...

Вздохнув, Сиэль вернула взгляд на опущенный взор Аполлона:

— Мое сердце все еще трепещет когда Мива рядом... не так как раньше, но все же... я не... /пауза/ эх... Хорошо. Если будет возможность я постараюсь что-то узнать и понять как она сейчас.

И так... Апаллон сказал ""**Взамен может пойти на многое.**"", чтож... Тут можно было бы естественно надовить на то что - ""услуга за услуга, я помогу тебе с Мивой, а ты мне с демонами"", но... Это как то даже низко... Мива все таки даже сейчас для Сиэль не на последнем месте, по этому отказ в просьбе тут был бы не уместен. Да и Сиэль из чистой нотки наглости не будет заставлять Апаллона делать то что он не хочет, а именно помогать с Яном. По этому... хмм... Пожалуй этот вопрос нужно было задать еще при ПЕРВОЙ встрече.

— Апаллон. Ты.... Какой ты расы? нет... вернее.... как бы... ты и живой... и нет? Да и четыре руки... не понимаю...","biok_ymer","1521938995204849790"
"03.07.2026 10:42:31","biok_ymer","#9440","—Аполлон—
|-----------------------------------------------------------------------------|
Гнилая натура парня ожидала, что его принудят помогать с Яном взамен на помощь с Мивой, однако услышав совершенно неуместный вопрос, тот вообще потерял нить разговора... А в нём точно была структура...? Тот непонимающе вылупился на девочку, а после ответил:
|-----------------------------------------------------------------------------|

—Ну я ожившая кукла, в кою была перенесена душа героя древности. Считай человекоподобный, но никак не человек. Ранее я был простым человеком, но из-за одного гения переселился в это тело, что наш общий знакомый решил идеально воссоздать... Я ответил на твой вопрос?

|-----------------------------------------------------------------------------|","ktoia","1522404319197008095"
"03.07.2026 10:45:30","biok_ymer","#9440","—Монах—
|-----------------------------------------------------------------------------|
Отпустив рысь, тот глянул уже на бездыханное тело, а после скрестив руки в молитвенной позе стал про себя зачитывать молитву упокоения. Это заняло примерно минут 5-ть, после чего тот открыл глаза говоря:
|-----------------------------------------------------------------------------|

—К сожалению помимо своей скорости и силы выше человечкой я не смогу сравниться с такими мифозверями как вы, отчего я и охотился из сил, что мог. Это был мой максимум в данной битве.

|-----------------------------------------------------------------------------|","samin__","1522192526247985292"
"03.07.2026 21:41:21","samin__","#2997","—  🐹 и 🪿  —

Парочка стояла, смотря на то как обезьяна зависла. Ласке в целом было всё равно, от чего она прямо перед макакой стала спускать кровь добыче. Сделав махинации, та встала около гуся, говоря тому:

— Ну и? Он всегда такой?

— А? В смысле не знаешь? Вы же тут вместе живёте?

— Чё реально? Нет, ну если бы он не пытался тебя съесть я бы удивился

Однако когда молитва закончилась, и разговор зашёл о людях, Ласка покивала, говоря:

— Ну да-да, обезьяны посильнее своих лысих собратьев... ... ... сто-о-о-о-о-оп... ... ... ты же ведь лывая обезьяна... БУКВАЛЬНО!

С осознанием, глаза ласки округлились, и та спрятавшись за гуся крикнула:

— ТАК ТЫ ЧЕЛОВЕК!","biok_ymer","1522508570594246756"
"04.07.2026 03:11:21","ktoia","#6622","— Сиэль —  

Получив ответ, Сиэль кротко кивнула.

Что она узнала? В целом конечно много интересного, но польза этого диалога оказалась где-то посередине. Она не ожидала, что Аполлон так яростно откажется помогать с судом и уж тем более что он настолько не доверяет Каю. Причины были понятны, но Сиэль не могла их принять. И ещё какие-то секреты, которые он явно хранил в себе...

Главная тема разговора была обрублена почти с самого начала, а остальные вопросы стали лишь заполнением пустоты. Больше спрашивать было мало о чем. Видно, что доверием Аполлона она не располагает, а добывать его себе дороже.

Но последний вопрос всё же стоило задать:

— Хм. И что это за гений такой?","biok_ymer","1522507820455428256"
"04.07.2026 10:55:20","biok_ymer","#9440","—Монах—
|-----------------------------------------------------------------------------|
С непониманием поморгав глазами, тот выпалил:
|-----------------------------------------------------------------------------|

—Это верное замечание, а что, не похож?

/Сказав это тот уставился на себя, непонимая, что с ним не так./

|-----------------------------------------------------------------------------|","samin__","1522673624388206773"
"04.07.2026 13:53:16","biok_ymer","#9440","—Аполлон—
|-----------------------------------------------------------------------------|
С каждым вопрос тот все сильнее и сильнее убеждался, что про него вообще никто не помнит, как и прошлое в коем так-то Мива правила... Выдохнув негатив, тот ответил:
|-----------------------------------------------------------------------------|

—Гефест. Незнаю несколько вы забыли нашу историю, но ранее псих, отшельник и по совместительству умнейший ремесленник нашего времени... Создал данное тело как ""новый этап эволюции"", а после сбежал, ничего заключив меня в нём... Хех была бы возможность ему вернуть врезал бы, а после заставил бы похать на мою знакомую, что как раз таки мастер в управлении куклами... Такая армия бы вышла уф... Кхм, что-то я увлекался, я так понимаю прошлое закрыто в ваших рассуждениях или же ты попросту решила проигнорировать тени навсегда хах... Они ведь не так и бесполезны и пытаются помочь, отчего я бы все же прислушивался к ним, но это уже не моё дело.

|-----------------------------------------------------------------------------|","ktoia","1522756668784513024"
"05.07.2026 14:36:06","ktoia","#6622","— Сиэль —

Услышав имя Гефеста, Сиэль на мгновение задумалась, пытаясь вспомнить хоть что-то, что могло бы связать это имя с её знаниями. Но память упорно не выдавала ни одной зацепки. Она лишь слегка нахмурилась, пытаясь нащупать что-то знакомое, но по понятным причинам, это было тщетно.

— Он был очень странным... ""Новый этап эволюции""...

Она вскользь оглядела Аполлона еще раз, убеждаясь в своих мыслях.

— Да. Определённо странный... и вкусы странные... Мф... Прошлое? Нет, оно не закрыто, а скорее раздроблено. Не знаю мм... Будто разбитое стекло. Или скорее фрагменты, которые сложить... трудно. Но про твоего Гефеста никогда не слышала, даже в скользь.

Сиэль вздохнула, взглянула в лицо Аполлона, слегка состроив усталую мордашку:

— Я их не всегда слушаю - это правда. Но в нужные моменты я действительно прислушиваюсь к ним... ведь... мх... 

Отвела взгляд.

— Ты же был первым? И видишь это немного по-другому? А вот я - что я вижу?

Она снова посмотрела на него и в голосе появилась лёгкая тревожность:

— Понимаешь, Аполлон, кто я буду, если во всём полоностью стану полагаться на прошлых? Кто такая Сиэль, если она будет перекладывать на них любые задачи и решения? Я и так беру от них почти все... Я не знаю и не хочу знать, как с идентичностью справлялись другие прошлые когда они были еще живы. Но я точно вижу, что все они разные и у каждого своя история и своё решение, которое они считают правильным. У кого-то оно хуже, у кого-то лучше, но в любом случае у каждого есть мнение и свой жизненный путь.

Сиэль на секунду замолчала, а после продолжила:

— Так почему мне нельзя иметь своё мнение и свой путь? Почему я должна абсолютно во всём полагаться на них? Я их не игнорирую, но почти всегда стараюсь найти своё решение... Я не хочу быть просто ""оболочкой""... Разве это плохо?","biok_ymer","1522918213527277692"
"06.07.2026 14:31:20","samin__","#2997","—  🐹 и 🪿  —

Хмыкнув, ласка аккуратно выглянула из-за задницы гуся, обращаясь к тому:

— Не, ну ты видел?! Видел?! /секундное промедление/ ВСМЫСЛЕ НЕ УДИВЛЁН?!

Выбравшись из-за гуся, ласка с какой-то огромной скоростью подлетела к монаху, забираясь по нему, прямо ему на плечо, показывая на его лицо:

— Это же ЧЕЛОВЕК! Настоящий! Безволосая обезьяна! /Приподняла верхнюю губу мужика/ Ты видишь! У него даже клыков нету...

Поняв что лапа, находится буквально во рту человека, зверёк оттолкнулся лапами от плеча, отлетая в сторону, начиная шипеть:

— ЩЩЩ!!! ВИДЕЛ?! СОЖРАТЬ МЕНЯ ПОПЫТАЛСЯ! А НУ НЕ ПРИБЛИЖАЙСЯ! ЩЩЩ!!!","biok_ymer","1522873436412706908"
"06.07.2026 18:27:13","biok_ymer","#9440","—Монах—
|-----------------------------------------------------------------------------|
Тот непонимающе смотрел за лаской, а после как тот стал шипеть чуть отступил, говоря:
|-----------------------------------------------------------------------------|

—Эм вообще-то я не голоден, да и не наелся бы я тобой... Кхм, может лучше полакомиться животиной, что поймали? Я могу его приготовить.

|-----------------------------------------------------------------------------|","samin__","1523652567903502347"
"06.07.2026 18:53:57","biok_ymer","#9440","—Аполлон—
|-----------------------------------------------------------------------------|
И вновь его слова стали переиначивать Изя в них смысл, который он не влаживал. Вот всегда все переговоры в которых он не пытается лукавить идут через задний проход... Парень хмыкнул, после чего увел взгляд в сторону, говоря:
|-----------------------------------------------------------------------------|

—Почему ты воспринимаешь ""прислушиваться"", как ""следовать за их мнением"". Я лишь говорю, что тебе следует слушать и двигаться самой, зная мнения и других. В этом и стоит принцип наследника теней, что он должен с ними совещаться и поступать как сам считает нужным, в этом весь принцип наследия, а ты же полностью отказываешься их слушать, так зачем они тебе вообще нужны?

/После взглянув на девочку, тот добавил:/
-Да и для 12-ти летней девочки ты слишком сильно на себя взвешиваешь проблем. В твоём возрасте большинство наследников даже не обзавелись своим мнением, предпочитая давать волю прошлым, понемногу впитывая из мнения и строя уже свою личность. Принцип винить меня за то, что ты пытаешься вскочить выше головы немного глупо, не находишь?

|-----------------------------------------------------------------------------|","ktoia","1523291381202948187"
"06.07.2026 19:39:17","ktoia","#6622","— Сиэль —

— Ты не прав. Я их слушаю, когда нужно, но действую по-своему, потому что считаю это правильным. ""**Совещаться и поступать как сам считаешь нужным**"" - я буквально делаю то же самое, что ты говоришь. Я их отнюдь не игнорирую полностью... сколько тебе ещё раз это нужно повторить?

Она выпрямилась, наклонила голову набок и продолжила:

— Боже… ах… А прошлые наследники оказывались в подобной ситуации? Где мы сейчас находимся, Аполлон? В своём мире? В той же обстановке? И в каком месте я тебя виню?

Сиэль скрестила руки.

— Наверное, да. Я пытаюсь делать то, что выше меня. А разве это плохо в моей ситуации? Почему я вообще должна быть как прошлые, если мою ситуацию нельзя сравнить с ними?

||Видимо общий язык они не найдут.||","biok_ymer","1523718656444469270"
"06.07.2026 19:43:13","biok_ymer","#9440","—Аполлон—
|-----------------------------------------------------------------------------|
Не услышав ничего дельного и нового тот пожал плечами, говоря:
|-----------------------------------------------------------------------------|

—Я сказал лишь что думаю. Со стороны ты выглядишь так, будто полностью игнорируешь прошлых и можешь отнекивается или спорить, но ведь ты сама сказала ""что слушать их не имеет смысла"". А вот я напротив считаю что твоё мнения не пожившего жизни ребенка и тех, кто хотя бы свою жизнь довели до конца совершенно разные, отчего их мнение будет поценее твоего, но можешь воспринять данные слова просто как пустой лепет, ведь я говорю одну мысль, что ты переиначиваешь в удобную тебе. Так и смысл нам это тогда обсуждать, если у тебя ничего от этого не щелкает и не меняется?

|-----------------------------------------------------------------------------|","ktoia","1523730065047814296"
"07.07.2026 00:44:20","ktoia","#6622","— Сиэль —

Каждое слово, что выходило изо рта Аполлона, только укрепляло чувство, что этот разговор никогда не придет к общему знаменателю. Когда он закончил, она встала ровно, перестала скрещивать руки и ответила:

— Я не отрицаю их существование. Я просто не хочу, чтобы они решали за меня. Это большая разница. И это я уже сказала несколько раз... Я слышу их. Я принимаю их мнение во внимание. Но если я каждый раз буду делать так, как они говорят, то где тогда буду я?.. Ай... ладно, мы уже об этом наговорились с полна.

Разворачиваясь Сиэль продолжила:

— Действительно, наверное, разговор бессмысленен. Насчёт Мивы я услышала... а помощи... да... не дождусь.

Она сделала шаг в сторону, тьма начала собираться вокруг неё. Она сделала ещё один шаг и тени сомкнулись, укрывая её с головы до ног. Сиэль шагнула последний раз и растворилась.

|-----------------------------------------------------------------------------|

И вот снова переулок.... Тихий и слава богу пустой? Сиэль выдохнула и двинулась вперед.

Она не получила от этого разговора ничего. Ни помощи, ни понимания, ни даже простого согласия. Только бесконечные претензии и упрёки в том, что она недостаточно доверяет прошлым. Ме... плевать, не поможет так не поможет. Можно было и не ходить к нему.

Огорченная в пустую потраченным временем Сиэлька двинулась к воротам.

||<@478922861554302997>||","biok_ymer; samin__","1523731055713062993"
"07.07.2026 07:16:45","biok_ymer","#9440","—Аполлон—
|-----------------------------------------------------------------------------|
Даааа ребенок на то и ребенок чтобы воспринимать слова в штыки, ну что же, дождавшись окончания пререканий и ухода девушки, тот выдохнул, понимая что союзников все меньше и меньше... Тот все же вышел наружу, дабы подышать свежим воздухом и придумать, чем заняться дальше. Да уж, ну и к чему всё это было? <@478922861554302997> 
|-----------------------------------------------------------------------------|","samin__; ktoia","1523806835952324809"
"08.07.2026 14:21:53","samin__","#2997","|-----------------------------------------------------------------------------|
К тому времени уже начало вечереть, от чего только и оставалось что ожидать ""визита"" ну очень чёрного мальчика. Пройдясь ещё немного по улице, там люди вновь стали вылезать из нор, после того, как их распугал небожитель, что прошёлся по их городу, и спрашивается что такой птице потребовалось от их маленького городка?

Так пройдясь ещё немного, уже завечерело от бесконечной беготни, разговоров и разочарований. По привычке зайдя в дом, что ранее выделили Миве, парень увидел как там его уже поджидали. Вернее это был Линци, что по всей видимости пришёл как и обещал, а так-же мутный мужчина, что ранее успокоил толпу, предложив идею о разработке шахт

Увидев Аполлона, те встали с пола, а Хайшень заговорил:

— Ох, господин Аполлон, какая неожиданность! ||Да, он это говорит учитывая что поджидал его в его же доме|| Я узнал что парнишка захотел с вами поговорить и увязался за ним, чтобы тот не наломал дров, вы же ведь не против?

Линци в этот момент стоял в чуть напряжённой позе, явно ожидая что сейчас что-то произойдёт
|-----------------------------------------------------------------------------|","biok_ymer","1523905588554366976"
"08.07.2026 14:50:02","samin__","#2997","— Ду Фэнг —

После пустого разговора, девочка двинулась к воротам, около которых стоял Фэнг, что облокотившись о них, нравоучал стражников... ну или просто возникал от скуки. Увидев приближающуюся девочку, тот отслонился от балки, направляясь в её сторону. Не останавливавшись, тот прошёл мимо неё, лишь краткокинув:

— Уже всё сделала? Тогда в путь

И спрашивается почему он пошёл в другую сторону от ворот?

||Я пытался сделать арт, но выходило говно||","ktoia","1523806835952324809"
"08.07.2026 15:18:20","ktoia","#6622","— Сиэль —

Увидав возле ворот Фэнга, Сиэль облегченно выдохнула, решая забыть о неудаче с Апаллоном, ну подумаешь не помог, больно и хотелось. Сейчас нужно отвлечься, да и между делом распросить Фэнга о ""детях небес"", все таки может пригодится, да и... интересно в конце концов! Только она подошла как тот... а? Прошел мимо, она глянула на того через плече, потом на ворота, потом обратно и... развернувшись сказала:

— Выход в другой стороне... ты куда?

Так и быть! Сиэль пойдет следом, надеясь получить ответ на этот ""вкид"".","samin__","1524382048532304023"
"08.07.2026 16:56:09","samin__","#2997","— Ду Фэнг —

Парень не шибко обращая внимание на вопрос продолжил путь, отвечая той:

— На площадку. Или ты собралась идти пешком? Извини конечно, но твоей компании, столь долго я не выдержу

Режим грубияна активирован","ktoia","1524389172490801222"
"08.07.2026 17:57:35","ktoia","#6622","— Сиэль —

Сиэль на мгновение замерла, услышав его слова, а затем хмыкнула, пытаясь ответь на его слова:

— Ну конечно. Ты же ""важный"" не думала, что я настолько тяжела для твоей тонкой душевной натуры.

Она сделала несколько шагов вперед, догоняя его и поравнявшись, добавила:

— На площадку, хорошо...

> Конюшен тут быть не может, эти культиваторы ""летают"", до сих пор не понимаю каким таким образом. Значит... А как они перемещаются? Порталы? мм... возможно, хотя. А почему вообще тогда этот Фэнг пришел со стороны входа, а не стороны ""площадки""? Не все как у людей... Ну посмотрим что у вас тут придумали.","samin__","1524413787413942313"
"08.07.2026 20:37:03","samin__","#2997","— Ду Фэнг —

Дойдя до площадки тренировок, что была сбоку от основного дворца, парочка свернула в бок, уходя в сторону гор, что разрушил Хао. Пройдя ещё некоторое расстояние, они вышли на площадку, где... лежали какие-то ОГРОМНЫЕ мечи?

Дойдя до одного из них, парень запрыгнул на тот вставая ближе к острию лезвия, отвечая той:

— Вообще-то не я воспользовался обманом, чтобы застать противника врасплох

Договорив, тот достал жетон ученика секты, смотря на тот","ktoia","1524429247509168148"
"08.07.2026 21:55:08","ktoia","#6622","— Сиэль —

> -# ............. **что?**

Сиэлька встала в ступор когда в поле зрения показались ИСПОЛИНСКИЕ мечи.

> Культиваторы, не все как у людей.... Огромные мечи... Что за бред, это такой **транспорт**?!... это... как.... а может лучше пешочком? Это шутка?

Вернувшись из себя Сиэль продолжила путь за Фэнгом, вплоть до того момента пока он не встал на острие меча.

> Это не шутка.

Приняв это, девочка пока встала возле него, и не думая ступать на тот, а вовсе взглянув на Фэнга решила ответить на его ""претензию"":

— Не вижу ничего такого. Отрицать не буду, да обманула. Сам про войну говорил, а там извини уж ""все средства хороши"", привыкай. и....

Взглянула на меч, все еще не заходя на тот.

— А как далеко до предела?","samin__","1524469381520949428"
"09.07.2026 08:27:38","biok_ymer","#9440","—Аполлон—
|-----------------------------------------------------------------------------|
Зайдя в дом в котором думал отдохнуть после прогулки, тот нашел ПЯТЫЕ переговоры за сутки. Ну вот удручённо вздохнув тот прикрыл за собой дверь и встав у стены, заговорил:
|-----------------------------------------------------------------------------|

—А сегодня у меня весь день в переговорах, мх, здравствуйте вновь выходит. 

/Глянув на обоих по отдельности, тот зациклил взгляд на Линци, говоря:/
-Выходит ты первый хотел что-то уточнить, отчего тебе и право голоса, что привело тебя сюда в столь поздний час? Надеюсь не будешь как кое-кто пытаться мне голову свернуть? Хех.

|-----------------------------------------------------------------------------|","samin__","1524374967670800414"
"09.07.2026 11:20:35","samin__","#2997","— Линци и Хайшень —

Парень с явным недоверием и настороженностью смотрел на куклу, а услышав вопрос о ""свернуть голову"" еле заметно улыбнулся, говоря:

— Если бы не он /указал на Хайшеня/ я бы точно попытался, однако он мне запретил действовать необдуманно. Ну чтож, к делу

Прикрыв глаза, парень чуть сконцентрировался, а после перестал сдерживать тьму, от чего его тело моментально залечилось, а зрачки стали тёмными, Аполлон же почувствовал весьма большую силу тьмы, сопоставимую с ним самим. В следующую секунду комната покрылась слоем тьмы, становясь непроглядной, от чего её масштаб стал непонятен, а парень уже серьёзно сказал:

— Мы же оба понимаем что владеем тьмой. Только я не чувствовал в тебе её. **Как ты её получил?**

Хайшень же стоял не особо и возникая, лишь наблюдая за развитием событий, явно не удивлённый такому развитию событий","biok_ymer","1524648205667795054"
"09.07.2026 11:25:38","biok_ymer","#9440","—Аполлон—
|-----------------------------------------------------------------------------|
Смотря за представлением тот вспоминал подобное заклинание от Самой Мивы. У него вообще было ощущение что все что связано с светом и тьмой давно были уже обузданы ей и просто дополнялись наследниками. Тот попытался подтвердить слова о том что он владеет тьмой, однако ( https://discord.com/channels/1495473722679754914/1495473983636897803/1524692244458901620) та вновь не была подвластно ему, отчего возле него появилась лишь слабая дымка, а тот виновато улыбнулся, говоря:
|-----------------------------------------------------------------------------|

—Ну скажем я ей пока не владею. Я бы сказал, одолжил, это связано с одной из моих сделок с тем кого имя нельзя называть... Ах, и это не о том о ком ты подумал, сейчас не переговоры и лишнее непонимание мне не нужно. Я про того, кто стоит выше мирка и чем-то сход с моим мечом... Дааа, это по сути ничего не дало, ну прости, но прямо ответить на это я не могу. Это все что ты хотел уточнить? Ты и так знал что во мне она появилась, отчего у тебя явно есть больше вопросов. 

|-----------------------------------------------------------------------------|","samin__","1524691730690084994"
"09.07.2026 11:42:06","samin__","#2997","— Линци —

Понимая что долго он это не продержит, парень напрягся, вбирая тьму обратно в тело. Закончив, тот харкнул кровью в руку, а после вытер ту о внутренний карман, отвечая охрипшим голосом:

— Как видишь я тоже не особо её контролирую. Но уже меня больше напрягает не твоё существование, а то что ты получил эту силу. Не бойся, я уже поведал историю Хайшеню, от чего можешь свободно говорить о глазе. Но скажи, неужто он опять открылся? Тс... упустил момент выходит. И? Скольких он ""одарил""?

Последнее слово явно было сказано язвительно, предавая ему далеко не прямой смысл","biok_ymer","1524692999626559590"
"09.07.2026 11:48:01","samin__","#2997","—  🐹 и 🪿  —

Гусь не понимая что вообще происходит, придурковато смотря то на монаха, то на Ласку. Зверёк же явно **оскорбился** такому ответу, выходя вперёд, отвечая:

— МНОЙ то не наелся? Я зверь 4-го ранга! Да мной... кхм... не... не надо мной наедаться

Посмотрев на добычу, тот хмыкнул, отвечая:

— Мда... маловато. Ну ладно уж /посмотрел на монаха, указывая на того лапой/ ЗНАЧИТ ТАК СЛАБЫЙ ЧЕЛОВЕК! ТЕПЕРЬ ТЫ ОХОТИШЬСЯ ДЛЯ ВЕЛИКОГО МЕНЯ! ВОЗРАЖЕНИЯ НЕ ПРИНИМАЮТСЯ! Все звери первого ранга - твои, всё что выше мои

/Повернул голову на гуся/
— А что ты? А ты на чёрный день

От такой информации гусь ошалел, вылупившись на ласку, а в голове монаха прозвучало:

> Окак","biok_ymer","1523711931729576126"
"09.07.2026 15:27:15","samin__","#2997","— Ду Фэнг —

Парень лишь недовольно зыркнул на спутницу, а после вновь устремил взгляд на меч, отвечая той:

— Возможно и правда стоило **частично** принять демонические корни и убить там тебя... тс...

— Порядка 1000 Ли. Если лететь на максимальной высоте, доберëмся за 5 часов","ktoia","1524489029079269407"
"09.07.2026 16:37:22","biok_ymer","#9440","—Монах—
|-----------------------------------------------------------------------------|
Непонимая концепцию рангов тот прикинул, что если животинка умеет разговаривать на четвертом, значит животинка ранга меньше не может. Выходит гусь также не первого, а какого? Тут непонятно. Чуть потупив тот глянул на тельце, понимая, что он скорее всего был первого ранга, после чего стал собирать палки, дабы разжечь костер и приготовить того. Закончив сбор хвороста, тот сбросил его в одну кучу, после чего взяв два камня стал бить друг от друга и как только искра разожгла двора, тот взял несколько палок и подев ими тело добычи, тот повесил его над огнём, и стал ждать его приготовления.
|-----------------------------------------------------------------------------|","samin__","1524698631263883315"
"09.07.2026 16:39:55","biok_ymer","#9440","—Аполлон—
|-----------------------------------------------------------------------------|
Пупупу и как ему сказать, что некое очко он не видел и силу ему дала сущность ввиде гномика из его мирка? Почесывая свою голову, тот сказал:
|-----------------------------------------------------------------------------|

—Нууу я же говорю, что силу дала не та сущность о которой ты подумал, а ты продолжил говорить про неё. Я не знаю, у меня был другой путь почему меня одарили ей, Ито я бы с радостью отказался бы от неё.

|-----------------------------------------------------------------------------|","samin__","1524697144160686111"
"09.07.2026 17:31:46","samin__","#2997","— Линци —

Парень неслабо удивился, вставая в ступор. Его же сопровождающий что до этого не отсвечивал чуть приподнял взгляд, думая что это может означать. Спустя довольно продолжительное молчание, тот хлопнул паренька по спине, от чего он очухался, и помотав головой сказал:

— А это паршиво. Раз тьму ты получил не от него... уф... есть и другие выходит? Тс... куда же дальше то? Пф... и? Я смотрю ты завидно хорошо контролируешь её. Как часто голос проявляется? Или он не затыкается? Судя по тому, что ты пробудился едва ли трое суток назад, я всё ещё говорю с ""тобой"", а не с ""ним"".

Парень явно был на измене от известия, перебирая разные варианты в голове, однако правильный ответ к нему никогда не придёт","biok_ymer","1524772091868741682"
"09.07.2026 17:36:51","samin__","#2997","—  🐹 и 🪿  —

Ласка что наблюдала за этой картиной прифигела, учитывая что недалеко был её костёр, однако вмешиваться не стала, лишь забравшись на высоту, улеглась на ветке, наблюдая за округой. Однако когда ЧЕЛОВЕК взял камни, та пожала плечами, понимая что нужны не або какие кааа-а-а-а-а-а-АА-А-А-А-А-А--АМНИ! Чего?! Он из обычных булыжников искру высек?! КАК?! Вытаращившись на странного парня, та фыркнула, отворачиваясь в другую сторону, думая сможет ли вообще поесть сегодня

Гусь же смотря за этим, кажется почти не вдуплял что ему делать, однако увидев огонь, захотел погреться, от чего **пошёл прямо в него **","biok_ymer","1524771448579817512"
"09.07.2026 17:40:14","ktoia","#6622","— Сиэль —

Отведя взгляд от меча Сиэль наклонила головку, говоря:

— Быть может. Однако извини, точно не получилось бы.

Очень вызывающе ответив, Сиэль все же взошла на меч, устремляя взгляд вперед.

> 1000 Ли... Я все еще не понимаю их мер счисления. Надо было спросить у Хао и Чу.... да и кто на мече летает... С него же упасть легко.

После последней мысли, девочка все таки решилась высказать некоторые непонятности, из-за чего взглянув на Фэнга сказала:

— А как на нем... ну... Ам... правильно ""перемещаться"". Я первый раз таким ""пользуюсь"". ||И вижу.||","samin__","1524753802971054160"
"09.07.2026 17:48:41","samin__","#2997","— Ду Фэнг —

Услышав провокацию, парень приподнял бровь, а после того как она взошла на меч, тот немного приподнялся над землёй. Поверхность и правда была довольно скользкой. Услышав что та летает впервые, парень не долго думая заставил меч описать полукруг и застыть вверх ногами. Естественно Сиэлька слетела ещё в самом начале трюка, приземляясь на ноги и смотря как парень стал висеть вверх ногами, говоря той:

— Деревенщина, даже в моём мире все передвигались на подобных. Как можно не понять что Ци нужно собрать в ногах и понемногу вбирать её из меча. И ты мне говоришь что у меня чего-то не получилось? Не задирай нос только потому, что я победил самого слабого из вас троих

Вспомнив про ""бой"" и ""победу"" над Серис, парень чуть запнулся, вновь ставя меч на землю, как тот и был изначально","ktoia","1524787269658083409"
"09.07.2026 18:28:59","ktoia","#6622","— Сиэль —

Сиэль приземлилась на ноги, чуть пошатнувшись и выровнявшись, затем подняла взгляд на Фэнга, который всё ещё висел вверх ногами. Её лицо оставалось почти ""спокойным"", но внутри уже закипало раздражение.

— Ну знаешь, для меня это необычно вообще-то... и опять словами разбрасываешься..

Она опустила голову, глядя, как он опускает меч обратно и добавила:

— Павлин... ничего бы у тебя не вышло, любишь, я смотрю, говорить сразу, что думаешь. Я всё ещё помню, как ты меня при первой встрече назвал. Знаешь, дурное лучше помнится, чем хорошее.

Взошла обратно на скользкий меч.

— Сразу же объяснить без всего этого нельзя... Понятное дело, много о себе думаешь ""небесный"".

Сиэлька сделала то что он сказал - собрала Ци в ногах и стала по не многу вбирать её с меча.","samin__","1524789397503873218"
"09.07.2026 20:26:55","biok_ymer","#9440","—Аполлон—
|-----------------------------------------------------------------------------|
Понятно, он шизик! И как с таким говорить? Потупив с минуты на того, тот взялся обоими руками за голову и оторвав ту с шеи, повернул окончанием шеи помохав, а после вставив обратно говоря:
|-----------------------------------------------------------------------------|

—Как видишь там никого нет, тот кто мне её дал не отсюда, он с другого мирка. Да и болезнью голосов не страдаю, отчего делаю вывод, что у нас немного разная тьма.

|-----------------------------------------------------------------------------|","samin__","1524785137970188288"
"09.07.2026 20:29:03","biok_ymer","#9440","—Монах—
|-----------------------------------------------------------------------------|
Непонимая смотря то на огонь, то на гуся, тот когда увидел что он почти в него вступил взял того за шею и отдернул от костра, говоря:
|-----------------------------------------------------------------------------|

—Ты чего!? Сгореть решил? Стой на расстоянии от огня, ато и поджечь крылья можешь.

/Отпустив того, тот чуть извиняюще поклонился, явно понимая, что переборщил./

|-----------------------------------------------------------------------------|","samin__","1524786419887902831"
"10.07.2026 11:45:12","samin__","#2997","— Ду Фэнг —

Хмыкнув, парень коротко ответил:

— Дурное помнится лучше? Вроде как я тебе ничего хорошего и не делал, чтобы ты помнила что-то иное. А что до того как я тебя назвал... хм... не помню

Договорив, парень заставил меч взмыть над землёй, слегка наклоняя его в бок, смотря свалится ли девочка, однако в этот раз она сделала всё правильно. Решив проверить ещё раз, тот вновь сделал бочку, однако на этот раз девочка не свалилась, от чего он начал путь, летя не особо то и высоко, да и не быстро:

— И я не твой наставник, чтобы учить тебя каждой мелочи. Не знаю из какой дыры ты вылезла, но видимо из **помойки** похлеще моей

Так он всё таки ПОМНИЛ!","ktoia","1524799537619669094"
"10.07.2026 11:56:01","samin__","#2997","— Линци и Хайшень и ??? —

Когда Аполлон **ОЧЕРЕДНОЙ РАЗ** оторвал себе голову, Линци сделал шаг назад, выпуская небольшой пук тьмы, подобный любомому проявлению Аполлона. Хайшень же слегка скривив лицо наблюдал за разговором, с мыслями ""и вот зачем я сюда пришёл""? Когда парень закончил демонстрировать что он пустоголовый, у того в голове и правда прозвучал высокий, почти детский голосок:

> ЭЙ! Если я молчу, это не значит что меня нет

Линци же поняв что имеет дело не с совсем обычным человеком (совсем не обычным) прищурился, уже спокойнее говоря:

— Ну хоть одна хорошая новость. Чтож, тогда нам не за чем враждовать. Ты главное следи за... эм... головой? Если что - говори. И... мэх... если понадобится, надеюсь сможешь прикончить и меня

На эту фразу Хайшень среагировал уже даже бурнее чем на оторванную голову, приподняв обе брови, говоря тому:

— Вот уж не ожидал услышать чего-то подобного

Дед инсайд же не поворачиваясь на того ответил:

— Его госпожа тоже владеет тьмой и... чего уж, открыла мне глаза на многое, когда я зачищал шахты от теневых паразитов по твоей просьбе","biok_ymer","1524829219748708383"
"10.07.2026 12:07:07","samin__","#2997","—  🐹 и 🪿  —

Гусь непонимающе посмотрел на парня, а после вновь на огонь:

> Тепло...

С этими словами тот ОПЯТЬ пошёл в костёр, на что Ласка с ветки сказала:

— Да... ... этот до естественного отбора не доживёт","biok_ymer","1524829755248083060"
"10.07.2026 14:50:34","ktoia","#6622","— Сиэль —

Сиэль услышала его слова и на мгновение сжала зубки, но всё же удержалась от резкого ответа. Вместо этого она сосредоточилась на том, чтобы удержать равновесие на мече, чувствуя как Ци плавно перетекает из ног в клинок. Когда меч начал наклоняться в бок, она рефлекторно напряглась - тело качнулось, но она успела перераспределить вес, слегка сместив корпус в противоположную сторону. А когда он пошёл в бочку, она на секунду зажмурилась, но не свалилась. Только руки на мгновение дёрнулись в стороны, ловя равновесие.

И наконец, когда они стали лететь более-менее ровно, её агрессия начала выходить наружу:

— Знаешь, в моей помойке хотя бы не тыкают носом в то, что нужно делать. А тебя как я видела используют по полной.","samin__","1525060312729124884"
"10.07.2026 17:26:09","biok_ymer","#9440","—Монах—
|-----------------------------------------------------------------------------|
Смотря на странные мувы гуся, тот поставил ногу перед тем, чтобы он не мог пройти дальше, говоря:
|-----------------------------------------------------------------------------|

—Не иди на пламя, что в этой фразе не понятно?

|-----------------------------------------------------------------------------|","samin__","1525065826120630372"
"10.07.2026 17:29:19","samin__","#2997","—  🪿  —

Посмотрев на ногу, гусь поднял голову на монаха, начиная задыхаться, пытаясь прокашляться. Издав пару ""последних визгов"" тот вырыгнул на ногу Монаха книгу (да ту самую)","biok_ymer","1525146115962572911"
"10.07.2026 17:38:38","biok_ymer","#9440","—Аполлон—
|-----------------------------------------------------------------------------|
Слушая тех он услышал о госпоже и чуть заинтересовано спросил:
|-----------------------------------------------------------------------------|

—Госпожа? Что она уже ученила в мое отсутствие? Её контроль тьмы и с...хммм весьма сильно, отчего она своего рода гений в этой сфере. Хотя как я пологаю именно её тьму я и забрал, отчего сейчас у неё должен быть свет. Долгая история, но учитывая, что она двинула к альянсу, у неё проблем не будет если силу показывать не будет.

/Услышав голос тот подумал о другой личине, отчего недовольно цокнул, спрашивая:/
-Вообщем мы разные. У меня тьма это опухоль, что я не контролирую. У тебя же дар, с коим нужно мириться.

|-----------------------------------------------------------------------------|","samin__","1525063033788039358"
"10.07.2026 17:44:08","biok_ymer","#9440","—Монах—
|-----------------------------------------------------------------------------|
Книга с лязгом ударилась о челюсть парня, отчего тот с хрустом позвонка отлетел в сторону врезаясь в дерево. Как только тот стал приходить в себя от выпада та самая книга вновь упала на голову, прилазив того к земле, отчего тот ухнул. После чего он с трудом встав глянул на книгу и на довольного гуся говоря:
|-----------------------------------------------------------------------------|

—Ты чё творишь пернатая!? Я тебя сейчас на рагу пущу!

/Только тот хотел встать и кинуть книгу в гуся, как тот чуть не упал пытаясь поднять книгу. Удивлённо глянув на ту тот с трудом её поднял читая надпись ""Даосизм"", после чего охнув сказал:/
-Так это была не атака, а урок...?

/Он охнул, чуть поклонившись говоря:/
-Спасибо за учения. Я постараюсь понять данное сказание...

|-----------------------------------------------------------------------------|","samin__","1525146909742858281"
"10.07.2026 17:49:46","samin__","#2997","—  🪿  —

Гусь вообще не понимая что только что произошло, смотрел за ситуацией с довольной моськой, чувствую облегчение, как будто знатно просрался после запора. Когда тот пришёл в себя, он уже занёс лапу чтобы шагнуть в огонь, однако услышав про ""учения"" и ""урок"", тот повернулся, смотря тупым птичьим взглядом на монаха, что ему кланялся. Вспомнив что пободное отношение он уже видел, гусь расправил крылья, показывая свою грациозность и подчёркивая значимость

Не долго думая тот проговорил:

— ГА-ГА-ГА

> ПУТЬ!

Он не знал что это, просто повторил слово, которое слышал чаще всего от человека с которым путешествовал, однако похоже человечишка был принят в ученики великим... ИМ!","biok_ymer","1525150638579781742"
"10.07.2026 18:51:00","biok_ymer","#9440","—Монах—
|-----------------------------------------------------------------------------|
Он узрел величие. Значит ли, что тупая птица на деле притворялась такой, оценивая парня со стороны дабы узнать достоин ли он следовать подле него. Может он и перенес его в этот дивный мир, дабы спасти и дать нужный...ПУТЬ. Точно же! Парень удивлённо озарил того с некой долей восхищение заявляя:
|-----------------------------------------------------------------------------|

—Я постараюсь оправдать ваше доверие господин!

|-----------------------------------------------------------------------------|","samin__","1525152059488338031"
"11.07.2026 11:07:46","samin__","#2997","— Линци и Хайшень —

Не особо поверив словам парня, тёмный мальчик хмыкнул начиная потирать запястье:

— У меня то дар? А юмор у тебя жестокий. Я тут вообще-то из последних сил держусь, чтобы не сорваться. Как минимум твоя госпожа это и разглядела

Потерев шею, парень вспомнил их взаимодействие, говоря уже менее раздражённо:

— А что она делала... да я и сам не понял. Толи помочь пыталась, толи запугать, но вышло у неё скорее второе. И... в смысле свет у неё, она же...

Тут в разговор наконец вмешался Хайшень, что всё это время помалкивал, однако увидев тему в которой разбирается похлопал паренька по плечу ответил:

— Ну да. Госпожа Афина владеет и тьмой и светом. Я не хотел тебе этого говорить, ибо я тоже не поверил бы если бы не увидел собственными глазами. Сейчас она прибывает в Альянсе, а вернее в городе Ихэн. Не знаю что у неё за интерес, однако сопроводив нас до тех земель, она нас оставила

Линци ну вот ВООБЩЕ ничего не понял, от чего почесав затылок сказал:

— Так это... еёж вроде Мивой звали","biok_ymer","1525149254744801330"
"11.07.2026 11:14:45","biok_ymer","#9440","—Аполлон—
|-----------------------------------------------------------------------------|
Услышав имя Афина, парень уже сам вмешался. Говоря уже более серьезно:
|-----------------------------------------------------------------------------|

—Тут уже я могу пояснить. Из-за сделки что ""даровала"" мне тьму, девушке оставили лишь свет и вернули её прошлую личину, до того как она родила несколько столетий, пустую и глупую девчонку по имени Афина. И да, это был секрет, но однако сейчас он не имеет сильного веса, ведь раньше она владела и светом и тьмой, являясь своего рода ""идеалом равновесия"". Отчего я и верил в успех её взаимодействия на других. Но раз она осталось в альянсе, боюсь предположить, что она полностью потеряла память, ведь так? Значит на неё сейчас не стоит рассчитывать, что весьма отвратительно, учитывая, что раньше это был сильный козырь как силы, так и переговоров...

/Удручённо вздохнув, тот глянул на Хайшеня, говоря:/
-А вот тут я хотел бы послушать поподробнее, отчего она вздумала двинуться за вами? Не побоюсь этого слова, но дева она весьма своенравная и я не верю, что она решила взять и уйти без какой-либо причины.

|-----------------------------------------------------------------------------|","samin__","1525413278677729412"
"11.07.2026 11:18:00","samin__","#2997","— Ду Фэнг —

Услышав язвление со стороны крысы, парень хмыкнул, отвечая:

— **Совершенно верно.** В отличии от некоторых, моя судьба уже прописана. Рождение, путь и даже смерть, я знаю буквально всё, что мне предстоит. Очень размыто, но знаю. И тебе бы стояло побольше дорожить своей свободой

Договорив, парень немного ускорился, смотря не слетает ли попутчица","ktoia","1525106958951125122"
"11.07.2026 11:22:00","samin__","#2997","—  🐹 и 🪿  —

Смотря на эту картину, ласка не знала что ей и делать. Гусь пытался приготовиться сам, ему мешали, от чего он нокаутировал человечешку, а после принял его в ученики... ... ... тут и смех и грех, от чего не сказать что умный, но мыслящий зверёк лишь смотрел за всем этим со стеклянным взглядом

Гусь же начал входить в курах, гагатая и продолжая вкидывать:

> Надежда!

Однако это мракобесие всё-же решила прервать Ласка, что крикнула:

— Олухи! Если зверя сожжёте, сами будете угли жрать!","biok_ymer","1525167469541724300"
"11.07.2026 11:33:18","biok_ymer","#9440","—Монах—
|-----------------------------------------------------------------------------|
Услышав Надежда, тот думал вновь раздуть из мухи слона, однако верное замечание ласки остановила потуги Монаха превозносить гуся до сил небесных и встать с места дабы вернуться к костру и подняв уже приготовленное меско и положить его на травушку. После чего чуть подумав тот оторвал ножку мяска и попробовал убедился что мясо готово и глянув на гуся, спросил:
|-----------------------------------------------------------------------------|

—Будешь...?

|-----------------------------------------------------------------------------|","samin__","1525416859988656239"
"11.07.2026 20:03:36","ktoia","#6622","— Сиэль —

Она чуть наклонилась вперёд, привыкая к движению меча.

Услышав его слова девочка нахмурилась, ведь м.... Было бы все как он говорит, жизнь была бы другой. Мда... ""свобода"". Кое-как привыкнув к нарастающей скорости, она выпрямилась и сказала:

— Мм... понятно как это у вас работает. Тогда... А тебе не бывает обидно? Что всё уже решено за тебя?","samin__","1525415856228798464"
"11.07.2026 20:32:03","samin__","#2997","— Ду Фэнг —

Набрав скорость и увидев что девочка не слетает, Фэнг стал понемногу набирать высоту, отвечая той:

— Обидно? Ты серьёзно? Я же ""дарование"" чёрт бы его побрал. Естественно я не в восторге! Именно для того чтобы нарушить планы на мой счёт я с тобой и иду. А что до ""обиды"" она тут не поможет. Тут либо принять, либо ждать перерождения в кого-то посвободнее

Договорив, меч поднялся уже на высоту, с которой если сверзиться - это будет черевато смертью","ktoia","1525548124465266800"
"11.07.2026 23:25:26","ktoia","#6622","— Сиэль —

Услышав ответ задумалась, а после глянула на землю, которая постепенно уходила вниз... Она не боялась высоты - скорее, чувствовала странное спокойствие, смешанное с острым осознанием того, что любое неловкое движение могло стать последним... Или прийдется использовать ""парашют"".

Она выпрямилась, стараясь не смотреть вниз и повернула голову к Фэнгу, хотя видела лишь его спину.

— Да. перерождение. Кому-то оно светит...

Взглянув на его пояс, решила все таки попытаться расспросить про ""артефакт"":

— А что это у тебя на поясе?","samin__","1525555287120023653"
"11.07.2026 23:29:42","samin__","#2997","— Ду Фэнг —

Услышав вопрос, парень чуть ускорился, спокойно и размеренно отвечая:

— Не твоё дело. А ты не веришь в перерождение? На землях альянса даже есть уроды, которые могут прочесть прошлые жизни, хотя... возможно они и шарлатаны

А тем временем меч взлетал всё выше и становился вместе с этим всё быстрее, на столько, что ветер начал доставлять дискомфорт, хотя большая часть удара ветра брал на себя Фэнг","ktoia","1525598916719149098"
"11.07.2026 23:52:24","ktoia","#6622","— Сиэль —

Сиэлька прищурилась, когда ветер усилился и немного пригнулась, чтобы не потерять равновесие. Она не стала настаивать на ответе про артефакт - слишком явно он дал понять, что это не её дело, сейчас. Вместо этого она сосредоточилась на словах про перерождение... Которое... Чисто гипотетически и теоретически ей не светит...

— Я не знаю, чему верить. Но думаю... его все таки нет. Но! 

""Но"" не успело продолжится ведь Сиэль от очередного порыва ветра чуть не слетела, да так что аж начала проезжать по мечу назад. **Да ктож на мече перемещаться придумал!!??!!**","samin__","1525599991853224057"
"11.07.2026 23:57:33","samin__","#2997","— Ду Фэнг —

Парень с явной неохотой слушал все эти бредни, однако услышав запинку, резко развернулся в пол оборота, скользив ногой по мечу, не отрывая её, а после схватил девочку за запястье, повышая голос:

— БЕСТОЛЬЧЬ! НЕ ОТВЛЕКАЙСЯ, ЕСЛИ НЕ УМЕЕШЬ!

Сказав это, парень выдохнул ожидая пока девочка не восстановит равновесие, а после отпустил её руку, говоря:

— Начинаем тормозить, готовься

После сказанного, те и правда стали понемногу затормаживаться, пока скорость не стала приемлимой","ktoia","1525605706131308645"
"12.07.2026 00:32:59","ktoia","#6622","— Сиэль —

Сиэль на мгновение почувствовала, как сердце пропустило удар. В голове мелькнула что сейчас точно съедет. Но прежде чем она успела что-либо сделать, Фэнг уже схватил её за запястье. Она замерла, чувствуя его хватку и только когда он отпустил её руку, выдохнула, пытаясь более **нормально ** фокусировать Ци, поперек отвечая:

— Я не отвлекалась!

Решаясь все таки последовать его совету не отвлекаться, она ""проехалась"" вперед, хотя бы на середину, окончательно востанавливаясь.

— Знал же! Я тебе говорила что я не умею на этой фигне скользкой стоять, а ты все быстрее и быстрее летишь!

Да она начала обвинять Фэнга.","samin__","1525607000359178340"
"13.07.2026 11:10:18","samin__","#2997","— Линци и Хайшень —

Парень вообще не понимал что сейчас эти двоя обсуждают, от чего отошёл немного в сторону, продолжая заниматься зализыванием ран. Хайшень же слушал слова Аполлона не меняясь в лице, лишь сев на пол в позе лотоса, отвечая после небольшого промедления:

— Чтож, вы почти правы. Будучи Мивой, благодетельница заинтересовалась нашей небольшой своевольностью, от чего как она позже выразилась ""увязалась"" за нами. По пути она в момент изменилась до неузнаваемости, и вправду теряя память. Ну а по прибытию помогла в переговорах, а после отправилась в свободное плавание. Жаль конечно что она утеряла силу тьмы... но пожалуй то что у неё остался свет, может сыграть с ней как злую шутку, так и стать отличной возможностью, всё зависит от того, как она распорядится этой силой","biok_ymer","1525415035026018346"
"13.07.2026 11:28:57","samin__","#2997","— 🪿 и  🐹 —

Гусь повернул голову сначала в одну сторону, затем в другую, а после обратно разглядывая ножку со всех сторон. Немного призадумавшись, тот издал взвизг, а после заглотил лапу целиком

Ласка смотря на это поняла что ввязалась во что-то не то. ПЛОТОЯДНЫЙ СУКА ГУСЬ! Что с завидной скоростью поглотил кусок мяса... С КОСТЬЮ!

Гусь же не видя в этом чего-то странного довольного прогоготал:

— Га-хра...

> Годно!","biok_ymer","1525419705891029044"
"13.07.2026 11:33:48","samin__","#2997","— Ду Фэнг —

Снизив скорость до приемлемой, парень стал говорить, но чуть расстроенней и немного тише:

— Да понял я, понял. Придётся лететь ниже и медленнее. Пф... прибудем через часов 5. Кто бы знал что у меня будет такой балласт

Немного помолчав, парень спустил меч чуть ниже и стал лететь более плавно, говоря той:

— Ну и? Кто ты такая? В день появления появился и подлец Ян, а потом в тот-же день перенесли вступительные. Слишком много совпадений, тебе не кажется?","ktoia","1525615920180101131"
"14.07.2026 03:27:15","ktoia","#6622","— Сиэль —

Опять оскорбление. Сколько можно ещё обмениваться колкостями? Если бы не этот неожиданный и... пожалуй плохой для неё вопросец, то обмен любезностями бы не прекратился. Нужно понимать, что просто так рассказывать ему о себе Сиэль не собирается. Как ответить? 

Недолго помолчав, Сиэль решила начать издалека, дабы увести разговор в русло ""а оно тебе надо?"":

— Ты уже спрашивал об этом на испытаниях и до сих пор не смирился? Я бы на твоём месте не лезла в лоб, а попыталась найти другой подход... Да и лучше забыл бы...

Она решила не отрицать странность, а наоборот - нагнать ещё больше непонимания. В конце концов, отвечать она всё равно не собиралась. Слишком много он хотел знать, не подкрепляя это ничем серьезным. 

Вот если бы он просто перевернул меч, ускорял его и начал угрожать этим, она бы, возможно, что-то и рассказала. А так - мертвый номер. Он ведь правда не станет так делать, если она продолжит отмалчиваться?..","samin__","1526144605295218709"
"14.07.2026 12:05:42","biok_ymer","#9440","—Монах—
|-----------------------------------------------------------------------------|
Наблюдая за реакцией гуся тот кивнул и сам себе взял часть мяса поесть. А отличии от фруктов его наполнил приятный теплый привкус, что он давно не ел, ведь на юге не так уж и легко раздобыть мясо. И так они и начали есть, один кусок Гусю, один монах и так по кругу, пока они не стали все.
|-----------------------------------------------------------------------------|","samin__","1526143387202359306"
"14.07.2026 12:17:55","biok_ymer","#9440","—Аполлон—
|-----------------------------------------------------------------------------|
Слушая слова Хайшеня, парень чуть потянулся, говоря:
|-----------------------------------------------------------------------------|

—Помогла в переговорах и сбежала... Да уж, не свойственно ей это. Ну да ладно, сейчас нет смысла обсуждать упущенную возможность, все равно вряд-ли вернётся в ближайшее время.

/Тут парень перестав подтягиваться встал ровно, глядя уже с прищуром на Хайшеня:/
-У нас тут некоторые другие проблемы образуются. Я смог выторговать нейтралитет со стороны Императрицы, отчего она не будет мешать нам, а вот с Гу Чанге я напротив думаю пока натянул отношения, по крайней мере он меня побаивается, отчего какое-то время альянс тоже лезть сюда не будет. И тут остаётся третья сторона, а именно Черная Гора. В моих планах будет с завтрашним рассветом отправиться на переговоры уже к ним, чтобы окончательно завоевать ""безопасность"" в нашем развитии и заодно я попробую добыть для нас ещё людей. И тут возникает следующая проблема.

/Парень посмотрел на обоих, говоря:/
-У нас не хватает людей, что будут контролировать и вести толпу. Не примите мои слова за штыки, но я не думаю что господин Цинь сможет в одиночество вести несколько сотен людей, отчего мне нужно узнать о верных и...

/Зациклив вновь взгляд на Хайшене:/
-И тем более тех, кто стремиться на общее благо, с головой на плечах...

|-----------------------------------------------------------------------------|","samin__","1526138693218205717"
"18.07.2026 10:55:19","samin__","#2997","— Ду Фэнг —

Парень недовольно фыркнул, занося руки за спину, сцепляя их в замок, отвечая ещё серьёзнее:

— Не фанат всех этих ""высоких разговоров не о чём"". Какой смысл идти на ухищрения, если ты и так поймёшь что мне нужно. Я ценю своё время, как и силы так что и говорю на прямую. Нет, если ты хочешь чтобы я задавал один и тот-же вопрос на протяжении 5-ти часов, но под разными углами, это конечно правильное замечание, но таким я заниматься не хочу

Выдержав небольшую паузу, тот выдохнул, начиная говорить более уставшим голосом:

— Ученица павшего Яна, что появился аккурат с тобой после два десятка лет отсутствия. Свалилась буквально с неба, имеешь белые волосы, но при этом не связана с высшими слоями Альянса, да и в целом не владеешь ничем кроме оружия. Тобой заинтересовался мой старик, что терпеть не может таких как ты...

Развернувшись к Сиэль всем телом, парень продолжил лететь спинов вперёд:

— Иномирка, которую привели сюда. Имеешь какое-то высокое значение, сейчас сбежала из павильона для какой-то цели. Мне продолжать или всё-же утолишь моё любопытство?

Да, вместо угроз, парень привёл факты, которые были на поверхности и по сути то ничего и не давали, но ОЧЕНЬ сильно были близки к истине","ktoia","1526384550798823515"
"18.07.2026 11:02:44","samin__","#2997","|-----------------------------------------------------------------------------|
На третьем кругу, Гусь довольно гакнул, мотая головой, показывая что с него хватит. Отойдя чуть в сторону, тот улёгся рядом, запрокинув голову назад, укладывая ту на своё тело. Монах же не успел доесть и шестого куска, как тоже чуть не лопался. То-ли он просто давно не ел мяса, то ли сам зверёк был необычным. Как только желудок переполнился, тот почувствовал как мышцы налились новой силой, а тело даже стало легче чем прежде. Ничего сверх естественного, лишь небывалая лёгкость, как будто очень хорошо поспал и добротно поел

Монах ещё не знал что это и есть последствия его первого в жизни прорыва
|-----------------------------------------------------------------------------|","biok_ymer","1526515020211425320"
"18.07.2026 11:25:21","samin__","#2997","— Хайшень —

Мужчина ни сколь не менялся в лице, лишь задрав голову на Аполлона. Когда тот закончил, мужчина еле заметно ухмыльнулся, говоря тому:

— Значит информация оказалась верной. Ты был и у императрицы и даже малыш Гу сюда захаживал. Какая забавная ситуация. Так ещё и у моего поставщика информации был. Много всего произошло за прошедшие дни, не так ли?

Сказав что хотел и давая предостережения парню, тот чуть расслабился, сложив руки на коленях, продолжая:

— А что до братца Циня. Ну... тут правда на твоей стороне. Этот баран не способен управлять толпой. Чего греха говорить, он боится раскрыть место где сейчас сидит, хотя до недавнего времени народец был от него без ума. Даже детей в его честь называли. И правда ""великий глава"" хах

— Для того чтобы вести толпу если ещё старик Хун, но у него дел и так достаточно

Наконец перестав выказывать неучтивость, мужчина поднялся с пола, говоря Аполлону уже без ухмылки:

— Хм... а ты выходит уже разгадал кто я на самом деле? Или кто рассказал чего? М?

Как-то он спокоен для человека, которого прощупывают","biok_ymer","1526518096633008149"
"18.07.2026 16:06:28","ktoia","#6622","— Сиэль —

Выходит зря не отрицала!

Все вышеперечисленные ФАКТЫ, буквально и кричали о том что тут что-то не то. И где был просчет? Ах. Да. По сути везде, уж слишком много крутилось вокруг Фэнга, так что сложить все странности и вылить их так на прямую... И как из этого выкручиваться? Стоит ли вообще ему врать?... Мелькнула даже мысль об... не... Мысль сразу отмелась. Это было бы... не правильно. Итак он знает что Сиэль иномирка, он уверен в этом исходя из фактов выше. Уверенность достигает 100% что он точно не берет на понт... Честно сказать лучше бы угрожал скинуть с меча....

Сиэль и не знала что сказать на это. Ах.... морока... блин... Сиэлька скрестила ручки, отвела свой слегка подрагивающийся взор от Фэнга чуть ниже в бок, предполагая как ему на все это отвечать. Решившись сделать это по короче, она вернула на него глазки, и начала:

— А ты... умеешь складывать 1 + 1... Да иномирка и да я имею некоторую цель, которую пытаюсь добиться. ах... ""Предназначение"" если будет угодно... конечно оно... как бы... ну.... /подумав о совоей цели в моменте запуталась и отрицательно покачав головой, продолжая/ забудь. Во всяком случае я хочу сказать что это - не твое дело... 

Мимолетная пауза.

— Ты же хотел знать будут ли мои дела затрагивать тебя?! Не вру. Пожалуй.... да. Но ты этого и не заметишь, да и не тебя одного это затронет. Единственное что тебя затронуло напрямую это та ситуация у ворот. И то, она была в начале..... .... ....Ещё что-то?","samin__","1527946861946867712"
"21.07.2026 00:24:21","samin__","#2997","— Ду Фэнг —

Ответом парень естественно доволен не был, смотря на ту как на врага. Однако внезапно появившаяся бабочка отвлекла его, от чего он поджал губы, облизывая их. Выдохнув, тот вновь посмотрел в глаза девочки и проговорил:

— Не моё дело, однако затронут меня. И как это понимать? Ты говоришь сыну небес о том что твои деяния затронут многих в этом мире. Я знал что иномарци - низшие создания, однако подобной глупости ожидать не мог

Развернувшись, парень про скользил до самого острея, останавливая меч, попутно говоря:

— Чтож, в таком случае мы не полетим дальше, пока ты не ответишь. Коль будет угодно - полетим однако даже так я не забуду о сказанном

И чего он так взбеленился и... стал более серьёзным и ещё более заносчивым?","ktoia","1528025163516346519"
"21.07.2026 01:17:41","biok_ymer","#9440","—Монах—
|-----------------------------------------------------------------------------|
Искушав зверя досыто, тот удеглся у костра и после вспомнив, что он не один тут с наставником, тот запрокинув голову на верх, смотря на ласку и спрашивая:
|-----------------------------------------------------------------------------|

—Не особо понимаю что к чему, но тебе я так полагаю на ужин нужно подавать зверей поразумнее таких? Может есть совет, как с такими справиться? Не думаю что одной моей Милуоки хватит.

|-----------------------------------------------------------------------------|","samin__","1527948726151155762"
"21.07.2026 01:36:46","biok_ymer","#9440","—Аполлон—
|-----------------------------------------------------------------------------|
Парень конечно пытался понять кто перед ним, однако не ожидал услышать что его сети информационные столь далеки. Тот чуть хмыкнул, однако так и не понял, кто перед ним, отчего отойдя от стенки стал рассаживать по комнате, говоря:
|-----------------------------------------------------------------------------|

—Хах, так уж я везде успел полазить. Просто выполнял просьбу о обезопасивании данного места, неужто все тут только своей ""культивацией"" только и думают, а не головой? Вот у меня её и вовсе нет и вполне себе хорошо себя без неё чувствую.

/Парень чуть потянулся, а после остановился возле Хайшеня, говоря уже потише:/
-А вот что конкретно я знаю про тебя не так важно, ведь мы в любом случае можем стать хорошими союзниками и лишние расспросы ни тебе, ни мне не нужны, ведь так? Что думаешь, хочешь начать сотрудничество или предпочитаешь и дальше двигаться своими силами?

|-----------------------------------------------------------------------------|","samin__","1527954420044922990"
"21.07.2026 01:51:45","ktoia","#6622","— Сиэль —

Девочка понимала что другого ответа, кроме уклончивого дать не сможет. Она бы с радостью отвязалась от этого допроса, но правда слишком сильно била в самое основание всех дел. Я собираюсь ""тота-тота"" сделать, а еще я ""вот такая"" - было бы стрельбой в ногу. Особенно после предупреждения Тэда, что если раскрыться не тому человеку будет не очень и хорошо, Сиэль решила стать насколько может осторожнее. А этот неуравновешенный мечник, который продолжает молоть языком **без костей**, точно не тот кому нужно все выкладывать. Пусть Сиэль и сама была слегка неуравновешенной, но точно не в такой степени, как он.

А как? Просто не хотелось отвечать и все. Почему вообще Тэд сказал, что она скорее расскажет всё Фэнгу, чем ему? Да что ей вообще рассказывать, если он прямо не спросил? Где лавировать то?

Сиэль снова перевела взгляд на бабочку, которая появилась неизвестно откуда, а затем вновь посмотрела на собеседника и собравшись, произнесла:

— Хорошо, давай так. Задай конкретный вопрос - получишь конкретный ответ. ""Как это понимать"" - слишком. кхм.. образно. Я слушаю.

Да! **Заноза.** Хоть бы чего понормальнее задал.","samin__","1528875238018912396"
"21.07.2026 10:09:31","samin__","#2997","— 🐹 —

Ласка, что лежала, наблюдая за всей этой неразберихой явно о чëм-то задумалась. Еë откровенно радовало то, что у неë появилось сознание и она не была похожа на этих двоих...

Услышав вопрос, та повернулась на бок, смотря на Монаха сверху вниз, говоря тому:

— Разумные-неразумные мне без разници. Лиш бы выше второго ранга. Третьего - в самый раз. А вот четвëртый... он и меня самого сожрëт

— Мда... искать пропитание на окраинах - такая морока. А как с такими справляться? Тебе - никак. Если встретишь - беги. Тыж ничем и не владеешь пока, так что пока что тебе ничего не по зубам. Ну или задействуй мозг. У обезьян он вроде как со второго ранга появляется, а не с третьего","biok_ymer","1528888658038624336"
"21.07.2026 10:17:29","samin__","#2997","— Хайшень —

Покивав, мужчина коротко ответил:

— У меня тоже нет культивации. Не столь много плюсов, за исключентем долгой жизни. Только вот они тратят десятки лет на это, чтобы прожить на 5 дольше... идиоты да и только

Усмехнувшись своим-же словам мужчина сложил руки за спиной, отвечая уже на предложение, становясь серьëзнее:

— А вот тут ты прав. Нам нет особого дела до целей друг друга. Признаться удивлëн что ты предлогаешь сотрудничество мне... но хорошо. И что же тебя интересует? Какой вид сотрудничества предпояитаешь? Вопрос с людьми? Ты ведь понимаешь, что речь идëт не о сотнях или тысячах, а о десятках тысяч голов","biok_ymer","1528893458947772546"
"21.07.2026 10:26:38","samin__","#2997","— Ду Фэнг —

Обернувшись, парень примолк, явно размышляя над вопросом. Минута молчания, вторая... а меч всë висел и висел. Наконец через ещë пару минут, тот выдал:

— Зачем мы идëм к самим драконам и почему ты думаешь что нас просто не убъют? Это самое насущное и самое важное на данный момент","ktoia","1528897232248635593"
"21.07.2026 13:20:08","ktoia","#6622","— Сиэль —

Молчание. Казалось оно длилось не две минуты, а целую вечность ведь Сиэль всё это время напряжённо стояла, не сводя глаз с Фэнга, пытаясь предугадать какой вопрос последует и какой ответ она сможет ему дать. По большому счёту, все возможные вопросы сводились к одному и тому же, просто сформулированному по разному. Но то что он спросил в итоге, оказалось для неё неожиданностью - настолько логичным и прямым, что Сиэль даже растерялась.

Недолго помедлив, она всё же заговорила:

— Мне нужно дотянуться до небес, а именно до... эм... **мистера Роча**?

Произнеся это вслух, она и сама почувствовала, насколько сложной звучит её затея. И видимо чтобы он хоть как-то понял, зачем ей это, нужно было приоткрыть хотя бы одну карту:

— В скором времени состоится суд в Альянсе. Как ты можешь догадаться, не совсем обычный. И мне нужен самый быстрый и самый весомый аргумент из возможных, который можно добыть за короткий срок. Насчёт того, убьют нас или нет... Я не знаю. Если драконы хоть немного нас выслушают - возможно, мы и выживем. А если нет... то... увы.","samin__","1529026804873040012"
"22.07.2026 10:53:05","samin__","#2997","— Ду Фэнг —

С каждым словом девочки взгляд парня становился всё стекляннее и стеклянее. Когда та закончила, он сосредоточил взгляд на бабочке, что маячила у него перед глазами всё это время. Наконец осознав сказанное, тот вновь посмотрел на кулон, который стал светиться белым светом. Выдохнув тот развернулся, заставляя меч продолжить путь, опрокинув в ответ:

— Много раз говорили что ты ненормальная? Хах... да... я в деле, других вариантов всё равно нет

||Можешь либо доразгон хуячить или скипать||","ktoia","1529070469712445551"
"22.07.2026 15:09:48","ktoia","#6622","— Сиэль —

Опять бабочка. И опять фонарь на поясе - только теперь белый. По правде говоря, если бы Сиэль услышала нечто подобное от кого-то другого, она бы наверное от греха подальше развернулась и ушла, не рискуя помогать человеку, который не знает, жив ли он будет через пару часов. Но Фэнг. Неужели он настолько хочет уйти от своего предназначения? Вот только знать бы ещё, в чём оно конкретно заключается.

Когда они тронулись с места не назад Сиэлька все же решила попытаться совсем чуть-уть подкопать, начиная:

— Ты первый говоришь так прямо... в прочем знаешь ты тоже, я бы услышав подобное развернулась.

Она отвела взгляд в сторону облаков и задала вопрос:

— Возле тебя почти постоянно летают бабочки... Это какой-то ""путь""? Или уже что-то личное?

Про фонарь он говорил что это ""не её дело"", но бабочки - совсем другое.","samin__","1529395848587378711"
"22.07.2026 17:25:20","biok_ymer","#9440","—Аполлон—
|-----------------------------------------------------------------------------|
Парень чуть задумчиво почесал подбородок, после чего сказал:
|-----------------------------------------------------------------------------|

—хммм, я пока не доверяю тебе, как и ты мне, отчего нам нужно будет что-то с этим сделать... Ну да неважно, моя цель сделать здесь оплод независимого безопасного островка, но зная людей, они не оставят это место без внимания, отчего как тут появятся тысячи людей мы привлекаем большее внимание, чем сейчас. По сути у нас будет проблема не только в контроле людей внутри, но и в нешнец политики, отчего мне и нужна твоя помощь, в рассредаточиванти наших сил. Я неплохо владею языком, однако лидерскими навыками не обладаю. Для гарантии я могу предложить следующее...

/Парень показал пальцем на парня, говоря:/
-Тебе я предлагаю взять мирняк для развития внутренней инфраструктуры, а для гарантии безопасности и доверия Цинь Гуана, он будет контролировать боевых единиц города, отчего ты не сможешь полностью подчинить народ себе, но и он не сможет не считаться с твоим мнением. Насчёт шахт можешь не бескоится, там есть нужный человек, отчего с ними проблем не будет, даже если там будет сотни человек.

/После парень сложил руки вместе, добовляя:/
-Теперь мне нужно узнать одну простую вещь от тебя, а именно твои мотивы на все это, думаю мои ты и так знаешь, а вот я твои не особо.

|-----------------------------------------------------------------------------|","samin__","1529024501957005395"
"22.07.2026 17:27:38","biok_ymer","#9440","—Монах—
|-----------------------------------------------------------------------------|
Слушая ласку парень задумчиво посмотрел на зверя, а после на себя, говоря:
|-----------------------------------------------------------------------------|

—Значит культивация получается путем поедания других? Хммм, никогда бы не подумал! Теперь я знаю как прорваться, я не подведу. Все же я должен тебе пропитание обеспечивать хех.

|-----------------------------------------------------------------------------|","samin__","1529022497297530942"
"23.07.2026 13:52:35","samin__","#2997","— Ду Фэнг —

Услышав вопрос, парень примолк, думая как бы объяснить недоразвитой что означают бабочки подле него, ведь он и сам не мог понять их глобальный смысл, от чего стал натянуто отвечать:

— У меня в жизни всё связано с путём, однако бабочки... скорее они связаны с предназначением. Чем их больше - тем больше я следую линии судьбы и на оборот, чем меньше - тем дальше я от своего ""счастья"". В некоторые моменты их и вообще становится так много, что закрывают обзор... как например при встрече с тобой

Выдохнув, не особо и веря собственным словам, парень продолжил:

— Та что это и путь и не путь одновременно... считай как хочешь, ведь они просто появляются из неоткуда и исчезают в никуда","ktoia","1529460455687585812"
"23.07.2026 15:14:30","ktoia","#6622","— Сиэль —

Сиэль слушала его слова, стараясь не пропустить ни одной детали. Когда он закончил, она задумалась, вспоминая все моменты, когда возле него появлялись бабочки. Хм... Когда их много - судьба становится слишком навязчивой... и наоборот. Значит, когда он сегодня пришёл в секту, он прямо таки шёл по судьбе? Вспоминая, сколько там было бабочек - похоже на то. Однако сейчас, по мере пути в предел, их меньше... но одна всё же появилась? Как вообще эта случайность что я позвала именно его, а не кого-то другого - связана с судьбой? Я могла абсолютно кого угодно попросить, того же Кертиса... Странно. Может судьба корректирует то чего быть не должно? Впрочем дальше гадать без знания например, про артефакт на поясе или само предназначение Фэнга - было бессмысленно.

Перестав размышлять, Сиэль вернула взгляд на Фэнга сказала:

— Интересный у тебя ""ориентир""... Не даёт про себя забыть. Забавно... Слишком часто напоминает о том, от чего хочется уйти. И может наоборот - о том, куда стоит прийти? 

— Тогда... понятно. Спасибо за ответ.

||На этом пожалуй я хз что дальше, я конечно могу воду полить, но как хочешь. Можно и скип.||","samin__","1529803409601990787"
"26.07.2026 10:18:54","samin__","#2997","— Хайшень —

Мужчина слушал предложение с большим интересом, однако итог его не сказать чтобы устроил. Когда парень закончил, тот прикинул в голове пару вариантов и ответил:

— Чтож, возможно я и правда знаю о тебе больше чем ты обо мне. Хотя это скорее твоя проблема нежели моя... ну ладно, лучше уж сказать прямо, чем ты будешь спрашивать обо мне кого не попадя. Не дай небесный ты ещë и к Гуану с вопросами обо мне пойдëшь

Договорив, парень выставил руку вперëд с пятью отопыренными пальцами, начиная их загибать:

— Первое: Ты не понимаешь масштаба. Наш город и так терпел нападки с разных сторон, от чего приходилось прогибаться. Сам понимаешь, транзит из демонических земель в земли альянса, все дела. Безопасная точна сбыта и всë такое. Ещë когда никто про шахты и не говорил сюда многие глаз положили, а сейчас... уху-ху... разгорится скандал если попытаться всë возобновить. И да, бумажка от императрици очень развязывает **мне** руки, однако не думай что еë вмешательство - это всë чего нам стоит бояться

— Второе: Я согласен на твоë условие, однако выдвигаю встречные. Никто не должен знать что людьми управляю я. Не хватало ещë вспимнить то что было год назад. Гуан конечно напряжëтся и будет догадываться, однако подтверждений ему давать не следует. Тс... жаль что толковых в городе не осталось... одни крестьяне да и только. Ну ладно уж, придумать что-то будет не сложно. Ткм более что ты освободишь буквально рабов. Парочка громких слов и они как стажо сделают что надо... хм... нужно распорядиться начать стройку, деньги как раз появились","biok_ymer","1529494562467348591"
"26.07.2026 10:18:57","samin__","#2997","— Третье: Про шахту наслышан от паренька что пинает чëрные шары в углу. Старик тот захаживал к нам в город, когда был ещë не до конца двинутый, так что о нëм я наслышан. На сяëт шахты он мне подсказал. Мда... не хотелось бы дожить до его лет...

— Четвëртое: То место, через которое вела твоя госпожа людец - оградить и сделать запретной зоной. Тремя стенами и пятью рядами колий обхвоти... и это я не приувеличиваю... ну... возможно малость. В общем оборону там сделать нужно. Это я возьму на себя и своих людей, от тебя - согласование и разпространение слуха что та зона - запретная. И  всякого кто сунется - ждëт гнев святой. Ну или что-то такое... я не знаю как у вас там угрозы работают

— Ну и пятое: Вкусное на последок. Мои мотивы... Хм... как бы вернее выразиться. Собственная выгода. Не зря же я всë подполье этого городка держал до этого ""потопа"". Просто... приследую собственные мотивы, только и всего

Глаза Аполлона показали что человек перед ним говорил правду на протяжении всего монолога, однако в конце слегка свернул. Это нельзя было назвать ложью, но вот недоговоркой - точно","",""
"26.07.2026 10:19:20","samin__","#2997","— 🐹 —

Зверëк, смотря на ЧЕЛОВЕКА что не был опасен хмыкнула, повернув мордочку в сторону от него:

— Вот этим и займись. Иди там... найди чего съестного. Если будет слишком сильное - заманивай сюда, я буду где-то на деревьях

— Если сможешь убежать, значит и справиться я смогу, а если не сможешь... фиф... значит и не приведëшь

Договорив у ласки буркнуло в животе и та отвернулась в другую сторону, навострив ушки","biok_ymer","1529495144015986768"
"26.07.2026 10:19:38","samin__","#2997","— Ду Фэнг —

Ппарень вроде и хотел что-то съязвить, однако ""спасибо за ответ"" умерило его пыл, от чего он лишь угукнул, продолжая путь

Снизу пролетали поселения разного масштаба, величественные храмы, что стояли особнаком и девственная природа с парочкой огрызленых гор, что отсылали на то, что Хао не один такой, что любит разносить всë вокруг себя

Спустя казалось бы не столь продолжительное время перелëта, впереди показался огромные белые врата, что начинались где-то на равнине, а заканчивались высоко в небе || Тут должна быть картинка, но я пишу это без света, так чтов просто представь что она тут есть ||. Воистину муноментальное строение, что точно было создано не человечискими руками... ну или руками не обычного человека

Подлетая всë ближе, казалось что врата и вовсе не приблежаются. Наконец ешë спустя пару десятков минут, меч приземлился, прямо около арки, что своим сводом закрывала небо, создавая под собой ОГРОМНУЮ территорию, которая кажется никогда не видела солнца

Приземлившись, Фэнг сошëл с меча, от чего ещë подвеска начала издала слабый писк. Гланув на неë с видом ""да я и так знаю"", тот повернулся к девочке подавая той руку, чтобы помочь спуститься","ktoia","1529824025268977674"
"26.07.2026 22:49:39","biok_ymer","#9440","—Монах—
|-----------------------------------------------------------------------------|
Услышав порицания тот чуть повернувшись в итоге встал на ноги, после чего направился вдаль леса, начиная искать кого применить уже на поедание ласке.
|-----------------------------------------------------------------------------|","samin__","1530836907850858666"
"27.07.2026 00:45:49","ktoia","#6622","— Сиэль —

Полет прошел в тишине. Сиэль смотрела вниз, на проплывающие под ними поселения и храмы, на израненные горы, что когда-то видимо, были куда более величественными... до культиваторов. Она пыталась вглядываться в каждую деталь, в каждое интересное строение, но картинка мелькала слишком быстро, оставляя лишь смазанные впечатления.

Когда впереди показались врата, Сиэль невольно замерла.

Они были огромными. Нет, не огромными -**гигантскими**, настолько насколько вообще можно было представить. Белый камень уходил в небо, теряясь где-то в облаках... казалось, что эти врата стояли здесь ещё до того, как мир обрел свою форму. Она даже не сразу заметила, что они начали снижаться. Чтож думалось её уже ничем не удивить, но это удивило. А после такого - ну точно вряд ли что-то сможет поразить снова. И... м... Это место перемещения в предел? Действительно, пожалуй она всё же могла понять, почему драконы так высоко себя оценивают. Интересно, что по ту сторону, раз с этой стороны такие врата? И вот наконец они приземлились. Сиэль вышла из режима очень детального разглядывания и глянула вперед, а Фэнга уже нет на мече. Оглядевшись вновь, она увидела, что он уже сошел вниз. Чтож ничего особенного в этом не было, поэтому Сиэль приняла его помощь и спустившись, вновь оглядела окружение, попутно проговаривая:

— Величественно, однако... Не думала, что тут именно такое. И... куда теперь идти?","samin__","1530836983319105549"
"27.07.2026 00:55:56","samin__","#2997","— Ду Фэнг —

Спустив девочку, парень зашагал в сторону арки, отвечая:

— В другой мир. Раз у тебя есть кровь, врата должны нас пропустить. Тс... мда... вычурновато...

Парень оглянулся, понимая что своды арки были скорее похожи на небо и огромные стены, чем на сами своды. Пройдясь не столь много, тот сказал:

— Говорят что эта арка была построена достопочтенным Ваном, ещё в него молодости, для прародителя драконов, чтобы позволить ему проходить в наш мир, в своей истинной форме /вновь прикинул сколько тут километров между стенками/ пф... выпендрёжники","ktoia","1531054965534228561"
"27.07.2026 01:47:51","ktoia","#6622","— Сиэль —

По сравнению с общей громадой они были не то чтобы ходячей кляксой = они были... хорошо если песчинкой. Почему такие огромные? Задав себе этот вопрос, она тут же получила ответ от Фэнга. НАСТОЛЬКО БОЛЬШОЙ?! Ян поглотил душу ВОТ ЭТОГО? Как его вообще можно убить?.. Как-то даже не верится, что такое возможно.

Перестав размышлять об этом, Сиэль вернулась к диалогу:

— Ваном?.. Мгм... Честно говоря, даже представить не могу, каким образом это было построено. Хотя признаюсь его способности меня уже поразили, и если это действительно правда - то они поражают ещё больше. Я бы с поинтересовалась, каким образом такое воздвигнули.

Она взглянула вперед, разглядывая исполинские своды.

— Ну... не сказала бы, дворец Цу изнутри будет по вычурнее. Тут же больше ""величественности"", нет излишних ""изысков"" - только белый камень и пространство. А ты, получается, здесь не первый раз?","samin__","1531057511296270536"
"27.07.2026 22:31:03","biok_ymer","#9440","—Аполлон—
|-----------------------------------------------------------------------------|
Слушая слова парня, тот стал поэтапно его слушать и отвечать:
|-----------------------------------------------------------------------------|

—На первое я могу ответить тебе что это очевидно, не станет столь ценная точка находится без лишнего внимания со стороны, отчего и продвижения возвращения торгового пути с эксплуатацией шахт нужно делать поэтапно.

-Со вторым пунктом проблем не вижу и сам не хотел лишний раз о своих делах просвещать Гуана. С деньгами я также могу в случае нужды подсобить, ведь все же нам нужно поддерживать друг друга, так и проблем лишних не соберём со стороны. Я лишь также хочу дополнить, что хотелось бы хотя бы знать общие черты твоих планов, чтобы мы лишний раз не посещали друг другу. Как говориться одна голова хороша, а вот две совершенно другое дело.

-На третье я могу сказать что как бы он не был помешан на ней, человек он надёжный, отчего не думаю, что с ним будут проблемы как финансова, так и в верности.

-На четвертое скажу что будет сделано, сам наслышан о том, что там твориться и лишние жертвы или ""любопытные"" глаза там точно не нужны. Слухи распространю, дело плевое.

-Пятое конечно не делает тебе краше друг, уж слишком туманно, однако судя по твоему виду дополнять его ты не намерен, отчего пока и на этом сочтемся. Надеюсь личная выгода не повернет тебя резко на 180 против меня... Кхм, пожалуй с этим разобрались и что же ты сейчас планируешь делать. Я уже сказал, что планирую за людьми сходить, а вот твои занятия я пока не знаю...

/Мысли:/
-Ну что же, сделаю вид что полностью доверяю ему, чостусь пока за не дальновидного, бы ь может раскрепостит его немного, в чем я сильно сомневаюсь конечно, но лучше так чем ходить с мыльным зрением от своих же союзников... Опасный же он человек, в наши времена на Локи мог бы походить, с таким либо дружить, либо дел не иметь.

|-----------------------------------------------------------------------------|","samin__","1530836810710781963"
"29.07.2026 00:00:05","samin__","#2997","— Ду Фэнг —

Парень продолжал идти, понемногу приближаясь к границе арки, говоря:

— Ну естественно. Это одна из достопримечательностей мурима. Дед показывал, когда я только из малого царства вышел. Мда... тогда у меня глаза горели, а сейчас вижу просто груду старых камней и чувствую себя не то чтобы бесполезным, а скорее... незначительным?

Вдруг с неба послышался голос:

— Ну зачем столь критично? Как раз у тебя есть **значение** брат мой!

Подняв голову, над двоицей парил парень, что с ухмылкой смотрел на Фэнга, на что тот напрягся, говоря в ответ:

— Как ты меня нашёл?

Парень же не меняясь в лице лишь вытянул руку, отвечая:

— У меня была свора информаторов /в этот момент, бабочки, прямо как те, что презирал Фэнг, начали обвивать руку незнакомца/ бедняжки. Так и твердили что их предали, что их не замечают, что их... /улыбка стала слегка пугающей/ боятся

Захлопнув руку, парень убил пару бабочек, что сидели прямо на ней, говоря уже более заинтересованно:

— А с тобой...","ktoia","1531070576855224571"
"29.07.2026 03:22:40","ktoia","#6622","— Сиэль —

> Приелось значит? Хотя... сравнимо, у меня тоже сейчас глаза горят на всё новое и необычное. Утихнет ли это? Вопрос, который выяснится с течением времени. Главное - не загнать себя, хотя... это уже потихоньку происходит... Стоп? А?

Сиэлька взглянула вверх и увидела мужчину. Абсолютно незнакомого человека, который по разговору абсолютно точно был знаком с Фэнгом. Приподнятое настроение из-за прибытия постепенно стало выравниваться в обычное, всё же... черт, опять проблемы, только теперь уже из-за попутчика.

> **Значение, Брат?** Так Фэнга он ещё и искал? Понятно, что-то из-за предназначения, ещё один сын небес, а предупредить нельзя было, что тебя кто-то там ищет?! Хотя ладно, он тоже удивлен... А можно мне не оказываться между двух огней?

Нет, нельзя, ведь в этот момент словцо зареклось о ней. Пу-пу-пу... Нельзя было понять, к чему это всё приведёт, поэтому не желая гадать, девочка для начала глянула на Фэнга и сказала:

— Я рассчитывала, что ""таких"" знакомых не повстречается.

Сиэлька повернула головку к незнакомцу и на мгновение задумалась.

> Так. **Кто я?** Мм.. А может, попробовать сыграть на принадлежности к Гу или Цуй? Нет! Бред, сразу откинуть. Вранье вскроется мгновенно, да и... А зачем собственно скрываться? Хотя вопросы возникнут, у меня же нету фамилии, но белые волосы есть... ах... ладно. Не думаю что ему это много даст, тем более сейчас у них разборки по большей части должны быть между друг другом, а там... если будет возможность, придется встрять.

— Сиэль, внутренняя ученица ""Небесного повельона"".

> Спрашивать или нет?... спрошу.

— А... вы?","samin__","1531768232313094216"
"29.07.2026 23:30:09","samin__","#2997","|-----------------------------------------------------------------------------|
На удивление, парень вновь почувствовал прелести нового ранга, ведь двигаться было проще. Вообще было такое ощущение, что ещё немного и он бы смог перепрыгнуть небольшое дерево, однако... а где вся живность? Из интересного было только... муравьи, которыми не то чтобы было можно наестся, кора деревьев, которую если принести Ласка ею и отпинает бедного, смеренного ||почти|| монаха... ну и волк. ЧЕГО?! ВОЛК?!

Выглядел он явно не лучшим образом. Где-то не было клочков шерсти, местами подтекала кровь, а сам он выглядел весьма жалко. Опа, а вот и еда! Похоже зверь был без сознания

||Если что это не просто хуйня для хуйни, а решение, которое повлияет на будущее||
|-----------------------------------------------------------------------------|","biok_ymer","1531025730358481148"
"30.07.2026 01:03:44","samin__","#2997","— Хайшень —

Мужчина нисколько не менялся в лице, не давая считать его настроение от этого разговора, но вряд ли он остался не доволен от того, что ему досталось больше власти:

— Отлично, в таком случае первое, третье и четвëртое закрыли. Второе и пятое объединю в один ответ

— Я собираюсь подготовить всë к прибытию новых лиц. Построить временные халупы, найти ещë инструментов и слегка подготовлю народец, чтобы не было казуса как сегодня утром с псевдо небесными, ну и немного поработаю на ""будующее""

— Точку сбыта я уже нашëл, так что можно пользоваться ей. В приграничном городке альянса есть один алхимик, зовут Тасир. Он тоже на руку не чист, так что дело с ним иметь удобно. Купить может много, вопросов не задаст, так что имей ввиду
Вдруг взгляд мужчины стал серьëзнее и тот мрачно заявил:

— Раз я не вызываю доверия - внесу крупицу чистой правды. Я могу развернуться на 180 градусов, если ты сойдëшь с пути, который избрал, ведь пока что наши цели друг другу не противоречат и пусть так будет впредь

И сразу же, как будто демонстрируя свою способность скрывать намерения, тот смягчил как взгляд, так и черты лица, принимая расслабленную позу, как будто всë это время вëл пустую беседу, говоря совершенно спокойно:

— И ты заикнулся о финансах. Что же там за репарации от императрицы такие?","biok_ymer","1531383439440347249"
"30.07.2026 18:28:29","biok_ymer","#9440","—Монах—
|-----------------------------------------------------------------------------|
Жалко конечно бедолагу, но если не покормить ласку, та возможно и его съест. Однако уж больно жалко было бы взять и доесть полу мертвого бедолагу, отчего он (https://discord.com/channels/1495473722679754914/1495473983636897803/1532409080256270429) удачно взяв пару фруктов положил у бедолагу, попутно раздавив одного, давая зверя чуть испить сладкого фрукта, после чего сложил руки вместе в молитвенной позе и минуту помолчав пошел дальше искать пропитание, оставив волка в одиночестве.
|-----------------------------------------------------------------------------|","samin__","1532123088618131596"
"30.07.2026 18:36:25","biok_ymer","#9440","—Аполлон—
|-----------------------------------------------------------------------------|
Услышав логичный и в то же время ожидаемый ответ тот кивнул улыбнувшись и добовляя:
|-----------------------------------------------------------------------------|

—На этом и закончим наши первые реформы сотрудничества хех. Значит мы оба понимаем что наши пути могут разойтись, но пока нет противоречий лучше идти вместе.

/Услышав про финансы, то не хотел говорить точную сумму, однако все же добавил:/
-Я и вправду получил некие скопления после взаимодействия как с императрицей, так и охоты на всяких тварей как охотник за головами, отчего могу и пособить. Не так давно заполнил кольцо Цинь Гуана и в теории смогу и тебе в случае чего помочь, однако казна ввиде меня не бесконечна, отчего могу сейчас дать стартовый капитал на развитие, а дальше уже будем смотреть что к чему. Надеюсь у тебя имеется кольцо?

/Если да, он бы подошёл к парню и перенес в его кольцо добрую часть, что могла поместиться и чтобы у него оставалось. Если же нет, тот бы дождался его решения. Говоря с тихоней:/
-А ты бы не хотел чего ещё обсудить, ато затих и какой-то чувствую твой гнетущий взгляд без возможности вставить слова, сейчас самое время друг.

|-----------------------------------------------------------------------------|","samin__","1532146639723036732"
"30.07.2026 20:22:26","samin__","#2997","— Ду Фэнг и Фэн —

Парень всё так-же с неким интересом смотрел на девочку с белыми волосами, отвечая той:

— Фэн, ученик секты ""Небесного демона""

Сказав это, парень спустился, вставая на землю, говоря уже с Фэнгом:

— А это точно не Наньер?

Фэнг закотил глаза, неохотно отвечая:

— К счастью нет. Тебе то что от меня нужно? Я тут по делу, уйди с дороги

Сказав это, парень пошёл дальше, не обращая на незваного гостя внимания, огибая его, на что Фэн покосился в начале на ""ну очень серьёзного мечника"", а после и на ""ну очень серьёзную... белую кляксу"", прикидывая что-то в голове, отвечая не особо и вдаваясь в свои же слова:

— Избраницу что ли нашёл?

Стояло последнему звуку оборваться с уст парня, как перед девочкой одна за одной начали появляться бабочки. В на столько большом количестве, что той не было видно даже собственных рук

||Чутка решил ускорить, так что это просто фигня на распросы уже в мире драконов. Тут твоё действие и уже ВЕТКА ОТКРОЕТСЯ, УРА!||","ktoia","1531819213683949589"
"30.07.2026 23:25:31","ktoia","#6622","— Сиэль —

> Секта ""Небесного демона"" значит... стоп, здесь?! А они разве с Альянсом не конфликтуют... Подожди... точно. У Фэнга же  ещё и корни демонов присутствуют... Ладно, спасибо Суйка, не зря ты шерстила все слухи - они постепенно подтверждаются.

Выслушав представление, девочка кивнула, следя за тем как тот спускается. Однако когда услышала вопрос ""точно ли она не Наньер?"" - невольно нахмурилась. Опять путают. Мы не настолько уж и похожи! Она бы и сама сказала, что нет, но Фэнг опередил её и Сиэлька успокоилась. И удивительно... Тот стал игнорировать Фэна, обходя! Это... прекрасно! Значит, Сиэль поступит точно так же, ведь она совсем не хотела сейчас вдаваться в подробности их разборок.

Однако, стоило ей ступить пару шагов в сторону и вперед, за Фэнгом как её уши уловили то, что не хотелось слышать. В довесок к этому Сиэль бы хотела остановиться и что-то вкинуть в ответ на неприятное словцо, но... Бабочки. МОРЕ БАБОЧЕК появилось из ниоткуда, начиная множить и без того нарастающее недовольство.

— Да что... куда... уйдите.

Говоря это, девочка попыталась отогнать бабочек рукой, но не увидела ни малейшего прогресса. Да что уж там - она даже не видела своей руки, которой машет. ОНИ НЕ УХОДЯТ. Она так постояла секунд двадцать и ничего не изменилось. Тогда было принято вспыльчивое решение - сжечь их всех светом. Сиэль слегка сконцентрировала возле себя энергию и ударила по бабочкам, чтобы вернуть себе обзор.","samin__","1532438234922090646"
"01.08.2026 00:25:59","samin__","#2997","— Ду Фэнг —

БЛАГО девочка не успела совершить очередную глупость, почувствовав, как ту пинают с весьма большой силой, от чего та полетела прямо сквозь бабочек, в конечном итоге упав на твёрдые каменные плиты. Стоп, а эти плиты разве были под аркой?

Через пару секунд сзади послышались быстрые шаги, а после и надоедливый голос Фэнга:

— Удивлён что сработало, и вправду открылся портал! Ну и, что тепе-е-е...

Не успела девочка подняться на ноги, как аккурат рядом с её лицом упал Фэнг, что положив руки под лоб согнулся в поклоне. Подняв глаза, девочка увидела... эм... мелочь?","ktoia","1532484307254382702"
"01.08.2026 00:37:11","samin__","#2997","|-----------------------------------------------------------------------------|
Акт подношения был весьма великодушен со стороны монаха, однако давать плотоядному зверю растительную пищу - походило скорее на издёвку или пытку. Как же хорошо что Монах НЕ ДУМАЛ о том, что только что остановил желудок полу-живого зверя

Идя дальше, было всё более и более странно. Никого. Ну вот буквально не души. Птиц становилось всё меньше, а следы на земле и вовсе пропали. Звериные тропы становились уже, а новой дичи и вовсе не было видно. Наверное всё-же стояло принести того волка...

Стояло парню об этом подумать, как вдруг в кусте что-то зашевелилось. Что же сделает ""охотник""
|-----------------------------------------------------------------------------|","biok_ymer","1532409559300182057"
"01.08.2026 02:18:34","ktoia","#6622","— Сиэль —

Самого слитого персонажа в муриме опять СЛИЛИ! А так хотелось замедлить эту ветку и побольше поговорить с ним... Эххххххх... ну ничего! Бывает! КХМ КХМ. Задуманное к счастью не случилось, да и пыл Сиэль в полете утих - все таки она не поняла, как это произошло, ведь она буквально ничего не видела. И вот, когда девочка протаранила бабочек и свалилась на каменную плиту, она сразу осознала что они точно не там, где были раньше. Это подтвердили и слова Фэнга, которые уж очень резко прервались. 

Поняв это, Сиэлька все же соизволила поднять глазки и увидела, кхм... Ну во первых, окружение тут было совсем иным. Во вторых, Фэнг лежал лицом в пол. А в третьих - самое выделяющееся здесь: девочка. Буквально девочка, которая точно была драконом. Золотистые рога, золотистый хвост, белые волосы и такие же золотистые глаза. И конечно она была НОРМАЛЬНОГО роста. Даже при всех этих фактах Сиэль решила не повторять за Фэнгом - наоборот, она довольно быстро встала на ножки, слегка наклонила головку набок и опустила взгляд на девочку, решая первой прервать молчание:

— ... ... ... Полагаю, стоит объясниться?

> И вот он предел. Нужно как можно быстрее найти сына Яна...","samin__","1532861914693243022"
"01.08.2026 10:24:47","samin__","#2997","— Ду Фэнг и Юкитара —

И вправду, окружение было совсем иным. Позади была всë та-же арка, только по ощущениям более ухоженная, а вместо сквозного прохода был непроглядный туман. Активировался что ли?

Фэнг же увидев что ДУРА ВСТАЛА хотел было схватить ту за ногу, однако это действие прервала девочка, что широко улыбнувшись набросилась на Сиэль с объятиями попутно чуть не проткнув ту рожками:

— СЕСТРËНКА СЕ-Е-ЕРИС!!! ТЫ ВЕРНУЛАСЬ!!! Ты так быстро! Там и правда всë так плохо? А тебя не обежали? Ты такой красивой стала! А что это за клещ с тобой?

Естественно отлипать девочка не собиралась","ktoia","1532890248571519086"
"01.08.2026 12:00:34","biok_ymer","#9440","—Монах—
|-----------------------------------------------------------------------------|
Ах какая жалость что мне было похуй уточнять что едят волки, чтобы делать 50 постов рп как я пытаюсь его поставить на ноги и забил на это хуй, решив скипнуть. Ну сдохнет, так сдохнет, мне то чё?

Монаж же в отличии от моего похуизма начал нервничать, уже представляя негативную реакцию ласки, что тот добыть очень не смог. Ну не мог он пойти на существо, что даже отпора не может дать! Сильный конечно пожирает слабого, но это бы победа ощущалась так, словно убийства ребенка... Смотря на шевелящийся куст, тот думал было подождать, однако вспоминая как кошка сбежала тому пришлось начать краситься к кустам, ожидая встречи с некто.
|-----------------------------------------------------------------------------|","samin__","1532864731369443461"
"01.08.2026 15:59:05","ktoia","#6622","— Сиэль —

Сиэлька буквально окаменела на мгновение, когда на неё набросилась девочка дракон с объятиями и градом вопросов. Она даже не успела среагировать - просто застыла с широко раскрытыми глазами, чувствуя, как золотистые рожки почти касаются её тела. Ручки сами собой приподнялись в воздух от неожиданности и она, моргнув пару раз, попыталась переварить услышанное.

> Что? Так... а... ам... Серис? Она приняла меня за неё?!?.. Каким образом меня ОПЯТЬ путают, то Наньэр, теперь Серис, кто следующий?!!!! Так, спокойно. Если я сейчас скажу правду, она может разозлиться или обидеться. А если совру... это будет ещё хуже в будущем. Особенно если мы скоро встретим кого постарше маленького дракона... Тогда мне точно не поздоровится...

Сиэлька аккуратно, но настойчиво положила ручку на плече девочки и попыталась мягко отстранить её от себя ровно настолько насколько возможно. Правда получилось не шибко, ибо та ну ОЧЕНЬ была настойчива, по этому девочка опустила на ту голову и... заговорила голосом в котором слышалось замешательство:

— Я... ам... Прости, но я не Серис. Я как бы... ....её подруга? Меня зовут Сиэль, отпустишь?...

Пока что Сиэль решила остановиться на этом.","samin__","1533012607420858471"
"04.08.2026 10:06:20","samin__","#2997","— Хайшень и Линци —

Поняв что халяве быть, мужчина еле заметно улыбнулся, однако приподняв обе руки показал те кукле:

— Как видишь кольцами не владею. Да и пользоваться или могут только культиваторы, от чего я в пролëте, хотя вещица стоящая

Указав на ноги Линци, тот добавил:

— Ссыпай в его тень сколько не жалко. Финансы никогда не будут лишними

Как только Аполлон начал сливать деньги обычным потоком, тень поглощала их как бездонная яма, однако на момент примерно 5.000 парнишка явно напрягся, даже раны на его теле вмиг излечились. Кинув жалобный взгляд на ""наставника"", тот лишь твëрдо сказал:

— Терпи, каждая копейка на счету, а на это даже 5 деревень не купишь. Давай

После этил слов, парень напрягся ещë больше, а затем впитал ещë 2.000 после чего поднял руку, показывая "" ХВАТИТ!""

С трудом дыша, тот посмотрел на Аполлона с неким не пониманием в глазах, отвечая тому:

— Да вот думаю, если есть способ получить тьму, это хорошо или плохо. Я же уже говорил, что чем проще человеку обращаться с этой силой, тем сильнее его донимает голос. Как понимаешь, я голоса почти не слышал. От чего и приходится постоянно себя сдерживать, а вот у тебя всë иначе... ну или ты пока что просто не понимаешь во что ввязываешься

Закончив предложение, парень вновь недовольно покосился на Аполлона, на что Хайшень подошëл к пареньку похлопав того по спине:

— Да ладно тебе. Мне кажется это сейчас не самая большая проблема

С каждым хлопком из тени поднимался небольшой фонтан пилюль, который разливался по полу. В прочем Линци быстро его подтирал, изменяя форму своей тени

Наконец найдя силы чтобы отбить очередной удар по спине, тот сказал:

— Не понимаю как вы нашли общий язык, но я буду за тобой приглядывать, знай это. До этого момента я не пропускал сюда таких как ты, однако с тобой повременил, о чëм жалею

Хайшень же понимая что на ""дружескую"" эта беседа не походит, сказал:

— Хах! Да ладно, не слушай его, он просто многое делает, но признания не получает, вот и бесится. Эх... вот если бы ты всë-же ей признался в своих чувствах... да-да-да

Вдруг взгляд Линци дрогнул, от чего он посмотрел на Хайшеня:

— МЫ ЖЕ УЖЕ ОБ ЭТОМ ГОВОРИЛИ! НЕТ!

Похоже тот и думать забыл об грубостях к Аполлону","biok_ymer","1532411556862890105"
"04.08.2026 11:01:20","samin__","#2997","|-----------------------------------------------------------------------------|
Подкравшись к кусту, что ходил ходуном, монах осторожно отодвинул листья, увидев что за ним скрывался СОБРАТ! Нет, для обычного человека едва ли можно было сказать что это собрат, однако мы говорим об Монахе, а в его случае это точно было весьма применимо

По всей видимости обезьяна не заметила его, от чего сидела себе спокойно, что-то поедая, хорошая возможность для НАПАДЕНИЯ! Или... чего-то другого ||У тебя ветка угадай что вкину, так что я не уверен уже не в чём||
|-----------------------------------------------------------------------------|","biok_ymer","1533036711754600592"
"04.08.2026 11:09:14","samin__","#2997","— Юкитара и Ду Фэнг —

Когда ту стали отодвигать, девочка особо ничего не поняла, однако не стала сильно уж сопротивляться, лишь непонимающе посмотрев на Сиэль. Хмыкнув, та осмотрела на неё с весьма задумчивым видом, а после сделав шаг в сторону, обогнула руку. что ту предерживала и вновь вцепилась в Сиэль, говоря:

— Не смешно! Я же ведь тебя не спутаю, это твоя кровь! Я так расстроилась, когда ты ушла! С возвращением!

Фэнг же понимая что недопонимание вновь нарастает привстал, аккуратно говоря:

— Эм... она говорит правду, вообще-то...

Ну спел тот договорить, как дракончик резко на него обернулся, недовольно и даже как-то мрачно говоря:

— А тебе слова не давали, клещ

Вот влипли так влипли","ktoia","1533096738087501945"
"04.08.2026 15:54:45","ktoia","#6622","— Сиэль —

Сиэль почувствовала, как вторая волна объятий буквально сбила её с ног - морально. Она замерла, ощущая, как маленькие ручки вцепились в неё с такой силой, будто от этого зависела жизнь. Отстраниться снова было бесполезно,  девочка явно не собиралась отпускать. Сиэлька на мгновение растерялась, но затем решила, что лучшая тактика - быть мягкой, но настойчивой, иначе это не закончится.

Она слегка похлопала дракончика по спине свободной рукой, стараясь говорить спокойно и доброжелательно, что у нее получалось явно натянуто:

— Слшууушай... я тебе определенно не вру. Серис - моя подруга, и она самолично мне по просьбе дала свою кровь чтобы сюда попасть... .. . Если ты не веришь посмотри на мою шею...

Сказав это Сиэлька свовсем на миг покасилась на Фэнга, дабы тот заткнулся ибо вообще сейчас не помогает, а только выводит. ||ДА ДА!! Фэнга хуярят с двух сторон!!!||","samin__","1534110958111297628"
"04.08.2026 18:32:57","samin__","#2997","— Юкитара и Яо —

Слушая небылицы, которые ей заливали, девочка тёрлась носиком о сестричку, однако почувствовав пиздюля, отслонилась задрав голову вверх, чтобы поспотреть в глаза Сиэль:

— Ладно сестричка, раз хочешь поиграть в людей я не против, только мне больше нравятся прятки, так что ты водишь!

После сказанного девочка исчезла в одно мгновение, как будто её и не было. Даже ветер не поднялся, вот она была... морг и её нет! Однако замешательство прервал голос, что твёрдо сказал:

— Причина визита и почему на тебе кровь одной из моих сородичей

Вау, все появляются из неоткуда и изчезают вникуда! Прямо перед двоицей стоял дракончик, что недоверчиво и даже как-то недовольно смотрела на Сиэль, вообще не обращая внимания на Фэнга","ktoia","1534182808518393926"
"04.08.2026 20:54:07","ktoia","#6622","— Сиэль —

Сиэль на замерла, когда девочка исчезла так же внезапно, как и появилась. Она моргнула, переводя взгляд с пустого места на Фэнга, затем снова на пустоту и уже собиралась что-то сказать о непонятности ситуации, как уже другой голос раздался прямо перед ней. Она слегка вздрогнула, но взяла себя в руки и подняв глаза на очередного внезапного дракона, стала на ту глядеть...

> Эта определенно выглядит старше и... так нужно отвечать. Она выглядит серьезнее и... Кто я и откуда - она не спрашивает, значит говорить об этом я не буду. Потом если нужно будет, сама задаст этот вопрос. Почему я тут? Р-Роч? Нет, не так. Сначала... Да, точно, сначала нужен Сяо для... приглашения на суд Ян Кая? А если она спросит, какое мне до этого дело? Какой шанс, что она это спросит? Большой. Все таки драконы не глупые... /вспомнила про мелкую/ КХМ. Она не выглядит глупой. Это скорее я глупая, что начала думать об этом только сейчас...

Недолго постояв в молчании и поглядев на дракона, девочка ответит:

— Прибыла, чтобы сообщить Ян Сяо известие о суде над Ян Каем и... его детали. Что касается крови... Серис, которая на данный момент является ученицей в Небесном Павильоне, доверилась мне и по просьбе ""предоставила"" свою кровь, чтобы я смогла пройти сюда.

Сиэль хотела на этом замолчать, однако вспомнив, что ей уже пару раз не верили, решила сразу добавить:

— Повторюсь - я её **не заставляла и не настаивала**, а просто попросила. Она сама решила мне довериться... Вот.","samin__","1534222623024742602"
"04.08.2026 22:19:59","biok_ymer","#9440","—Монах—
|-----------------------------------------------------------------------------|
Видя обезьяну тот заколебался. Все же звери это звери, а вот обезьянка вылетый хомосапиенс, отчего парень незнал как и поступить. Он отказался от насилия после культа, отчего данный шаг бы заставил его вернуться на обратную дорожку, что тот не желал никоем случаи. Его руки задрожали и он нервно достал последний камень с кормана, что был поострее. После чего нервно дыша тот занёс камень над головой обезьянки и стал с силой вгонять камень в неё. Тот делал это не от сильного желания, отчего на его лице образовались слезы, но движения он не останавливал.
|-----------------------------------------------------------------------------|","samin__","1534108970766307370"
"04.08.2026 22:33:50","biok_ymer","#9440","—Аполлон—
|-----------------------------------------------------------------------------|
Закончив прощаться с копе...важным ценным вложением, парень спокойно впитывал негатив парня, а после уловив поднятую тему Хайшеня, сказал:
|-----------------------------------------------------------------------------|

—О, ты про дочь деревни? Такая милая девушка, если ничего не изменится, возможно кто-то другой предложит ей свою руку и тебе и дальше придется смотреть на неё с тени. Нужно хотя бы сделать первый шаг, а там ты уже и сам можешь сделать твой темп, разве нет?

/Похоже важные дела тот решил больше не обсуждать./

|-----------------------------------------------------------------------------|","samin__","1534095126329299096"
"05.08.2026 16:58:47","samin__","#2997","— Линци и Хайшень —

Парень непонимающе покосился и на второго ЗАДИРУ! Однако не успев ответить тему тут-же перехватил Хайшень потирая подбородок:

— О, так ты тоже еë знаешь? Согласен, малышка Жун выросла настоящей красавицей, да вот только до недавнего времени была уж большо избалованной

— Вот жешь! А если мы поднимем величие городка, сюда столько уродцев понабежит просить еë руки. /Буквально уколол взглядом Линци/ как же быть...

Парень всë это время сидел с широко распахнутыми глазами, смотря то на одного, то на другого, а лицо начало понемногу принимать красный отенок. Неужели и эта клякса умеет испытывать чуства? Не выдержав тот поднял голос:

— ДА МНОГО ВАМ ИЗВЕСТНО! НЕ Я ЭТОГО НЕ ХОЧУ, НЕ ОНА! МЕНЯ И СЕЙЧАС ВСË УСТРАИВАЕТ! И вообще... вы всë обговорили? Неужто тем поинтереснее не осталось?

Услышав ответ, Хайшень ухмыльнулся смотря на Аполлона, слегка кивнув, как бы спрашивая ""продолжим?""","biok_ymer","1534283240813236384"
"05.08.2026 22:30:35","biok_ymer","#9440","—Аполлон—
|-----------------------------------------------------------------------------|
Продолжить та тот мог, однако все что он хотел узнать уже спросил, отчего подал плечами, говоря:
|-----------------------------------------------------------------------------|

—Ну вообще все что мы хотели обсудить уже обсудили, поэтому я бы предпочел дальнейшую ночь провести на твердом и скштщкои полу, если вы не против.

|-----------------------------------------------------------------------------|","samin__","1534561310925393960"
"06.08.2026 00:31:12","samin__","#2997","— Яо —

Услышав знакомое имя ""Ян Кай"" девушка слегка изменилась в лице, однако не теряла строгости и некого пренебрежения. Выслушав до конца она ответила:

— Серис всегда доставляло большое количество проблем. Чтож звучит убедительно, однако...

 Та выставила руку вперёд, сомкнув большой и указательный палец, а после сделала щелбан в воздух, от чего Сиэлька почувствовала себя как-то странно. Невесомой что ли? Стоп, а почему это она смотрит на себя же? На самом деле её душу просто изгнали из тела. Через пару секунд всё закончилось, а девочка вернулась назад, однако дыхание было спёрто, от чего появилась отдышка и какое-то неприятное чувство, как будто ей напомнили про все ""запретные темы"" по типу что она постоянно чуствует свой язык или что веки имеют вес или пальцы на ногах постоянно касаются друг друга

Хмыкнув, дракониха кивнула, отвечая:

— Ладно, ты не лжёшь. Приукрашиваешь, но наша дурочка и правда отдала часть своей эссенции по своей воле. Так и что же передать Сяо? Говори и уходи","ktoia","1534258148481831006"
"06.08.2026 00:36:10","samin__","#2997","— Хайшень и Линци —

Услышав свола парня, тот хмыкнул, отвечая:

— Значится только по делу. Ну будь по твоему

С этими словами шрамованый мужчина поднялся с пола, направляясь к выходу, проговорив на последок:

— Если что связь держим через Линци. Он вхож в обоих кланах, так что подозрений вызвать не должен вызвать особых подозрений

Закончив со своей прощальной речью, мужчина покинул дом в приподнятом настроении. Линци же недовольно покосившись ничего не сказал, лишь плавно двигаясь, чтобы не рассыпать добро так-же покинул комнату","biok_ymer","1534644814027685899"
"06.08.2026 00:50:52","biok_ymer","#9440","—Аполлон—
|-----------------------------------------------------------------------------|
Дождавшись ухода из своей лочуги двух гостей, тот ещё роз прошёлся взглядом ожидая увидеть сумасшедшего монаха, однако не увидя его выдохнул сев на пол и предпочитая отдохнуть до утра.
|-----------------------------------------------------------------------------|","samin__","1534676415218319453"
"06.08.2026 01:07:14","samin__","#2997","|-----------------------------------------------------------------------------|
Вот сидишь себе, ничего не делаешь, жрёшь хавку, думаешь о вечном и о бытие, а потом КАМНЕМ ПО ЧЕРЕПУШКЕ! Так ещё и от менее развитого существа! Ах! Какой несправедливый мир...

Издав визг обезьяна хотела было отбиться, однако конец пришёл быстрее чем та ожидала. Как такового сопротивления та так и не оказала, лишь испустив дух в ужастной гримасе. Походу был слабаком, такого даже Ласке не приподнесёшь
|-----------------------------------------------------------------------------|","biok_ymer","1534279755829088266"
"06.08.2026 01:21:39","biok_ymer","#9440","—Монах—
|-----------------------------------------------------------------------------|
Время шизы....

Парень ещё долгое время бил уже по бездыханное у телу. Он не обращал внимание на разбитую черепашку или то, что животное перестало вопить, становясь все холоднее и холоднее, нет, он погряз в отчаянии. Парень что отказался от насилия из-за страха вернуться на кровавый путь снова переступил черту. К чему была жертва его друга, к чему был отказ от культа, если как человек он никак не изменился и все продолжал решать насилием... Он не сдерживал слёз, напротив, он рыдал на взрыв, даже и не видя из-за слёз что он бьёт. Какое-то время он так и пребывал в одном движением взмаха и удара камнем, однако как только он стал приходить в себя он уронил дрожащими руками камень, начиная смотреть на свои кровавые руки, после же переведя внимание на бездыханное тело. Это была слишком тяжёлая ноша для него, он упал на колени и сложил руки вместе в молитвенной позе, произнося молитву в слух:
|-----------------------------------------------------------------------------|

—О бог спокойствия, что дарует умиротворением своим детям. Я вновь оступился... Я превоздал твои нравоучения и откинул их в порыве гнева. Прошу, упокой это добрую душу в лучшем месте, а платой за это будет моя ноша по бренному миру, где я должен донести его дух до лучшего места. Прошу, исцели мой разум и наставь на верный путь вновь, умоляю...

/Закончив молитву парень закрыл проплаканные глаза, продолжая уже беззвучно, после чего чуть выдохнув глянул на обезьяну и выдохнув проговорил:/
-Дух твой будет со мной, я упокою тебя и защищу ото зла.

/После сказанного мужчина взял кровавый камень и стал раскапывать ямку, что судя по всему планировалась использоваться для могилы обезьяны. Похоже данное деяние заставило его пасть духом, притом весьма сильно. И как ему теперь вновь поднять руку на другого?/

|-----------------------------------------------------------------------------|","samin__","1534684235653316669"
"06.08.2026 05:55:15","ktoia","#6622","— Сиэль —

Сиэлька почувствовала себя победительницей, когда драконица сказала, что все это звучит убедительно, будто ничего уже не может пойти не так... Да конечно. Так и поверил! Сиэль заметила изменение мимики при упоминании Яна, но... вроде всё наладилось? Прямой агресии нету?

**Вроде.**

Даже такие безобидные телодвижения дракона рукой ей сразу не понравились, однако она сочла это за что-то иное... Ну не могла же она знать, что уже через секунду увидит перед собой **НАНЬЭР**?!?!? А... Стоп, подождите... чего? Сиэль только поняла, что её выгнали из её же тела, как уже вернулась в него обратно... только уже все как-то перехватило. Дыхание сперто - то что она уже не часто чувствовала, а сейчас будто марафон пробежала. Более того, она стала чувствовать буквально ВСЁ своё тело, будто оно механизм и ей нужно самолично делать даже базовые вещи вроде моргания и дыхания. Вдобавок голова, которая в последнее время не болела, да и прошлые особо не отсвечивали, стала гудеть, ибо как выяснилось, из того о чём они гудели, их чуть ли не выкинуло тоже. Благо, они сумели удержаться, попутно львиная доля из них говорила: ""Нахуй этих драконов после этого, лучше к демонам идти"". Жаль, но Сиэль буквально физически не могла их выслушать, ибо сейчас пригнулась, обперлась ручками о коленки и опустила головку, пытаясь прийти в себя, запуская буквально только базовые функции заново.

Это заняло не так много времени, но для Сиэльки это было долго. По прошествии, когда она хоть как-то могла нормально функционировать, девочка покашляла чуть-чуть и подняла глазки на дракончика, незначительно колеблясь отвечать.

> ""Что передать Сяо?""... Нет-нет... ""Говори и уходи"" - такое в планы точно не входило. Кто же за язык тянул - упомянуть Яна при таком взрослом драконе... Она определенно не хорошо его жалует и теперь знает, что я с ним связана. Н-нужно выкручиваться... И вправду здесь опасно, щелбаны страшные. меня тут и чих убить может... ах... тяжело... Мне нужен Роч, но меня пригвоздят... Наглеть?... Пф... Да именно так - давать больше стимула меня прямо тут и прибить.

Сиэль выпрямилась, продолжая держать на дракончике взгляд. Все еще с дискомфортом в теле, она стала отвечать:

— Извините, но я бы хотела задержаться и лично передать Сяо то, что должна. Понимаете ли, сверх того, что я тоже ученица Небесного Павильона, я так же и... мх... Напрямую ученица Яна Кая...

На этом Сиэлька буквально оборвалась и стала метаться в своей голове о том, что сейчас выписала себе приговор... Ну, кто-то же из них определённо хочет поквитаться любым образом с Каем за то, что он в прошлом убил прорадителя. И поэтому, вполне возможно, если эта дракониха зла на него, то через неё с ним и поквитаются, а Фэнга отпустят и скажут рассказать тому, что со мной случилось... Вот она, месть... Черт... Они же ещё себя и высшими существами считают... Гордые... Гордость... Мх...

Приходя к какой-то мысли, Сиэль аж совсем на миг вздрогнула, и её глазки чуть медленно приопустились, а затем и корпус в аля ""почтительном"" жесте. Вслед за этим она начала говорить, слегка тише:

— Я нижайше прошу вас всё же разрешить мне самой всё рассказать Сяо. Понимаю, что возможно доставляю дискомфорт, но всё же...

Да, именно так. Сиэль во второй раз за жизнь опускает свою гордость вниз... И что с тобой девочка делает Мурим?... Ну по правде делать нечего - только такой план и есть. Что из этого выйдет?","samin__","1534675164711620628"
"06.08.2026 12:25:11","samin__","#2997","|-----------------------------------------------------------------------------|
Ночь прошла спокойно. Никаких монахов с чёрными зрачками и манией величия. Никаких выходок и вообще ничего, что могло бы помешать спокойного отдыху, если не считать парочку пьяниц под окном, что не особо и мешали кому-то. Мир, дружба, деньги

И вот уже начало восходить солнце, пробиваясь через ставни, распространяясь ровной полоской по комнате
|-----------------------------------------------------------------------------|","biok_ymer","1534680114195857469"
"06.08.2026 16:51:59","samin__","#2997","|-------------------------------------------------------------------|
Обезображенный труп лежал прямо перед глазами, напоминая о содеянном. Никто не ответил на молитву Монаха, лишь ветер, что щекотал кроны деревьев разнëс его слова по лесу. Был ли в них вообще смысл или он просто так пытался успокоить себя, ответа на этот вопрос не знал даже он?

Начав копать яму, парень вгрызался в твëрдую землю, смотря на орудие престуаления и грязь что по немногу заменяла кровь на его руках

Когда тот уже был в середине процесса, вдруг послышался мягкий и довольно высокий голосок:

— А есть типа не будешь?

Если тот поднимет глаза, то увидит... ЧЕЛОВЕКА?! Нет, скорее что-то похожее на него. Молодой парень стоял прислонившись спиной к дереву, недоумевающе смотря за картиной что предстала пред ним
|-------------------------------------------------------------------|","biok_ymer","1534687863625486477"
"06.08.2026 17:38:54","samin__","#2997","— Яо и Фэнг —

Девушка стояла с на столько невозмутимым лицом, что это уже начало пугать, однако услышав последние слова не выдержала и начала хихикать:

— Пф... ха-хи... ХАХАХАХХАХА! Ой, ладно это было хорошо. Давненько меня никто так не веселил. Хвалю!

Начиная вытирать слëзы, что выступили из-за смеха та приподнято ответила:

— Умница, догадалась что врать не стоит, когда я уже прочитала всю твою душу. Хорошо ""избранная"" допускаю твоë пребывание в нашем мире. С другими могут быть проблемы, но я не против!

Наконец придя в себя, та хмыкнула, смотря на Фэнга:

— Ну а ты чего увязался? Дорогу бы указал и всë. Сын небес. Если бы я не была расторопнее, девочку бы допрашивали куда более жестоко, а от тебя бы сразу избавились. Головой думай. И ВЫКЛЮЧИ УЖЕ ЭТО! УШИ РЕЖЕТ!

Фэнг что всë это время прикрывал артефакт, что источал свет вдруг дрогнул, а после засунул тот под одеяния. Правда... он же не издавал звуков? Разве нет?

Фэнг же поняв что ему задали вопрос поспешно принялся отвечать:

— Я пришëл к прославленному клану драконов, чтобы изменить предназначенную мне судьбу или умереть по вашей милости!

Дракониха хмыкнула, а после медленно подошла к пареньку, нагнувшись и схватив его за голову, сдавливая череп до хруста и говоря:

— Кто говорит умереть по милости? Ты подлизываться сначала научись перед тем как к нам соваться

Отпустив его, та отвернулась, идя в сторону казалось бы обычного леса, говоря:

— Ладно, за мной. Так уж и быть, коль хотите поскорее завершить жизненный путь, мешать не буду, но и потакать желаниям самоубийц тоже желанием не горю","ktoia","1534756716405854379"
"07.08.2026 01:06:19","ktoia","#6622","— Сиэль —

Подобной реакции Сиэль точно не ждала. Ну может быть сейчас толкнут назад, или опять душу выбьют, на крайняк пришибут, однако смеха уж точно в планах не было. Подняв голову, она с непониманием в глазах пялила на дракона, который пытался успокоиться. В смысле - развеселила? Как? Чего? Пф... пу-пу... Однако на последующие слова девочка приподняла бровку, затаив дыхание.

> Да, я действительно не врала, но... ВСМЫСЛЕ ""прочитала всю душу""? ""Избранная"", бла-бла, допуск получен и... Стоп, в каком плане с другими могут быть проблемы?! Ты и **их** видела?! А?... Насколько она ВСЁ видела?.. Это плохо, чем хорошо... Бред какой... Она же не могла видеть всё, что было ранее?

От такого откровения появилась некая нотка сдерживаемой паники. Сиэлька, пока её тут не пизданули, решила притихнуть, смотря за действиями женщины, которая переключилась уже на... Фэнга к которому теперь появились вопросы. Зря он её привлёк этим артефактом! Почему он пищит и зачем - был вопрос который даже не на втором и не третьем плане. Пока что на это следовало забить, ведь дело нынешнее буквально важнее. И вот... Она отпустила Фэнга, после чего сказала идти за ней. Победа или нет - фиг его знает, но если живы значит можем продлить жизнь. Сиэль поглядела на состояние Фэнга.

> Значит, увязался внутрь, чтобы изменить судьбу? Так и думала. Дело... интересное... И все же что за судьба у тебя такая? Ах... не важно. Дракон... Что ты вообще узнала? И... Подожди, а эта вообще знает, что тут была та мелкая?...

Вопросец повис, однако стоило не испытывать терпение и начать следовать в какой то лес. Если Фэнгу норм, то девочка просто пойдёт следом. Если нет - то... мм... как-то поможет и всё равно пойдёт следом за драконицей. Предпочитая идти на несколько шагов сзади.

Пройдя несколько метров, Сиэлька решилась открыть свой ротик и сказать следующее:

— Большое спасибо. Кхм. Извините за вопрос, но... что вы вии... /прервалась и решила спросить по другому/ имели в виду под... ам... ""избранная""?

> Знать бы, что она узнала... А вот куда ведет - не так уж и важно.","samin__","1534933796548247624"
"07.08.2026 01:51:22","biok_ymer","#9440","—Аполлон—
|-----------------------------------------------------------------------------|
Застав расвет, парень первый делом потянулся, разминая свои сцепления, после чего вышел из дома осматривая округу, смотря чтобы ни у кого проблем не было, после же направился бы к горе, пешком! Ох, будет долгий же путь....
|-----------------------------------------------------------------------------|","samin__","1534854845704704151"
"07.08.2026 16:07:49","samin__","#2997","|-----------------------------------------------------------------|
На удивление в городе всë шло своим чередом. Люди суктились, где-то шла стройка, а на улицах то тут то там начали мелькать незнакомые лица. Они отлечались от остального народа, некой измученностью. Как на вид, так и во взгляде. Похоже бывшие узники всë-же стали выходить на улицу

Пару раз Аполлон даже видел как городские говорили с парочкой омбалов, которых тот привëл ранее. Видимо ночной разговор дал свои плоды... только вот какие будут последствия? Этого Аполлон не знал

Удостоверившись что на месте всë хорошо, тот отправился в путь! Долгий... и довольно нудный...

Отойдя от города на приличное расстояние, перед тем встал выбор. Идти по извилистым тропам или спуститься в обрыв, по которому пару дней назад вела люд Мива? Что же он выберет? Скорость или безопасность?
|-----------------------------------------------------------------|","biok_ymer","1535057729444384799"
"07.08.2026 16:08:08","samin__","#2997","— Яо и Фэнг —

Парень в целом был в порядке, однако уже пару тысяч раз успел пожалеть что попëрся сюда

Идя за драконихой, те ступали по огромной каменной плете, что казалось вообще не имела швоф. Наконец когда прозвучал вопрос, женжина стала отвечать. Однако голос вновь звучал сухо и строго:

— То и значит. Скажем... причина по которой паршивец взял тебя в ученици. Думаю такой трактовки будет достаточно ""замена""

Кинув словцо, та примолкла, обернувшись в под оборота, смотря за реакцией девочки, Фэнг же подчëркивал мысли, однако нить разговора была дня него невидимой","ktoia","1535046392417091706"
"07.08.2026 17:34:06","ktoia","#6622","— Сиэль —

От услышанного девочка непроизвольно хмыкнула, останавливаясь и отведя взгляд.

> ""Замена""? А ты знаешь достаточно... Каким вообще образом можно читать душу... Ах... бред.

Вернув взгляд на Яо, девочка с долей серьёзности и твердости в голосе ответила:

— ""Замена""?... Да уж. Пожалуй, вы правы, можно и так сказать. Но... если вам угодно, можно ли называть меня не таким образом, а... м... Сиэль?

В каком то плане понаглев, Сиэлька начала ждать ответа.

> Может, в глобальном плане она много узнала, но... а более в локально?..","samin__","1535273339864752128"
"08.08.2026 00:58:20","samin__","#2997","— Яо и Фэнг —

Девушка не изменяясь в интонации ответила:

— Имя нужно заслужить, а ты в своей жизни не сделала ничего достойного, от чего буду называть тебя по твоему предназначению

От услышанного Фэнг чуть усмехнулся, на что девушка хмыкнув вновь щëлкнула пальцами. Спустя мгновение и Фэнг начал прерывисто дышать, пытаясь придти в себя, а дракониха проговорила:

— Тебя это тоже касается ""смертник"". Твоя значимость сильно переоценена, знай это...

Договорив, та продолжила путь в привыяном темпе, не обращая внимания на задыхающегося паренька","ktoia","1535294973845569616"
"08.08.2026 04:02:32","ktoia","#6622","— Сиэль —

От такого резкого и достаточно обидного, хоть и правдивого ответа Сиэльке стало на миг злее, однако почти сразу грустновато...

> Я то... И ничего достойного? Ну... Мф... ""Замена""... Спасибо... и пожалуйста... Как угодно....

Возможно загон с такой на первый взгляд бредовой темы и продолжился бы, если бы не реакция Фэнга. На которого Сиэлька резко и с хмурым лицом повернулась. Обидно. Когда Фэнг стал ни с того ни с сего прерывисто дышать, она не испытала облегчения, лишь отвела взгляд и пошла дальше за драконом, не желая продолжать эту дурную тему.

Недолго пройдя, Сиэлька попыталась найти в себе внутреннее умиротворение и слегка сбавить обидку. Задавая вследствие этого вопрос:

— Вы нас ведёте к Сяо?","samin__","1535406770896379954"
"09.08.2026 14:06:37","biok_ymer","#9440","—Аполлон—
|-----------------------------------------------------------------------------|
Парень посмотрел налево, посмотрел направо, а после подумав что ему все же следует поторопиться, пошел по прямой. Ну что же, будет приключение!
|-----------------------------------------------------------------------------|","samin__","1535273261686853712"
"09.08.2026 14:10:30","biok_ymer","#9440","—Монах—
|-----------------------------------------------------------------------------|
Раскопав достаточную яму, тот думал уже переложить тело внутрь, однако услышав голос тот медленно перевел взгляд на нечто, чуть сомневаясь в собственном зрении, после чего сказал:
|-----------------------------------------------------------------------------|

—Дух отмщения? Ах, да, я сожалению о данном деянии и не праве его есть и решил похоронить, в знак раскаяния.

|-----------------------------------------------------------------------------|","samin__","1534921990169952258"
"09.08.2026 22:58:18","samin__","#2997","— Яо —

Девушка шла неспешно. А чего ей спешить, она уж точно прожила уже больше тысячи лет и выглядит на 10/10, лишние пару часов для неё - пшик. Подойдя к краю огромной каменной плиты, та остановилась, а после ответила на вопрос:

— Именно. Доведу до паршивца, а после оставлю, чтобы заняться ""поисками""

Рассеяно выдохнув, та подняла руки, расставив те в стороны. С махом, деревья как будто вырвались с корнями, улетая в стороны, открывая небольшую деревеньку, строения которых можно было сосчитать без особого труда, а сами здания располагались на краях сколистой местности. По истине райский вид

В далике виднелась большая яма. Похоже это и был тот самый зал, что разрушил Роч пока пытался помочь своей внучке

Хмыкнув на увиденное, девушка спрыгнула с плиты, направляясь дальше, всё-же из интереса говоря:

— И что же этот дурень натворил на сей раз?","",""
"09.08.2026 23:02:33","samin__","#2997","|-----------------------------------------------------------------|
Спустившись в расщелину, про которую Хайшень говорил ""Оградить тремя стенами"" парень... ничего не почувствовал. Ну вот вообще. И что необычного в этом местечке, что даже Ван Фэнь отвадил Миву от сюда?

Пройдя неспешным шагом этак минут 5 парень всё-же принял связь из космоса. Прямо у него в голове заговорил всё тот-же высокий, почти детский голосок:

> О, так ты всё-же решил заглянуть ко мне в гости?
|-----------------------------------------------------------------|","biok_ymer","1535967537765032007"
"09.08.2026 23:06:01","samin__","#2997","|-------------------------------------------------------------------|
Мужчина вообще не понял про что ему говорят, хотя считал себя умным, от чего с чуть большим интересом ответил отслонившись от дерева:

— Дух отмщения? Так меня ещё не называли. /Зыркнул на месево/ мда... припёрло тебя, что на сородичей охотишься. Так что ты собрался делать, зачем яма, не думаю что сможешь столько нагадить?

Всё так-же непонимающе зыкрая то на труп, то на монаха, то на яму, тот повернул голову на бок, как собака, навострив уши
|-------------------------------------------------------------------|","biok_ymer","1535968512357441587"
"10.08.2026 00:09:13","biok_ymer","#9440","—Аполлон—
|-----------------------------------------------------------------------------|
Парень немного дернулся от нежданного гостя в голове, а после выкрутив себе глаза во внутрь тот посмотрел на мозг и не увидив там ничего вернул глаза обратно останавливаясь и спрашивая:
|-----------------------------------------------------------------------------|

—Ась, это кто сказал?

|-----------------------------------------------------------------------------|","samin__","1536102407199658014"
"10.08.2026 00:11:30","samin__","#2997","|-----------------------------------------------------------------|
Голос продолжил говорить, но с большей натянутостью в голосе. Похоже нечто было в небольшом замешательстве от функций тела Аполлона:

> Я
|-----------------------------------------------------------------|","biok_ymer","1536119185115979877"
"10.08.2026 00:12:07","biok_ymer","#9440","—Монах—
|-----------------------------------------------------------------------------|
Взяв месиво и положив в яму, тот принялся его закапывать, говоря:
|-----------------------------------------------------------------------------|

—Я его убил и эта правда, за что и каюсь, отчего решил его с почестями похоронить... Или тебе нужнее?

|-----------------------------------------------------------------------------|","samin__","1536103282454433814"
"10.08.2026 00:14:03","biok_ymer","#9440","—Аполлон—
|-----------------------------------------------------------------------------|
Оглядываясь по сторонам, тот почесал голову а после подпв плечами продолжил путь, говоря:
|-----------------------------------------------------------------------------|

—Ну так бы и сказал, что дух какой несчастный. Сразу отвечу, тело моё не лучшее вместилище, поэтому не занимай, совет. Ты кстати никого тут опасного не видел? Кто место этого отчего-то боятся.

|-----------------------------------------------------------------------------|","samin__","1536119759429443674"
"10.08.2026 04:44:54","ktoia","#6622","— Сиэль —

Остановившись, девочка кивнула, услышав ответ и как только этот грубый дракон начал делать какие-то манипуляции руками, сразу сделала шаг назад и напряглась, когда деревья начали улетать - Сиэлька охнула, но вернула взгляд на Яо. Вслед за деревьями она увидела довольно красивый пейзаж... Хотя, пожалуй, сейчас он казался ей вполне нормальным для Мурима. ОДНАКО ОГРОМНЫЙ КРАТЕР, что был посреди этого, явно давал понять, что на его месте было что-то стоящее... Может, тут и бабахнули старейшин ради Серис... Роч.

Сиэль пошла следом за драконом и когда та задала вопрос, у неё самой возник вопрос: 

> Ты же всё знаешь? Или как это вообще работает? Пуф... Странно всё. Она в итоге знает, вру я или нет? Ранее она звучала очень убедительно.

Сиэль не до конца понимает, что знает дракон. Поэтому, слегка помедлив, ответила:

— Кай абсурдно нарушил один из небесных законов. В конечном счёте его за этим поймали и... Теперь ждёт суд.","samin__","1536101338956701888"
"10.08.2026 13:45:28","samin__","#2997","— Яо —

Услышав ответ, девушка ответила чуть заинтересованнее, однако всё так-же сухо:

— Небесный закон в муриме? Что-то новенькое. У вас их почти нет в отличии от этого места. И почему его просто не стёр сам мир? Странно это всё. Какие суды могут быть при нарушении законов небес? Странные вы... люди...

Более девушка ничего не сказала, начиная думать о своём, а через ещё непродолжительное странствие та остановилась у одного из мостов, указывая на другой пик:

— Это пик Сяо. Найдёте его сами, а мне нужно предупредить одного дурня о вас

Договорив, девушка исчезла. Мда... либо тут все владеют телепортацией, либо это никак не объяснить","ktoia","1536188563761270854"
"10.08.2026 13:53:51","samin__","#2997","|-------------------------------------------------------------------|
Сделав выражение лица крайнего неодобрения, парень ответил:

— Да что такого этот бедолага сделал, что ты даже над его телом издеваешься? Родичей твоих вырезал в клановой войне? Хотя даже это было бы мягко для такого неуважения к его жизни. Фэ...

Вот непонятно, тот принял монаха за конченого или просто маньяка?
|-------------------------------------------------------------------|","biok_ymer","1536119916477026356"
"10.08.2026 13:59:37","samin__","#2997","|-----------------------------------------------------------------|
Голос успокоился после потрясения, говоря как-то по ребячески:

> Я? Дух? Не-не-не, я тот самый ""глаз"" что упоминал тот парнишка. И вообще ты сам мою частичку забрал у той девушки, так что сам заточил в себе. Это было интересно, меня ещё никогда не передавали, но у тебя посвободнее~

> Та девица меня здавила уж больно сильно, что не развернуться было, а тут хорошо

> А опасного? Да нет, я за стоящими слежу, так что до мелочи. Ну... может кто и вышел, я же тоже за вами всеми следить не могу, уж извините!

Последняя фраза звучала как-то огорчённо
|-----------------------------------------------------------------|","biok_ymer","1536120401128853514"
"10.08.2026 17:18:10","biok_ymer","#9440","—Аполлон—
|-----------------------------------------------------------------------------|
Слушая голос тот чуть приподнял бровь, говоря:
|-----------------------------------------------------------------------------|

—Тот самый голос из головы? Думал тьма другого мира не связана с проблемой этого, пупу... Ну не удивлен что Мива тебя заглушила, она же как никак избранная что смогла почитать и свет и тьма в одном месте, идеальное равновесие хах... Ну да неважно и чего тебе надо? Или ты их тех, кто говорит от скуки?

|-----------------------------------------------------------------------------|","samin__","1536328162617729144"
"10.08.2026 17:19:31","biok_ymer","#9440","—Монах—
|-----------------------------------------------------------------------------|
Понемногу закапывая того, тот спокойно ответил:
|-----------------------------------------------------------------------------|

—Я сожалению о его смерти, отчего и хороню с почестями. Думаю в этом месте это звучит дико, но это знак моего сожаления.

|-----------------------------------------------------------------------------|","samin__","1536326712051376209"
"10.08.2026 19:12:12","samin__","#2997","|-----------------------------------------------------------------|
Хмыкнув, голос обиженно проговорил:

> Ты кого проблемой назвал? Я вообще-то тьму внутри тебя контролирую. Если бы не я, ты бы жил как тот парнишка, что сдавил меня посильнее твоей подруги, правда там ей свет помогал... но то что она смогла меня контролировать даже похвально

> А я то? Нет, просто увидел что ты направляешься ко мне, вот и спросил не для того ли чтобы навестить... хотя... всё равно не получилось бы...
|-----------------------------------------------------------------|","biok_ymer","1536378127348011038"
"10.08.2026 19:15:29","samin__","#2997","|-------------------------------------------------------------------|
Вообще не улавнивая мысли, парень проговорил:

— Закапывать и обречь на долгие муки? Мда... и вправду дикость

Пожав плечами, парень осмотрелся, говоря уже не столь натянуто:

— Раз относительно разумный, ты тут случаем ничего странного не видел? Там... крови например? Или ещё чего? Я тут по заданию, так что слегка спешу

Ага... а по его привычке совать всюду нос и не скажешь
|-------------------------------------------------------------------|","biok_ymer","1536378467073917018"
"10.08.2026 21:46:44","biok_ymer","#9440","—Монах—
|-----------------------------------------------------------------------------|
Закопав тушку, тот вновь скрестила руки в тихой молитве, а после услышав вопрос повернулся на того, осматривая и отвечая:
|-----------------------------------------------------------------------------|

—Смотря, что конкретно ты ищешь.

|-----------------------------------------------------------------------------|","samin__","1536407654346268682"
"11.08.2026 21:08:51","samin__","#2997","|-------------------------------------------------------------------|
Приподняв взгляд куда-то вверх, парень призадумался пожимая плечами. Что-то там прикинув, тот вновь опустил взгляд и спокойно сказал:

— Сородича. Её похитил враждебный клан, а меня отправили на окраины джунглей. Не видел волчьих?

Договорив, парень принялся сверлить заинтересованным взглядом монаха
|-------------------------------------------------------------------|","biok_ymer","1536445716774518824"
"11.08.2026 21:44:28","biok_ymer","#9440","—Монах—
|-----------------------------------------------------------------------------|
Мужчина пытался понять мотивы парня взглядом, однако не особо понимала истину тот говорил или удобный предлог, отчего решил и сам не полностью ответить:
|-----------------------------------------------------------------------------|

—Быть может видел похожую тушку, однако не думаю что она выжила, судя по ранам. Да и не уверен я, что ты ей добра желаешь 

|-----------------------------------------------------------------------------|","samin__","1536798569615466668"
"12.08.2026 16:12:39","ktoia","#6622","— Сиэль —

> Так тут больше законов, чем в Муриме? Да... негласные правила и сколько раз мы их нарушим?

Сиэль проводила взглядом место, где только что стояла Яо и на мгновение задержала дыхание. Исчезла. Просто взяла и исчезла! Нет, ну спасибо... хорошо-хорошо. Сиэлька моргнула, переводя взгляд на пик, который указала драконица и тихо выдохнула. Идти в ГОРУ не хочется, но что делать. Хмыкнув, девочка взглянула через плечо на Фэнга и сказала:

— Ну пошли ""смертник"".

Обозвав парня, она глянула вперёд.

— Рассчитывала, что всё будет слегка иначе.

После недолгой паузы - топ-топ вперёд туда куда указали. Держа внимание к окружению.","samin__","1536324599292235776"
"13.08.2026 00:06:31","samin__","#2997","— Волчара —

Не успел Монах договорить, как того пригвоздило к стволу ближайшего дерева. Парень не церемонясь влетел в того без задней мысли, пригвоздив его к дереву, прижимая горло своим предплечьем, взгляд его был весьма хищный, а ухмылка исчезла с лица

Стояло ему открыть рот, как показались длинные клыки, а за ними отвратный запах из пасти. Наклонившись к лицу монаха тот проговорил:

— Возможно ты меня не понял. Я не собираюсь с тобой играться, понял? Я ищу сородича, понял? Чтобы вернуть его в стаю, понял? Если померла, моя работа забрать тушу, понял? И живее она не станет, если ты будешь тянуть время, понят?

— Мне незачем тебя есть. Это просто ничего не даст, так что просто скажи где она и каждый пойдëт своей тропой... по-нял?

Пу-пу-пу... кажется некий конфликт интересов произошëл","biok_ymer","1536807533493354569"
"13.08.2026 00:11:55","samin__","#2997","— Ду Фэнг —

Парень смотрел на свю эту ситуацию с лицом ""ну и нахуй я сюда припëрся?"" Если Сиэль ещë хоть как-то слушали, то его существование терпели с большим натягом. Нус... не убили и на том спасибо. Вряд ли тут кому-то есть дело что за него придëт мстить дед, что и сам одной ногой в могиле

Однако услышав слова ""избранницы"", тот даже растерялся. Ошарашенно потупив пару секунд, тот нагнал нахалку и вломил той подзатыльник от всей души, а после ступая на мост развернулся лицом к той, которая по его мнению "" ТОЧНО ОТВЕТИТ КУЛАКАМИ"" стал пятиться спиной вперëд  проговаривая:

— Не смей называть меня ""смертником"". Если от дракона я это терпеть вынужден, то ты уж точно не достойна так говорить ""замена""","ktoia","1537086417828847657"
"13.08.2026 02:15:52","ktoia","#6622","— Сиэль —

Ну вот честно. Положа руку на сердце и поклявшись дважды, Сиэль не ждала ШАПОЛАХА оттуда, откуда и ждать не приходилось! Удар в спину - чистой воды подлость! Вот как доверять людям в Муриме! За обычную шутку уже прилетело самым ПОДЛЫМ и НЕПРОСТИТЕЛЬНЫМ способом - в СПИНУ! ТЫ САМ надо мной посмеялся, а теперь из-за того что я сделала так же ДЕРЕШЬСЯ?! КХМ. Понятное дело, Сиэль сразу же после этого подлого удара схватилась за затылок, а после глянула на того, продолжая его потирать. Её глазки злостно уставились на ЭТОГО ПОДЛЕЦА, который мало того стал уходить назад... 

Что ж. Признаю: мысль о том, чтобы сломя голову побежать за этим кретином была, да и Сиэлька наверное даже догнала бы. Вот только это во-первых займет время, во-вторых она будет выглядеть как дурочка, а в-третьих: да иди ты!

Прекратив тереть головушку, пару мгновений Сиэлька стояла с сжатыми кулачками, однако пересилив свои желания, она чудом их разжала и с недовольным лицом сказала:

— Офигел совсем?! Я ещё и нахалка????!! Как возможность подвернется - оторву руку!

Пошла вперед, тише добавляя:

— Тогда точно о предназначении забудешь...

Скрестила ручки, отвела взгляд в сторону дабы не сорваться.","samin__","1537207028500529243"
"13.08.2026 02:23:32","biok_ymer","#9440","—Монах—
|-----------------------------------------------------------------------------| 
Мужик словно спичка воткнулся в древо, ставшая часть мирского пути... АГА, КАК ЖЕ, его чуть не прибил от обычной фразы! Тот попытался было встать, однако на сей раз его хваленная сила не дала ему возможность выбраться, отчего ему пришлось отвечать с лежащего положения:
|-----------------------------------------------------------------------------|

—Знаешь я ведь не плохой человек и уж тем более не злодей, чтобы кому поподя рассказывать о бедолаге. Хоть прибей, но без моего знания ты её в жизни не отыщешь... Так и что, упрямится будешь?

|-----------------------------------------------------------------------------|","samin__","1537205667943944202"
"13.08.2026 18:31:10","samin__","#2997","— Ду Фэнг —

Парень ожидал что нужно будет бежать или парировать удар, однако... его не последовало? От такого он приподнял бровь, чуть наклонив голову на бок, смотря на вроде как уравновешенную девочку, правда вот была проблема... она приближалась. Когда та прошла мимо него, тот напрягся ещё сильнее, однако атаки так и не последовало

Обернувшись, тот задумчиво произнёс:

— Оторвёшь руку? Кхм... иного и не ожидал

Договорив, тот стал идти в след за ней, рассматривая красоты. Как ни как не каждый день попадаешь в другой мир, хотя это уже был четвёртый на счету парня

Таким образом они и дошли до здания, что было не сказать чтобы вычурным. Скорее уж подошло слово ""традиционное"". Правда для кого... это вопрос. Тут по всей видимости и должен быть Ян Сяо?","ktoia","1537238222919442513"
"13.08.2026 18:52:37","samin__","#2997","— Волчара —

Взгляд парня чуть дрогнул, когда мясо что-то цикнуло о людях. Чуть подумав, тот отвёл взгляд в сторону слегка прищурившись. Глубоко выдохнув тот отпустил Монаха, отведя предплечье в сторону, наконец давая тому воздуха. Сделав пол шага назад, тот оглянулся по сторонам, отвечая:

— Ну и что тебе надо, ""человек""? Я уже сказал что сородичь той сучки, что тебе ещё надо то?","biok_ymer","1537240151124873326"
"13.08.2026 19:24:55","ktoia","#6622","— Сиэль —

Сиэль шла вперёд, старательно игнорируя присутствие и слова Фэнга за спиной. Она всё ещё чувствовала легкую боль в затылке и это только подогревало её обиду. Пройдя мост и приблизившись к зданию, она слегка замедлила шаг, разглядывая его с прищуром.

> Обычное здание для Мурима... Ничего выдающегося. Дерево, камень, черепица... Везде одинаково. Значит это и есть пик Сяо? Ну... Представлялось примерно... Большущий путь в гору! А они как-то близко друг к другу... да и не пик это вовсе... Хм. ""Паршивец""? Не сильно его жалуют здесь, ну оно и понятно... Узы с Яном определенно ведут к плохим последствиям! Ну... не всегда, но почти всегда!

В своих раздумьях, которые не особо имели смысла, девочка подошла к двери. Ну а что делать с дверью, нужно? Она глянула из-за плеча на Фэнга, а затем на дверь и - ТУК-ТУК.","samin__","1537483665817468960"
"13.08.2026 19:37:35","biok_ymer","#9440","—Монах—
|-----------------------------------------------------------------------------| 
Почувствовав возможность вздохнуть тот этим воспользовался, возвращая дыхание в норму, после чего ответил:
|-----------------------------------------------------------------------------|

—Что у вас с ней произошло? На ней живого места нет и если ты свой, то хотя бы на это ответить можешь.

|-----------------------------------------------------------------------------|","samin__","1537489061479063603"
"13.08.2026 19:41:12","biok_ymer","#9440","—Аполлон—
|-----------------------------------------------------------------------------|
Парень слушая собеседника продолжай свой путь, отвечая:
|-----------------------------------------------------------------------------|

—Значит у тебя тут рядом логово? Понятно, не удивлен почему это место избегают. Ну спасибо за помощь с тьмой, все равно не особо умею ну пользоваться, отнял её по большой части, чтобы моя подруга могла начать с чистого листа. Да и кое-кто все равно контролирует мою жизнь против моей воли... Ах, вообщем без выбора так случилось.

|-----------------------------------------------------------------------------|","samin__","1536406825224634398"
"13.08.2026 19:47:07","samin__","#2997","— Волчара —

Парень чуть обеспокоено покосился на парня, а после быстро отвёл взгляд, говоря уже более напряжённо и быстро:

— Да я откуда знаю. Мелкая пошла прогуляться, кретины за ней не уследили, а теперь ищем её по всем территориям. Что с ней сделали кошачьи - не представляю, но судя по твоим словам...

Чуть замявшись тот поднёс руку к голове, яроша волосы, говоря более сердито:

— А-А-АЙ НЕ ЗНАЮ Я!","biok_ymer","1537500379640504351"
"13.08.2026 19:53:05","biok_ymer","#9440","—Монах—
|-----------------------------------------------------------------------------| 
Парень услышав ответ следить за эмоциями на лице парня, пытаясь понять врёт тот или нет, не заметив лжи тот все же выдохнул, говоря:
|-----------------------------------------------------------------------------|

—Хм, судя по твоим эмоциям ты говоришь попада. Ладно, помогу тебе. Тут не далеко, пойдем.

/Сказав это парень дождался пока тому дадут возможность встать, после чего стал бы вести её к полутрупу, что видел ранее./

|-----------------------------------------------------------------------------|","samin__","1537502778140786848"
"13.08.2026 19:53:29","samin__","#2997","|-----------------------------------------------------------------------------|
Услышав ответ, тот хмыкнул, говоря уже как-то безразлично:

— Ты про того что смотрит за нами? Да, странный типчик. Меня не часто переселяют в другое тело, а он смог. Правда руки у него слишком костяные. Мэ...

Цикнув, голос продолжил:

— А ты сможешь меня освободить? Мне тут та-а-ак скучно. Даже старик Ван перестал приходить. Недели 3 уже его не видел. Не сказал бы что это долго, просто скука смертная. Один пошёл к альянсу, второй сидит себе квасит, а третий меня вообще не во что не ставит... хе-е-е... охото движухи...
|-----------------------------------------------------------------------------|","biok_ymer","1537501288865071106"
"13.08.2026 20:53:03","biok_ymer","#9440","—Аполлон—
|-----------------------------------------------------------------------------|
Слушая голос тот даже удивился его беззаботности, говоря:
|-----------------------------------------------------------------------------|

—Я даже не особо представляю кто ты, а ты предлагаешь тебя освободить? Да даже если бы я и знал тебя, я бы никак и не смог тебя освободить, поэтому к чему это? Скучно, так развлеки себя, я то чем тебе помогу?

|-----------------------------------------------------------------------------|","samin__","1537504378548920442"
"14.08.2026 18:55:45","samin__","#2997","— Ян Сяо —

Дойдя до дома, было приняло решение постучать. Весьма логично, только вот дверь по большей части была буквально что из бумаги, от чего простая попытка постучать была прервана пробиванием перегородки на свкозь

Увидев это, Фэнг просто молча прикрыл глаза рукой, с видом ""ну вот с кем я работаю...""

Не прошло и пару секунд, как за дверью показался рогатый силуэт, что медленно, но настойчиво вытолкнул руку из двери, а после и открывая еë

За дверью стоял ожидаемо дракон. И вновь с белыми волосами как у Серис и той мелкой, что встретила двоицу в этом мире, разве что рога у него были лазурного оттенка, а одежда сочетала оба цвета. На лице парня был не сказать что шок. Скорее уж смятение от такого ""ТУК-ТУК"" переведя взгляд с пробитой двери на двоицу, тот вопросительно кивнул, натянуто проговорив:

— Люди?","ktoia","1537497189520252950"
"14.08.2026 19:00:51","samin__","#2997","|--------------------------------------------------------------|
Нечто вновь лениво зевнуло, говоря с явным упрëком:

> Да я развлекаюсь как могу, но всë уже наскучило, а второй дойдëт только послезавтра...

> Ну и да. Если бы вы даже все объядинитись, вы бы меня не освободили. Мдэ... ну и ладно. Буду дальше дао грызть. И ты это... в слух то не говори. А то на У смахиваешь. ХА!
|--------------------------------------------------------------|","biok_ymer","1537519369880473731"
"14.08.2026 20:09:32","ktoia","#6622","— Сиэль —

Что ж. Девочка и впрямь ожидала, что у драконов, которые так сильно себя возносят и твердят что они ""огого"", будут нормальные дома... Серьёзно, строение выглядело вполне надёжным и крепким, и визуально ни за что не скажешь, что оно на половину сделано из БУМАГИ. Так что Сиэлька, дабы долго не стоять и не ждать ответа, решила постучать понастойчивее, чтобы тот, кто внутри, точно услышал. Не могла же она предположить, что дверь окажется **бумажной**, верно?!

Для Сиэльки, которая так неожиданно облажалась, всё было просто: эмоции сначала переместились в состояние ""афигеть"", потом в смятение, а затем в вопрос ""а что делать⁈"". Она уже собиралась сама вытащить руку из дыры, на мгновение застыла, глядя на образовавшуюся дырку, а потом хотела было обернуться к Фэнгу, чтобы начать жаловаться на двери и оправдываться, ведь она прямо чувствовала на себе его недовольство. Но обернуться не успела, потому что почти сразу вышел дракон...

Сиэлька запрокинула голову, ведь тот был высоковат, а затем мельком глянув на дверь и сразу переведя взгляд на него, сделала шажок назад, выдавливая из себя максимальную серьезность, ответила с кивком:

— Люди... Ян Сяо, полагаю?

> Стоит убедиться, он это или не он.","samin__","1537852238394040422"
"14.08.2026 23:47:05","samin__","#2997","— Ян Сяо —

Кивнув на вопрос, парень чуть прикрыл дверь, чтобы посмотреть на дыру, после чего поднëс к той руку, слегка напряг пальцы и провернул кисть против часовой стрелки

Разорванная, натянутая бумага тот час начала возвращаться в прежнее положение, как будто никакой дыры и не было

Не предав этому действию особого значения, парень вновь перевëл взгляд на двоицу и проговорил:

— Да, я Ян Сяо. Чем обязан?","ktoia","1537870808091721779"
"14.08.2026 23:49:21","samin__","#2997","— Волчара —

Парень чуть приободрился, от чего стал плестись следом. Однако не прошло и минуты, как тот сказал:

— Ты слишком медленный. Укажи сторону, а я уже и побегу. Каждая минута на счету, а ты и так время потянул предостаточно","biok_ymer","1537504279214956627"
"15.08.2026 00:11:32","ktoia","#6622","— Сиэль —

Девочка не особо поняла, как он это сделал... Хотя... Мм... Пространство? Откатил то, что было минуту назад? А так можно? Хотя... проще уже сказать чего сделать нельзя. Перестав смотреть на уже нормальную дверцу, Сиэлька вернула взгляд на Сяо и сбавив серьёзность, ответила:

— Хорошо...

> Есть! Двадцать процентов задуманного выполнено. Не умереть и найти Сяо... Отлично! Остальные восемьдесят - это... М... узнать, как и где найти Роча, ах... ну и остальные дела по мелочи. Хм... А как вообще Сяо к своему отцу относится? Ай, ладно, уже не важно...

— Я Сиэль... Ученица Ян Кая и... как бы...

Поняв, что о таком лучше говорить не на улице, она мельком глянула по сторонам и добавила:

— То, что мне нужно сказать связано с Каем и лучше про это говорить не на улице, м... Можно?

||Фэнга она не хочет представлять!||","samin__","1537925555033473188"
"15.08.2026 00:31:33","samin__","#2997","— Ян Сяо и Ду Фэнг —

Парень естественно удивился, когда услышал что к нему пожаловала ученица отца, однако удивление быстро спало с лица

Слегка задрав нос, тот понюхал воздух, проговаривая в слух:

— Серис... дурочка да и только...

Сосредоточив взгляд на парне, что был позади, тот выдохнул, спокойно и размеренно говоря:

— А ты кем представишься?

На удивление Фэнг даже сложил руки вместе, поклонившись существу с фамилией Ян, отвечая:

— Ду Фэнг. Новое поколение клана Ду

Вот от этого известия парень уже удивился куда больше. Подняв обе брови, тот занëс руку за голову, потирая затылок:

— Выходит потомок Ду Го? Твой предок ранее очень сильно помог почтенному отцу. Прошу, подними голову

Парень послушно поднялся, а Сяо же медленно кивнул, а после развернулся идя в дом, попутно говоря:

— Проходите, думаю лучше обсудить всë внутри

Войдя внутрь... ... ... там не было ровным счëтом ничего! Ни кухни, ни кровати, буквально пол, стол с бумагой и письменным принадлежностями и проход в другую комнату

Сев около стола, парень выдохнул, говоря всë так-же спокойно, однако более настойчиво:

— Фуф... на счëт Ду я могу поверить, однако я точно знаю что у почтенного отца всего 2 ученика и они уже должны быть в царстве вознесения. Кто же ты такая

Договорив его брови нахмурились, а в золотых глазах что-то сверкнуло. Кажется он ну вот вообще не доверял словам Сиэльки","ktoia","1537931707586445405"
"15.08.2026 02:18:29","ktoia","#6622","— Сиэль —

> Мм... Прости, Серис... Тебя тут ещё больше не взлюбят. Надо будет как-нибудь перед ней извиниться за это...

Пока представлялся Фэнг, Сиэлька смотрела за этим, переглядываясь с одного на другого.

> Ду Го помог в прошлом Яну? Вот оно как... Хотя разве..? Го при встрече с Каем явно того боялся... Как там было ""иначе я сделаю с тобой то же самое, что и триста лет назад"". Может и помог, но отношения у них точно сейчас не ""теплые"". Впрочем, ладно.

Сиэлька вошла следом за Сяо в дом, мельком поглядывая по сторонам и... Хм... Ну, не то чтобы удивилась, а скорее убедилась. У драконов не всё как у культиваторов, а у культиваторов не всё как у людей. Кто по списку? У фениксов определённо точно так же. Что эти, что те - себе на уме. Хотя... Сяо пока вообще не показывал эту ""черту"" своих сородичей.

Дойдя до столика, Сиэль остановилась и выслушав его, чуть склонила головку набок и принялась отвечать:

— Всё верно. До недавнего времени у него были только два ученика - Хао и Чучу. Что до меня... Мх... /задумалась, как бы правильно сказать, но потом взгляд въелся в Фэнга. Поняв, что тому лучше не знать всего, вернула взгляд на Сяо и начала что-то искать, попутно говоря:/ Я бы не стала верить кому-то без доказательств. Тем более история очень запутанная и долгая...

Сиэлька нашла ту самую легендарную и ужасную резинку Яна Кая с нефритовой блямбой, которая была у неё уже очень давно... Достав эту самую вещь, девочка сделала шажок вперед и протянув её Сяо, сказала:

— Это Кая. Ты можешь это... м... ""просмотреть""?.. Или без долгих объяснений не обойтись.

Сиэль говорила ну очень уверенно.","samin__","1537936743452381256"
"16.08.2026 20:23:30","samin__","#2997","— Ян Сяо —

Парень непонимающе смотрел на девочку, однако когда та достала резинку для волос еле заметно изменился в лице. Недоверчиво взглянув на ту, парень принял нифрит, повертев его в разных плоскостях, как бы осматривая на какую-то ловушку. Наконец удостоверившись в чём-то, тот прислонил его ко лбу и... завис. Это длилось недолго, примерно секунд 15, по истечению которых тот широко распахнул глаза, смотря на Сиэль

В мгновение ока изменив позу на стоящую на коленях, парень принял позу, похожую на ту, что принял сам Ян в свою первую встречу с Сиэль. Склонив голову, тот закрыл глаза, говоря:

— Ян Сяо приветствует ученицу почтенного отца. Чем могу быть полезен? Прошу, просветите что вас привело в драконий предел?","ktoia","1537963653700132884"
"16.08.2026 21:37:07","ktoia","#6622","— Сиэль —

Опять ожидания Сиэльки были слегка ниже, чем произошло на самом деле. Девочка всё время, пока тот ""читал"" нефрит, ожидала, что он просто поймёт и примет то, что она не обманывает. Но странность его следующих действий повергла её в легкий мимолётный ступор. Пожалуй, не буду спорить - по своему это даже приятно. Да и натолкнула эта ситуация на некое дежавю... будто такое уже было, но не в этом контексте и не при таких обстоятельствах.

Выйдя из полусекундного ступора, девочка помахала ручкой, как бы говоря: ""не надо, встань"", а затем перевела взгляд с Сяо на Фэнга. Потом вздохнула, понимая что её кажется ждут расспросы и вернув взгляд на Сяо, сказала:

— Не стоит, Сяо... Я бы предпочла, как и было, без формальностей. Сейчас они будут лишними.

Она вздохнула, поджала губки и продолжила:

— Вообще я пришла сюда к сожалению с дурными вестями. Была бы не против поговорить о чем нибудь другом, но... да... сначала дела... Кхм.

Сиэльке было не совсем комфортно стоять на месте ||СДВГ||, поэтому она стала слегка ходить по комнатке, смотря чуть ниже уровня своих глаз и говорить:

— Ян Кай нарушил небесный закон, который сам же и воздвиг. Узнав об этом, Гу Чанге... схватил его и Кай, не сопротивляясь, принял ""должное"". Конечно, Чанге узнал ещё кое что, но... пф, это я обожалась... кхм. Так вот, сейчас Кай где-то в Альянсе дожидается суда... который ему не выиграть. И приговор будет, понятное дело, дурным.

Она остановилась, ибо разговор дошёл до того, что нужно. Развернувшись тельцем к Сяо, Сиэлька стала смотреть тому в глаза.

— Я не думаю, что дойдёт до... как там... ""стирания души"". Дао, думаю, просто не позволит. Но на суде Альянса он просто так не отделается... Заключение или что-то ещё более изощрённое могут придумать...

Она подняла ручку и стала проводить ею по своим волосам.","samin__","1538599098905796659"
"16.08.2026 21:37:19","ktoia","#6622","— В общем... суд ему не выиграть. И по этому поводу я пришла... сюда. Чтобы ты знал и чтобы... Попросить некоторой помощи.

На этом девочка остановилась, решая увидеть или услышать реакцию сыночка Кая.

||А ещё у меня ебаное нитро закончилось, и я не могу писать так много.||","",""
"17.08.2026 01:16:55","samin__","#2997","— Ян Сяо и Ду Фэнг —

Ну... сказать что в уомнате все АХУЕЛИ - не сказать ничего. Каждый был в шоке по своим причинам. Сяо подняв голову просто уствился в одну точку, пыпаясь переворить информацию, от чего где-то через минуты 4 очкулся Фэнг, что щëлкнул пальцами сказал:

— ТАК ТЫ С АТРИБУТОМ ЯН ПРОБУДЕИЛАСЬ! Я то думаю чего старик так завëлся, а он на капли позарился! Вот жешь чëрт... это... многое меняет...

Проговорив это парень сделал задумчивый вид, явно пытаясь понять что для него тут меняется, попутно вытащив подвеску, смотря на ту. В этот раз она не подавала даже намëка на свечение, от чего тот просто продолдил пялиться на него

Дракон же был просто добит осознанием что появилась ещë одна с атрибутом Ян. Цикнув, тот прикрыл глаза руками, начиная те потирать, после перешëл на лоб, а затем и на рог, начиная тот потирать. Закатив глаза тот выставил руку вперëд, говоря:

— Так... то есть ты светыч, что почтенный отец нашëл в пространстве меж мирами и привëл сюда, попутно пробудив со своим атрибутом, что нарушило небесный закон, что он воздвиг в прошлом, ценой своих воспоминаний, а теперь про это узнала семья Гу и судит его за нарушение своего-же закона...

— Пф-ф-ф... ла-а-а-а-адно... это... неожиданная цель визита

Наконец самооблалание начало приливать в голову дракона, от чего тот вновь посмотрел на резинку, начиная вертеть ту на пальце, вспоминая подробности, попутно с каким-то странным недоверием смотря на Сиэль. Спустя ещë минуту молчания, тот всë-же прервал тишину:

— Так... у меня 2 вопроск. Кто такой Гу Чанге и почему я о нëм не слышал? И что от меня нужно?

Договорив, его взгляд стал куда серьëзнее, а сам дракон весьма сильно напрягся","",""
"17.08.2026 12:47:22","ktoia","#6622","— Сиэль —

Пока все ахуевали, плечикт Сиэль немного опустились. Девочка не стала взрываться и отвечать на то, что Фэнг догадался. С самого начала не надо было его брать, если она хотела это скрывать, а сейчас... Мда. Хотя в целом это уже не выйдет утаить в секрете. Половина высших слоёв Небесного Павильона да и Альянс наверняка знают про атрибут, так что... бог с ним. В любом случае Сиэльке сейчас был интереснее реакция дракоши.

И она опять ввела её в замешательство. Не такое сильное, как раньше, но она опять потеряла ниточку понимания, что он конкретно сейчас думает.

Сиэлька скрестила ручки за спиной в ожидании, когда все придут в себя, однако слушая слова, стала складывать слегка открывшиеся события.

> Ян воздвиг этот закон ценой воспоминаний? Нет. Я определённо понимаю цель этого закона - она в любом случае благородна. И не хочу даже думать о том, что было бы, если б такого закона не существовало. Но... он сделал это ценой своих воспоминаний? М... Теперь я в смятении. Это было до заточения его первой личности или нет?..

Славно, что девочка не успела порассуждать об этом долго - в неё полетел вопросец. Она перестала пялить в глаза Сяо и помедлив, стала отвечать:

— Гу Чанге... Я не так много в Муриме, чтобы знать много, но... Его очень уважают даже за пределами Альянса. Он... эм... вроде как очень молод? Так же он ""сотрудничает"" с враждебными фракциями и... за свою короткую жизнь зашёл очень далеко в культивации. Это... наверное всё что я узнала. Ах и... как он сам сказал: его задача - ""следить за соблюдением законов"", и он сам не особо хочет заключать Кая, но и не может его оставить... Вот.

Она убрала ручки со спины и начала говорить на другую тему:","samin__","1538672938365222952"
"17.08.2026 12:47:34","ktoia","#6622","— А что по поводу помощи. Понимаешь, Сяо, я пришла к такому выводу: суд не выиграть, он априори проигран. Никакие факты особо не поспособствуют Каю - ну максимум принизят приговор, но... этого мало. Нужно сделать так, чтобы Ян не столько вышел сухим, сколько хотя бы вышел. И я придумала следующее: пускай на его сторону встанут сильнейшие мира сего. Никто же не хочет войны? Тем более войны между монстрами, которые и мир могут разрушить... Мх... Я думала насчёт этого вашего права вето и... скажу так: с демонами наладить его не вышло, с другими занимается Цу и... мне на глаза попалась Серис и идея сама пришла в голову.

Сиэлька глянула на Сяо и слегка приподняла бровку:

— Представляю, как это звучит, но Сяо... Ты... же... ученик Роча? По крайней мере, мне так сказали... Ты же понимаешь, к чему я клоню..?","",""
"17.08.2026 13:27:09","samin__","#2997","— Ян Сяо —

Парень слушал Сиэль и с каждым её словом взгляд становился всё мрачнее. Ещё бы, не каждый день приходит дитя света и тьмы, что приносит не самые хорошие новости. Чувствуя что его втягивают ещё в ту авантюру, парень выдохнул, начиная говорить максимально спокойно и собрано:

— Ты права. Почтенный отец слишком важен чтобы его уничтожали, однако думаю семейство Гу будет требовать хотя бы печати его души, а этого допустить нельзя. Не сказал бы что заручиться поддержкой мистера Роча невозможно, скорее... мифически сложно

/Приподнял глаза, отклонился назад/
— И не сказал бы что он мой наставник. Помогает время от времени, беря за это плату. Можно сказать что мы помогаем друг другу, однако не сказал бы что я знаю как его найти. Скорее уж он сам меня находит. Тс... я понял твой план. Мистер Роч в хороших отношениях с почтенным отцом, от чего будет не против вступиться, однако... нужно как-то его заинтересовать

/Запрокинул голову и начал смотреть на потолок/
— Значит появился некто, кто ""следит за соблюдением законов"". Интересно, к чему бы это... слишком запутанно

Тут в разговор наконец вклинился Фэнг, что всё это время стоял поодаль и что-то шептал, смотря на подвеску. Наконец когда та засветилась, парень прикоснулся к ножнам тяжело выдохнув, а после повесил артефакт обратно на пояс. Подойдя к столику, тот сел на против Сяо, говоря тому:

— Я сам в Муриме всего 2 года, от чего не могу сказать наверняка, однако Гу Чанге точно сын небес. Я бы даже сказал один из апостолов, как понимаешь света. Его дебют был 4 года назад и уже тогда он был святым. Думаю эту силу ему дал мир, чтобы он мог выполнять свои обязанности. Не сказал бы что его жалуют где-то кроме земель альянса, от чего думаю что он и правда апостол. Уродец ещё тот, если вгрызся, так просто не отпустит

Услышав это, Сяо опустил голову, смотря на паренька. Выслушав того, его губы надулись и тот проговорил:

— Понял. Значит он не такое уж и препятствие

Тут его перебил Фэнг добавляя:

— А ещё он старший внук Гу Тао

Тут Сяо вылупился на того, говоря уже натянуто:

— Ааа... это кто?

Фэнг непонимающе посмотрел на дебилуса, копируя его реакцию:

— Ааа... глава альянса

Вот он такой информации Сяо прифигел, отводя взгляд в сторону:

— Пуф... а я как будто знаю какие у вас там в Муриме порядки? Ладно... вот это уже серьёзно. Даже не знаю, благословение это или проклятье их рода. Это... многое меняет...

Решив слегка разрядить обстановку и дать себе время подумать, парень посмотрел на Сиэль, говоря:

— Выходит малышка Серис так и не встретилась с почтенным отцом? Жаль её...","ktoia","1538846745931284511"
"17.08.2026 13:50:58","ktoia","#6622","— Сиэль —

> Печать души? Это ещё что за дикость такая? Мх... Да и то, что достичь внимания Роча сложно, знаю... Тут догадаться не сложно. Но... не наставник? Хорошо... Тогда другой вопрос: каким таким образом Сяо, которому дай бог лет сто, может чем-то платить мистеру Рочу? Разве у этого старика не всё есть? Тогда что за плата такая? Мф... А то, что они в хороших отношениях с Яном - отлично. Нужно только действительно добиться его внимания, а там... будет видно. Разговор может всё изменить.

На этом Сиэлька пока перестала рассуждать, начиная смотреть за разговорчиками двух мальчиков. Она оставалась стоять и глядеть на них, ибо в глубине души нарастало чувство, что скоро что-то случится...

Когда до неё дошло дело, девочка стала говорить:

— Нет, почему же. Встретилась и пару раз. Даже разговор ей с ним устроила... Да и у Серис в принципе всё даже неплохо идёт: внутренней ученицей стала, а дальше делов то - всего лишь нужно найти наставника...

Она вздохнула и глянула на Фэнга, а потом на Сяо:

— Заинтересовать... Это звучит слишком абстрактно... М... Я не до конца понимаю, Сяо, а чем ты можешь платить мистеру Рочу за ""помощь""?","samin__","1538856708980477972"
"17.08.2026 14:21:11","samin__","#2997","— Ян Сяо —

Покивав на известие о том, что подруга хорошо устроилась, парень стал отвечать, пока Фэнг пытался сдержать позыв всё испортить, однако он не был самоубийцей, от чего решил молчать о увиденном до конца жизни, тем более что при этой мысли подвеска мигнула ярким светом:

— Значит освоилась уже. Хех... это хорошо. Жаль что не смог её проводить, но ещё встретимся через пару веков. А что до бартера... ну... ему нужна моя кровь, только и всего. Я же как ни как единственный потомок прародителя, так что даже мистеру Рочу интересна моя кровь. Как-то так...

Не особо желая об этом говорить, парень наклонился ближе к столу, говоря:

— А кто вас уже видел? Если кто-то из глав узнает, будут явные проблемы","ktoia","1538862700245946528"
"17.08.2026 14:26:43","biok_ymer","#9440","—Монах—
|-----------------------------------------------------------------------------| 
Парень услышав нытье волка ли покачал голову, а после остановился, показывая рукой в сторону, где лежала тушка волка, говоря:
|-----------------------------------------------------------------------------|

—Да чего ты так напрягаешься, вот она твоя волчица. Ну по крайней мере, только такую я тут находил.

|-----------------------------------------------------------------------------|","samin__","1537926126524170381"
"17.08.2026 14:28:45","biok_ymer","#9440","—Аполлон—
|-----------------------------------------------------------------------------|
Ничего не видя в разговоре с самим собой, тот продолжил говорить в слух:
|-----------------------------------------------------------------------------|

—А ты что, способен мысли читать? И как ты с ума не сошел, слушая всех психованых, у кого есть тьма? Да уж, незавидная судьбы, зато потенциал для розыгрыша весьма большой. Ну, по крайней мере на бумаге, на деле тот же мой друг Роше уже ненавидит тебя.

|-----------------------------------------------------------------------------|","samin__","1537853521972428951"
"17.08.2026 14:36:55","samin__","#2997","|--------------------------------------------------------------|
Нечто хмыкнуло, говоря так, как будто это было в порядке вещей:

— Да мне то что? Они сами ко мне текут, так что считай что я просто постоянно в толпе голосов, только и всего. Если кто-то становится громче, я обращаю на них внимание. Ну и я не только мысли слышу но и вижу что с вами происходит

— Минутка интересных фактов, твой ""ДРУГ"" даже сейчас пытается меня перекричать. Мэх... не долго ему осталось такими темпами. Не лучших характер признаться...

Наконец пройдя какую-то часть ущелья, из-за очередного поворота показалось... нечто... похожее на псину, только раза в 2 больше. Голос же восторженно проговорил:

— ООО! Так вот как они выглядят! Красавчик! Гля какой!
|--------------------------------------------------------------|","biok_ymer","1538872206979895367"
"17.08.2026 14:39:35","ktoia","#6622","— Сиэль —

Сиэль до сих пор продолжала не понимать смысла этой безделушки на поясе Фэнга... Что касается крови - это звучало ОЧЕНЬ странно. Сиэлька сказала бы на это что-то, но в последний момент решила не развивать эту тему, а принять как должное, что древнему дракону нужна кровь парня.

Перестав скрещивать ручки, девочка задумчиво закатила глазки вбок, описывая тех, кого видела:

— Сразу при появлении мы встретили беловолосого дракона с золотыми рогами, глазами в белом одеянии. Маленькая. Она... меня перепутала с Серис? Однако в какой-то момент она резко ушла и появился дракон... эм... постарше. Красноватые глаза, в основном в зелёном одеянии... и зеленоватые рога. Явно старше на вид, чем первая. Конечно, были некоторые недопонимания, но всё же мы сумели как-то... договориться? Она довела нас сюда и ушла, чтобы побыстрее найти ""кого-то там"".

Вздохнув, Сиэлька всё же решила припустить свои странные предупреждающие мысли и присела рядом со столом. После чего опять взглянула на Сяо.

— Проблема в том, чтобы придумать, как заинтересовать Роча и осуществить это... Но нужно время. А ваши старейшины, по рассказам, не сильно и любят мир вне предела, поэтому... мне нужна ещё помощь с тем, чтобы... эм... тут задержаться.","samin__","1538870304808636476"
"17.08.2026 14:42:39","biok_ymer","#9440","—Аполлон—
|-----------------------------------------------------------------------------|
Смотря на смолянистую мразь тот прикинул шансы на драку, а после прикинул 60 на 40 все же взял из-за пояса меч, говоря уже ему:
|-----------------------------------------------------------------------------|

—Ладно Урька, время побуянить. Помнишь драку с ящерицей? Пробуем также.

/После сказанного парень побежал на тварина и как только ты сблизился с ней достаточно сделал бы подкат под ней, давая разумному мечу кашмарить волкозавра./

|-----------------------------------------------------------------------------|","samin__","1538874262478135316"
"17.08.2026 15:26:07","samin__","#2997","— Волчара —

Не успел тот договорить, как волчара уже был около тушки, вертясь туда-сюда. Уши тут-же встали кверху, а хвост стал беспорядочно метаться из стороны в сторону. Смахнув фрукты в сторону, тот принялся проверять состояние собрата

Когда монах подошёл поближе, тот заметил, что парень то обнажил клыки, оскалившись от увиденного, а на его лбу отчётливо вздулась вена. Покосившись на человека, тот процедил сквозь зубы:

— Ты видел кто это сделал?","biok_ymer","1538871697841594439"
"17.08.2026 16:04:31","biok_ymer","#9440","—Монах—
|-----------------------------------------------------------------------------| 
На это он лишь отрицательно покачал головой, добовляя:
|-----------------------------------------------------------------------------|

—К сожалению нет, увидел бы и сам может бы подрался бы с этим негодяем. Однако я увидил лишь полумертвую волчицу, оставил чем подкрепить живот временно и ушел искать еду.

|-----------------------------------------------------------------------------|","samin__","1538886645112242196"
"18.08.2026 00:06:38","samin__","#2997","— Ян Сяо —

Слушая описание драконов, Сяо явно напрягся. Вытерев пот со лба, тот щёлкнул шеей, отвечая:

— Эм... да... первую зовую Ю...китара. Хорошая девочка, правда чрезмерно любопытная. А вторая по всей видимости Яо. Скажу честно, вам повезло что вас не настиг Фашень. Хух... по всей видимости она пошла ему доложить на счёт вас. Они у нас оба являются старейшинами, но Фашень... мягко говоря менее сговорчив. Как-то так... да...

Видимо какое-то известие явно подкосило парня, хотя возможно ему просто было стыдно за своих сородичей, отвернувшить тот сказал:

— Подумать только... снова суды...

Поняв что он сказал это в слух, тот приободрился, а после начал судорожно переводить тему:

— А! В общем понял. Попробую замолвить словечко! Я всё ещё немного в шоке, однако понимаю что нужно спешить, тут время течёт иначе из-за меня, однако не думаю что они будут откладывать суд на года, от чего времени у нас... маловато. Но ты права, нужно что-то решить с вашим прибыванием тут, однако... ""людских условий"" у нас тут нет. Хм... разве что в яслях, но туда вас не подпустят. Да и многие как минимум будут не в восторге","ktoia","1538874935890673665"
"18.08.2026 05:14:01","ktoia","#6622","— Сиэль —

Девочка, изредка моргая, слушала Сяо, не обращая пока внимания на Фэнга.

> Маленькая белая - Юкитара. Большая зелёная - Яо... и... Фашэнь, наверное, не с кем его не спутаю. Стоит всё это запомнить и поблагодарить везение. Мф...

Момент про суд девочка не особо и поняла.

> Какой суд? В смысле, снова? Мхх... Что-то ты не договариваешь Сяо. Нет, конечно, нужную информацию ты ведь не станешь скрывать? Ты же не Кай...? Да...? А... точно... ты его сын. Пу... Ладно, узнаю попозже. Раз проговорился - значит, уже не отвертишься.

Переходя к более насущной теме, Сиэлька навострила внимание и как только Сяо замолчал, она принялась отвечать, призадумавшись и скрестив ручки перед собой:

— Да... ты верно понял. Нужно как-то нас тут оставить... на время, пока не придумается что-то с Рочем... М... А что насчет условий? Знаешь...

Она стала проводить взглядом по ""убранствам"" дома.

— Я не привередливая, когда дело доходит до такого... могу и потерпеть. Уснуть можно где угодно, остальное... придумать тоже можно, так что за это переживать не стоит. Вот только за отношения с другими драконами... Хотелось бы отсюда выйти живыми...

Тут медленный взгляд дошёл до Фэнга, который определённо всем видом показывал, что хочет что-то вставить. Посему последовал вопрос:

— Ты что-то хочешь сказать? Говори.","samin__","1537936743452381256"
"18.08.2026 22:14:49","samin__","#2997","— Волчара —

Парень всë вертелся вокруг тушки, однако услышав слова паренька посмотрел на землю. Встав на четвереньки около той, он стал принюхиваться, однако очень быстро подскочил зажав нос:

— Фу 🤮. Еë принëс сюда либо кто-то сдохший, либо очень умный. Бэээ...

Вновь подскочил к колчëнку, парень поднял того на руки, от чего ему явно было неприятно, а после сказал:

— Спасиб, помог. Если ещë встретимся, то жрать не буду. Бывай

Вот так вот быстро и так вот просто парень и завершил фразу, неспешно и плавно начиная уходить в глубь леса

Мда... и вот спрашивается где найти жратвы когда тут либо то кто сильнее или просто ОБЕЗЬЯНЫ?","biok_ymer","1538896307501142036"
"18.08.2026 22:18:01","biok_ymer","#9440","—Монах—
|-----------------------------------------------------------------------------| 
Прикинув свои шансы в одиночку ему стало дурно от того, что его скорее сожрут, чем он чего раздобудет... Однако ОБЕЗЬЯНЫ не сильно отличались строением тела от него, отчего они могли стать хорошим подстерьем в охоте, однако... После того инцидента с обезьяной тому было дурно и он не верил, что сможет с честью взглянуть в глаза живой обезьяны... Грустно хмыкнув тот плелся по лесу искать обезьян, может переборит страх и сможет сотворить банду.
|-----------------------------------------------------------------------------|","samin__","1539351884677255348"
"18.08.2026 22:20:09","samin__","#2997","|----------------------------------------------------------------|
Тварь всем своим видом показывала что не намерена питаться травой, от чего закономерно заприметив парня победала ему на встречу. Когда тот сделал подкат, исполосовав живот зверю, тот даже не шалохнулся, лишь начиная тормозить, понимая что добича осталась позади

Пробуксовав лапами, его унесло в занос, от чего зверь упал на бок пару раз, пытаясь развернуться на 180, а после вновь попëрся на пролом за Аполлоном

В это же время голос в голове и не думал затыкаться:

— Оу... хороший вышел. А ты чего делаешь? Проверяешь? Я бы на твоëм ранге такой фигнëй не занимался. О! СМОТРИ! Он снова идëт!
|----------------------------------------------------------------|","biok_ymer","1538875708451979434"
"18.08.2026 22:21:24","samin__","#2997","Ëбана! Тут надо генерить","biok_ymer","1539352690989990000"
"18.08.2026 22:39:40","samin__","#2997","— Ян Сяо и Ду Фэнг —

Фэнг недовольно покосился на девочку, когда та его затронула, а после хмыкнул положил руки на столешницу и ответил:

— Вы оба ненормальные. Это всë что я хотел сказать. Найти мистера роча это не просто смелая идея. Она обсурдна

Перебив того, сынок приподнял руку, говоря:

— Возможно, но ты забыл один факт, я с ним говорил. И не раз. Да и глобально говоря мы уже в нëм

Фэнг слегка (нифига не слегка) не поняв этой фразы ответил:

— В смысле?

Сяо посмотрел на замешательство парня, а после перевëл взгляд на Сиэль, что скорее всего так-же не понимала о чëм речь. Приподняв бровь тот дополнил:

— А вы не знали? Драконий предел - это и есть Роч. Ну... как бы. Ему конечно не нужно создавать свой мир для прорыва как вам, но он всë равно захватил это место, делая этот мир своим

От объяснений проце ну вот вообще не стало, от чего Фэнг протянул руку, говоря:

— И? Эм... что? Я ничегошеньки не понял

Сяо же, поняв людскую ограниченность просто махнул рукой, отвечая:

— Ладно, проехали. Если говорить строго по делу есть всего 2 варианта. Это переплыть источник или кхм... ""навести суеты"" по рассказам Серис так и сделал, когда призвала его. Она пошла к фениксам и знатно отделала их молодняк. Конечно голдëш был не шуточный, даже я в пещере чувствовал колебания Ци. У нас отношения и так плохие, а теперь и подавно

— Кстати источник - это можно сказать наше священное место. Не из клана драконов в него входил только почтенный отец и то многие были против, однако он сделал его даже лучше, так что проблем было не столь много, хотя людей туда не пустят... хм...

/Задержал взгляд на Сиэль/
— Хотя с атрибутом Ян можно и попробовать. Раз вы выжили при встрече с Яо, то знаете как подстраиваться, так что главная проблема сейчас - Фашень. Он... консервативен. Очень... так что будет не просто с ним. Но если уж он примет ваше существование, можете считать что смертельные проблемы закончатся. Но... хм... только смертельные. Не все драконы спокойно переносят людей и промывают новое поколение. Как-то так...

Вдруг вспомнив про ОЧЕНЬ важную информацию, парень привстал, показывая на Сиэль:

— Встаньте пожалуйста. Я вспомнил кое что важное. Нужно побыстрее смыть кровь Серис иначе будет худо. Сложно представить что начнëтся, хотя он и так уже знает","ktoia","1539094995607232602"
"19.08.2026 00:47:14","ktoia","#6622","— Сиэль —

Девочка стала недовольно щуриться, когда её назвали НЕНОРМАЛЬНОЙ. В смысле?! Да, ладно, идея и правда не совсем нормальная, но услышав то, что услышала, шансы хотя бы появились. Сяо правильно говорит! А этот... писисмист...

Когда же зашёл разговор про то, где они сейчас, Сиэлька потеряла нить повествования. Эм... Ну, вообще то как то жилось спокойнее, пока она не знала, где они находятся. Но теперь думать об этом стало как то не очень и.... наверное Сиэль просто пропустит это непонятное и странное объяснение мимо, переключаясь на более нужное - как Серис призвала Роча.

Всё по сути просто и одновременно с этим сложно. Нужно навести **ДВИЖУХИ **в Драконьем Пределе. Побить детей... или проникнуть к детям... А Серис оказывается изобретательная. Правда, каким боком теперь проникать к фениксам после неё - та ещё морока. Так что наверное остаются дети драконов. Мх... А как фениксы отреагируют на людей? Тоже вопрос... Да и... ""С атрибутом Ян можно попробовать?"" Она опять что-то не знает про свой атрибут? Вообще то раз одного старейшину они смогли пережить, то наверное и Фашеня... Может там услуга за услугу... Хотя кого обманывать, ему наверное надо чтобы они ушли и всё. Пф... Узнается при встрече, но Яо точно ему всё рассказала о том, что узнала. Нужно всего лишь пережить Фашеня. Остальные драконы не такая уж и проблема, наверное.

Когда наконец оба замолчали и к Сиэль появилось дело, девочка захотела вставить свои пять копеек, пока есть время. Медленно привставая, она начала говорить, смотря на Сяо:

— Хорошо. Большую часть информации я поняла. Когда все утрясется, поговорим по подробнее насчёт плана. Но, Сяо... пожалуйста.

Она глянула на Фэнга, потом опять на Сяо.

— **Больше того, что уже сказал, не говори**. Я переживаю за... некоторую информацию, что ты увидел. Договорились? Да и к тому же...

Встав в полный рост и сделала шажок от стола.

— Меня кажется Яо уже прочитала когда нас встретила... Так себе ощущения, но что до них... Мф... Я боюсь что она знает почти все, может как раз благодаря этому мы сейчас перед тобой. Но будущее из-за этого тоже туманно... Файшеню она определенно все что знает наверное раскажет.

Потянулась ручкой на затылок, где была кровь Серис:

— А... Что начнется? Зачем смывать кровь....?","samin__","1539358140968075394"
"19.08.2026 03:55:53","biok_ymer","#9440","—Аполлон—
|-----------------------------------------------------------------------------|
Ураборос спокойно разрезал нечто, однако похоже тому было все равно, отчего сделав рывок и оглядевшись увидив все ещё активную тварь тот цикнул, а после обхватив меч одной рукой стал пытаться второй наколдовать чего тьмой, говоря:
|-----------------------------------------------------------------------------|

—Чтобы ты знал, у меня в принципе культивации и ранга нет, отчего я по сути даже букашку первого ранга не могу одолеть, однако мне придется это сделать.

/Договорив тот закончил заклинание(на 6 сука), отчего появилась вновь темная дымка, однако на сей раз парень этому обрадовался, окутывая себя ей тот воспользовался кольцом иллюзий создавая множество своих клонов что побежали в разные стороны, сам же он притоился в тумане, предпочитая наблюдать, за реакцией твари./

|-----------------------------------------------------------------------------|","samin__","1539353226942484521"
"19.08.2026 13:06:05","samin__","#2997","— Ян Сяо и Ду Фэнг —

Услышав ему видите ли ""не доверяют"" парень цикнул, отворачиваясь, предпочитая смотреть в стенку. Сяо же непонимающе посмотрел на эту картину, отвечая:

— Хорошо, но я думал что вы вместе, вот и не пытался подбирать выражений

Договорив, парень подошёл к девочке, прислонив руку к её шее, говоря:

— Не каждому отцу будет приятно, когда ты кровь его дочери находится на ком-то. Тем более для нас, драконов. Для тех у кого кровь нечто большее чем просто жидкость внутри тела, так что... потерпите...

Как только он это произнёс, парень стал медленно отслонять руку от шеи, от чего сначала пошло небольшое покалывание, что быстро перетекла в жжение, а после в неплохую такую боль. Это продолжалось порядка 10-ти секунд. Долгих 10-ти секунд. По истечению которых парень сделал шаг назад, говоря:

— Всё. Как-то небрежно вышло

Хотя всё и правда закончилось, однако жжение всё ещё отчётливо чувствовалось. Если девочка повернётся на того, над его рукой будет висеть небольшая капля алой жидкости. Да что за бурмолда у них такая по венам течёт?","ktoia","1539390242342051962"
"19.08.2026 13:20:26","samin__","#2997","|----------------------------------------------------------------|
Тварь замешкалась, когда еды вмиг стало больше. Та встала на месте, крутя подобием головы по сторонам, пытаясь выбрать цель, а после заприметив кочерыжку, что убегала, побежала в его сторону. Почти настигнув того, она прыгнула в бок, сделав пару рывков по стене ущелья, а после накинулась на несуществующую добычу и влетела в камень, не успев затормозить (пропуск хода)

Малец в голове и не думал затыкаться, отвечая:

— АХАХ! И ЧТО ЭТО БЫЛО? Ты как будто впервой день со мной... а... точно. КХМ! В общем ты всё делаешь неправильно! Ты какого вообще пытается парадировать магию иномирцев, с тьмой так не выйдет. Чуства! Бей чуствами. Представь что ты разрываешь его на части. Испытай гнев! Неприязнь! Хоть что-то
|----------------------------------------------------------------|","biok_ymer","1539437719942602812"
"19.08.2026 14:45:19","biok_ymer","#9440","—Аполлон—
|-----------------------------------------------------------------------------|
Дождавшись момента тот рванул к твари, в попытках забраться на неё со спины, попутно крича:
|-----------------------------------------------------------------------------|

—Да я этой тьмой в принципе не понимаю как пользовать! Гнев? Ну вот, сейчас я злюсь, что тварина не пробивная, что дальше?

|-----------------------------------------------------------------------------|","samin__","1539579794260492368"
"19.08.2026 18:15:31","ktoia","#6622","— Сиэль —

Развивать тему с недоверием не хотелось, поэтому Сиэль спокойно стояла и ждала, пока Сяо сделает свои манипуляции с кровью. Но когда она несколько раз повторила слова Сяо в своей голове, бровки непроизвольно поднялись и она сказала:

— Фашень - её отец?! Это...

Примерно в этот момент шея начала щипать, жечь и вообще стало очень неприятно. Девочка сжала ручки в кулаки и стиснув зубы, молча терпела. Долговато терпела. Благо, когда всё закончилось, она приложила ладонь к шее и стала потирать место, где боль всё ещё продолжалась. Приподняв взгляд с сжатыми губами, сказала:

— Ещё хуже. Ах...

> Вылечить светом? /Глядь на Фэнга./ Нет, нельзя... Ну... терпи.

— Теперь я немного понимаю ту змею... Кровь и вправду ядрёная. Сколько это проходит?","samin__","1539576181135900813"
"19.08.2026 22:49:27","samin__","#2997","— Ян Сяо и Ду Фэнг —

Держав в руке маленький шарик крови, что левитировал над рукой, парень вспомнил что это всё ещё человек, от чего улыбнувшись потянулся другой рукой к девочке, говоря:

— Ах, точно сейчас всё сделаю...

В этот же самый момент произошло то, что должно было произойти. Поднялся ужасающий ветер, который сдул дом, оставив только сам пол на котором стояли люди и дракон... а нет, Фэнг отлетел вместе со столом, улетая с пика куда-то в даль. Он даже слова  не успел произнести, а Сяо только и смог, что придержать Сиэль чтобы та не улетела, попутно быстрым движением запихивая кровяной шарик в рот, сразу его проглатывая

Когда пыль осела, в десятке метров от дома показался силуэт дракона. Вау, похоже кто-то ну прям ОЧЕНЬ хотел встретиться с гостями!

Сяо же недовольно посмотрел по сторонам, отпуская маленькую госпожу, а после недовольно сказал:

— Ну вот и как это понимать? Мне опять что ли возвращать...

От чего-то паренёк замолк и как-то замер. Глубокий и твёрдый голос же прервал внезапное молчание ответом:

— Я не в настроении для переговоров Сяо. Встань в стороне и молчи

Как только фраза закончилась, парень медленно поплёлся в сторону от девочки, оставляя её одну на против монстра что ПО ПРИКОЛУ снёс карточный домик одним приземлением, даже не создав кратера на месте, где стоял","ktoia","1539654053934530560"
"19.08.2026 23:22:20","samin__","#2997","|----------------------------------------------------------------|
Мелочь в голове цикнула и чуть громче заявила:

— Слабо! Но на эту соплю пойдёт!

После этого Аполлон почувствовал как из его руки неконтролируемо выходит тьма, обволакивая нечто полностью с лап до самой головы. Тварь даже не успела пискнуть, как тьма стала сжиматься, за пару секунд собравшись в маленькую точку, по итогу выпустив небольшой тёмный дымок, что был знаком Аполлону (ибо его он только и делал)

Из-за того что парень стоял на нечто в момент его изчезновения, тот плюхнулся на землю, когда зверь пропал, а мальчик назойливо проговорил:

— Ну... даже для первого раза жалковато выглядело. Ладно, дальше сам
|----------------------------------------------------------------|","biok_ymer","1539601155187802182"
"19.08.2026 23:32:00","ktoia","#6622","— Сиэль —

Сиэль была рада тому, что Сяо наконец что-то сделает с жжением, которое и не собиралось проходить. Правда... ПРАВДА... ЧЕ ПРОИСХОДИТ!? Скрежет картонного дерева, порыв ветра и ХУЯК - дома нету! И стола тоже, и... и... Фэнга тоже теперь нету... э... Одной проблемой меньше! Это всё, конечно, хи-хи-ха-ха, но чтобы не улететь куда-то далеко, Сиэль исключительно на автомате, без стыда и совести, вцепилась в дракона, попутно пытаясь впитать, что вообще происходит. Когда ветер закончился, Сиэльке уже было ПЛЕВАТЬ на жжение в шее - она больше определённо не придавала значения навязчивой боли!

Отцепившись от Сяо, она с ошарашенными глазами стала смотреть на пылище, а потом и на фигуру... Дракона. Одного. Отвести взгляд от Фашеня она определённо не могла чисто психологически. Так он ещё и без Яо... беда... **Сяо, спасай**... **Сяо не спас**.

Девочка перестала смотреть в пол оборота на этого дракона и развернулась всем телом, становясь ровно и начиная оглядывать его. По сути, как такового страха за жизнь девочка не сильно испытывала - ей скорее давило на мозги то, что если она помрёт, то не придёт к тому, за чем следует и из-за этого становилось дурно....

> Так. Я всё ещё не тень, значит... что-то мою жизнь тут держит. Знать бы, что Яо ему наговорила. Консерватор, наслышана про таких... Сяо... ничего не скажет. Пуф... Чувствую себя словно опять перед Дао в первый раз. Правда, Дао, наверное, по снисходительнее всё же. Некоторые полюса похожи, но тут... тут... боюсь, они вообще расходятся... Так держаться и ничего не делать... может, в него свиток Луны кинуть? Дай бог, поможет... сложно. Никакой стратегии сейчас нету против него. Эм... в первую встречу обычно здороваются? Ай, да будет так.

Сиэль вышла из ступора, опустила голову пониже и глазки так же ближе к полу, сказала:

— Приветствую вас, господин Фашень. Полагаю, вы уже обо всём наслышаны?","samin__","1539722990475022406"
"20.08.2026 13:05:35","biok_ymer","#9440","—Аполлон—
|-----------------------------------------------------------------------------|
И вот, возможность змаха, Урька разгневался, парень принял боевую стойку и!!!! А ничего, он плюхнулся о землю и покорившись кубарем через поле в итоге остановился лицом в низ, недовольно поднимая голову вверх говоря:
|-----------------------------------------------------------------------------|

—Пфе, ну спасибо блин... А что ты с ним хоть сделал?

/На данный поворот события меч недовольно залез обратно в ножны./

|-----------------------------------------------------------------------------|","samin__","1539731263487873095"
"20.08.2026 14:15:02","samin__","#2997","— Фашень —

Не дав договорить девочке, мужчина сделал шаг в сторону той, от чего она перестала чувствовать свою левую руку, без возможности ею управлять. Идя дальше, тот проговорил с явным возмущением:

— Наглость. Кто разрешал тебе открывать свой поганый рот? Если ты, человечишка, ещё раз выкажешь неуважение представителю высшей расы, лишишься и второй руки

Вдруг договорив и сделав очередной шаг, мужчина в одно мгновение оказался прямо перед Сиэль, смотря на неё сверху вниз, говоря:

— Это... ясно?

||Блять... как будто за Сорна отыгрываю, я ебал||","ktoia","1539733697568313436"
"20.08.2026 15:05:03","ktoia","#6622","— Сиэль —

Сиэлька была напряжена всем телом, поэтому её сильно выбило осознание, что она не успела договорить, как уже перестала чувствовать левую руку. Взгляд до сих пор был опущен и она не решалась его поднять. После первого же его слова она примолкла, не договаривая последнее предложение. Мимолётный взгляд метнулся к руке - НУ не оторвали и на том спасибо. Сиэль вернула взгляд на пол и стоя ровно, продолжила пялить в ахуенный деревянный пол дома, который только что сдуло ветром.

Сяо был прав: этот Фашень действительно был тем самым драконом. Его право... Но давило это сильно. Помнится, я писал что Сиэль особого страха не испытывает? Сейчас мимолётный страх прокатился по телу - если хоть что-то выкинет, умрёт. Так что стоять и смотреть в пол теперь её участь!

Сиэль просто очень кротко кивнула, давая понять, что всё ясно.","samin__","1539955919490916372"
"20.08.2026 16:05:22","samin__","#2997","|----------------------------------------------------------------|
Голосок, как будто на что-то отвлёкся сказал:

— А? Я то? Ничего. Просто сорвал ограничитель с руки. Ты и сам это можешь делать, если научишься. Помни, эмоции ключ. А теперь не мешай, тут мясо начинается. И это... думай потише там

Ну и что это было чёрт его дери?

||Картинка - это рофл, её нет||
|----------------------------------------------------------------|","biok_ymer","1539938441066844280"
"20.08.2026 18:04:03","biok_ymer","#9440","—Аполлон—
|-----------------------------------------------------------------------------|
Потупив в тишину тот в итоге отрях свою задницу и вставая с места направился дальше, непонимая и чё это было... Может вообще кто-то из прошлых решил прикольнутся и начать говорить в его голове?
|-----------------------------------------------------------------------------|","samin__","1539983687800590407"
"20.08.2026 18:17:42","samin__","#2997","— Фашень —

На кивок мужчина никак не отреагировал, лишь медленно моргнув и кратко проговорив:

— Где Серис? Отвечай. Только кратко и по существу

Чувства в руке не изменилось, она всё так-же весела мёртвым грузом, даже не ощущая воздуха. Сяо же вообще никак не вмешивался","ktoia","1539968508132073594"
"20.08.2026 19:04:31","samin__","#2997","|----------------------------------------------------------------|
Никаких особых проблем больше не было по пути к чёрной горе. Путь и правда выдался гораздо короче чем мог бы, но всё равно занял большую часть дня. За всё это время голос даже не пытался намекнуть о своём существовании. Наконец когда солнце уже было готово зайти за горизонт, парень наконец дошёл до подножья ОГРОМНОЙ горы, которую видел большую часть пути

На подходе было много троп и дорог по которым виднелись следы повозок, что видимо ходили тут мимо деревьев. Пройдя ещё чуть в глубь, БУКВАЛЬНО из кустов вышли двоя бандитов, что держа старые, ржавые мечи в руках направили их в сторону Аполлона, говоря тому

— Эй паренёк, заблудился?

— Хочешь проводим?
|----------------------------------------------------------------|","biok_ymer","1540013554323824871"
"20.08.2026 19:41:43","samin__","#2997","|-----------------------------------------------------------------------------| 
На удивление в суждениях парня в кой-то веке был смысл. Если он нашёл тут одну обезьяну, то тут водятся и другие! Идя по лесу тот не видел ни рысей, не обезьян, ДА БУКВАЛЬНО НИЧЕГО. Птицы и те были редкими гостями, намекая на своё присутствие редким щебетанием. Насыщение понемногу уходило, однако парень всё равно чуствовал себя ВЕЛИКОЛЕПНО! Как будто был готов сдвинуть целый валун! А быть может так оно и было?

Прошерстив по лесу, тот уже было подумал что тот вымер, однако по звериной тропе тому на встречу вышла сладкая парочка... ОБЕЗЬЯН, что заприметив того от чего-то в шоке указали на того пальцами, ненадолго застыв в такой позе
|-----------------------------------------------------------------------------|","biok_ymer","1539352690989990000"
"21.08.2026 00:56:36","ktoia","#6622","— Сиэль —

Быть с  отключенной рукой неприятно, а еще неприятнее находится в ситуации, где твоя жизнь зависит из-за благосклонности кого-либо. В общем-то услышав вопрос Сиэль почти сразу стала на него чотко отвечать:

— В Небесной павильоне. Цела и невредима.

> Бесит.","samin__","1540016989613985864"
"21.08.2026 10:35:54","samin__","#2997","— Фашень —

Разговор продолжился, однако услышав добрые вести мужчина всё-же сделал шаг назад, продолжая допрос:

— Кто её настравник?","",""
"21.08.2026 11:00:08","ktoia","#6622","— Сиэль —

||Спасибо без пинга||

Услышав следующий вопрос, Сиэлька чуть сильнее приспустила головку.

> Может сказать Тэд? Не... Не пойдет. По сути его нету. Да, нету.

— Прошло совсем мало времени, ещё не нашла.","samin__","1540263162782162974"
"21.08.2026 11:02:31","samin__","#2997","— Фашень —

Недовольно хмыкнув на такой ответ, мужчина продолжил:

— Что с паршивцем?","ktoia","1540269261262422046"
"21.08.2026 11:04:54","ktoia","#6622","— Сиэль —

> Кто такой паршивец? Ам.... Хотя что тут думать - Ян конечно же.

Продолжая стоять ровно и пялить в пол, до сих пор полностью не видя дракона, Сиэль сказала:

— Вероятно заключен на землях Альянса. Ожидает суд.","samin__","1540269859429163058"
"21.08.2026 11:06:37","samin__","#2997","— Фашень —

Явно сделав какое-то действие руками, мужчина задумчиво продолжил:

— Что натворил? Дозволяю ответить полно

||Я пытаюсь хоть какие-то действия прокидывать, у тебя то хоть мысли есть||","ktoia","1540270459348713543"
"21.08.2026 11:10:28","ktoia","#6622","— Сиэль —

> ""Дозволяю ответить полно"" ме.. ме... ме... Тс... Врать и что-то утаивать точно не стоит, да и дела ему на это наверное нету.

Переведя мимолётный взгляд на свою нерабочую ручку, а потом на ебейши деревянный пол, стала отвечать:

— Непосредственно нарушил небесный закон мира, который сам же и воздвиг. А именно - пробудил во мне Атрибут Ян.","samin__","1540270893765496894"
"21.08.2026 11:23:29","samin__","#2997","— Фашень —

Помолчав с пару секунд мужчина продолжил с тем-же голосом:

— Ясно. С какой целью ты открыла проход?","ktoia","1540271859298344970"
"21.08.2026 12:18:29","ktoia","#6622","— Сиэль —

На Сиэль накатило мимолетное молчание... А... как на это отвечать? ам.... Сяо... помоги... Не буду в сотый раз повторять что врать этому дракону не стоит, по этому соитло ему напрямую ответить, чтобы избежать проблем в будущем... если оно вообще будет.

— Доложить Сяо, о произошедшем... но... да. Основная цель откровенно другая, мне нужно внимание Мистера Роча на эту ситуацию...

> Чтож....

Сиэлька напряглась.","samin__","1540275135569854504"
"21.08.2026 13:23:30","biok_ymer","#9440","—Монах—
|-----------------------------------------------------------------------------|
Долго не думая, послушник встал такую же позу шокированный встречей с обезьянами, говоря:
|-----------------------------------------------------------------------------|

—Нифига, живые бебезьяны! Айда дружить!

/Сказал парень после чего достал из-за одежки фрукты, аккуратно через низ кинув тем./

|-----------------------------------------------------------------------------|","samin__","1540038133624602644"
"21.08.2026 13:30:11","biok_ymer","#9440","—Аполлон—
|-----------------------------------------------------------------------------|
Увидив бандитов тот довольно ухмыльнулся расставив руки в стороны, говоря:
|-----------------------------------------------------------------------------|

—Как великодушно с вашей стороны господа! Да, проводите меня к Фэну, у меня к нему разговор. О и не волнуйтесь, если думаете что я абы кто, можете продать что явился Аполлон и если он не попадет в ближайшее время наверн, гора сама подет к нему в ноги. А теперь кыш, донесите ему об этом, ато у меня не так много времени, чтобы тут задерживаться, мне ещё потом к императрице топать или к альянсу бе.

|-----------------------------------------------------------------------------|","samin__","1540028772110041211"
"21.08.2026 13:47:48","samin__","#2997","— Фашень —

Ожидая такого ответа, дракон чуть недовольнее произнёс:

— Ну, можешь считать что ты получила крупицу его внимания, так что задерживаться тебе тут незачем. В таком случае последний вопрос

Вдруг девочка почувствовала явное удушье, хотя дракон не шевелился:

— Почему на тебе была кровь Серис?","ktoia","1540288976857075713"
"21.08.2026 14:36:24","ktoia","#6622","— Сиэль —

Воздух будто исчез с пониманием того что делать дальше. Сиэль почувствовала, как горло сжалось изнутри, будто невидимая рука сдавила шею, не давая сделать вдох. Она попыталась глотнуть воздух, но это было достаточно сложно сделать. Сознание на мгновение помутилось, а в ушах зашумело. Глаза расширились, в них мелькнула паника, смешанная с пониманием. Она задержала свою рабочую руку чтобы не взяться за шею и... продолжила пялить в пол... НУ..... Чтож, нужно как-то менять свое положение или её отсюда выкинут.

Девочка наконец подняла голову на высокого дракона, и с подергивающимися зрачками стала смотреть на Файшеня, отвечая:

— Почему? Чтобы пройти сюда. Я заслужила доверие дракона Серис, и она решила мне помочь, дав свою кровь.

Тяжело вдохнув воздуха, девочка так же добавила:

— Это внимание незначительно. Мне. нужно. больше.","samin__","1540311453859319858"
"21.08.2026 19:29:29","samin__","#2997","— Фашень —

Терпеливо выслушав всё что та хотела сказать, дракон слегка прикрыл глаза, от чего давление прекратилось. Однако не успела девочка вдохнуть и пару раз, как той прилетела подсчёчина, которая отправила её в полёт. Та отлетела на несколько метров, а когда приземлилась, на удивление не было ни повышения голоса, ни дополнений, просто продолжение:

— Доверие? По моим расчётом едва ли прошёл месяц. Пф... и кажется я говорил что будет за проявление неуважения. Человек не может желать большего, чем ему позволено

Сделав довольно долгую паузу, мужчина сделал пару шагов к девочке, дополняя:

— Разговор окончен, ты уходишь от сюда. Сейчас.","ktoia","1540323685439774820"
"21.08.2026 19:47:43","samin__","#2997","|-----------------------------------------------------------------------------|
Посмотрев на фрукты, что прикатились к ногам человекоподобных, те опустили взгляд, вместе с руками, указывая уже на фрукты. Не поняв что это за лысая обезьяна, те подобрали фрукты, а после кинули те в парня:

— У-У, а-а-а
|-----------------------------------------------------------------------------|","biok_ymer","1540305341374275734"
"21.08.2026 19:55:48","samin__","#2997","|----------------------------------------------------------------|
Мужики даже остановились на месте, переглянувшись между собой те сначала ухмыльнулись, а после их просто прорвало:

— Аполлон! ХАХ! Ну и имечко...

— Гора падёт в ноги, гляньте на него!

— Та и не говори... важных птиц тут не ходит, они по небу летают... так что...

Тут атмосфера тут-же переменилась, от чего мужики подошли уж прямо совсем близко, говоря тому:

— Сыш шкет. Ты с нами не шути. Выкладывай давай что есть и ступай по здорову, а иначе...
|----------------------------------------------------------------|","biok_ymer","1540307022308708352"
"21.08.2026 20:07:07","ktoia","#6622","— Сиэль —

Сиэль даже не успела осознать, что давление отпустило, как мир перевернулся. Удар пришёлся по щеке с такой силой, что её просто отбросило в сторону. Она пролетела несколько метров и с глухим стуком приземлилась на пол. В глазах на мгновение потемнело, в ушах зашумело. Сиэль перекатилась набок, прижимая рабочую руку к саднящей щеке и сфокусировала взгляд на драконе. Дыхание возвращалось в привычный темп. Утерев место от удара ладонью, она заставила себя подняться на колени, опираясь рукой о пол и выпрямила спину.

> Ну-ну, знала куда иду. Предупреждения от Серис были определённо правдивы. Мх... **неуважение**? да ты....

Она снова подняла взгляд на Фашеня и начала говорить:

— И всё же вы видите меня перед собой. Да, меньше месяца, но это случилось... Ваша дочь мне доверилась - этого нельзя отрицать.

Сиэль начала медленно привставать на ноги.

— Я прошу дать мне хотя бы возможность... я не имею права даже зарекаться о ""помощи"", но... хотя бы возможность?

> Ему ничего не предложить... может? Не-не... Бред. Даже сейчас всё не настолько плохо... всё всего то хуже некуда.","samin__","1540397442351112343"
"21.08.2026 20:46:11","samin__","#2997","— Фашень —

Вновь выслушав поток надежд, которым было не суждено сбыться, мужчина выдохнул, говоря абсолютно спокойно:

— Вздор. Доверие формируется веками, а вот для обмана и манипуляций достаточно и дня. И да если ты думаешь что это было предложение, то ты ошибаешься. Ты. Уходишь.

После сказанного мужчина поднял руку и быстро направил ребро руки прямо в голову девочки именно с такой скоростью, чтобы та видела движение, но не могла уклониться. БОНЬК и темнота. Ничего, просто темнота. Не моря сознания, ни прошлых, просто тепень...

Однако что это? Темнота стала... светлее? И... чего? Детский голосок, сказал:

— Ну сестрё-ё-ёнка, про-сы-пай-ся!

Если Сиэль откроет глаза, то увидит Юкитару, что нависла над ней и тормошит её туда-сюда, а голова АДСКИ раскалывалась","ktoia","1540406912795934740"
"21.08.2026 21:57:22","biok_ymer","#9440","—Монах—
|-----------------------------------------------------------------------------|
Смотря на обезьян, как на ОБЕЗЬЯН, тот поднял фрукт и надкусил, начав жевать, а после показал на них, отпнув им целый. Если они хотя бы принцип поедания еды поймут, с ними можно работать, если нет, то лучше уж сделать банду из гусей...
|-----------------------------------------------------------------------------|","samin__","1540402031578189954"
"21.08.2026 22:00:11","biok_ymer","#9440","—Аполлон—
|-----------------------------------------------------------------------------|
Удручённо выдохнув, тот просто отошёл их идя дальше мимо них, словно их и не было и если те хоть как-то попытаются его остановить, меч на его поясе быстрым движением разорвет им одежду, оставляя их голышом, на что бы парень ухмыльнулся, идя дальше.
|-----------------------------------------------------------------------------|","samin__","1540404064477782097"
"21.08.2026 22:25:03","ktoia","#6622","— Сиэль —

Чтож, разбора полетов не будет, Сиэль абсолютно не знала как разговаривать с этим ублюдским консерватором. После его слов, девочка стала ждать его прямых действий, ибо сама не собиралась куда-либо идти, о и ждать даже не нужно! На удивление она видела его движени, однако оно было все равно слишком быстрым чтобы успеть среагировать, но достаточно отчетливым, чтобы осознать, что сейчас произойдёт. В голове мелькнула последняя мысль: Нууу..... Всё.

А затем - темнота. Не сны, не образы, не воспоминания. Просто пустота! Никаких ощущений. Только глухая, абсолютная тишина, в которой не было даже пространства....... Даже слегка стало стрёмно, ведь не было прошлых... Так выкинули все же?

Как только данная мысль прорезалась, девочка увидела... Белое пятно, а потом м.... чего? Наньэр? А... нет у нее рога, рогатая? А... Юкитара?! Эаа.... Вслед за этим осознанием накатила неописуемая головная боль, на что Сиэль зажмурилась и выдала самое информативное что могла на данный момент:

 — Аэааа... мф.... аэ?","samin__","1540416746778005674"
"22.08.2026 00:19:19","samin__","#2997","|-----------------------------------------------------------|
Мохнатые переглянулись, а после один из них поднял фрукт, как-то недоверчиво на него посмотрев и засунул весь в пасть. Второй бибизьян посмотрел на собрата как на свинью, что не умеет делиться и разумеется принялся доставать свою долю у того изо рта
|-----------------------------------------------------------|","biok_ymer","1540434658863616093"
"22.08.2026 00:21:41","samin__","#2997","— Юкитара —

Девочка посмотрела-посмотрела на эту тушку, а после со словами:

— Нус, если болит голова, отруби руку чтобы боль ушла

Плюхнулась Сиэльке на живот, чтобы та пришла в себя... ну или окончательно подохла","ktoia","1540441625703088209"
"22.08.2026 00:28:34","samin__","#2997","|-----------------------------------------------------------|
Мужики не поняли нашлости, однако начали делать своë дело, как вдруг. Прунь! И как-то ветерком подуло...

Нет, они не завизжали как девки, а просто встали в ступор, рассматривая сначала друг друга, затем себя, а после синхронно повернулись в след Аполлону, говоря:

— Удачной дороги господин!

Ну а после... пуф... начался квест! Влево вправо, вверх вниз, вперëд и снова назад. Будет ложью сказать что гора была большой, ОНА БЫЛА ОГРОМНОЙ! Один путь перетекал в тот, что шëл к подножью, а другой кажется просто опоясывал гору. Каждый раз когда Аполлон поднимался выше, дорога заканчивалась, а вокруг были лишь почти отвесные скалы, по которым мог взобраться разве что горный козëл. Усугубляло положение, что каждые 10 минут, тот натыкался на патруль, устраивая тем ""приступ эксбеционизма"". Таким образом, через пол часа уже большая часть подножья горы была без одежды, а пик на котором сидел Фан Си - не сказать что приблежался
|-----------------------------------------------------------|","biok_ymer","1540435366664994827"
"22.08.2026 00:38:59","ktoia","#6622","— Сиэль —

Пожалуй сравнимая головная боль была дважды - при пилюле и обмороке после змеи... Хотя... Нет, там все тело болело, а здесь плавятся именно мозги. Конечно Сиэль слышала слова Юкитары, но они почти сразу блекли под фасадом боли, которую Сиэль настойчиво пыталась подавить. Когда же Юкитара начала как то не висеть, а ПАДАТЬ. Сиэлька широко раскрыла глазки и... Когда дракон уже упал на нее, она издала глухой звук:

— ме...

К сожалению Сиэль от этого не померла, но дышать с грузом стало тяжелее. Да она сама себя грузом 200 чувствовала. Полежав так какое то время и вдупляя в потолок она кажется начала отходить от прихода, из-за чего попыталась опереться обеими ручками об пол и приподнять верхнюю часть тела, дабы окинуть окружение взглядом, понять где она, а затем остановится на Юкитару, очень жалобно на нее посмотрит, а после хрипло скажет:

— Я ещё здесь?...","samin__","1540470978797248592"
"22.08.2026 05:05:24","biok_ymer","#9440","—Монах—
|-----------------------------------------------------------------------------|
Парень молча на это смотрел, понемногу теряя веру в человечество.
|-----------------------------------------------------------------------------|","samin__","1540470379443785778"
"22.08.2026 05:11:35","biok_ymer","#9440","—Аполлон—
|-----------------------------------------------------------------------------|
Парень уже устал плутать по бесконечному лабиринту, отчего уже вздумал и вправду взлететь, как многие ему советовали, однако выдав(РОЛЛ 6 СУКА) тот вновь вернув тьмой недовольно глянул на руку и продолжил свой путь понимая, что тьма это говно.
|-----------------------------------------------------------------------------|","samin__","1540472711078477834"
"29.08.2026 14:10:49","samin__","#2997","— Юкитара —

Но встать девочке не дали. Как только та попыталась пристать, девочка подскочила и навалившись уже на голову повалила Сиэль обратно на пол, попутно опираясь о её живот, чтобы это сделать. Уложив полутруп, девочка сказала:

— Да-да, тут. Не вставай только. Тебе дядька так зарядил! Ух! Ну вот и почему вечно так, сестрёнка Серис...

Кажется недопонимание всё ещё ветало в воздухе. Однако из того что поняла Сиэлька пока пыталась подняться - комната была всё такой-же пустой как и в доме Сяо. Да и в целом она не особо отличалась... может быть это она и есть?","ktoia","1540475329347330048"
"29.08.2026 14:16:51","samin__","#2997","— Бибизьяны —

А какая может быть вера в человечество, если перед ним обезьяны? Кхм... так вот. ""По братски"" поделив ""добычу"" макаки посмотрели на нездорового сородича с каким-то сочувствием, а после одна из них подбежала к тому и начала обнюхивать с головы до пят","biok_ymer","1540542376228167690"
"29.08.2026 14:42:18","samin__","#2997","|------------------------------------------------------------------|
На сысли о ""бесполезности"" тьмы, голос в голове было хотел что, то сказать, однако прервался, понимая что ему просто лень кого-то там переубеждать

В это время уже начало смеркаться, а парень перестал встречать бандитов, ведь похоже его ""слегка"" избегали. Пока его не отвлекали, тот начал замечать некие закономерности в путях и только стояло ему об этом задуматься идя по очередной тропе, как из кустов прямо перед ним вышел мечник, что потянувшись осмотревшись по сторонам задержал взгляд на Аполлоне

Повернувшись к тому, мужчина склонил голову на бок, неспешно говоря тому:

— Красноволосый выродок с ахереть каким мечом. Судя по тому что у тебя и вправду красноватые волосы, думаю это ты. Так ты ещë и в одежде. Редкость у подножья в наши дни, не находишь?

Пока что мужчина стоял спокойно, лишь держа руку около ножен
|------------------------------------------------------------------|","biok_ymer","1540543933040435260"
"29.08.2026 15:54:56","biok_ymer","#9440","—Аполлон—
|-----------------------------------------------------------------------------|
Лениво глянув на мечника, парень спокойно ответил:
|-----------------------------------------------------------------------------|

—Скорее удивительно что все местные так любят заставлять людей покорячиться, вместо того, чтобы выполнить свой долг. Неужто и ты тоже хочешь присоединиться к голой банде? Или все же хочешь помочь бродяжке?

/Мысли:/
""Чёт не обычного бандида он не похож, если окажется что он какой неприятный соперник, что должен просто выгнать меня... Для бандитов уж больно они не гостеприимны, в мое время они были поприятнее, когда пытались перерезать горло, улыбались хотя бы, а тут ме...""

|-----------------------------------------------------------------------------|","samin__","1543224273324212306"
"29.08.2026 16:08:29","samin__","#2997","|------------------------------------------------------------------|
<@&1496355223789375538> 

И вновь новое поручение и вновь связанное с какой-то мутной темой, только в этот раз в столице Великого Альянса Мурима. По рассказам людей у этого города даже прямого названия не было. Все назвали его просто ""столица"", а Ли || (Святоша с которым встречалась Афина) || назвал еë ""Священная столица""

Ни деняг, ни кареты девушке разумеется не выдали, говоря:

— Ты и так летать умеешь - доберëшься

Так она и добралась до столици. Посчитав (надеюсь), что миновать огромные стены будет как минимум некультурно, та спустилась вниз

Вычурность и мнимая дороговизна, только так и можно было назвать то что она перед собой увидела. Огромная арка скорее всего символизировала что-то возвышенное, однако складывались лишь мысли о неравенстве людей живущих в этом мире, ведь подняться по лестнице до самого города - была бы уже проблема для обычного смертного. Взлетит ли она вновь или пойдëт по лестнице как обычный человек?
|------------------------------------------------------------------|","",""
"29.08.2026 16:14:31","samin__","#2997","|------------------------------------------------------------------|
Усмехнувшись мужчина полностью вышел из кустов, говоря:

— Новички у подножья не должны пропускать всякий сброд наверх, с чем они на сей раз и не справились, только и всего. Ну, хотя доложить смогли

— И чем же могу помочь бродяжка? Извиняй, но в твоих фетишах я помогать тебе не намерян

Договорив, мужчина ухмыльнулся, приподняв подбородок
|------------------------------------------------------------------|","biok_ymer","1543242553971834962"
"29.08.2026 16:35:39","biok_ymer","#9440","—Аполлон—
|-----------------------------------------------------------------------------|
Смотря за парнем и слушая его слова тот понял, что пришел кто-то поважнее простых разбойников, отчего лениво потянувшись, тот положил меч на пояс, после чего дополнил:
|-----------------------------------------------------------------------------|

—А что, вы хотели чтобы я всех тут поубивал? Показать ввиде оголения звучит лучше, чем переубивать всех тут за то, что вы не знаете кто я. И куда Фан Си смотрит, ну и что будешь делать, заставлять уйти или все же уточнишь что мне надо?

|-----------------------------------------------------------------------------|","samin__","1543247481570197655"
"31.08.2026 16:10:49","samin__","#2997","|-----------------------------------------------------------------|
Наполнив взгляд пренибрижением, мужик неспешно, почти лениво поднял руку, выставив мизинец в сторону, а после поднëс его к уху, начиная в том ковыряться:

— Ась? Так это ещë братва виновата что ты никому не известен? Ну не переживай... на этой горе тебя на долго запомнят. Не добрым словом, не подумай... но запомнят

— И... ты глухой? Я только что спросил ""И чем могу помочь, Бродяжка?""

— Спустить тебя с горы всегда успеется, так что не тяни резину, а говори давай. И это... пахана сюда не приплетай. Ему ваще знать не нужно о таких мелочах
|-----------------------------------------------------------------|","biok_ymer","1543252799549083769"
"31.08.2026 16:18:16","biok_ymer","#9440","—Аполлон—
|-----------------------------------------------------------------------------|
Парень и сам недовольно глянул на того, а после пожалел что пожелал о интересном бандите, заберите обратно, мне такие не интересны. После чего он лениво ответил:
|-----------------------------------------------------------------------------|

—Я же уже ответил зачем я здесь, я тут ради Фан Си. Мне с ним нужно обсудить разговор, что мы не завершили про тех, что должны использоваться как подношение семейству Би, я разобрался с этим вопросом и мне нужна с ним личная встреча. А славу так и быть могу тебе отдать, я за ней уже не бегу, спасибо.

|-----------------------------------------------------------------------------|","samin__","1543971323892465684"
"31.08.2026 16:20:11","ktoia","#6622","— Сиэль —

Мало Сиэль было боли в голове, так ещё когда она пыталась привстать, её обратно прижали к полу, из-за чего девочка ударилась затылком о деревянное покрытие. Наверняка не сильно, но ощутимо! Понимание происходящего тут же отпало. Во-первых, что ее спасло от Фашеня? Во-вторых, где она сейчас по конкретнее, ведь больше никого не заметила в комнате. А в третьих Сиэль же уже говорила, что она не Серис!

Как то сопротивляться из-за своего жухлого состояния Сиэль не могла, поэтому просто подняла глаза сначала на потолок, потом на Юкитару и медленно моргнув на выдохе, сказала первое, что нужно было утрясти, начиная протягивать:

— Я неееее Сеееерииис...","samin__","1543216350455926794"
"31.08.2026 16:20:17","biok_ymer","#9440","—Монах—
|-----------------------------------------------------------------------------|
Незная как на это реагировать, парень просто встал столбом, позволяя себя понюхать, а сам начал думать, как вообще идти на контакт с теми, кто пока даже толковое общение не придумал... Однако раз они шли на контакт, идея была не мертва и собрать отряд условно копейщиков против животины, звучал уже не так плохо. 
|-----------------------------------------------------------------------------|","samin__","1543217868110299197"
"31.08.2026 16:20:25","samin__","#2997","Да блять!","",""
"31.08.2026 16:20:30","samin__","#2997","3 долга за минуту!","",""
"31.08.2026 17:50:55","samin__","#2997","— Юкитара —

Заметив что тельце перестало сопротивляться, девочка наконец перестала мучать трупик, отлязя на стартовую позицию, садясь на колени

Когда издался протяжный ""предсмертных хрип"" та покивала, по ребячески говоря:

— Да знаю я. Мне уже всë объяснили. Ты - вредитель, а Серис красивее тебя в человеческом обличии. Это я уяснила

Вдруг приободрившись, девочка начала размахивать руками, а хвост игриво зашевелился:

— А! И ты на моëм пике! У дяди Сяо сейчас стало... ТАК МНОГО ДЕЛ! Так что... добро пожаловать? Это так говорится?","ktoia","1543973680802037923"
"31.08.2026 20:09:19","samin__","#2997","— Бибизьяны —

Сделав своё дело, обезьяна заглянула в глаза парня и всё бы ничего если бы она не была **в притык** к нему. Выдержав зрительный контакт, та подняла взгляд на лысину, слегка скукожившись и сделав 2 шага назад, оборачиваясь на своего приятеля, тыкая пальцем в лылину Монаха:

— У-У-а-а-а!","biok_ymer","1543973706668318880"
"31.08.2026 20:24:07","samin__","#2997","|-----------------------------------------------------------------|
Вытащив палец из уха и внимательно всмотревшись в то что из него вышло, мужчина потёр тот другим пальцем, слушая россказни чужака, а после выставил руку вперёд, говоря тому:

— Ну так бы сразу. Только вот к пахану я тебя пропустить так просто не могу. Сам понимаешь если кто-то важный ищет его внимания, то на таких как мы внимания даже не обращает, а ты... /осмотрел с ног до головы, убирая руку/ ну... сам знаешь

Размяв шею, мужик поднял взгляд, говоря в уже вечернее небо:

— Эх... а мог квасить...

После сказанного тот быстро выхватил меч и не вынимая тот из ножен сократил дистанцию с <@&1496355132990816256> , целя в его шею
|-----------------------------------------------------------------|","biok_ymer","1543973197995573289"
"31.08.2026 21:02:23","biok_ymer","#9440","—Монах—
|-----------------------------------------------------------------------------|
Уйдя с мыслей из-за смешка от обезьянок, тот глянул на того, а после спросил тех:
|-----------------------------------------------------------------------------|

—Слушайте братаны, я конечно понимаю что я смешон, однако на повестке дна у нас есть проблемы посерьёзнее...

/Тот показал пальцем на недоеденный фрукт, говоря:/
-Хотите таких больше?

/Парень сложил кулаки вместе, говоря:/
-Значит мы можем объединиться, чтобы добыть еды на всех.

/После того показал на одного из обезьян, говоря:/
-С вами есть кто ещё или вы одни? Нам нужна толпа, я всему вас обучу.

/Сказал тот, демонстративно топнув ногой, скрещивая руки вместе, отчего поднялся грохот, показывая его серьезность./

|-----------------------------------------------------------------------------|","samin__","1544031346169479331"
"01.09.2026 09:53:48","ktoia","#6622","— Сиэль —

Сиэль быть может и обиделась бы на некоторые высказывания, но в овощном состоянии такого делать не приходится. Девочка продолжила лежать и пялить то на Юкитару, то на потолок, изредка моргая, пытаясь унять головную боль размышлениями.

> Так меня же выгнать хотели... Ме... Фашень, каким таким боком я здесь осталась? Он четко сказал, что ""выпроводит"" меня отсюда, а сейчас я на пике Юкитары... Может, Сяо что-то сказал? Или Яо? Мгх... Ну, явно же причина есть. Айййй... головушка. Кажется, я что-то забыла... забыла... кого то... м... А что там с Фэнгом?

Она глянула на Юкитару.

> Ай, ладно. Меня не прибили - значит его тоже. Может, максимум выгнали. Наверное... От Го ещё проблем наберусь, если его прибьют.

Перестав думать, Сиэлька слегка покряхтела и слабо кивнула, говоря:

— Да... спасибо, Юкитара... Слушай, а что случилось после встречи с Фашенем? Не знаешь случайно?","samin__","1543996515356516374"
"01.09.2026 10:39:27","biok_ymer","#9440","—Аполлон—
|-----------------------------------------------------------------------------|
Шел себе парень шел и даже сам того не понял, как почесывая голову отвёл её в бок, отчего удар прошел мимо(не ну а чё, 20). После заметив такое развитие событий тот недовольно взял в руки меч, что тут же зашевелился, на что он сказал:
|-----------------------------------------------------------------------------|

—Я надеюсь ты пытался прихлопнуть комара, однако промазал и чуть не попал в меня... Тебе что-ли так драться охото?

|-----------------------------------------------------------------------------|","samin__","1544035068715208714"
"02.09.2026 11:19:34","samin__","#2997","— Юкитара —

Услышав ответ, девочка подскочила с места и сделав пару шажков назад начала представление:

— Я конечно сама не видела, но когда дядька к тебе пришёл, весь мир взбеленился! Бах-Бах! Бу-у-ух! Там земля провалилась, тут яма, а во-о-он там фениксам прилетело. В общем весело!

Начиная размахивать руками и передразнивать действующих лиц, та продолжила:

— Как потом говорил дядя Сяо - ""Он переборщил"". Тебе черепушку вскрыли! Ну... или разбили. Зрелище то ещё на самом то деле. Будь благодарна, что откачать успели. Только дура Фэй была рада что тебя чуть не прикончили. Мэ-э-э... бука старая - ""По делом насекомому"". Ну вот и как так можно!?","ktoia","1544238831656501289"
"02.09.2026 11:43:33","samin__","#2997","|-----------------------------------------------------------------|
Промахнувшись, мужчина взглянул на ножны, а после быстро отскочил назад с неким недоверием смотря на противника. Услышав его слова, тот стал более серьёзным:

— Не горю желанием, но если я хотя бы не сделаю вид - мне голову открутят, так что выбора нет. Мэх... хотел закончить всё быстро, вырубить и выкинуть тебя с горы. Ну почему все идиоты любят всё усложнять...

Не дожидаясь ответа на риторический вопрос, мужчина обнажил клинок, быстрым движением ударив им по дуге о землю, поднимая пыль, устремляя её в сторону <@&1496355132990816256> , а после рванув в его сторону, обходя того с правой стороны, пользуясь прикрытием
|-----------------------------------------------------------------|","biok_ymer","1544250323793616940"
"02.09.2026 16:39:48","biok_ymer","#9440","—Аполлон—
|-----------------------------------------------------------------------------|
https://discord.com/channels/1495473722679754914/1495473983636897803/1544702370146029609 и https://discord.com/channels/1495473722679754914/1495473983636897803/1544702390114979940 , округляю и выходит (12-17 = 14.5, тобиж 15). А значит, он успешно избежал атаки, и меч парня врезался в тело что тут же растворилось, словно туман. Возле мужчины появилось несколько копий парня, на что все они одновременно проговорили:
|-----------------------------------------------------------------------------|

—Ну вот и зачем ты пытаешься драться, если у тебя и шанса нет? Я ведь тебе дал 2 шанса забыть этот момент, но нет, мы устраиваем цирк!

/После этого все одновременно стали атаковать парня сокращая дистанцию./

|-----------------------------------------------------------------------------|","samin__","1544628840394133524"
"02.09.2026 16:53:39","ktoia","#6622","— Сиэль —

Сиэлька слушала Юкитару с постепенно расширяющимися глазами. Когда та начала размахивать руками и изображать батальные сцены, девочка приподнялась на локтях, даже забыв про головную боль.

— Мне... черепушку... вскрыли? Мне... мне череп разбили? И я жива? Мхе...

Девочка осторожно приподняла одну ручку и провела той по голове.

> Да... появление этого дряного Фашеня помню, то что мне дали по голове - помню. А дальше? Я и умереть так могла... Мф... живая осталась. славно... Фэй ещё... это дракон какой-то?

Перестав тереть головушку, девочка опустила глазки на Юкитару.

— ... ... ... Да. Спасибо, но... я не до конца понимаю, почему я ещё в пределе.

Сейчас все мысли сливались к одной и лучше сразу напрямую это спросить у девочки.","samin__","1544622806627651614"
"02.09.2026 19:22:24","samin__","#2997","— Бибизьяны —

[На удивление](https://discord.com/channels/1495473722679754914/1495473983636897803/1544673106164191293) обезьяны поняли человеческую речь. Ну или как минимум основной посыл. Переглянувшись, те устроили небольшие переговоры:

— У-у а?

— А?

/Дал подзатыльник/
— А-А-А-А!

Оправившись от обычного ""способа общения"" обезьяна кивнула и жестом показала недо-собрату ""дуй за нами"". Они не казались плохими... скорее они даже были УМНЫМИ по обезьяньим меркам конечно же, ведь один из них даже взял палку, чтобы почесать свою спину ВОТ ЭТО ДА!","biok_ymer","1544044701395456000"
"03.09.2026 13:19:54","samin__","#2997","— Юкитара —

Девочка не особо и понимая смысла вопроса лишь бегло сказала:

— Так портал же закрылся

После произношения ясного как тень факта, та хмыкнула и продолжила нести фигню:

— Ну как жива... ты то может и умерла, только тут со смертью туго, так что выжила. Череп восстановили, душу поймали, плюнули, посидели и склеили. Как-то так. Убивать тебя незачем, да и не нужно это, выкинуть обратно дядька не смог, так что вот... ты и тут. Вообще можно было тебя перенести и к тёте Рио, но я пока что тебя к себе забрала. Как минимум дядька тебя вообще зрить не может, так что лучше тебе с ним не пересекаться","ktoia","1544706882243924088"
