Date,Username,User tag,Content,Mentions,Reply to
"20.04.2026 17:24:32","samin__","#2997","","","1494396671159832627"
"20.04.2026 17:39:23","samin__","#2997","— Джон —

Парень выглядел явно лучше чем при ""приходе"", понемногу отходя от промывки мозгов, однако услышав о ""ноже в спину"" приоткрыл глаза смотря на часики. А ведь его и вправду могло сейчас убить ЧТО УГОДНО. Часть про Лину, парень слушал не отрывая взгляда от часиков, а когда повисла тишина, тот посмотрел в угол, где лежал его церемониальный ножик... полностью искурёжанный ножик

Немного передёрнувшись, парень с рывком отслонился от стены, а после направился к ножику, попутно говоря:

— Вот из-за таких мыслей я вас и не понимаю. Нет, в моём мире тоже были манияки, только там всё было куда более... искуснее что-ли. Ужасов за свою рабочую практику наслушался немерено, но легче от этого не становится. Мэх... не нравится мне здешний контингент, чего греха таить...

Под эту фразу парень подошёл к ножу, подобрав тот с пола, а после попытался засунуть тот в ножны, однако тот был слишком искорёжен, от чего не смог поместиться в кожанный чехол. Цикнув на это, парень повернулся к Кертис, идя к той. Бросив нож на стол, тот слегка замялся, вспоминая что перед ним ВООБЩЕ НЕ ЧЕЛОВЕК, однако всё-же посмотрел в её глаза с некой усмешкой и хитрым прищуром, а после сказал:

— Но могу сказать вот что. Ты помогла мне, не пыталась ""убить"" да и беседу поддержала на достойном уровне, от чего ты по праву входить в четвёрку из тех, с кем я изволю говорить ""без фарса"". Нет, почти без него. В общем надеюсь на то, что ты сможешь ""угомонить"" наших маньячел, чтобы такого впредь не случилось

После сказанного, парень протянул руку, понимая что ему либо откажут, либо тот почувствует ""нечеловеческую"" конечность

||<@432206718848729089> ||","pizza9832","1495792289786892428"
"20.04.2026 21:59:01","pizza9832","#9089","__""Кертис""__

*Женщина лишь внимательно следила за движениями парня все время кося взглядом то на его походку, то на нож, который тот взял в руку*

-""Хм,а ты бы стал доверять мне если бы скажем так. Я бы не была так добродушна и не помогла тебе. Не хочу соврать, но на врядли Джон ты мне доверял"".

*Но затем уверенным взгляд Кертис пошатнулась как только тот протянул ей руку, а эхом раздавались его слова. Та слегка проморгалась, чтобы вернуться в сознание, а после с недоумением стала смотреть сначала на руку, а потом его лицо, но в конечном итоге не стала язвить как обычно. Лишь молча пожав руку, но при этом касание Кертис уже не было таким холодным как в прошлый раз*

-Ну если все пойдёт плохо, то я смогу наверное сделать из них зомби, чтобы они нам служили.

*После слов та стала слегка хихикать и улыбаться, а после прекратила это рукопожатие*","samin__","1495796027230392330"
"21.04.2026 13:53:17","samin__","#2997","— Джон —

Продолжая рукопожатие, парень ожидал чего-то худшего, однако это было не столь плохо. Улыбнувшись самодовольной улыбкой, тот слегка провернул руку, чтобы посмотреть на часики, значение на которых стало понемногу расти. Слушая слова Кертис, парень покачал головой и сказал:

— Доверие появляется из отношений, так что нет, если бы ты прошла мимо, я бы уж точно опасался тебя. Я и сейчас побаиваюсь, однако не забывай о том что я гений. Я понимаю сколько у тебя было возможностей навредить мне, от чего делаю вывод что тебе это попросту не нужно. Я начинаю понимать как работают иные миры. Вы убиваете столько хотите, а раз так, я последую вашему примеру. Я буду убивать столько, сколько мне заблагорассудится~

Сказав это, парень быстро освободил руку от рукопожатия и наклоняясь к собеседнице дал той щелбан, дополняя свою мысль:

— То есть нисколько. Таков мой выбор. И **пожалуйста** хватит мыслить столь жестоко, тебе это не у лицу. Договорились~?

Договорив, парень спрятал руки за спину расплываясь в добродушной, но при этом слегка жуткой улыбке","pizza9832","1495861364441350265"
"21.04.2026 19:20:12","pizza9832","#9089","__""Кертис""__

*Женщина лишь внимательно разглядывала парня внимая каждому его слову при этом будто пронося через свою голову все кричи боли и отчаянья тех кого уже нет в живых. Только щелбан от Джона снова вернул ее в реальность*

-""Ты желаешь следовать моему примеру? ""

*Голос женщины звучало больше встревоженно чем радостно. Хотя это даже вопрос было сложно было назвать скорее подтверждение для нее самой*

-""Эх, недогений ты даже моего настоящего лица не видел. А эту улыбку ты у меня позаимствовал? ""

*Кертис в ответ на колкость лишь коснулась носа Джона на долю секунды*

-""Так что пойдёшь искать Лину? Не против если я составлю компанию? ""","samin__","1496101516992450660"
"22.04.2026 13:24:28","samin__","#2997","— Джон —

Парень несколь не сопротивлялся когда его тыкнули в нос, стойко принимая этот акт ПОСЯГАТЕЛЬСТВА. Стойко выстояв это испытание, парень кивнул и развернувшись прокрутился пару раз отходя от Кертис и наконец остановившись ответил:

— Не преуменьшай мой гений. Вообще-то я и вправду гениален, а раз я так говорю - значит так и есть. Пф... хах!

Отвернувшись в сторону, парень вспомнил <@&1496356379513061526> :

— Ладно, общение с Линой дают свои последствия. Но искать её незачем, сейчас просто спрошу где она

Зыркнув на колечко, парень стал тщательно проговаривать про себя, пытаясь делая это как можно ГРОМНЕ:

> Связь: ДОБРОЕ УТРО ЛИНОЧКА! МЕНЯ СЛЫШНО?! ТЫ ГДЕ?! МЫ ТУТ ТЕБЯ ИЩЕМ!

Договорив, парень повис в ожидании ответа от контуженной девушки, от чего посмотрел на <@&1496354817927286844> , говоря той:

— Это кстати колечко связи. Могу одно дать. Полезная штука, позволяет связываться с остальными, даже сквозь миры. А что до твоего сопровождения, буду только рад! Кстати, не просветишь почему Линочка тебя ""боится как огня""?","pizza9832","1496183788647223346"
"22.04.2026 19:58:18","pizza9832","#9089","__""Кертис""__

*Женщина лишь вопросительно смотрела на парня не понимая, зачем тот орёт на кольцо, но а затем внимательно стала слушать объяснения при этом подойдя чуть поближе к нему*

-""Кольцо? А разве это не человеческие безделушки, которые те надевают на пальцы для красоты? Интересная технология или магия не очень понимаю.""

*Затем женщина наклонилась к руке Джона пытаясь внимательно рассмотреть кольцо*

-""Хочешь сказать эта маленькая штучка позволит мне говорить с другими даже а других мерах. Звучит как очень антинаучная вещь. Значит скорее всего магия. Однако я бы не отказалась от такого подарка полезного. Главное его не потерять случайно.""

*Но услышав вопрос про Лину сразу выпрямилась поправляя свой галстук при этом постыдно смотря в сторону*

-""А на счёт этого, просто она достаточно впечатлительная и когда тебе какая тетка говорит, что та не человек так ещё и уничтожила целую планету, где жили люди. Сложно не впечатлиться в самом плохом смысле.""","samin__","1496456652185014345"
"23.04.2026 19:34:37","samin__","#2997","— Джон —

Парень спокойно стоял, пока его  руку разглядывали, а после услышал объяснение, почему девочка боится тётку. От услышанного его брови направились друг к другу, встречаясь посередине, создавая некое выражение лица, которое можно было назвать никак иначе как хмурость. Выставив указательный палец перед собой тот начал им махать, как будто отчитывая ребёнка:

— И вот зачем упоминать о таком при ребёнке? Ты этим гордишься что ли?

В этот момент в голову Джона начали доноситься неприятные звуки, а именно - ор подружки. Тот скривил лицо, убирая палец терпеливо выслушивая её, однако ему в голову пришла идея. Тот посмотрел на часы и улыбнувшись снял колечко с пальца, отвечая Кертис:

— Проговаривать в слух не обязательно, главное представить что хочешь донести и кому. Интересная штука, хотя я и сам не до конца понимаю как оно работает. Хм... наверное сейчас

После сказанного парень надел кольцо и услышал ""СЕЙЧАС В ТОМ МИРЕ, ГДЕ МЫ БЫЛИ"" вновь снял и засунув руку в сумку достав от туда предпоследнее колечко передавая то Кертис, приговаривая той:

— Попробуй мысленно со мной связаться. Посмотрим что выйдет, если делать это на близком расстоянии. Заодно попрактикуешься

Надев колечко обратно, тот ответил <@&1496356379513061526> :

> ПОНЯЛ! ВЫДВИГАЮСЬ!","pizza9832","1496555763244732458"
"25.04.2026 11:25:11","pizza9832","#9089","__""Кертис""__

*Женщина в этот момент выглядела как ребёнок, который сделал шалость, но затем ее взгляд устремился прям на Джона, будто ещё немного и та сорвётся с цепи*

-""Буду честной... мне уже в жизни своего существования нечем гордиться... и я этим никогда не гордилась...а захочешь поднять эту тему вновь. Ты конечно можешь, но будет очень больно. Поверь здесь нечем гордиться или хвастаться.""

*Затем женщина сердито взяла кольцо с рук парня и надела его на свой безымянный палец*

-Хм, что хочешь донести....

*Затем Кертис начала думать о том, чтобы хотелось ей сказать Джону и это было...*

```Эх, сейчас бы сыра....он так вкусно пахнет, даже спустя столько лет помню. ```

*Затем женщина подняла голову на Джона слегка улыбаясь*

-Ну как услышал? Так куда мы направляемся?","samin__","1496912190219751454"
"25.04.2026 17:40:11","samin__","#2997","— Джон —

Парень с некой долей скептиза посмотрел на Кертис, явно недовольный таким еë ответом, однако отпустив ситуацию, тот кивнул, приговаривая про себя:

> Связь: И вправду хорошая штука, не так ли? А что до сыра... хм... сыр в том мирке я кажется видел в одной из лавок. Как минимум я видел выпечку, а значит и молоко. Хотя... мда... думаю того городка уже и в помине нет. Жалко его

После парень развернулся к двери, отвечая на вопрос:

— Идëм в другой мир! Вроде ты там ещë не была? Правда... м... в руины я не пойду... представляю сколько там трупов... мэ...

Парень явно стал относиться ко всему этому чуть спокойнее, хотя и сам в общем плане помрачнел в сравнении со вчерашнем его поведением. Кинув мимолëтный взгляд на Кертис, тот спросил:

— Как думаешь, есть ли причины, по которым убийства оправдаваемы?","pizza9832","1497513795868692531"
"27.04.2026 13:26:00","pizza9832","#9089","__""Кертис""__

*Женщина лишь последовала за Джоном, при этом сузив взгляд, когда речь пошла о трупах*

-""Хм, такой вопрос, а что это за мир. Можешь сделать небольшую историческую спра, чтобы я понимал как стоит вести с местными жильцами того мира. ""


*Затем женщина слегка затормозила смотря на мгновение в глаза Джона, понимая из-за каких действий могут прийти в голову эти мысли. Та лишь выдохнула и сказала...*

-""Здесь два варианта ответа, короткий или длинный начну с короткого... сразу скажу нет. Нету такого оправдания, которое бы смогло это оправдать. Не ты подарил эту жизнь и не тебе ее отнимать. Правда есть и длинный ответ. Оправдать можно все что угодно, главное, чтобы эта ложь была достаточно убедительной не для других, а для тебя самого. С такими маленькими шагами, ложь раствориться в правде. Как в религии, ведь эти убийства ради бога как они любят так говорить. 
Но это не значит, что ты не можешь искупить свои ошибки. Буду откровенна, я совершила много ужасного, ради своих призрачных целей. Я не останавливалась лишь потому не могла верить, что подобное может заслужить понимания. Однако я встретила одно существо, которое было похоже на меня и он искупил те ужасные вещи, что сотворил. Да убил он не мало, но он смог уничтожить гнев внутри себя и увидеть свет за горизонтом. Поэтому Джон если у таких как мы есть шанс на изменения, то он есть у тебя. ""


*Кертис снова посмотрела в лицо Джона с улыбкой. Без фальша или скрытых мотивов. Эта улыбка человека, который искренне хочет верить в то, что сказал*","samin__","1497608167180337274"
"27.04.2026 17:54:26","samin__","#2997","— Джон —

Парень с откровенной грустью слушал слова Кертис, думая что услышит нечто новое, однако быстро разочаровался. Для дальше по снежному лесу в уже известное направление, парень стал говорить себе под нос:

— Да не собираюсь я лгать. Всё это самообман, что тоже я не принимаю. Если кому-то так легче, то пусть этим и занимаются, но... не это не по мне. Раз даже ты говоришь что оправданий быть не может, значит придётся смириться. То что ты сказала - ничто иное как осознание содеянного, хотя даже это мне не подвластно. Мда... вынесение урока о последствиях действия - это весьма похвальный поступок, однако жить от этого уж точно не спокойнее. Возможно бы это и помогло, однако я уже знаю в чём фокус самообмана, так что его фактическая эффективность стремится к нулю... мда...

Кивнув на свои же слова, парень поднял взгляд на обычное по его видению небо ||(маны то он видеть не мог)|| и ответил на первый вопрос:

— Что до мирка... ну... в нём есть мана, люди, полу-люди, по моим меркам хотя и отсталое, но общество с хорошей инфраструктурой. Каких-то особой манеры общения не заметил, так что главное не говори что ты не человек и всё будет в норме. Так-же есть церковь и сама по себе вера, что пропагандирует равенство и свободу полу-людей с людьми, что как по мне полная чушь. Вроде как и всё. Ну... да, всё. А... точно, там же ещё нападение на город было. Вряд ли они отбились честно говоря. Против них вышла сама природа, в виде магических корней, так что посмотрим что там сталось. Вот теперь точно всё

Вновь посмотрев на часики парень цикнул и продолжил путь смотря себе под ноги, становясь всё мрачнее с каждым шагом, явно зарываясь в терзающие его воспоминания","pizza9832","1498268977686777997"
"27.04.2026 18:05:02","ktoia","#6622","— Сора Райдэн / Азазель —

Прошло достаточно времени, прежде чем мечница смогла найти нужную тропу, ведущую к порталу в её родной мир. Не колеблясь ни секунды она шагнула внутрь и вскоре оказалась в уже привычном Междумирье. Расслабленно оглядевшись по сторонам, Сора увидела знакомую картину: заснеженный еловый лес под красивым радужным небом. Здесь было куда спокойнее, чем в мире меча и не чувствовалось ни малейшей опасности. Но тут что-то привычно ёкнуло в голове. Девушка резко повернулась вбок и... увидела, как из-за портала выходит демон Азазель.

Та обогнула мерцающий проход и непринуждённо остановилась рядом с Сорой, излучая слабое, но ощутимое чувство опасности. Азазель подняла глаза на мечницу. Они посмотрели друг на друга, но Сора не особо хотела начинать разговор первой, поэтому инициативу взяла на себя Азазель:

— Погляжу, ты в добром здравии - чудно. Насколько я знаю, в том мире случились какие-то неприятности. Не поделишься?

Сора посмотрела на демона с лёгкой тенью скептицизма, затем отвела взгляд за её спину, примерно туда где находится особняк.

— Ничего особенного. Всё практически под контролем. Тебе ещё что-то нужно? У меня сейчас важные дела.

Азазель пожала плечами, хмыкнула и отступила на шаг, давая понять что не задерживает. Но как только Сора начала отходить, демон прочистила горло и резко добавила:

— Стоп, погоди! У меня есть простенькая просьба.

Она полезла в карман халата и достав маску, протянула её Соре:

— Пусть побудет у тебя. Очень полезная вещица. Потом заберу.

Сора взглянула на маску, потом на демона... и просто взяла её! Конечно, мечница относилась к этой рогатой с некоторым скепсисом, но они работали в междумирье бок о бок - какой смысл отказывать? Поглядев на деревяшку в руках, она закрепила её на поясе и кивнув, спокойно направилась к особняку.

Азазель проводила её взглядом и удовлетворённо усмехнувшись, отправилась заниматься своими ну очень важными делами.","",""
"28.04.2026 21:40:48","biok_ymer","#9440","—Айрис Янг—
|-----------------------------------------------------------------------------|
И вот спустя минувшую слабость грусть из-за потери, девушка по немногу стала успокаиваться и приходить в себя. Она встала с кровати и направилась на выход из комнаты. Как только она вышла та хотела была направиться к лестнице, однако услышала странный шорох со стороны одной из комнат. Что такого, просто следовало бы проигнорировать однако звук шёл из комнаты Элеоноры? Та с любопытством решила подойди и вслушаться.... Что там у неё происходило? Постучав в дверь и не услышав ответа, та дернула за ручку и дверь отворилась, на что та хмыкнула, открывая дверь и заходя внутрь в поисках того, кто шуршит и задаваясь вопросом:
|-----------------------------------------------------------------------------|

—Эм... Привет, кто тут и чего не отвечаем? Эля, это ты~? Хехе, чего тогда не выходим, случилось чего?

/И тут она уловила едва заметный, но все же ярко выраженный запах крови... Напрягаясь от данного известия та хотела было отступить, как в неё влетело нечто. Это была... Мива? Э... Нет, Люсинда? СТОП, ОНА САМА? Что это вообще за монстр, что схватил её за шею и приподнял над землёй? Монстр стал с силой душить её, а та не могла понять что происходит попыталась вырваться из хвата, взявши за руку монстра в попытках разорвать, однако четно. Так её тело стали покидать силы, на что зверь с удовольствием стал ухмыляться. Девушка смогла лишь приглушённо спросить:/

-А...г..гд..де...Э..Эл...ли..и..он...о..онор...а?

/Как только раздался данный вопрос монстр обомлел и его хват чуть ослаб, что дало девушке восстановить дыхание и тут же обхватить ногами её руку, заворачиваясь вокруг него. Пока сущность не понимала, что происходит девушка стала копашиться с трудом в своей сумке, откуда достав реагент швырнула в лицо твари, тут же отпуская руку и падая с грохотом на пол. Что дальше было девушка и не знала, ведь с сильным ударом по голове она потеряла сознание и как только пришла в себе, вокруге уже никого и не было./

|-----------------------------------------------------------------------------|","",""
"28.04.2026 21:40:51","biok_ymer","#9440","","",""
"28.04.2026 22:31:16","ktoia","#6622","— Сора Райдэн —

После неожиданной встречи Сора бодро шагала по снегу. Холод после климата её родного мира оказался даже приятным. Настроение на удивление было хорошим - вся та дрянь что творится в её мире, её не коснётся и скоро она увидит Айрис.

Но на полшага Сора замерла. Что-то кольнуло в голове - не физически, а ментально, как резкий толчок изнутри. Такое же чувство у неё возникало с Талласаром, когда Айрис угрожала опасность. Сора не стала размышлять о причинах. Ей плевать на объяснения - знак она получила и этого достаточно.

Она резко ускорилась, срезая через окольные тропы. Хорошо, что особняк был уже недалеко..... Подбежав к крыльцу, Сора рывком открыла дверь. В гостиной никого не оказалось. Недовольно хмыкнув, она поднялась на второй этаж и заметила приоткрытую дверь, где либо сейчас она узнает что случилось, либо найдёт пустую комнату.

Сора шагнула внутрь и увидела **Айрис** лежащую на полу. Вокруг - разбитое окно, кровь на кровати. Вот же дерьмо.

Девушка подскочила и опустилась на колено перед Айрис, осторожно коснулась её, стараясь, чтобы голос звучал ровно:

— Айри... ты цела?","biok_ymer","1498755882853339420"
"29.04.2026 01:31:32","biok_ymer","#9440","—Айрис Янг—
|-----------------------------------------------------------------------------|
На удивление девушка весьма быстро пришла в себя смотря протёртым взглядом на девушку, после чего распознав в ней сору улыбнулась, чуть потянувшись к девушке дабы обнять, после чего сказала:
|-----------------------------------------------------------------------------|

—Все хорошо, я в порядке. Да и кровь даже не моя. А ты чего тут делаешь или мне уже столь реалистичные ведения сняться? Если так то пожалуй хочу остаться с тобой подольше, чем с перевёртышом из дешёвого хоррора... Тут кстати трупа не было?

|-----------------------------------------------------------------------------|","ktoia","1498768584732573727"
"29.04.2026 12:12:22","ktoia","#6622","— Сора Райдэн —

Сора крепче прижала Айрис к себе, уткнувшись лицом в её макушку. Руки сами обвили плечи, притягивая ближе.

— Целая...

Она ещё несколько мгновений держала её, чувствуя, как постепенно уходит авящее напряжение. Только потом неохотно чуть ослабила хватку и слегка отстранилась, чтобы видеть лицо.

— Навестить тебя конечно же хотела. У меня есть важные дела, но нет ни одного, которое было бы важнее тебя.

— Трупа? Трупов я не видела. Я не понимаю, кто напал в итоге?","biok_ymer","1498813950245212221"
"29.04.2026 13:31:32","biok_ymer","#9440","—Айрис Янг—
|-----------------------------------------------------------------------------|
Девушка была рада такому вниманию, однако все же отстранилась от воителя осматривая окружения и не увидя трупа чуть задумалась, но все же вернула взгляд на Сору, говоря:
|-----------------------------------------------------------------------------|

—Оу, мило~. А я думала тебя ещё как минимум денечек не увижу и мне иногда везёт! А тут МММ, скажем произошла перепалка, меня тут душили, но как видишь цела, а значит я и сама могу защищаться хехе. Меня только смущает, что труп злодей не оставил после себя, отчего я не уверена что и вправду выйграла в этой борьбе...

-А кто напал? Ну... Сложно сказать и сама толком не поняла... Ну думаю монстр какой, а вот как он тут появился без понятия. Применил меня сюда звуком скрежета, а после схватил и начал душить. Ну и я его кислотой облила и тот исчез.

|-----------------------------------------------------------------------------|","ktoia","1498975223515582504"
"29.04.2026 18:04:49","ktoia","#6622","— Сора Райдэн —

Мечница поднялась на ноги и не сводя глаз с Айрис, ответила с лёгким скепсисом в голосе:

— Да... можешь себя защитить.

Она тут же вернулась к обычному тону:

— Но место здесь опасное. Мало ли кого сюда может закинуть, а потом ещё и монстры повылезают. Зря я тебя одну здесь оставила... Прости.

— Итак... ясно что всякая дрянь здесь водится. Но почему никто не пришёл на помощь? Ну, хотя бы тот же дрянной маг Сорналиэль... Удивительно, что эта штука вообще сюда пробралась. Кхм... Или она была внутри с самого начала?

Сора покачала головой.

— Ладно. Может, переместимся в место попригляднее?","biok_ymer","1498995144840708188"
"29.04.2026 18:57:38","pizza9832","#9089","__""Кертис""__

*Однако женщина слегка похлопала по затылку парня после его достаточно печального утверждения*

-""Так маленький гений будешь такие мысли прогонять в своей голове. В ней ничего светлого не останется. Да ты можешь цепляться за эти печальные мысли, но они тебя не будут толкать вперёд. Лишь добавят пару седых прядей в твоей голове. Смотри на мире шире или хотя бы следи как ты идёшь по снегу, а то мне снова предстоит вытаскивать тебя из сугроба.""


*Затем женщина вышла вперёд при этом развернувшись к нему лицом идя спиной вперёд*

-""На самом деле звучит как место, которое явно можно изменить. Может даже я смогу использовать свои навыки наконец-то. Не бойся, я предупрежу тебя Джонни, когда соберусь это сделать. Кстати такой вопрос почему ты вечно смотришь на эти часы или мне не положено знать на это ответ?""","samin__","1498336530069061772"
"30.04.2026 09:54:59","biok_ymer","#9440","—Айрис Янг—
|-----------------------------------------------------------------------------|
Бестия и сама стала вставать на ноги более детально осматривая свое окружение. Отчего она заметила разбитое окно и кровь на кровати, но не решаясь поднимать эту тему, та проведя взглядом по Соре замечая маску, за что и решила зацепиться:
|-----------------------------------------------------------------------------|

—Ну да, я так-то гений своего мира, с обычным монстром способна справиться. А ты как вообще поняла, что я была в опасности? И за что ты извиняешься? Мы же вроде как обговорили что нужно быть в силах разделиться, да и на тот момент у нас было разные дела. Но свои я так и не завершила в отсутствии Элеоноры и Селе...кхм, скажем случилась задержка. Пока нас тут не было, тут снова люди попропадали, вот тут никого и нет толком. Хотя дед и вправду удивительно что не пришел, вроде не так давно дала ему свою разработку и он как сквозь землю провалился, обещая её сломать. Неужто ещё не закончил...? Дааа, ну и твердолобый же.

-Ладно, давай смерти дислокацию. Куда пойдем? И... Мм, я тут приметив у тебя новый аксессуар на поясе, откуда эта страшилка у тебя?

|-----------------------------------------------------------------------------|","ktoia","1499063917555748966"
"30.04.2026 10:25:12","ktoia","#6622","— Сора Райдэн —

— Хорошо, ты права. Разделяться нужно уметь... А вот то, что люди всё ещё пропадают очень паршиво. Слишком часто это происходит. Может, тогда и этот Сорн пропал? Как бы я ни хотела его прибить, но он бы никого к дому не пропустил и сил у него в достатке.... Да и он говорил, что у него повсюду глаза... Мх.. В общем, да, непонятно.

Сора вышла из комнаты и медленно направилась в гостиную, продолжая говорить:

— В гостиной обстановка попригляднее.

— Аксессуар? А...

Девушка не сразу поняла, что имеет в виду Айрис, но вспомнив про маску, пояснила:

— Демон меня встретил возле портала - ну эта... беловолосая и рогатая. Передала, сказала - полезная штука, потом заберёт. Ну почему бы и нет? Я взяла. Хм... Как раз после того, как эта чертовка ушла, я и почувствовала что с тобой что-то не так. Знаешь, такое уже случалось на том острове эльфов. Не знаю как это работает, но помогает.

Сора повернулась к Айрис.

— Страшилка? Я бы сказала, что она забавная. За время странствий я и пострашнее вещи видывала. Ты кстати не знаешь, что это и в чём её польза?","biok_ymer","1499303036718157915"
"30.04.2026 10:46:39","biok_ymer","#9440","—Айрис Янг—
|-----------------------------------------------------------------------------|
Девушка шла следом за подругой, слушая, а после добрался поглядывая на маску:
|-----------------------------------------------------------------------------|

—Незнаю что за маска, но выглядит она жутко... Если уж она такая полезная, то отчего демон отдал её тебе, а не оставил себе? Странное это дело, лучше просто так не трогай её.

-Предчувствие? Весьма полезная вещь, только отчего она срабатывает только на меня? Интересно отчего вообще идётта сила? Нужно бы как-то изучить этот вопрос. Ну а сейчас не о делах, как там твоё дело в мире? Я думала там много дел.

|-----------------------------------------------------------------------------|","ktoia","1499310639405862953"
"30.04.2026 14:05:52","ktoia","#6622","— Сора Райдэн —

— Не понимаю твоего недоверия к ней. Обычная... ну... может, не очень масочка. Без понятия насчёт умыслов демона, но раз руки и ноги всё ещё на месте, значит предмет безопасен. В конце концов, я же не буду её просто так трогать.

Дойдя до гостиной, мечница кивнула в сторону дивана.

— Ну, да можно назвать это предчувствием. Без понятия, как и почему это работает, но после первого проявления мир я чувствую себя как то... мх... иначе? Не знаю, как описать: не хорошо, не плохо. Просто в какие-то моменты я могу предугадать яркие движения или что-то подобное. Конечно я и так могла, исходя из своего опыта, но... факт есть факт: оно появилось по непонятной причине. Ах, да... После появления у меня почти постоянно болит голова. Но ничего, я уже привыкла.

Она потерла затылок и продолжила отвечать на следующий вопрос:

— В моём мире начался период... как бы сказать... холодной войны? В общем, сейчас не видно ярких действий с чьей-либо стороны. Всё началось после осады Альмы. Лойд сказал, что у нас есть примерно неделя, прежде чем это продолжится. Не знаю, будет ли эта неделя спокойной на самом деле, но раз так - нужно пользоваться. Как раз к тебе зашла ненадолго, может на денёк. А потом нужно будет заняться делом... Предстоит найти одну интересную личность. Пока не знаю как, но разберусь.

— В итоге что? Без меня в Междумирье что то происходило, помимо того что люди пропадали и какая то... тварь завелась? Может, случились какие то ситуации или появились другие обитатели?","biok_ymer","1499316036694966364"
"30.04.2026 19:35:47","biok_ymer","#9440","—Айрис Янг—
|-----------------------------------------------------------------------------|
Прийдя в гостиную, та села на свободный диванчик и теребя ножками словно её не пытались не так давно убить, стала довольно рассказывать:
|-----------------------------------------------------------------------------|

—Ну слушай, как я пришла сюда я встретила несколько новых лиц. Я увидела странного недо-фембо-парня, в смокинге, что выглядит как девушка, зовут его Виз. Спокойный, мутный и как Сорн, но более тихий что-ли? Ну короче терпеть можно, но лишний раз придётся думать, как с ним говорить, чтобы не пойти на конфликт... Хм, ну он кажется более безучастным в этом плане чем Сорн, ну ты поняла. Потом там была девушка, милая такая на вид, зовут Лина и чему я не сказано рада обычный человек, однако явно у неё есть что-то, раз попала сюда, веселая, дурная, но морально обычный человек, отчего мне она нравится, надеюсь у неё сейчас все хорошо. Потом была МММ... Злая ведьма 2? Нуу, она более спокойная, но ощущается будто она своим существованием воздух душит... Спокойная, подозрительная и рассказала, что в своем мире человечества стёрла! Ха..ха... Поэтому я немного пугаюсь её. Однако она вроде как мила с детьми или по крайней мере со мной... Все же есть некие преимущества от кукольного личика хехе. Зовут её кстати Кёртис. МММ, ну после знакомства я хотела было мыться, но мужики заняли место, отчего пришло идти спать и уже на утро помыться где я и ""подружилась"" с Азазель после нашего ""недопонимания"" и мы обменялись планами. Она кстати кольцо не передавала? Как безделушку дать так сразу, а как то что нужно... ПФ. Ну да не суть, потом я вышла и увидела труп Селестии... Да и не простой, а блять изрезанный на патраха... Ну эмоции взяли вверх и тогда Кертис и успокоила меня и помогла её похоронить, ну а потом я пошла грустить в комнату, откуда выйдя меня и нашла тварина, вот и всё, а дальше меня встретили твои обнимашки хех...хм, если так подумать, то тут и вправду не безопасно хм.

|-----------------------------------------------------------------------------|","ktoia","1499366174654464130"
"30.04.2026 19:54:58","biok_ymer","#9440","—Виктор Кольд—
|-----------------------------------------------------------------------------|
И тут великий исследователь наконец открыл истину! Стене все равно на его потуги от ковырять проход и реакции на его богатырскую мощь оказано было минимально. Отчего тот недовольно фыркнула и поругавшись на своем языке оставил данную затею длинной в полдня и отойдя от кузни заприметил переговоры <@&1496354329676742667> с <@&1496357108331970590> . Где в незначай встал за диваном Айрис и стал понимающе кивать, будто он часть этой истории и группы в целом.
|-----------------------------------------------------------------------------|","","1499449198914043975"
"30.04.2026 21:59:21","samin__","#2997","— Джон —

Парень недовольно вновь прилезал заднюю часть своей причëски, а после улыбнувшись съязвил:

— Сказала смотреть под ноги та, кто идëт спиной вперëд

— Часики у меня просто необычные, понимаешь ли, я на пару со своей милой сестричкой необычные слегка, даже по меркам эльфов, вот я например вообще не вижу магию и полностью ею не владую

После парень поднял указательный палец указывая на радужное небо:

— Вот например для меня это просто обычное небо, тогда как для остальных - переливающаяся поверхность

— Я считаю что именно из-за этого отличия я и ""удачлив"". Как раз таки этот параметр я и отслеживаю благодаря часам и своими действиями влияю на него. Опасная штука, которая на самом то деле только усложняет нам с сестрой жизнь, однако и пользы можно получить немало. По своей сути это секрет, да вот только про него уже все прознали, так что не столь страшно

В этот момент парочка уже дошла до места, где и стояли порталы, от чего парень по наитию натянул очки на глаза, говоря Кертис:

— Кажется дошли, кстати во втором меня ещë не было. Хм...

Ой гнусные и грешные мысли полезли в блестящую черепушку этого паренька. Ой ужасные...","pizza9832","1499077211850936390"
"30.04.2026 22:03:38","ktoia","#6622","— Сора Райдэн —

Новые лица, труп, какая-то Кёртис уничтожившая человечество - обычный день в Междумирье, ничего удивительного.

Мечница дождалась, пока Айрис договорит и коротко ответила:

— Понятно. Виз, Лина, Кёртис... запомню. По рассказам всё было как-то спокойно, хотя на деле, наверное, нет. Хм... Раз эта Кёртис тебе помогла, то может всё действительно не так плохо с этими новенькими.

— Кольцо?..

Тут Соре пришло некое осознание. Она подняла руку и засунула её в один карман, потом в другой, потом в третий - у неё никогда не было одежды с таким количеством карманов. В итоге, недолго полазив, она всё же достала колечко, которое Азазель передала ей. Как хорошо что Айрис напомнила, что его нужно отдать!

Взяв кольцо Сора легко подкинула его Айрис, чтобы та уж точно поймала и добавила:

— Передавала, но запамятовала. Знаешь и сама хотела тебе его как-то... раздобыть. А то без связи паршиво, всё-таки полезная вещичка. Кстати, ты время от времени с Лойдом сообщайся, а то он совсем последнее время заработался. Вы же в хороших отношениях, насколько помню. А и...

В этот момент мечница заметила СЕРОГО ЧЕЛОВЕЧКА ВИКТОРА, который очень утвердительно и заинтересованно кивал. Сора несколько секунд молча смотрела на него, а потом устав спросила:

— А... этот в доме все это время был? И чего он тебе не помог? И... а... разве у него той глупой маски не было?

Да, Сора говорила о Викторе с Айрис, когда он стоял прямо рядом.","biok_ymer","1499454026440245298"
"01.05.2026 19:21:20","biok_ymer","#9440","—Айрис Янг/Виктор Кольд—
|-----------------------------------------------------------------------------|
Девушка неожидав, но все поймала кольцо и надела его на безымянный палец, красуясь тем перед самой собой, а после услышав странное известие о ком-то, та чуть опрокинула голову за спину, где увидела кривую улыбку Виктора, на что та округлила глаза и вскочила, ударившись голова о голову в парня и рывком опрокинувшись через диван, та встала на колено и показала пальцем на него:
|-----------------------------------------------------------------------------|

—А ЭТО ЧТО ЗА СТРАШИЛКА!? МУТАНТНАЧ ТВАРИНА МУЖИКА!!!

/девушка недовольно дёргала рукой показывая на парня, что чуть полагаясь вправил себе челюсть рукой и чуть похрустя позвонком надел на себя недовольную гримасу и показал фак в сторону девушки, говоря:/
-Я вообще-то даже не мешал и не обзывал тебя, мелкая ты подобие шлюхи! КЕРТЕРОБО, тебе повезло, что я регенирирую, иначе я бы и пострадать мог, Пизда ебанная!

/И тут бы началась перепалка, однако услышав вопрос от Соры, тот гордо достал из пояса противогаз, очищая глазницы и говоря:/
-Хехе, во первых я его не до конца проверил на работоспособность после починки, а во вторых в нём душно, зачем мне ходить там где пока безопасно, в полной защите? Но он со мной! И э, лучше чем показывать свое великолепное лицо просто так. Вам не понять, ведь вы никогда не скрывали свое великолепие защитой по нужде.

|-----------------------------------------------------------------------------|","ktoia","1499486405410164797"
"01.05.2026 21:39:46","ktoia","#6622","— Сора Райдэн —

Мечница не удивилась их реакции - она ожидала чего-то подобного... хотя без испуга. Её удивило другое: то дерьмо, которое потекло изо рта Виктора в сторону **Айрис**. Челюсть челюстью, но слова он подбирал такие, что Сора мигом помрачнела. Девушка медленно поднялась с дивана, положила руки на бока и глядя на обидчика заговорила холодно, но с примесью гадливости:

— Ты бы лучше своё обезьянье лицо за этим дерьмом и прятал, вместо маски. Какая защита? Ты о чём вообще? И за выражениями следи, упырь.

Сора перевела взгляд на противогаз, который Виктор с такой гордостью демонстрировал и слегка скривилась:

— Маска у тебя - полное дерьмо. Даже та, что у меня на поясе и то лучше - смешная хотя бы. А твоя - жалкая.

— И не смей больше так выражаться в моём присутствии. Понял? А то тебе твоя регенерация не поможет....","biok_ymer","1499807949999178000"
"01.05.2026 21:59:41","pizza9832","#9089","__""Кертис""__

*Женщина лишь после замечания Джона начала идти нормально и лишь смотрела на него кося голову в его сторону*

-""Хех, твоя правда, а может у меня глаза на затылке? Ты говоришь что все другие видят, но я тоже вижу небо, очень красивое небо. Как бы его видел каждый обычный человек. Так получается для тебя эти часы своего рода костыль, закрывающий недостаток понятно.""

*Однако Кертис резко остановилась перед порталами, будто слегка недоверяя тому, что не может прочувствовать напрямую*

–""Получается эта магическая штуковина перенесёт нас куда надо? ""

*Однако стоило женщине с интересом посмотреть на Джона как сразу увидела, что у него на глазах написано*

-""Ты задумал как будто великую авантюру. Не поделишься немного мыслями своими? ""","samin__","1499485328266887232"
"01.05.2026 22:40:41","biok_ymer","#9440","—Айрис Янг/Виктор Кольд—
|-----------------------------------------------------------------------------|
Арангутанг недовольно сдвинул брови вместе в недовольной гримасе, а после горделиво приподнял очки и надел противогаз, после чего взял в руки нож махая и говоря:
|-----------------------------------------------------------------------------|

—Вообщето очень стильно и безопасно! И как хочу, так и говорю ХЕРеХЕре. Да и она первая начала, даже ударила сука... Кхм, а маска у тебя максимум годиться на шутки, рябячество, а не ""крутая маска"" дууууура!

/Поставив две руки ладони у ушей и делая гримасу клоуна, тот стал обсмеивать Сору. Айрис же хотела было вмешаться вставая на ноги и подбирая нужные слова, однако Девушка была её быстрее./

|-----------------------------------------------------------------------------|","ktoia","1499842790044209354"
"02.05.2026 01:30:32","ktoia","#6622","— Сора Райдэн —

Когда Виктор начал строить рожицы и размахивать ножом, Сора медленно шагнула вперёд, заслоняя собой Айрис и положила руку на пояс.

— Дура, значит?

Она сняла с пояса деревянную маску, повертела её в руке, а затем поймав нужный момент, слегка приподняла подбородок.

— Давай проверим, что круче: твоя помойная банка на морде или моя маска, перед которой ты сейчас считай лысый позорник.

Сора сделала ещё шаг вперёд.

— И завали пасть! Тебе без разницы - ты и так страшный, хоть с противогазом, хоть без. Так что прекрати балаган, опусти нож и сделай одолжение - заткнись.

Закончив, девушка всё же надела маску дабы доказать что эта лучше. И спустя секунду та заискрилась..... ой.","biok_ymer","1499858119969214474"
"04.05.2026 14:07:37","biok_ymer","#9440","—Лиллит—
|-----------------------------------------------------------------------------|
И вот рыбина вместе с девочкой авантюристкой вышли из портала в морозную стужу, где девушка хмыкнула, говоря:
<@&1496356379513061526> 
|-----------------------------------------------------------------------------|

—Ну вот и вернулись. Кстати, а ты чего все время просматривала на свою руку? Ты будто ждала чего-то от руки, там что-то необычное или что?

|-----------------------------------------------------------------------------|","",""
"04.05.2026 14:11:17","biok_ymer","#9440","—Айрис Янг/Виктор Кольд—
|-----------------------------------------------------------------------------|
Девушка была в шоке с того, что сора мало того что пыталась переспорить обезьяну, так ещё и надев странную маску та стала буквально как ёлочная игрушка, отчего она недовольно поеосившись на парня запрыгнула на спину девушки и взявшись за маску двумя руками стала пытаться её снять(что было четно). А мужик же смотря на данную костяную ситуацию ухмыльнулся и убрав нож принялся наблюдать за данной картиной.
|-----------------------------------------------------------------------------|","ktoia","1499900863320162495"
"04.05.2026 16:54:21","ktoia","#6622","— Лина —

Спокойно найдя портал и выйдя из него, Лина задумчиво потерла подбородок, а затем, услышав вопрос, обернулась к акуле, отвечая:

— Да нас вроде встретить должны были... М-м-м... Может, разминулись?

Потупив взгляд в акулу, Лина осознала, что может созвониться с <@&1496354710934917322> :

> Лучшая, Легенда, Герой, Визенок, Попаданка, Любимка, Еда, Йоу: **ДЕЕЕЕЕЕЕЕЕЕЙВИИИ! АЛЕЕЕЕЕ!!!!!!** кхм. Где вы? Мы уже вышли из портала.","biok_ymer","1500816164589404160"
"05.05.2026 02:26:09","ktoia","#6622","— Сора Райдэн —

Сора откровенно говоря не понимала, какого хрена происходит. Да и смысла понимать особого не было - нужно было ОТЛЕПИТЬ ЭТУ ШТУКУ С ЛИЦА. Горя как новогодняя гирлянда, она резко подняла свободную правую руку и вцепилась в маску, пытаясь сорвать её. УВЫ - не получилось. Даже используя все свои немалые силы.

В какой-то момент сквозь поток боли она почувствовала глухой стук у себя на спине. Напряжение нарастало, разливаясь по каждой частичке тела, принося что-то сравнимое с болью и тут же исцеляя - почти одновременно. Но в какой-то миг напряжение начало переливаться через край, становясь невыносимо сильным. Понимая, что сейчас произойдёт какая-то нездоровая фигня, Сора резко перестала пытаться снимать деревянную хреновину с лица. Вместо этого она схватила то, что оказалось у неё на спине и с силой швырнула в сторону.

И конечно, когда она откинула Айрис на диванчик, Сора БАХНУЛА вспышкой, поднимая чёрную дымку. А когда та начала оседать и рассеиваться, на полу плашмя лежала девушка. Руки раскинуты, из носа течёт тонкая струйка крови. Взгляд у неё был какой-то пустой, отсутствующий. Видимо девушке нужно немножко время, чтобы прийти в себя.","biok_ymer","1500817089580109854"
"05.05.2026 13:50:07","biok_ymer","#9440","—Айрис Янг/Виктор Кольд—
|-----------------------------------------------------------------------------|
Девушка не в силах сопротивляться силе отлетела в диван, отчего тот чуть хрустнул, однако выдержал силу удара, останавливая Айрис на нём. Мужик же понимая что шоу закончилось чуть подошёл, дёргая ту ногой, проверяя, живая та или нет.
|-----------------------------------------------------------------------------|","ktoia","1501002024765100093"
"06.05.2026 00:55:01","samin__","#2997","— Джон Дейви Харрис —

|| Сука, совсем забыл про этот пост ||

Парень хотел было ответить <@&1496354817927286844> , однако тут его ГЛУШАНУЛИ. <@&1496356379513061526> с <@&1496354165293715487> вышки с другой сторонв портала, встав спиной к нему. Фатальная ошибка! Покривившись от крика прямо в его сознание, тот улыбнулся ещë более зновеще и показав 🤫 ответил <@&1496356379513061526> максимально громко, чтобы его шаги было сложнее услышать:

> ДА ИДУ Я, ИДУ! ТЫ ХОТЬ ПОНИМАЕШЬ КАК СЛОЖНО ТАЩИТЬСЯ С НЕЛЮДЕМ НА ХВОСТЕ? КСТАТИ, Я ЗНАЮ ТЫ ТАКИХ БОИШЬСЯ, НЕ ПРАВДА ЛИ?

Забивая уши подруги, тот крадучись маскировал криком свою поступь по снегу, а как только договорил - положил руки на плечи девочки и выдавив голос максимально низко, хрипло проговортл:

— А вот и ты..!","ktoia","1500858125765578913"
"06.05.2026 08:59:15","ktoia","#6622","— Сора Райдэн —

Сора лежала на полу, чувствуя, как тело медленно возвращается под её контроль. Гул в ушах постепенно стихал, сменяясь глухой, ноющей болью в затылке. Она моргнула пару раз, фокусируя взгляд на потолке. Потом наклонила голову и уставилась на ботинок Виктора, который бесцеремонно тыкал её.

Девушка устало начала подниматься на локтях, прохрипев, будто она не пользовалась голосом несколько дней.:

— Себя потыкай...

Руки дрожали, перед глазами всё ещё плавали чёрные пятна. Она села, провела ладонью по лицу и с лёгким недоумением уставилась на красные разводы на пальцах.

— ...Кровь?

Сора тряхнула головой, отгоняя остатки тумана и снова взглянула на Виктора. Образ был смутно знакомым, но она сейчас не могла вспомнить кто это. Чуть повернув голову, она перевела взгляд на другой живой объект в комнате - Айрис. И в этот момент что-то щёлкнуло. Не отдавая себе отчёта, Сора резко встала на ноги, удержав равновесие и с непонятной пугающей решимостью приблизилась к девушке почти вплотную. Она посмотрела на неё - долгий, изучающий взгляд. А затем, не сказав ни слова, подняла руку, взяла незнакомку за подбородок и чуть склонив голову, поцеловала ту. Поцелуй вышел достаточно нежным, однако быстрым, ведь Сора потом отстранилась. Сделала шаг назад, замерла и уставилась на Айрис с выражением искреннего недоумения, будто она это сделала. 

Она покачала головой, мельком взглянув на Виктора, затем рукавом вытерла остатки крови с лица и наконец произнесла:

— Что вообще здесь происходит? И...

Она снова перевела взгляд на Айрис. 

— кто ты такая?

В её голосе отчётливо чувствовалось замешательство.","biok_ymer","1501174147110273104"
"06.05.2026 09:09:56","ktoia","#6622","— Лина —

Лина вздрогнула всем телом, когда голос Джона громыхнул прямо в голове. Она поморщилась, зажав уши ладонями, будто это могло заглушить внутренний шум.

> ТИШЕ ТЫ! Я и так слышу, не глухая!

Она уже хотела добавить, что-то про нелюдей, НО!

**Чьи-то тяжёлые руки легли ей на плечи.** Лина замерла на долю секунды - **внутри всё оборвалось.** А затем раздался хрипучий низкий голос.....

**Лина завизжала.**

Не просто вскрикнула - завизжала так, что снег с ближайших веток осыпался вниз. Она дёрнулась, замахала руками, словно отбивалась от невидимого врага и пятясь, споткнулась о собственные ноги. Ещё секунда и она лицом с размаху плюхнулась в сугроб, взметнув в воздух облако снежной пыли........ и... кажется стихла... мх.... Притворилась трупом?

||<@&1496354817927286844> <@&1496354165293715487>  ||","samin__","1501341477144363110"
"06.05.2026 13:12:57","pizza9832","#9089","__""Кертис""__

*Женщина не стала останавливать парня от его грустного плана, а лишь следила из-за плеча за шоу. После того что случилось Кертис пришлось аж прикрыть уши ибо визг <@&1496356379513061526> чуть не взорвал ей уши в переносном смысле. После этого та развернулась убрав руки обратно на пояс. Также вследствие обойдя портал  женщина подошла к <@&1496354165293715487> <@&1496356379513061526> <@&1496354710934917322> при этом слегка хихикая*

-Хе-хе а ещё  меня судил за то что я детей пугаю. Однако честно скажу сразу не разочаровал ты меня. 

*Затем Кертис подошёл к Лине, которая была в сугробе, а после вытащила ее при этом продолжая ее держать в своих руках*

-Можешь не притворяться, я чувствую твой пульс на дистанции, а морозиться в сугробе незачем.","samin__","1501341477144363110"
"06.05.2026 13:17:37","biok_ymer","#9440","—Лиллит—
|-----------------------------------------------------------------------------|
Та с самого начала почувствовала чужое присутствие и хотела было откинуть того, кто подошёл к лине, однако воле случая(МОЕГО СКИПА СУКИ) она пропустила данное замешательство, допустив падения Лины в сугроб. Но все же не долго думая она схватила <@&1496354710934917322> за подмышки и перевернув головой вниз запульнула в сугроб, а после подошла к <@&1496356379513061526> с <@&1496354817927286844> как ни в чем ни бывало говоря:
|-----------------------------------------------------------------------------|

—Кхм, не успела среогировать, ты как?

|-----------------------------------------------------------------------------|","pizza9832","1501527182319812718"
"06.05.2026 23:19:05","samin__","#2997","— Джон —

Парень довольный своей проказой хотел было ответить <@&1496354817927286844> , однако тут же поплатился. Его буквально воткнули головой в сугроб, что было для него неожиданно, но скорее раздражающе, нежели больно. Тот лишь расслабил тело, чтобы не сломать чего и принял участь, падая после этого как мешок с картошкой. Выплюнув снег изо рта, тот положил руку под голову как будто так и рассчитывал, делая вид что лежит не на до ужаса холодном слегу, а на пляже:

— Тьфу... ну... наверное справедливо, правда можно было уложить меня и нежнее, знаешь ли, не мешок с картошкой ворочаешь. А если бы я поранился, чтобы мы делали. Ай-ай-ай

Парню **определëнно** было не стыдно за свой поступок

|| <@&1496356379513061526> <@&1496354165293715487> ||","biok_ymer","1501528358998249493"
"07.05.2026 00:47:03","ktoia","#6622","— Лина —

Притвориться трупом в безвыходной ситуации - ну, это же гениально! Ну... если твой обидчик не трупоед. Или... некрофил. Кхм! 
В общем, Лина ни секунды не сомневалась в своей гениальности и свято верила, что её не тронут. Главное - чтобы Лилит поскорее разобралась со всем, а то так и заболеть недолго.

И тут - БУХ! Где-то рядом. А следом её... **начали поднимать**. Лина настолько офигела, что изо всех сил старалась не издавать ни звука. Даже не пищать. Глаза - закрыты. Если притворяешься трупом - будь добр, доведи роль до конца.

Но увы... Она отчётливо чувствовала, что её держат и не собираются отпускать. Более того её подняла... **КЕРТИС**?! Лина скривилась. Потом очень, **ОЧЕНЬ** аккуратно приоткрыла правый глаз. А следом - левый. И... увидела монстра. Она сглотнула, машинально потянула на себя кофточку, шмыгнула замёрзшим носом, выдавила из себя:

— Тётя... апутите...

Покасилась на Лилит.

— Да... всё... ОТЛИЧНО... 

||<@&1496354817927286844> <@&1496354165293715487> ||","samin__","1501679719769440416"
"07.05.2026 06:59:00","pizza9832","#9089","__""Кертис""__

*Женщина лишь улыбнулась на просьбу Лины, а следом осторожно поставила ее на землю при этом стряхивая рукой с ее плеч снег*

-Можешь не переживать, тетя Кертис не считает тебя съедобной.

*Затем Женщина развернулась к <@&1496354165293715487> и внимательно начала ее осматривать ее, явно заинтересована, что аж глаза зажглись от любопытства (не буквально конечно)*

-Оу, здравствуйте Юная леди. Вы друг для Лины. Меня зовут Кертис, а как мне к вам обращаться?

*В тоже время Кертис понимала, что Джон **опять** где-то в сугробе, а поэтому из её правой ноги начали издаваться какие-то шелкущие звуки, которые начали направляться в сторону <@&1496354710934917322> После этого того что-то вытащило из сугроба за шкирку, а на его воротнике, можно было увидеть отросток из мышц и костей с тремя пальцами. Щупальце из мышц, осторожно поставила Джон на ноги, а потом скрылась в снегу*

-Хм, вы достаточно сильная не смотря на свой рост, юная леди, но мне не привыкать вытаскивать этого парня из сугробов.","ktoia","1501701860959195147"
"07.05.2026 13:44:02","biok_ymer","#9440","—Айрис Янг/Виктор Кольд—
|-----------------------------------------------------------------------------|
Мужик в шоках смотрел как телки целуются, незная как и реогировать, а если учитывать тот факт, что женщина засосала ребенка, то вопросов становилось ещё больше... Айрис же и так не сильно понимала что происходит, пытаясь встать с дивана и тут её вновь прижала к дивану Сора, что приподняла ей голову и засосала...? Ну грех жаловаться, однако... В смысле Кто она!? Девушка сильно исказила гримасу в непонимании, говоря:
|-----------------------------------------------------------------------------|

—Всмысле кто я? Я Айрис Джил Янг или же та, с кем ты встречаешься вроде как... Неужто эта маска стёрла твою память? И, что у тебя с прической? Черт МММ...

/Девушка недовольно все же встала с дивана, осматривая ту со всех сторон и кружа вокруг, говоря:/
-Повреддений как таковых не вижу так что... Что ты последнее помнишь?

|-----------------------------------------------------------------------------|","ktoia","1501463337773568154"
"07.05.2026 13:56:47","biok_ymer","#9440","—Лиллит—
|-----------------------------------------------------------------------------|
Слепая направила голову в сторону <@&1496354817927286844> , не особо понимая, что перед ней стоит по вибрациям , но все же кивнув, та направила взгляд на скрежет, словно наблюдая за отростком, а после как этот отросток вытащил <@&1496354710934917322> та с немым вопросом вновь направила голову в сторону Кертис, но все же не решаясь что-то спрашивать, та направила голову обратно на <@&1496356379513061526> , говоря:
|-----------------------------------------------------------------------------|

—Ты их знаешь или это враги?

|-----------------------------------------------------------------------------|","pizza9832","1501795465505673396"
"08.05.2026 08:23:12","ktoia","#6622","— Сора Райдэн —

Сора растерянно смотрела, как Айрис кружит вокруг неё. Её взгляд бегал за девушкой, пока та осматривала. Однако когда та в третий раз начала вокруг обходить, то мечница сфокусировала взгляд перед собой.

— Айрис... Джил... Янг...

Имя отдавалось чем-то тёплым где-то в груди, но разум не сильлно цеплялся за по всей видимости что-то знакомое. Она задумалась, пытаясь собрать воспоминания хоть в какую-то связную картину.

— Последнее, что помню. Я была в кабаке. Нет, стоп... Это было, наверное, недели две назад... Или одну... 

На секунду замолчала, явно путаясь в собственных мыслях. 

— Потом... да, я была здесь. Что-то с мирами... ммм...

Она потёрла виски, пытаясь механически вытрясти из головы нужные воспоминания.

— А! Помню Ведьму. Злющую до чертиков. И ещё несколько лиц... достаточно много лиц... Вся какая-то муть, обрывки. Ам......

Девушка отвела взгляд на маску, потом опять на Айрис.

— Смута.... То есть я маску надели и....?.... 

Глянула на себя, ничего нового не увидев опять на Айрис.

— Будто меня впервые видишь... Хм.. Так подожди.Ты говоришь, мы встречаемся? /Нахмурила брови/ Тогда... докажи. Потому что я почему-то помню, что люблю тебя, но абсолютно не понимаю - за что. Ничего личного. Просто... факты не сходятся. Знаешь, я не из тех, кто вообще кого-то выбирает. А тут - на тебе, любовь с первого взгляда, которой я не помню. Странно, правда?

Сора замолчала, выжидающе глядя на Айрис. Её лицо выражало смесь скепсиса, усталости и искреннего желания разобраться в происходящем, а не просто плыть по течению чужого рассказа.","biok_ymer","1501897394793746513"
"08.05.2026 10:16:14","ktoia","#6622","— Лина —

Лина получила дозу мурашек от улыбки Кертис, но её... отпустили! **Победа**!!! И даже не пришлось становиться трупом по-настоящему.

Когда её отряхнули, она сделала пару быстрых шажков в сторону Лиллит и стараясь не смотреть на цокающие штуки в снегу, начала переглядываться то с Кертис, то с акулой. В голове крутилось: если она скажет, что они враги, то акула нападёт на них? Хм... ну она сильная, но эта... ээээ...

Лина тряхнула головой, отгоняя навязчивые мысли и указала на Кертис и Джона.

— Они не враги... А этот дебил - друг... Был другом, пока не захотел, чтобы я ПОМЕРЛА от сердечного приступа! Да, ДЕЙВИ? 

Повысила голос и топнула ногой. 

— Я сама тебя сейчас прибью! А...ааа..аа АПЧХИ.

Вытерла лицо рукавом.

||<@&1496354710934917322> <@&1496354817927286844> ||","biok_ymer","1501900601024315433"
"08.05.2026 11:07:34","samin__","#2997","— Джон —

Парень начал убеждаться вчсë больше и больше что он на столько притягателен, что даже снег не может перед ним устоять, правда почему-то он по воле случая оказывался в нëм, а не наоборот

Когда его что-то начало тянуть за шиворот, тот ничуть не сопротивлялся, понимая что это всего лишь какая-то мерзость. Как только его вытянули, тот встал на свои двои и показав большой палец Кëртис ответил:

— Спасибки, всегда меня спасаешь в неравной битве с охлаждëнной водой. Ух! Я аш взбодрился!

Переведя взгляд на дующуюся девочку, тот лишь ехидно улыбнулся:

— Ну почему так грубо? Я вообще-то с самого утра, если не считать пары моментов, думал где ты. Ну... и хотел перехватить тебя быстрее чем один до ужаса противный ангел... мда...

Поправив халат, парень посмотрел на <@&1496354165293715487> и с некой заинтересованностью произнëс:

— А это ты где подцепила? Гости из того мирка?

Кажется тот вовсе не обратил внимание на то, что его действия стояли всем присутствующим немалых нервов

|| <@&1496356379513061526> <@&1496354817927286844>  ||","ktoia","1502207486059610203"
"08.05.2026 15:10:24","biok_ymer","#9440","—Айрис Янг/Виктор Кольд—
|-----------------------------------------------------------------------------|
Девушка остановилась возле маски, и взяв ту на руки та недовольно хмыкнула, а после закинула её в рюкзак, оборачиваясь к Соре с неким скепсисом, говоря:
|-----------------------------------------------------------------------------|

—Амнезия с неким изменением мировоззрения? Раньше ты бы предпочла не думать о том что не понимаешь и предпочла бы плыть по течению, по пути и разбираясь, что не так... Хм. Дьявола я так просто теперь не оставлю от ""теплой"" беседы... Так..

/Закончив рассуждения, та вновь подошла к Соре, всматриваясь в её глаза и говоря:/
-Неужто я звучу столь не уверена в своих словах? Хм... Как минимум я могу рассказать то, что ты мне рассказала про себя, дабы запуститься твоим доверием. Начнем с того, что...

/И тут девушка уловила любопытный взгляд Виктора, отчего недовольно глянув на того, показала на кольцо, говоря в него:/

""(Слово которое я не помню) Слушай, давай пока перейдем в мысленную беседу. При помощи этого кольца мы можем общаться без страха, что нас послушают, надо лишь вспомнить свое слово, отвечающее за его активацию и подумать о том, с кем ты хочешь поговорить. Кхм, а теперь начнем информационную справку...""

/Девушка чуть выдохнула, а после чуть печально уставившись в пол проговорила:/
""Ты жила в семье бывшего генерала армии деманов и девушки архангела, что решили оставить войну и жить мирно в отдалении от всех проблем. От их любви ты и появилась, что счастлива жила с ними, пока не прибыли прошлые друзья твоих родителей, что жестоко убили их, отчего взяв фамилией меч, что висит у тебя на поясе ты принялась мстить. Убив всех, кто стоял за этим инцидентом, ты потеряла всякую волю к жизни, отчего стала искать утишение в путешествиях и алкоголе, становясь авантюристом. Так ты и жила последние 10 лет? Точно не уверена, однако по окончанию твоих обычных дней ты попала сюда, в междумирье. Мы переместились вместе из разных миров и ты...ты спасла меня от смерти удушающего газа. В то время я была немного не в себе, после длительной коррозии от наркотиков, отчего мне было сложно сдерживать свои руки смотря на тебя... Какое-то время наши отношения были что-то вроде ""я тебя прикрою, но сближаться не планирую""... Так бы и продолжалось, если бы в один момент мы не стали открываться друг другу, что дало толчок для нашего сближения. Наше отношения поменялось на более теплые, однако до любви нам было далеко. После нескольких инцидентов связанных с междумирьем и твоим миром, мы прошли немалый путь вместе и в итоге ты стала отвечать мне заимностью и сама стала развивать наши не цельные отношения... Я думала что мешаю тебе, однако похоже ты попросту за многие года растеряла чувства привязанности и любви, отчего как только я смогла задеть твое сердце, ты решила попробовать зацепиться за это новое чувство... Так мы и начали встречаться и с тех времён мы поживаем взаимопонимании и симпатии. И не волнуйся, дальше поцелуев и обнимашек наши отношения не выросли, ибо ты настояла, чтобы я не сильно торопила события, что я уважаю... Ну а концовку ты наверное и так знаешь, ты надела маску, что тебе дала дьяволица и позабыла все...""

/Закончив свой рассказ, девушка вновь печально выдохнула, а после уставила взгляд на землю, предпочитая оставить уже решения по поводу сказанной ей информации самой Соре./

|-----------------------------------------------------------------------------|","ktoia","1502179041674006650"
"09.05.2026 09:25:22","ktoia","#6622","— Сора Райдэн —

Сора слушала рассказ с нахмуренными бровями. Действительно, странно. Всё, что она сказала, было неожиданным, но похоже она не врала - слишком много деталей, которые знала только Сора. В её слова верилось. Да и мечница действительно помогла бы нуждающемуся, если бы это было в её силах и не слишком сложно. Но полюбить? Что это за приключения у них были, чтобы дойти до такого? Мх..

По окончании разговора Сора глянула на кольцо и потерев его свободным пальцем, хмыкнула. Увидев, что Айрис опустила голову, мечница подошла на шаг ближе, приподняла её за подбородок и вгляделась в лицо. А затем отпустила, потирая свой подбородок.

— Ого... М-м... обойдёмся без кольца,

Сора прочистила горло и слегка отведя взгляд. 

— Такое я действительно случайному человеку не рассказала бы. Да и не случайному тоже. Значит, память стёрли? Так я помню почти всё до попадания сюда. Мхм... Ай, к чёрту.

Она снова посмотрела на Айрис.

— Даже не знаю, что сказать. Что могло взбрести в голову той, кого ты знаешь? Кхм... странно говорить так о себе. Просто звездец.

Из носа снова пошла кровь. Заметив это, девушка вытерла её и приподняв голову, добавила:

— Голова жутко трещит. Ты это... не подумай ничего такого и прости. Что-то я к тебе не нароком сама полезла. Не знаю даже, как на такое реагировать. Ты бы сама как среагировала, если бы тебе сказали, что у тебя память подтерли? И... это не вопрос. Мх. Ты говоришь так, будто я сильно изменилась. Какой я была?

Она замолчала на мгновение, потом махнула рукой.

— Впрочем, ай, ладно. Какие у нас с тобой теперь отношения останутся? Я, конечно, в шоке, но... я тебя не боюсь. И не ненавижу. Это уже что-то, наверное.

Сора сделала шаг, разглядывая Айрис уже спокойнее, изучающе.

— Вот ещё что... Если мы правда столько пережили вместе, значит, ты важный для меня человек. Даже если я не помню, почему..... Значит, я тебе доверяла. А это, знаешь ли, не каждому дано. 

Она потерла затылок, чувствуя, как боль пульсирует где-то в висках.

— Теперь вот вопрос: ты готова иметь дело с той, кто тебя не совсем помнит? Потому что я сейчас - это не та Сора, которую ты знала. Я даже сама себя не до конца понимаю. И если ты ждёшь от меня прежних чувств... их может не быть. Или они придут. Или нет. Я... я не знаю....","biok_ymer","1502281514593816617"
"09.05.2026 19:02:01","biok_ymer","#9440","—Айрис Янг/Виктор Кольд—
|-----------------------------------------------------------------------------|
Мужик понимая что сейчас происходит типичная драма махнул рукой и молча вышел из здания, предпочитая не слышать эту херню. А вот Айрис же внимала словам Соры и даже немного смущалась её открытости, но все же опуская голову ответила:
|-----------------------------------------------------------------------------|

—Я...мм... Я не буду тебя принуждать к чему-то, да и не могу тебя заставлять меня полюбить из ничего, но мои чувства никуда не уйдут... Я постараюсь придумать как вернуть тебе память, нужно поймать дьяволицу и узнать подробности о маске... Кхм и что ты имеешь ввиду вести дело с тобой? Я не понимаю эту формулировку. Если ты про то, что я тебя брошу лишь из-за того, что ты изменилась или забыла меня, то ты ошибаешься...

/Девушка чуть выдохнула, а после все же приподняв голову посмотрела на мечницу, говоря:/
-Раньше ты была более ""холодной"" или скорее скрытной. Тебя было весьма сложно прочитать и понять, но одно я знала точно, ты как и я прошла не простую историю, отчего и стараешься выглядит сильнее, чем есть... Наша общие проблемы в итоге нас и сблизили и если ты хочешь я...м... Я постараюсь не взаимодействовать с тобой лишний раз, чтобы не смущать тебя.

|-----------------------------------------------------------------------------|","ktoia","1502557075052564481"
"09.05.2026 20:01:50","ktoia","#6622","— Сора Райдэн —

Слушая Айрис, девушка держала руки на поясе, затем взглянула на меч, поболтала пальцем по рукоятке и опустив руки, наконец ответила:

— Ты не поняла. ""Вести дело"" - это не про сложность. А про откровенность. Я не хочу, чтобы ты ходила вокруг меня на цыпочках, гадая, что я сейчас выкину. Если я злюсь - я скажу. Если мне плохо - я тоже скажу. Если захочу остаться одна - ты об этом узнаешь....

Сора провела рукой по волосам, нахмурилась.

— Раньше я была холодной и скрытной... Возможно. Но ты же сама говоришь что я сейчас другая... Я не хочу чтобы ты мне пыталась угодить.

Она замолчала, разглядывая Айрис, потом отвела взгляд.

— Я не прошу тебя исчезнуть. Я прошу не ждать от меня того, чего я не могу дать. Чувства же не включаются по щелчку... Даже если раньше они были. Но это же не значит, что их не будет вообще?

Она развела руками.

— Давай без драм. Без ""я уйду, чтобы тебе было легче"". Если хочешь быть рядом - будь. Но честно. Без ожиданий. Без тайных надежд, что вот-вот я очнусь и всё вспомню. Может, и не очнусь. Может, эта новая я - это и есть я.... Тогда ты останешься с той, кого не знаешь. Или уйдёшь. Выбор за тобой... Хотя... Ты его уже вроде сделала...

Опять одной рукой взялась за голову ибо та стала опять покалывать.

— ух.. как же это странно... Голова болит... Ну... Ты меня услышала.","biok_ymer","1502702190597373973"
"09.05.2026 20:26:08","pizza9832","#9089","__""Кертис""__

*Кертис выдохнула, видимо от мысли, что <@&1496356379513061526> не натравила своего нового друга на него, после этого женщина подошла к Джону при это поправляя свою одежду и в особенности галстук*

-""Всегда пожалуйста, только пожалуйста не превращай это в привычку, ладно? ""

*Женщина после этого прикрыла глаза явно не особо слушая перепалку Джона и Лины, лишь иногда смотря на <@&1496354165293715487> . Особенно когда Джон сказал про нее **""это""**. Кертис не долго думая дала ему подзатыльник тыльной стороной руки с выдохом причитая*

-При мне так не выражайся юноша. У этой девочки вообще то имя есть...","samin__","1502220407023865987"
"09.05.2026 21:48:38","biok_ymer","#9440","—Лиллит—
|-----------------------------------------------------------------------------|
Незная как реогировать на подобный сарказм, рыба почесал голову, а после встала ровно скрестив руки вместе и направляя голову на голоса, что пытались перебить друг друга, та чуть фыркнув сказала:
<@&1496354710934917322> , <@&1496356379513061526> .
|-----------------------------------------------------------------------------|

—Ме, какие же вы громкие... Я Лиллит, а раз вы знакомы, делаю вывод что вы тоже тут обитаете. И я тут и так была, просто пошла поохооиться в эту вибро дырку... Или что там?

/Девушка с непониманием направила голову на портал, говоря:/
-Выглялит как пустота? Неважно. Если у вас тут какие-то странные разговорчики, я пожалуй пойду поем...

/После сказанного девушка направилась в сторону(как она думала) второго дома. На деле же, она направилась в случайном направлении, явно не понимая, что портал поменял её место ориентирования.../

|-----------------------------------------------------------------------------|","pizza9832","1502723359241277520"
"09.05.2026 22:05:22","ktoia","#6622","— Лина —

Лина потеряла нить разговора, не зная, кому и что отвечать. Однако она точно знала, чем сейчас займётся... Вот только та, у кого была вся еда, решила уйти без НЕЁ!

Лина быстро догнала акулу когда та стала только отходить, легонько схватила её за плечки и развернув в нужную сторону, говоря:

— Так, стоп! Нам не туда! А-а-а, туда! И ты это... делиться же нужно!

Она повернула голову к <@&1496354817927286844>  и <@&1496354710934917322> :

— Вы это... есть хотите? Мы пару тушек поймали. Если суп варить, то в принципе хватит на всех...","biok_ymer","1502744123948404746"
"10.05.2026 17:58:32","biok_ymer","#9440","—Айрис Янг—
|-----------------------------------------------------------------------------|
Девушка не поняла как разговор продолжать дальше(да и я тоже),  отчего кивнув умолкла, посматривая на кольцо, а после все же спросила:
|-----------------------------------------------------------------------------|

—Хммм, тогда я могу сейчас что-то для тебя сделать?

|-----------------------------------------------------------------------------|","ktoia","1502717243732267008"
"10.05.2026 19:23:32","ktoia","#6622","— Сора Райдэн —

Сора ждала другого ответа. Какого - она и сама не знала. Может, возмущения. Может, обиды. Но Айрис просто предложила помочь. И это... это было странно.

Мечница задумалась, глядя на девушку. Что просить? Что сейчас делать? Сидеть и ждать, пока память вернётся? Бегать по Междумирью в поисках демона? Мхмм...

Она потёрла виски, пытаясь собрать мысли в кучу.

— Сделать для меня... Не знаю. Честно. Я не привыкла, чтобы кто-то что-то для меня делал. Обычно я сама... ну, ты поняла.

Она замолчала, глядя куда-то сквозь Айрис и вдруг её взгляд сфокусировался.

— Хотя... знаешь, есть кое-что.

Сора выпрямилась.

— Мы сейчас пойдём в мой мир! Да, прямо сейчас. Без памяти сидеть и ждать у моря погоды - не моё. Мне нужно вернуться к делам. Раз тут случилось такое, то делать здесь нечего..... Может, что-то щёлкнет в пути. Что думаешь?","biok_ymer","1503048603453755522"
"10.05.2026 21:47:50","biok_ymer","#9440","—Айрис Янг—
|-----------------------------------------------------------------------------|
Девушка кивнула и хотела взять ту за руку, но передумав потеряло руку о руку и пошла на выход из здания, говоря:
|-----------------------------------------------------------------------------|

—Ммм, ну пойдем тогда...

|-----------------------------------------------------------------------------|","ktoia","1503069994639163505"
"14.05.2026 11:14:23","samin__","#2997","— Джон —

Парень не ожидал подставы от <@&1496354817927286844> , от чего чуть **вновь** не улетел лицом в сугроб. Устояв на ногах, тот быстро обернулся, явно недовольный тем, что его огрели ни за что! Вновь выставив указательный палец, тот начал отчитывать нелюдя:

— Ну вот и как мне было знать её имя, если та не представлялась? И что мы говорили о рукопрекладстве? Это у тебя привычка такая? Вот поэтому тебя дети и боятся ""строгая воспитательница"". Тебе же не нравится что к тебе так относятся, так и покажи себя ""дружелюбнее"". Всё, я окончательное перехожу от психолога в психиатра... честное слово!

Услышав про еду, живот парня как на зло что-то там пробурчал, явно намекая что вяленое мясцо было не самой приятной закуской для столь изнеженного тела, от чего тот посмотрел на <@&1496356379513061526> с <@&1496354165293715487> , говоря:

— Я всегда говорил что кто не работает, тот не ест, но если угощаете - отказываться не буду~. Плюс моя гордость не позволит вклиниться так просто... хм... у меня есть...

/Покопавшись в сумке, тот достал из неё склянку с непонятным содержимым, которое явно было весьма не опетитным/
— ВО! Специи!","",""
"18.05.2026 17:12:27","ktoia","#6622","— Сора Райдэн —

Они вышли из особняка и двинулись по снегу прямо к порталу. Сора не прятала руки в карманы, не ускоряла шаг - просто шла, глядя перед собой, вдыхая отрезвляющий холодный воздух. Тишина между ними была не неловкой, скорее тягучей. Минута. Другая. Однако спустя время мечница резко прервала зимнюю тишину вопросом:

— Я че, действительно по девушкам? 

Она не остановилась, но в голосе было: ошарашенность, смешанная с каким-то странным, неуместным любопытством.

— Не то чтобы я против, вернеее. Ммммм.. Просто... как-то странно. За все странствия ни разу такого не видела. Ну, чтобы девушка… по девушкам.

Она скосила взгляд на Айрис, потом снова вперёд.

— То есть мужики - понятно. Всё понятно. Сильные, удобные. В лесу не сдохнут, морду кому надо набьют. Иногда даже думают... В общем понятные.

Губы чуть дёрнулись в подобии усмешки.

— Хотя половина из них воняет, шумит и считает себя чем-то большем чем есть...

— Хм... Но девушки.... Ммх... А как ты то к этому пришла Айрис?","biok_ymer","1503106307648131223"
"18.05.2026 17:58:49","pizza9832","#9089","__""Кертис""__

*Женщина хоть сначала и улыбалась, слегка даже хихикая, но когда парниша начал на нее наезжать и даже кричать та с широко раскрытыми глазами смотрела на него. Рука же невольно сама прикрыла ей рот. Затем та начала перенаправлять взгляд на <@&1496356379513061526> и <@&1496354165293715487> с тушками. Это отвлекло ее голову от странных мыслей, а после не меняя позы сказала...*

-Ты первое живое существо, которое сказала мне что-то подобное так смело.... Обычно там, они боятся, что я их разорву на части или нашлю армию нежити все такое...ты впечатлил меня юноша, но боюсь если бы ты сказал такое кому нибудь другому уже бы лежал снова в сугробе.

*Затем женщина пришла в себя начиная поправлять свои волосы и следя за действиями Джона, когда тот вытаскивает какую-то склянку с неприятным внутри*

-Я удивилась, что тебя так растроила моя нежная пощёчина извини, постараюсь так не делать без крайней необходимости.","samin__","1504396449809698827"
"18.05.2026 18:37:13","biok_ymer","#9440","—Айрис Янг—
|-----------------------------------------------------------------------------|
Девушка обдумывала интересные темы, задание девушки. И вправду, а почему сора пошла на это? Про себя то она могла понять, а вот про девушку было сказать сложно отчего она решила ответить про себя:
|-----------------------------------------------------------------------------|

—Не могу знать наверняка, почему ты выбрала меня, однако за себя я могу ответить более развернуто. Дело в том, что мне мужчины сами по себе не особо нравятся, они стереотипны... Я бы сказал весьма предсказуемы и слишком очевидны. Скажем, мне больше симпозировали девушки, ведь они были мягкими и интересными личностями... Наверное это проблема моего миривозрения, ведь чаще всего во мне люди видят ребенка, нежели романтичного партнёра и чаще всего девушкам я своим характером чаще симпозировала, мужчинам же не особо было интересно что у меня внутри, а интересовал больше мой статус и финансы...

/Девушка выдохнул и решившись перевести тему посмотрела на измененный наряд, говоря:/
-Жалко только наряд твой сгорел, там был весьма красивый официальный наряд и мы вместе выглядели весьма аристократично хех... Нужно будет купить тебе новый наряд.

|-----------------------------------------------------------------------------|","ktoia","1505936109127860326"
"18.05.2026 18:41:47","biok_ymer","#9440","—Лиллит—
|-----------------------------------------------------------------------------|
С непониманием смотря на <@&1496354817927286844> та подумала подумала и увидив реакцию <@&1496356379513061526> поняла, что это и вправду были странные высказывания, отчего она спокойно подойдя к той подняла ту на руки и победала сломя голову подальше от этой картины, говоря:
<@&1496354710934917322> 
|-----------------------------------------------------------------------------|

—Что же, предлагаю ускориться. Куда бежать?

|-----------------------------------------------------------------------------|","pizza9832","1505947779183280268"
"18.05.2026 19:21:00","ktoia","#6622","— Сора Райдэн —

Сора хотела было продолжить - слишком уж гранитная непонятка засела в голове, но Айрис плавно перевела тему на одежду. Мечница мысленно отложила этот вопрос на потом. Вопрос никуда не денется.

Она скользнула взглядом по себе, потом снова посмотрела вперёд и покачала головой.

— А что с ним не так? Нормально всё. Удобно. В лесу не зацепишься, в драке не стесняет.

Она хмыкнула, чуть приподняв уголки губ.

— Я похожую одежду всю жизнь носила. Менять ради чего? Я не аристократка какая то. Я наёмница. Привыкла к тому, в чём можно ползать, бегать и если что убегать.

Глянула на Айрис, потом на её наряд и добавила:

— Мне такое... не... А вот тебе идёт. Серьёзно. Не знаю, что ты там носила раньше, но это... выглядишь огонь.","biok_ymer","1505957440058032230"
"18.05.2026 19:51:13","ktoia","#6622","— Лина —

Лина даже не успела толком обрадоваться специям, как вдруг... мурашки побежали по спине. Че это за женщина? Она покосилась на Кертис, потом на Джона, потом снова на Кертис. Бабку эту она точно не хотела злить. И видеть. И вообще с ней разговаривать.

Можно было бы что-то сказать и ретироваться, но не получилось - Лилит подхватила её на руки. Мир дёрнулся и Лина коротко пискнула, как мышь, которую схватили за хвост.

— А!?!?

Линочка бы попыталась вырваться, но акула неслась вперёд с такой скоростью, что у неё перехватило дыхание. Ветки свистели мимо, где-то впереди вырисовывалось ДЕРЕВО. Реакция очевидна:

— А-А-А-А! ЛИЛЛИТ! ТУДА! ТУДА НЕ НАДО! СТОЙ!!!!","biok_ymer","1505958591616516167"
"18.05.2026 20:22:14","samin__","#2997","— Джон —

Парень откровенно удивился мнимости <@&1496354817927286844>. Взглянув на часики, тот выдохнул и сказал:

— Ну... твоя правда, я бы валялся в одном из сугробов, только вот ты то не хочешь чтобы к тебе так относились, в отличии от того мага. Мэ. В общем я как дипломированный специалист должен тебя поучать. Просто не применяй насилие, даже в столь сдержаной форме без какой либо особой причины, только и всего. Я не надеюсь что вы будете вести себя как люди из моего мира, но...

В этот момент <@&1496354165293715487> схватила <@&1496356379513061526> . Парень наконец снял очки, поднимая их на лоб, вместе с глазами что лезли примерно туда же. Проведя рукой сверху вниз по своему великолепному лицу, тот сказал:

— Ну да... кому я это вообще говорю...

/Вновь повернулся на <@&1496354817927286844>/
— Ну и? Что делать будем?","ktoia","1505976063505993758"
"18.05.2026 21:08:30","pizza9832","#9089","__""Кертис""__

*Женщина лишь забавно наблюдала как <@&1496354165293715487> и <@&1496356379513061526> пытается от них сбежать, но краем же уха она слушала Джона при этом почесав свой затылок начала глядеть за тем как девушки пытаются понять куда им идти*

-Не смотря на все они действительно миленькие детишки, ты так не думаешь...

*Затем Кертис ударила себя по затылку будто снова возвращая себя в реальность от глупых фантазий или мыслей*

-Ах, да такой вопрос вы только супом питались все время, что вы здесь? В плане никто не умеет готовить?

*Затем Кертис направилась в сторону девчонок*

-А на счёт того, что именно делать нужно сопроводить девчат до особняка, чтобы они не врезались в ещё одно дерево.","samin__","1505983870498115826"
"18.05.2026 21:44:47","biok_ymer","#9440","—Лиллит—
|-----------------------------------------------------------------------------|
К удивлению <@&1496356379513061526> она не впечаталась в дерева и оббегала их беда напралом прямо в пару миллиметрах от деревьев. При помощи девушки та поняла в какую сторону бежать и быстрыми темпами дошли до особняка, где она уже остановилась, опуская девушку на ноги и вертя головой, сказала:
|-----------------------------------------------------------------------------|

—Эм, это и есть первый дом? А он большой... Даже полностью понять его размер не могу... Два...нет, три этажа?

|-----------------------------------------------------------------------------|","pizza9832","1505995515437776956"
"19.05.2026 04:19:22","biok_ymer","#9440","—Айрис Янг—
|-----------------------------------------------------------------------------|
Девушка все также непривычно было слышать к себе комплименты, тем более по поводу её женственности, коей было не так уж и много. Смотря на своё платье, та не понимала что в нём привлекательного, говоря:
|-----------------------------------------------------------------------------|

—Да я...эм... Я тоже не особо люблю подобные наряды. Однако мы подобрали наряды друг другу и решили вместе ходить так, чтобы быть наверное больше в одном стиле? Это сложно сказать, но мы у друг друга настоящи в смене наряда. Ты и сама та ещё красавица, но скрываешь свою утонченность в серых тонах и громких нарядах, что не раскрывают твоей красы... Но хех

/Тут девушка перевела взгляд на девушку, говоря с улыбкой:/
-Но ответ и наряд у тебя и вправду был такой же. Может ты и изменилась внешне и памятью, но характер твой остался тем же. Удобства превыше всего, тут и тогда думала больше удобством и нужностью, нежели красотой и нежностью. Я рада, что ты не полностью изменилась.

|-----------------------------------------------------------------------------|","ktoia","1505968460084019220"
"19.05.2026 10:57:13","ktoia","#6622","— Лина —

Лина стояла на твёрдом снегн, но ноги всё ещё подкашивались. В голове гудело, а перед глазами всё ещё мелькали деревья, которые они чудом не протаранили. 

— Ну... спасибо, что не убила. Хотя я только что, кажется, пережила всё заново.

Она подняла взгляд на особняк и присвистнула.

— Да домина вампиров большая. Кхм... А я видела только два этажа и подвал. Ну и ладно, **тебе виднее**.

Лина затопала внутрь.

— Айда в дом.","biok_ymer","1506004645430951978"
"19.05.2026 18:49:14","biok_ymer","#9440","—Лиллит—
|-----------------------------------------------------------------------------|
Заходя следом за девушкой в дом они увидели мужика <@&1496354420114456710> , что спокойно себе стоял над черным следом после какого-то взрыва, что с непониманием тыкал ногой по той, словно пытаясь что-то осознать.

Рыба наблюдая за неизвестным, спросила у <@&1496356379513061526> :
|-----------------------------------------------------------------------------|

—А он враг?

|-----------------------------------------------------------------------------|","ktoia","1506204066282475551"
"19.05.2026 19:38:08","samin__","#2997","— Джон —

Парень с неким неудовольствием спрятал ""специи"" в сумку, а после фыркнув начал путь обратно к особняку:

— Да вот как бы сказать... я тут сам сутки и питался вяленым мясцом, так что не уверен. Вообще если так считать, то тут было куда больше народу. Возможно они во втором особняке, но с момента моего ухода в ""другой мир"", я не вижу некоторых лиц. Хм... существ 10 пропало. Мэ... про парочку я осведомлён, но вот остальные - загадка. Так что поваров и вправду на сколько я понимаю нет

— Я великолепно могу сделать что угодно, но вот готовка... сестрёнка мне всегда говорила что я перевожу продукты, так что пожалуй к печи прикасаться я не собираюсь

Не обратив внимания что та снова применяет рукоприкладство, да вот только по отношению к себе, парень чуть ускорил шаг:

— Ежедневная рубрика с Дейви! Расспрос о мирах! У тебя на сколько понимаю мирок был без маны, учитывая что ты не знала о её существования? Неплохо... а что на счёт религии? Что-то такое припоминаешь?","pizza9832","1505995515437776956"
"19.05.2026 21:15:05","pizza9832","#9089","__""Кертис""__


*Женщина лишь продолжила идти слушая Джона убрав руки себе за спину выпремляя свою осанку, что будто делало ее слегка выше, чем она являлась*

-""Хм, вот как. Я умею готовить,но скажу так знания не мои, а чужие так что если будут нужные инструменты, я смогу сделать что-то большее съестное чем вяленое мясо или суп. Хоть мне самой есть особо не надо. Поверь ты не хочешь знать по какой причине.

*Однако когда Кертис продолжила слушать Джона после своих размышлений то с ее лица пропала улыбка, а глаза поменяли цвет на красный*

-Увы у нас есть настоящие боги или хотя бы что-то отдалённо, что оказывается в религии людей или других рас с которыми я сталкивалась. Их я называю ""создателями"". Именно они создали все существующие расы в моем мире при этом сами являющихся порождением вселенной, когда она только образовалась, приобретала форму. Так они создали нас ""Сенто"", а потом...

*С каждой секундой рассказ Кертис становился все более злым. Все больше ее голос начал становиться более грубым. Будто чужие голоса пытались вырваться из ее горла*

-Они выкинули мою планету в чёрную дыру... потому что испугались потенциала моего вида. Тогда я ещё даже ходить не умела когда это случилось....


*Затем голос полностью изменился,одновременно он был по прежнему женственным, но был и слышен мужской тон. Будто два голоса сплелись в грязный хор чужих страданий*

**-Так ответь мне мальчишка! Что лучше когда боги лишь вымосил или когда они существуют!?**

*Женщина была готова чуть ли не наброситься на Джона, но потом лишь закрыла глаза и злобно выдохнула через нос. А ее голос снова стал прежнем правда без радости или удовольствия, когда будто кто-то манатоно зачитывает речь*

-Правда сколько бы я не показывала свой гнев и ненависть. Это ни кого не вернуло. Поэтому прошу не повторяй мои ошибок.

*После этого Кертис продолжила путь дальше до особняка*","samin__","1506335161967706215"
"19.05.2026 21:57:07","samin__","#2997","— Джон —

Парень слушал слова подружки не смотря на неё, однако когда голос тал меняться, тот кинул пару многозначительных взглядов, но особо не обращая внимания, списал что это просто очередная странность, коих у Кёртис было достаточно

Чем больше тянулся рассказ, тем больше тот осознавал что нормальных людей сюда не попадает, а эта вообще конченая. Когда голоса смешались, тот и вовсе остановился, без эмоционально щурясь на нечто, пытаясь не выдавать эмоций, он даже пару раз за этот момент проверил часики, понимая что если так пойдёт и дальше, то он и помереть может. Не сразу, нет, но в схватку с ней он не хотел вступать ТЕМ БОЛЕЕ ИЗ-ЗА ПРОСТОЙ ФРАЗЫ. Ну или только по его меркам фраза была простой и незначительной

Когда нечто успокоилось и на связь вышла Кертис, собираясь идти обратно, тот хлопнул в ладоши прерывая повисшую тишину, попутно привлекая к себе внимание, а после спокойно и размеренно стал говорить:

— Слушай, я не знаю что значит ""чёрная дыра"", но звучит... не очень. Я не говорил что я за богов, скорее... они почему-то против меня, вот и интересуюсь, просто понимаю что твой мир я из своего ""списочка для переселения"", вычёркиваю

— Хм... мальчишка... меня так ещё не назвали. Моё мнение - вымыслов не возникает на пустом месте, но если бы они были вымыслом, я уверен что миры были бы куда лучше, хех... как и наши с тобой жизни. Нехорошо скидывать свои ошибки на других, но тут мне кажется что виноваты уж точно не только мы сами

Пожав плечами, тот пошёл дальше, проходя мимо Кёртис, тот слегка хлопнул её по плечу, говоря уже не поворачиваясь:

— Теперь я понимаю чуть больше. Если вдруг захочешь высказаться, мои уши и блестящий мозг в твоём распоряжении, только не жри их пожалуйста... ХАХ!

Парень не шутил... вообще не шутил... он и вправлу попросил не есть его мозги...","pizza9832","1506359558560551002"
"19.05.2026 22:55:49","ktoia","#6622","— Лина —

Лина только переступила порог, как взгляд упёрся в мужчину, который задумчиво ковырял носком ботинка обугленное пятно на полу. Она замерла на секунду, разглядывая этого типа, потом перевела взгляд на Лилит ответила:

— Этот? Вроде свой... вроде.... э....

Вспомнила про трупешник который этот перетягивал с вампиром и скривилась...

— Хотя этот дурной... ме.... м... Эй! А ты че делаешь?

||<@&1496354420114456710>||","biok_ymer","1506322855649083513"
"20.05.2026 00:21:53","biok_ymer","#9440","—Виктор Кольд/Лиллит—
|-----------------------------------------------------------------------------|
Акула не понимая что у чему просто встала направляя голову то на лину, то на неизвестного. Тот же в свою очередь заприметив компанию сделал детективную позу, говоря:
|-----------------------------------------------------------------------------|

—Мне кажется тут должна была появиться аномалия, но её тут нет, лишь остаток взрыва. А вы чего тут и чё это за мутант с тобой рядом? Я видел сегодня как женщина засосала ребенка, а в неё сука молния прилетела! Я видел многое, отчего это менее удивительное, что я мог ожидать.

|-----------------------------------------------------------------------------|","ktoia","1506384907855990884"
"20.05.2026 01:09:09","ktoia","#6622","— Лина —

— Аномалия? Взрывы? Чего?

Глянула на Лилит и на Виктора... Дослушав всю информацию Лина во первых похлопала Лиллит по плечу и заявила:

— Какой мутант?! Это вообще то моя подруга! Ну да не человек, с кем не бывает! Ты вот тоже серый... 

Глянула на черную отметенну на полу. 

— Блин. Меня не было часика два, а тут уже кто-то засосался и я это не застала... эх...

Тут она вспомнила что речь про женщину и РЕБЕНКА, по этому подняв взгляд удивленно сказала:

— А у вас тут ДЕТИ были?!","biok_ymer","1506406567933771826"
"20.05.2026 08:53:05","ktoia","#6622","— Сора Райдэн —

Сора не стала благодарить за комплименты в свою сторону ведь не особо умела их принимать, особенно когда они касались её внешности. Вместо этого она засунула руки в карманы и слегка ускорила шаг.

— Ладно, допустим, характер тот же, даже приятно что не полностью поменялась.... 

— И про наряд... я, конечно рада что ты не хочешь меня переодевать во что-то неудобное. Но раз уж мы всё равно идём в мой мир... может, там и подберём что-то, если понадобится. Но врятли сейчас.

Она криво усмехнулась, представив себя в чем то пышном.

— А что? Было бы забавно, наверное. Но не для моего кошеля!

Она замолчала, но тут достаточно резко нахмурились и спохватилась начиная быстро шастать по своим карманам..... ЧЕРТ! Не найдя ничего потерла затылок говоря:

— Я опять его потеряла....","biok_ymer","1506103944219463832"
"20.05.2026 09:13:00","biok_ymer","#9440","—Айрис Янг—
|-----------------------------------------------------------------------------|
Девушка немного удивилась резкому усилению шагу, ведь для высокой девушки как её это был простой быстрый шаг, а для лилипута как Айрис это уже был вызов, отчего покрепче схватившись за лямки рюкзака та стала бежать за той, явно не особо довольная резким занятием спорта, однако ничего про это говоря, та на ходу стала отвечать:
|-----------------------------------------------------------------------------|

—Ха, за, я в прошлый ха раз ха и так хах платила за тебя.. хах, с этим хах не будет хах проблем... А потеряла хах... Жетон? Ха... Я помогу хах, уладить этот хах вопрос. Удивительно что ха кольцо хах осталось на месте ха... А ты не могла бы ха... Немного ха...снизить ха...темп? 

|-----------------------------------------------------------------------------|","ktoia","1506535214229229690"
"20.05.2026 09:24:24","ktoia","#6622","— Сора Райдэн —

Сора услышала сбивчивое дыхание Айрис и только тогда заметила, что та почти бежит, чтобы не отстать. Она резко сбавила шаг.

— А... Ой, извини. Задумалась.

Она перевела взгляд на Айрис, потом снова уставилась вперёд, переваривая услышанное про то, что та платила за неё. А после сказала голосом в котором точно чувствовалась нотка неожиданности сказала:

— То есть... ты хочешь сказать, что я была нахлебницей?! Это... это не дело. Не то чтобы мне не нравится, но... мне не нравится. Мкхм... Ладно, на месте разберемся. Кстати, Айрис, а у тебя натуральный цвет волос?","biok_ymer","1506540226187886742"
"20.05.2026 09:26:10","biok_ymer","#9440","—Виктор Кольд/Лиллит—
|-----------------------------------------------------------------------------|
Лиллит все также нихрена не влупляя просто кивала на слова Лины, предпочитая не влезать в разговор где умных слов больше чем она слышала за всю свою жизнь. А Виктор же карикатурно скривившись сделал вид возмущения, а после стал тыкать на неё пальцем, говоря:
|-----------------------------------------------------------------------------|

—Вообжето я самый настоящий человек и единственный среди вас! Вот она вылетый мутант рыбы какой, а ты ну...я пока не вижу видных мутаций... Но это не означает, что ты человек! Кхе...ой, что-то я отвлёкся. Короче ,я пытался понять что будет с местом где произошла аномалия в этом месте, будет ли она разрастаться или меняться, однако это похоже на простое пустое место...

/Чуть разочаровано выдохнув, тот на последок пнул пол, а после сфокусировал весь взгляд на паре, говоря:/
-А ребенок? Ну, розовая такая... Хотя и та что засосала стала розовой... Может они сестры? Тогда это ещё хуже... Бух, ну и нравы тут конечно. А вообще, зачем тебе знать это? Ты чё этот, как его... Куколд?

|-----------------------------------------------------------------------------|","ktoia","1506418462283661486"
"20.05.2026 09:50:42","ktoia","#6622","— Лина —

Лина выслушала тираду Виктора и с каждой его фразой бровь поднималась всё выше. Когда он закончил, она выдержала паузу, а потом выпалила:

— Ты совсем опух?

Она упёрла руки в бока и обвела взглядом комнату, задержавшись на чёрном пятне, потом на Викторе.

— Ты тут стоишь, ковыряешь пол, рассуждаешь о каких-то аномалиях, а сам вообще ничего не делаешь! Я не удивлюсь если это ты дырку сделал! Прохлаждаешься под видом изучения чего-то, пока мы тут с Лилит делом заняты.

Она указала на Лилит.

— Это не мутант, это подруга!! И никакая я не куколд! Просто интересуюсь... Мх.. розовые волосы... Да и ты же про Айрис? Она то не ребенок, вроде... Мхм, Стоп... дети умеют обманывать... погоди. Я чё романтические советы давала ребенку!?!??!!!???

Задумчиво потерла затылок.

— Так, я потеряла нить разговора. То есть ТУТ ДЕТИ СОСУТСЯ????!??

Лина запуталась и забыла что тот говорит про женщину и ребенка.","biok_ymer","1506543541885861978"
"20.05.2026 14:02:46","pizza9832","#9089","__""Кертис""__

*Кертис не стала как либо продолжать диалог, а лишь стремительно продолжала идти в слегка даже сгорбленной позе. Однако продолжала слушать Джона. Затем та раскрыла глаза, которые словно стали голубыми. Молчащий взгляд лёгкого шока устремился на парня. Ведь вместо того, чтобы отстраниться он сказал, то что никогда не думала услышать вновь только из уст другого живого существа. Даже на мгновение, когда Джон ушёл вперёд и та уставилась ему в спину на секунду увидев на его месте кого-то другого, но потом лёгких хлопок по щеке вернул ее в чувство от всяких ненужных мыслей*


-Я не мертвец, жрать чужие мозги не хочу. Тем более такой проницательный разум. Говоришь, что никто не называл тебя ""Мальчишкой""?

*После этого слова Кертис снова стала улыбаться идя следом за Джоном уже более расслабленным шагом*","samin__","1506370135567634613"
"20.05.2026 20:27:57","biok_ymer","#9440","—Айрис Янг—
|-----------------------------------------------------------------------------|
Начиная приводить дыхание в норму начиная шагать, та послушала девушку, а после стала отвечать:
|-----------------------------------------------------------------------------|

—Кхм, вообще-то мы как пара можно сказать делились всем между собою. Я была головой, а ты силой. На мне были переговоры, на тебе защита. Мы дополняли друг другу, вот и не было проблем в том, что я платила за тебя, да и деньги у тебя долго не задерживаются... Ну если не хочешь не буду платить за тебя, на это твое право.

-Волосы? О, ты и в прошлый раз у меня это спрашивала одним из первых вопросов! Хехе. У меня эти волосы не естественные, они стали такими из-за одного опыта и после не менялись. Я считаю это искажением клеток ДНК волос, однако возможно случилось что-то большее, что я незнаю без оборудования хех. О и да, прости если буду говорить сложные слова, все же я учёный и часто могу забываться в своих словечках.

|-----------------------------------------------------------------------------|","ktoia","1506543096958287882"
"20.05.2026 20:31:59","biok_ymer","#9440","—Виктор Кольд—
|-----------------------------------------------------------------------------|
Мужик почесал репу, а после посмотря на след ответил:
|-----------------------------------------------------------------------------|

—Ну тут самурай взорвался надев маску, а потом стал такой же раздетой и розовой как твоя Айсрус. Вот и подумал, может они сестры...? Первым же делом как она очнулась засосала её, я в вахуе был с этого. И я вообще-то исследователь выжиыальщик из мира апокалипсиса и в аномалиях разбираюсь, отчего не надо тут на меня гнать. И этот, в смысле та девка не ребенок? А чё она мелкая такая? Хотя, наверное все равно, может тоже мутант гремлена какой...

|-----------------------------------------------------------------------------|","ktoia","1506549716219990026"
"21.05.2026 02:17:20","ktoia","#6622","— Сора Райдэн —

Сора замолчала на пару шагов, глядя перед собой. Вопрос про волосы был скорее попыткой отвлечься, но ответ Айрис заставил задуматься о другом....

— Вот оно что, хорошо... Хм... Значит, не крашеные... ДНК всякие. А по поводу деньжат.... уже сказала.

После мимолетной паузы, когда портал уже начинал виднеться Сора спросила:

— Айри, а как ты относишься к жестокости?","biok_ymer","1506710083990585576"
"21.05.2026 02:32:44","biok_ymer","#9440","—Айрис Янг—
|-----------------------------------------------------------------------------|
Увидив портал та остановилась у него, а после услышав странную тему непонимающе ответила:
|-----------------------------------------------------------------------------|

—Эм, нормально? Я не так давно из психушки так-то сбежала, да и из твоего мира острова культистов сбегала, это вещь в порядке вещей. Люди не могут без неё. Вот к примеру у меня был знакомый, что целый комплекс научный на этом построил, неприятно, но а я могу что-то с этим сделать?

|-----------------------------------------------------------------------------|","ktoia","1506798011714371664"
"21.05.2026 02:38:09","ktoia","#6622","— Лина —

— То есть... Старшая сестра засосала младшую?.. 

Лина потерла подбородок, задумчиво скривившись. 

— Ну слушай... Даже у меня таких испорченных мыслей нету, а поверь... Я смотрела почти все жанры...

Она махнула рукой, отгоняя мерзость. Сразу же за этим говоря:

— А я... А я... Генерал диванных войск, приятно познакомиться!

Выдержала паузу, потом добавила:

— А вообще, как тебя звать то, поедатель трупов? И прекращай уже всех в мутанты записывать, Айрис просто ростом видимо не вышла.","biok_ymer","1506711098118897787"
"21.05.2026 03:36:58","biok_ymer","#9440","—Виктор Кольд—
|-----------------------------------------------------------------------------|
Тот не особо понимал чё та несла, отчего подойдя поближе окинул ту с ног до головы, а после хмыкнув подошёл к креслу и сев на то проговорил:
|-----------------------------------------------------------------------------|

—Только что твой воин пал от моей задницы, крепись с этим. Меня зовут Виктор Кольд, мастер по созданию оружию и выживания, являюсь исследователем в группе, однако из-за малой организованности группы, занимаюсь своими делами. Вот к примеру видишь слякоть черную в той стороне? Пцтался процти внутрь, не особо вышло, вот теперь думаю чем заняться. Может рыбу на фарш пустить, не?

|-----------------------------------------------------------------------------|","ktoia","1506803250433626212"
"21.05.2026 11:49:46","ktoia","#6622","— Сора Райдэн —

— Понятно. Стоп, культисты? А?.. А! Эльфы? Будто бы что-то такое припоминаю...

Она потерла затылок.

— Да, вопрос странный. Просто хотела убедиться, что ты понимаешь, что может быть. Хотя... если ты знала меня прошлую... М-м... Не думаю, что я в этом плане хоть как-то могла измениться.

Сора взглянула на портал.

— Жестокости нет там, где нет ничего. Хм... Насколько я помню, я хотела что-то или кого-то найти.

Её взгляд упал на меч, и в голове что-то щёлкнуло.

— Точно, мне же нужен был этот кузнец... Пуф... Где бы его найти... А... М-м... Он может быть где угодно...

Она начала постукивать носком по земле, размышляя вслух:

— Чисто теоретически можно пройтись по местам слухов и пораспрашивать. Куда и где собирается весь сброд, который был везде в этом мире?.. Трактиры. Но обычные отпадают... Хм-м-м... Пираты? Они были везде, знают многое, может слушок через них и проходил о том кто нужен...

Она посмотрела на Айрис.

— Что думаешь, Айри? Идеи есть?","biok_ymer","1506801884009070674"
"21.05.2026 11:56:30","ktoia","#6622","— Лина —

Лина проводила взглядом Виктора, когда тот уселся в кресло и услышав про фарш, насторожилась, возмущаясь:

— Эй! Сколько раз повторять Лиллит не рыба, это моя подруга, между прочим! И тоже одна из тех кто сюда попал. Ты конечно Виктор мастер и исследователь, но если ты её хоть пальцем тронешь, я тебя самого в фарш пущу. Диванным войском.

Скрестила ручки, но потом покачав головой представилась.

— Я Лина, приятно что ли?? Хотя не очень. М... Ладно, мне с Лилит нужно кроликов разделывать. А ты сиди тут, изучай свою слякоть. Хотя...... А у тебя нож есть? Хотя на кухне должен быть.

Задумчиво взглянув в сторону кухни медленно туда потопала. ПОРА ГОТОВИТЬ!!!!","biok_ymer","1506818050916352021"
"21.05.2026 13:56:08","samin__","#2997","— Джон —

Поняв что ситуация опустилась, парень выучил новое правило других миров: ""Никогда не говорить с Кертис о религии"". Уводя разговор в более повседневное русло, парень кивнул говоря:

— Ну... что-то вроде того. Во всяком случае я не помню чтобы кто-то меня так называл. Я вообще мало что помню из детства или юношества. Разве что Эльви называла меня ""мистер"" по первой. Это было и забавно и странно одновременно. Хех... быть может и не стоит задумываться о днях минувших, кто знает...

Говоря эту фразу, парень сам себя вогнал в грусть, от чего тяжело выдохнул, думая что бы такого сказать в ответ, однако не придумал ничего лучше чем просто ускорить шаг, засунув руки в карманы:

— Девочки уже убежали далеко, так что предлогаю ускориться. Хм... а если так подумать, то из парней тут остался только я, Виктор, Готфрид и на пол шишки Виз. Странное это дело. Как будто это место не принимает присутствие славных парней","pizza9832","1506613149854335027"
"21.05.2026 16:52:52","biok_ymer","#9440","—Айрис Янг—
|-----------------------------------------------------------------------------|
Взглянув оценибвадим взглядом по мечу, та перевела взгляд на девушку, говоря:
|-----------------------------------------------------------------------------|

—Не думала, что тебя станет интересовать семейная реликвия. Как я знаю в солитере есть ещё деревня деманов, что как я понимаю из вашей истории застали войну с твоими родителями, отчего они также могут что-то знать. Но идея про пиратов думаю самая логичная, ведь что что, а эти обалдуи знают почти все, хоть и цена за это будет высока... Ты кстати ранее утверждала, что у тебя меч вроде как разумный, может и он чего скажет? Хотя, я и незнаю, как вы вообще общаетесь...

|-----------------------------------------------------------------------------|","ktoia","1506942068797210716"
"21.05.2026 16:55:05","biok_ymer","#9440","—Виктор Кольд/Лиллит—
|-----------------------------------------------------------------------------|
Не успев кинуть никакую колкость девушки удалились на кухню, где Лиллит уже крутя головой заприметила стол, на который и положила трёх кроликов, глянув на девушку и говоря:
|-----------------------------------------------------------------------------|

—Я могу разделать их, однако руками делать это будет сложно, где у вас тут что-то острое?

|-----------------------------------------------------------------------------|","ktoia","1506943762599772280"
"21.05.2026 17:37:41","ktoia","#6622","— Сора Райдэн —

Девушка кивнула и ухмыльнулась.

— Да… дела с пиратами вести - себя подставлять. Ну ничего, насчёт них разберёмся уже на месте, общий язык найти можно. Всё-таки думаю, лучше рвануть сразу туда.

На следующее откровение про меч она приподняла бровь и опустила взгляд на клинок. Сняв его с пояса, она оглядела клинок в руке и сказала:

— Утверждала, что меч говорит? Да... он необычный, абсолютно необычный. Но говорить? Мне кажется, твоя Сора с ума сошла... Кхм.

Слегка приоткрыв ножны, Сора посмотрела на клинок и спросила:

— Джигоку? А что ты думаешь, с чего начать?

Подождав буквально полсекунды, девушка скептически нахмурилась и перевела взгляд на Айрис.

— Ну... кажется, да. Я с ума сошла.","biok_ymer","1507018344967180299"
"21.05.2026 17:47:15","ktoia","#6622","— Лина —  

Лина поглядела на трупики кроликов, поморщилась, но всё же приняла как факт - кушать нужно. Слава богу, не она их будет ощипывать. Жалко, конечно, что нет супермаркета рядом. 

Услышав вопрос подруги, Лина приподняла указательный палец вверх, мол ""секунду"" и развернулась к шкафу. На удивление, нож нашелся быстро - все было аккуратно разложено, прямо все для людей! Жаль только, что пока Лина шарилась, немного красота пострадала. Но ничего, потом тот, кто это делал, всё поправит.  

Взяв нож, Лина протянула его Лиллит.  

— Во!  

Передав его и отойдя на пару шагов назад, она между делом вкинула:  

— Кстати, Лиллит, а тебе кто-нибудь когда-нибудь нравился?","biok_ymer","1507018904420225116"
"21.05.2026 19:46:29","biok_ymer","#9440","—Айрис Янг—
|-----------------------------------------------------------------------------|
Девушка пожала плечами на данный ответ и спокойно прошла в портал, после чего меч подал признаки жизнь завибрировав, а в голове девушки раздался неизвестный женский голос:
|-----------------------------------------------------------------------------|

—Следует пойти в Эльрин...

|-----------------------------------------------------------------------------|","ktoia","1507029621819052203"
"21.05.2026 19:50:33","pizza9832","#9089","__""Кертис""__

*Женщина лишь побежал вперёд слегка щёлкнув перед Джоном пальцем как будто подначивая при этом все ещё улыбаясь*

-Быстрее вот так? Меньше об этом думай иначе седые волосы появится и не заметишь как начнёшь говорить ""где моя молодость."" 

*Затем Кертис слегка замедлилась, чтобы Джон успел за ней*

-Лучше не думай, а лучше делай то, что делает тебя счастливым. Потом ещё скажешь:""Спасибо Кертис за такие мудрые и глубокие изречения, я никогда не забуду твои слова. ""","samin__","1506973867351216189"
"21.05.2026 21:20:04","biok_ymer","#9440","—Лиллит—
|-----------------------------------------------------------------------------|
Взяв нож девушка стала ощипывать и снимать шкуру с зайцев, слушая девушку та нахмурилась, говоря:
|-----------------------------------------------------------------------------|

—Ммм, у меня был тот кого я считала достойной быть моей партией. Он одалел меня в дуэли и я стала ему служить, однако он к сожалению был убит. Был ещё один парнишка ранее но там я бы сказала была больше симпатия, нежели любовь. К сожалению и он умер... Все люди коим я испытываю чувства живут не долго, отчего мне не следует об этом лишний раз думать.

|-----------------------------------------------------------------------------|","ktoia","1507032029739352114"
"22.05.2026 08:53:06","ktoia","#6622","— Лина —

Лина слушала и хлопала глазами, переваривая услышанное. Когда Лиллит закончила, она почесала затылок и выдала:

— Ну... жесть. То есть ты типа... роковая женщина? Только в печальном смысле, без бриллиантов и лимузинов.

Она прислонилась к столешнице, сложив руки на груди.

— Слушай. Не знаю, кто там был и как всё случилось, но... это не значит, что ты не можешь вообще никого не хотеть. Ну, в смысле... не специально, конечно. Просто... иногда люди уходят. И это не потому, что с ними что-то не так. И не потому, что с тобой что-то не так. Если всё время бояться, что кто-то умрёт, то можно вообще никогда никого не полюбить. А это, наверное, ещё хуже. Чувства не могут убить.","biok_ymer","1507085586962452500"
"22.05.2026 16:39:06","biok_ymer","#9440","—Лиллит—
|-----------------------------------------------------------------------------|
Не придавая значения словам, что ей и ранее говорили, та закончив общипывать и убирать шкурку кроликов направила голову на девушку, интересуясь:
|-----------------------------------------------------------------------------|

—Внутрянку тоже доставать или оно надо?

|-----------------------------------------------------------------------------|","ktoia","1507259996596080690"
"22.05.2026 20:53:52","ktoia","#6622","— Лина —

Лина хотела было добавить что-то ещё, но Лиллит уже переключилась на кроликов. Тема была закрыта, даже не начавшись. Лина вздохнула и кивнула:

— Да, внутренности тоже убирай.

Она отошла от столешницы и принялась обходить кухню, заглядывая в шкафчики, ящики и полки.

— Блин, а все таки тут есть специи? Куда всё дели? У меня дома полный шкаф приправ... А тут?

Лина открыла очередной ящик, пошевелила какие-то банки, вздохнула и захлопнула его.

— Мда, попадос. Жалко ну ладно. Хм... Лиллит, а как долго ты можешь находится без воды?","biok_ymer","1507377270468120796"
"23.05.2026 12:53:30","biok_ymer","#9440","—Лиллит—
|-----------------------------------------------------------------------------|
Вскрывая живот и начиная доставать внутренности, попутно слушая девушку та чуть облизнувшись под шумок съедала то что должно было пойти на мусор и жуя стала отвечать:
|-----------------------------------------------------------------------------|

—ХМПХМЕХМ только ХПХМВХХМ минут 30-ТЬ ПХАХПХА но сейчас ХЕАХЭМХУП 10-ть минут ХПХМХМП из-за повреждения ППХХСКХПХ артефакта.

|-----------------------------------------------------------------------------|","ktoia","1507441383886291115"
"23.05.2026 12:53:46","biok_ymer","#9440","https://tenor.com/view/nom-eat-eating-snack-popcorn-gif-14734591","",""
"23.05.2026 13:20:23","ktoia","#6622","— Лина —

Лина покосилась на Лиллит, которая с явным удовольствием уплетала кроличьи потроха, и скривилась.

— Ты это... ешь сырым?.... а... точно.

Она махнула рукой. 

— Ладно, не отвечай. Я поняла. Если ты через десять минут засохнешь, я полью тебя водой из кувшина! Хотя там вроде снизу сауна есть.

Развернулась и стала искать кастрюлю.

 — А ты до попадания сюды кем была?","biok_ymer","1507682883324739584"
"23.05.2026 19:14:02","biok_ymer","#9440","—Лиллит—
|-----------------------------------------------------------------------------|
Довольно кушая то, что нормальные формы жизни выкинут, она слушала девушку, а после дожевав и закончив разделку стала мотать головой за движениями девушки говоря:
|-----------------------------------------------------------------------------|

—Я была принцессой водного племени и дабы оправдать свою королевскую кровь, мне нужно было сразить сильнейшего человека, отчего я и вышла на поверхность, где провела порядком пару месяцев в надежде поучаствовать в некои человеческом турнире, однако после я попала в портал, где и встретилась с мужчиной, что смог меня одалеть. Именно он и стал моей целью, однако пал он не от моей руки, отчего я отчасти потеряла свою цель, как и доказательство того, что я достигла... Хммм, наверное слишком подробно, ты это не спрашивала, прошу простить.

|-----------------------------------------------------------------------------|","ktoia","1507689649186017292"
"23.05.2026 20:54:14","samin__","#2997","— Джон —

Когда перед лицом парня щёлкнули, это его только подначило, от чего тот озадаченно ответил:

— Охо-хо вот значит как мы заговорили, ну за ""такие"" мудрые мысли я могу лишь поблагодарить, обязательно внесу их в ""блокнот старых как мир идей""

Взглянув на лёгкую седину девушки, парень ухмыльнулся и сказал:

— Ну чтож, тогда кто последний до особняка - тот старая развалюха

Чуть договорив фразу, парень резко перешёл на спринт, утопая в снегу, но пытаясь бежать, высоко задирая ноги","pizza9832","1507063060056248470"
"25.05.2026 19:20:43","pizza9832","#9089","__""Кертис""__

*Женщина задумчиво посмотрела на Джона при это ее улыбка стала даже явнее обычного, а после та поправив рукава начала становиться в стойку не сильно спеша, даже позволяя Джону себя обогнать. Устремив руки в холодный снег прям до земли, а ноги стояли прямо пока та выгибала спину. Затем послышался лёгкий выдох*

-Ну сам решился, будь по твоему Джонни. Я давненько не бегала.

*После этой короткой фразы Кертис резко сорвалась с места с таким импульсом, что снег вокруг нее и перед ней начал разлиться в стороны в том числе и на Джона. Словно лошадь которая неслась на скачках. Буквально через где-то 3 минуты уже была у особняка. Однако законы физики ее подвели и перед самом финишем та не рассчитала тормозной путь и просто упала влетев лицом снег с сильным грохотом будто под ним был камень*

-Будь проклята низкая гравитация....

*Послышалось бормотание из под слоя снега*","samin__","1507803861534904410"
"26.05.2026 11:46:47","samin__","#2997","— Джон —

Парень бежал не сказать что из последних сил. Да, скорость была не велика, но всё ещё приемлема для **человека**. Тот спокойно обогнал старушку, чувствуя себя чуть ли не профессиональным бегуном, в прочем физические данные у парня и впрямь были не плохи, однако, тот не успел шелохнуться, как того накрыло лавиной от турбо бабки. Снежные ванны разумеется не входили в его планы, но парнишка понял простую истину только сейчас... Кертис - опасна

Уяснив что без ~4 на циферблате тот точно будет трупом, парень выдохнул и сбавляя шаг засунул руки в карманы халата, принимая тот факт, что теперь он ""старая развалюха"". Спустя некоторое время, парень дошёл до особняка, уже чувствуя как над ним будут подтрунивать, однако удача определённо ему благоволила. Подойдя к крыльцу, тот заметил странный зад торчащий из сугроба неподалёку. Улыбнувшись, тот всё-же сделал шаг на ступеньку особняка, отпрыгнув от того и направился к странному сугробу, радуясь что в этот раз там оказался не он. Подойдя поближе, парень наклонил голову на бок, ехидно говоря:

— Ай-ай-ай, как это галантно с твоей стороны не оставлять меня должником, а позволить спасти тебя из ледяных пут~. Я даже не знаю кто выиграл в данной ситуации. По сути ты, а вроде и я~","pizza9832","1508505104288972990"
"27.05.2026 09:33:48","pizza9832","#9089","__""Кертис""__

*Из снега лишь доносилось лёгкий раздражённый бубнежь и звуки ударов по снегу. Вскоре из него показались морда Кертис, которая словно крот пробурила себе путь. Лицо Кертис было красным из-за снега, а затем та направила взгляд наверх и плюнула кусочком снега из рта прям в Джона. Видимо та пробуривала себе путь зубами....*


-Тфу на тебя удачливый за...парниша. Технически не было сказано, что нужно добраться до особняк про то что в него нужно было зайти не было речи. Так что победа все ещё моя.


*Затем резко сугроб разорвало из нутрии из под палёны снега показалась Кертис, которая стряхивала с себя остатки снега. Ее волосы все были мокрые от влаги перерывая ей часть обзора. Та с гневных выдохом начала  руками убирать волосы себе на затылок*

-Я кажется поняла какое мое не любимое время года это чертова зима. Будь она....а...а...а....а АПЧИХ...

*Не успела Кертис сказать как та чихнула сбрасывая с себя те не многие крошки снего, что остались на ней*","samin__","1508753254316507259"
"28.05.2026 01:05:13","samin__","#2997","— Джон —

Парень с упоением смотрел как нечто прогрызает себе путь... ровно до того момента, пока в него не харкнули... мда... манерам Кертис уж точно не обучена... придëтся приучать

Смахнув плевоту перчаткой, что закрывала пальцы, парень пожал плечами:

— Уговор был до особняка, а не пробежаться около, так что как не крути, а звание ""старой развалюхи"" уступаю тебе~

— Но ты можешь считать иначе, если разумеется тебе так будет спокойнее~

Усмехнувшись, парень махнул рукой, для к порогу, говоря на последок:

— Проигрывать тоже нужно уметь, однако мне это не знакомо~... почти...","pizza9832","1509082178200404078"
"29.05.2026 20:48:45","pizza9832","#9089","__""Кертис""__

*Женщина выдохнула поправляя свои мокрые от влаги волосы, а после медленно последовала за Джоном, который стримится в особняк при этом по ее лицу не видно, что та как-то то разочарована проигрышем. Та все так же улыбалась как и всегда*

-Хм, развалюхой меня ещё не называли. К тому же проигрывать иногда полезно учишься на своих ошибках. Поэтому надо будет стоит просто полететь в следующий раз, а не бежать на ногах.

*Говоря эти слова с таким легкомыслием как будто для нее подобно и не только обычное дело*","samin__","1509316576342708224"
"29.05.2026 20:49:50","ktoia","#6622","— Лина —

Лина слушала рассказ подруги, нашла кувшин с водой, налила в кастрюлю и закинула туда две туши кролов. Затем отошла на пару шагов и уставилась на кастрюлю очень, ООООЧЕНЬ задумчиво.

Когда Лилит закончила, Лина наконец оторвала взгляд от посудины и выпалила:

— Оооогооо.. У тебя, Лилит, жизнь интереснее, чем у меня! Принцесса, турнир, портал, какой-то **мужик**, который тебя одолел... Ну ты дёшь... Так еще и сюда попала, она прямо тебя не щадит...

Она почесала затылок, снова посмотрела на кастрюлю и сказала чутка тише:

— Как и меня. Я это.. э... не умею огонь разжигать... А ты?","biok_ymer","1507778645131788288"
"01.06.2026 13:02:37","samin__","#2997","— Джон —

Парень не оборачиваясь на женщину слушал её слова с неким ехидством и даже ноткой высокомерия заявляя:

— Проигрывать нужно уметь, но приятным чувством это не является, особенно если на кону стоит нечто поистине ценное...

На счёт как он надеялся шутки, что она ещё и летать умеет, парень решил просто промолчать, понимая что удивить его Кертис уже вряд ли сможет

Отворяя дверь, парень сразу ринулся искать глазками подруженьку, подходя к двоице <@&1496356379513061526> <@&1496354165293715487>  ||я не шарю где вы стоите, так что так||

Услышав обрывок фразы, парень посмотрел на кастрюлю, а после с ухмылкой потянулся к поясу на котором... ничего не оказалось... по всей видимости долгое пребывание в разных сугробах изрядно потрепал запасы парня, от чего пожав плечами тот сказал:

— К сожалению я потерял дёберейнеровы лампу. Запатентованное изобретение между прочим с моим великолепным лицом на упаковке. Так что... придётся по старинке?","pizza9832","1509976810362896567"
"01.06.2026 17:14:09","biok_ymer","#9440","—Лиллит—
|-----------------------------------------------------------------------------|
Находясь на кухне девушка услышала открытие двери, а после и резкие шаги в сторону кухни, после чего услышав знакомый голос чуть успокоилась, однако все ещё недовольно направляя голову в сторону парня, говоря <@&1496356379513061526> :
<@&1496354817927286844> 
|-----------------------------------------------------------------------------|

—Я умею разжигать костёр, меня научил человеческий мальчишка... Кхм, а вы я посмотрю не торопились, мы уже начали готовить.

|-----------------------------------------------------------------------------|","samin__","1510946667090939934"
"03.06.2026 07:51:31","pizza9832","#9089","__""Кертис""__

*Женщина лишь шла за Джоном внимательно следя за его  действиями. После же как те дошли до <@&1496356379513061526> и <@&1496354165293715487>  то встала позади Джона просто наблюдая за ситуацией. Потому что понимала любое не аккуратное действие и она опять спугнёт детей*

-Эх, жаль, что никто из своего мира не притащил переносную газовую плиту. Хотя и электричество в этом месте нет так что затея изначально глупая и даже мало реалистичная.

*Затем услышав вопрос Лилит та немного улыбнулась при этом продолжая ухаживать за своими уже почти высохшими волосами*

-Просто если бы кто не шел как улитка мы бы пришли быстрее.","samin__","1510946667090939934"
"03.06.2026 10:00:18","ktoia","#6622","— Лина —

Задумчивое разглядывание кастрюли прервали. То один, то другая, а то и третья! На кухне уже собралось четыре человека.

Лина посмотрела на всех, как то особенно косо покосилась на <@&1496354817927286844>, а затем потирая затылок, сказала:

— Да... Тоже хотелось бы иметь электричество, воду из под крана и супермаркет. Увы... Мх...

Она перевела взгляд на <@&1496354165293715487>  и <@&1496354710934917322> :

— Я, честно говоря, без понятия, какой из ваших способов быстрее, так что решайте сами. А вообще...

Лина озарилась мыслью, которая должна была посетить её ещё в другом мире: она же готовить не умеет!!! И зачем она тогда говорила, что является учителем самого Гордона Рамзи? Наверное, чтобы утешить своё немалое эго. Вот только теперь возникла проблема. Эту фигню то сварить легко, а вот приготовить нормально... У-у-у...

Несколько секунд потупив, девушка громогласно заявила, обращаясь к <@&1496354710934917322>  и <@&1496354817927286844>:

— А вообще! Мы с Лиллит охотились, свою часть работы выполнили, и поэтому... вы должны приготовить то, что мы поймали. Чтобы было честно!","pizza9832","1511593153118081118"
"04.06.2026 15:32:41","samin__","#2997","— Джон —

Парень закатил глаза, слыша подкол от <@&1496354817927286844> , отвечая той:

— Ну уж извини что я не мчусь как поезд, не видя сугробы на пути~

Переведя взгляд на <@&1496356379513061526> , парень призадумавшись сказал:

— Не знаю что такое это ваше электричество, на пару с супермаркетом, но на счёт готовки - согласен. Сейчас сварганим отраву! Нука, Кертис давай сюда знания свои, которые не свои. Будешь шефом, а я великолепным руководителем /перекрестился/ дегустатором

— А что до огонька... может просто принесём из камина да и всё?

||<@&1496354165293715487> ||","",""
"04.06.2026 18:39:39","biok_ymer","#9440","—Лиллит—
|-----------------------------------------------------------------------------|
Отойдя в сторону девушка молча слушала как те говорили про готовку, предпочитая не вмешиваться.
<@&1496354817927286844> .
|-----------------------------------------------------------------------------|","samin__","1512071597693993040"
"04.06.2026 20:39:02","pizza9832","#9089","__""Кертис""__

*Женщина лишь иногда кивала на болтовню окружающих ее существ, но когда <@&1496354710934917322> на зло сказал, что готовить будет именно она та резко распахнула изначально закрытые глаза, а потом вспомнила, что говорила <@&1496356379513061526> минуту назад*

-""А вы хотите чтобы я для вас готовила? Я не знаю, что даже сказать это либо высшая форма доверия, либо лени, но скорее я предполагаю второе. Хотя... можете подождать немного, одну минуту буквально.""


*После этого Кертис удалилась в другую комнату подальше от чужих глаз. Через минуту та вернулась обратно как и говорила, но выглядела, немного иначе. На торсе был закреплён белый фартук, на голове была аккуратная шапочка, которая закрывала ее волосы. Вместо же чёрных перчаток были белые. Как и где она достала эту одежду так быстро лучше не знать*

-""Ваш личный повар и дворецкий Кертис готова приготовить вам прекрасный завтрак"".

*На лице женщина снова появилась эта легкомысленная улыбка*

<@&1496354165293715487>","",""
"04.06.2026 21:18:43","ktoia","#6622","— Лина —

Лина от такого удивилась, однако... ничего не сказала, отходя чуть-чуть в сторону в след за Лиллит и начиная смотреть на ""ТВОРЦА"", попутно надеясь что она не станет блюдом.

||<@&1496354710934917322>||","pizza9832","1512148691199201342"
"05.06.2026 13:11:23","samin__","#2997","— Джон —

Парень довольный тем, что не придётся портить еду, ждал пока Кертис докажет свою квалификацию как повара. Признавать слабость он тоже умел, а это дело было одном из немногих, в которых он был профаном. Не понимая чего та убежала, парень во время заминки посмотрел на <@&1496356379513061526> , пожав плечами, мол он и сам не знает что она задумала

Когда же Кертив вернулась, парень осмотрел ту с ног до головы, не понимая... где она это всё взяла, а точнее с кого сняла? Однако вопросов тот задавать не стал, это было не столь важно, а скорее просто неожиданно, от чего тот улыбнувшись ответил:

— Отлично выглядишь, такс, ладно я за огоньком

Взяв рандомную палку из печи, парень направился в гостиную, чтобы зажечь ту от камина, оставляя бабайку на едина с ребёнком

||<@&1496354165293715487> <@&1496354817927286844> ||","pizza9832","1512148691199201342"
"07.06.2026 21:19:43","pizza9832","#9089","__""Кертис""__

*Женщина в последний раз поправляя на себе одежду устремилась к кухонному столу, где начала копошится в различных камода, шкафчиках чтобы собрать возможноную посуду и ч целом кухонную утварь*

-Кроме мяса у вас ничего нет. Это печаль если и так ибо разнообразие тут сделать очень тяжело. Только различные варианты варки или обжарки.

*Затем Кертис начала протирать один из ножей частью своей фартуга оттирая его от пыли, а затем проделывала подобные вещи со всей пыльной посудой. При этом движения не были механические как стоило подумать, а скорее человеческие. В этот момент она казалось просто матерью, что готовит на кухне, а не чудовищем*

-А вот, что вы любите кушать обычно или там в своих мирах?

*Повернула Кертис голову к <@&1496356379513061526>  и <@&1496354165293715487> с лёгкой улыбкой, стараясь хоть как то разрядить обстановку*","samin__","1512398424342007949"
"08.06.2026 00:07:22","biok_ymer","#9440","—Лиллит—
|-----------------------------------------------------------------------------|
Девушка не долго думая показала палец на <@&1496354817927286844> , говоря:
<@&1496356379513061526> .
|-----------------------------------------------------------------------------|

—Мясо! В своем мире я предпочитаю есть только мясо, однако часто ела его и с костями, со шкуркой. Отчего понятия ""готовка"" весьма забавляет. Я не откажусь от лобового вида мяса.

|-----------------------------------------------------------------------------|","pizza9832","1513246094136447098"
"08.06.2026 01:45:15","ktoia","#6622","— Лина —

Лина косилась на <@&1496354817927286844> с ножом и внутри всё сжималось. Хотяяяя..... наверное, ей и нож то не нужен, чтобы открутить бедную маленькую, красивенькую головку... 

В любом случае пока женщина занималась чем-то безопасным - подготовкой к готовке, Лина старалась потихоньку отгородиться от мысли, что это существо перед ней кромсало людей.

Услышав ответ Лиллит, девушка задумалась, а потом тоже решила высказаться:

— А я... сладкое люблю. Много сладкого. Очень много сладкого.

Она мечтательно закатила глаза.

— Хм... Шоколад больше всего, хотя выпечку тоже люблю, зефир какой нибудь занимает отдельное место... Ммм.... блииин... хочу. А! еще мясо уважаю. Грибы не все люблю. И рыбу тоже не всю люблю!

Мигом бросила короткий взгляд на <@&1496354165293715487>  и поспешно добавила:

— КХМ! А ещё люблю всякие умами блюда.

Лина немного помолчала, а потом добавила:

— Хотя щас я хоть быка съем. Так что полагаюсь на.... э.... ну... на тебя. да... вооот....","biok_ymer","1513288282845347993"
"09.06.2026 00:45:50","biok_ymer","#9440","—Айрис Янг—
|-----------------------------------------------------------------------------|
Девушка что уже изрядно прийдя в себя с похмелье вышла из портала, чуть ли не блюя на снег, однако сдержав себя та недовольно глянула на кольцо, обращаясь в него думая о <@&1496356448169361539> :
|-----------------------------------------------------------------------------|

—""Пончик: эээээй, ангелооок! Разговор есть! Ты гдеее!?""

/После сказанного та оперлась о дерево рукой с кольцом, вновь сдерживая позыв рвоты./

|-----------------------------------------------------------------------------|","",""
"09.06.2026 11:41:08","ktoia","#6622","— Азазель —

Чем то Азазель определенно занималась, но чем? А хуй его знает. В любом случае как только Айрис соизволила обратиться к ангелу, Азазель послушно вышла из-за какого-то дерева неподалеку начав направляться в сторону бухущей Айрис. 

Когда она уже будет на расстоянии слышимости начнет:

— Ого-го дорогуша Айрис вернулась из другого мира... Причем давольно скоро, да уж разные временные шкалы та ещё морока! 

На этой ноте девушка почти подошла к ""коллеге"".

— Я вижу тебе не очень хорошо милочка, помощь нужна?","biok_ymer","1513660353840550120"
"10.06.2026 20:34:19","samin__","#2997","— Джон —

Уйдя в зал, парень кинул взгляд на помятый кинжал, что лежал на столе. Мда... теперь искать точильный камень...

Подойдя к тому, парень взял его, проведя пальцем по совсем не острому лезвию, в после закатив глаза вогнал тот в ножны, говоря сам себе:

— Джон Дейви Харрис, пора собраться. Помни зачем ты сюда пришëл и с чем должен уйти

Кинув эту фразу в пустоту, тот подошëл к камину, поджигая хворост, а после быстрым шагом поплëлся на кухню, закидывая горящую ветку к остальным, попутно слушая как <@&1496356379513061526> рассказывала о продуктах, которых в этом месте недостать

Парень стоял, как неприкаяная душа. Тому тоже нужно было что-то делать, однако... а как не зафакапить блюдо то?

Вспомнив о ""специях"" тот вновь полез в сумку, доставая от туда баночку с коричневым содержимым, горделиво ставя на стол:

— Чтож, хотя бы такую лепту я внести смогу. Питательно, терпко, в меру солëно и разумеется приятно остро

О том что именно это такое, парень решил умолчать, понимая что если тот скажет, есть кроме него блюдо никто не будет

Пытаясь сменить тему, тот спросил, глядя на Кëртис:

— Так-так. И чем же мне помочь? Что сделать?

|| <@&1496354165293715487> ||","pizza9832","1513246094136447098"
"11.06.2026 02:16:21","biok_ymer","#9440","—Айрис Янг—
|-----------------------------------------------------------------------------|
Сдержав новый позыв та недовольно глянула на Азазель, а после достав из рюкзака какой-то раствор тут же выпила, опрокинув пустую склянку обратно в рюкзак, доставая уже маску кинув её на землю возле девушки, показывая пальцем на тот, говоря:
|-----------------------------------------------------------------------------|

—Это что за магическа-хуева маска!? Незнаю на кой черт ты её дала Соре или какой у тебя от этого план, однако...

/Тут девушка стала сокращать дистанцию, встав почти вплотную, взяв ту за галстук, подтянув чуть ниже, продолжая:/
-Но из-за твоего ""посягательства"", я чуть не лишилась того, что дорого мне. Отчего я требую разъяснений, в чем был твой план от этого ""эксперимента"" и почему именно Сора?

|-----------------------------------------------------------------------------|","ktoia","1513825264927244338"
"11.06.2026 03:04:24","ktoia","#6622","— Азазель —

Ангелок спокойно наблюдал за тем, как девушка проводит свои манипуляции, как кидается хорошими артефактами... Погоди. А, откуда он у неё? А... Ааа... Понятно. Ха-ха-ха.

Азазель никак не сопротивлялась потугам Айрис - напротив, слегка наклонившись, девушка улыбнулась, обнажив белые зубки и заговорила тоном, в котором смешались надменность и любопытство:

— ""Эксперимент""? ""Посягательство""? Ого! Да тут прямо список обвинений. Душка, я кажется понимаю о чём ты. Однако...

Ангелок развела из-за спины руки, одну из них положив поверх руки Айрис что тянула прелестный галстук и слегка похлопывая её продолжила:

— Я не преследовала никакого злого умысла. Отнюдь - я дала маску человеку, который точно смог бы защитить этот артефакт. А он, между прочим, не настолько опасен, как тебе могло показаться. Хм-м-м... А она что надела её? Пу-пу-пу... Дела-а-а...

Одна рука оставалась спереди, другая вернулась за спину.

— И что стало с твоей любимицей?)","biok_ymer","1514407905481330870"
"11.06.2026 03:13:27","biok_ymer","#9440","—Айрис Янг—
|-----------------------------------------------------------------------------|
Понимая что та и вправду дьявол воочию, та недовольно сжала галстук, говоря:
|-----------------------------------------------------------------------------|

—Не думала, ага... Не опасен... Да, она надела его! И после этого в неё молнией прилетело! Безопасно? Что-то не верю! А после она и вовсе памяти лишилась... Кхм, ладно...

/После чуть успокоившись та все же отпустила галстук, убирая также и руку демоницы в сторону лёгких похлопыванием, а после спросила:/
-Если ты это спрашиваешь, значит ты точно незнала что он делает, иначе бы не дала мечнику без мозгов тот... Да и вряд-ли ты решила просто испытать его, ведь ты знала что она дорога мне выходит...

/Та уставилась в глаза Азазель, говоря:/
-Ты просто решила избавиться от древнего артефакта, смысла которого не поняла!? Это так ты все свои проблемы решаешь? Просто забиваешь? Кхм, блеск!

/Та недовольно пнула снег, отчего её платье даже немного задралась, отчего та нервно покосилась на того и с привкусом ""достала"", порвала край юбки, чтобы та не мешалась, а после восстанавливая дыхание перевела взгляд на маску, идя уже к ней, приговаривая:/
-Ну вот и как злиться на человека, что улыбается тебе в лицо... Ух, бред.... И что ты знаешь о нём?

/Последний вопрос прозвучал уже поспокойнее, похоже она поняла что излишне эмоционирует, отчего решила привести все в более спокойное русло./

|-----------------------------------------------------------------------------|","ktoia","1514420000096780378"
"11.06.2026 09:01:13","ktoia","#6622","— Азазель —

Азазель с лёгкой улыбкой слушала тираду Айрис, нисколько не смущаясь ни её хватке, ни эмоциям. Когда девушка наконец отпустила галстук и отошла, ангелок поправила воротник и слегка отряхнувшись, ответила ровным, слегка приподнятым тоном:

— Хе-хе, конечно, на меня нельзя злиться. Я ведь такая самоотверженная душка, что готова пойти хоть в полымя.

Перестав поправлять галстук, девушка вновь скрестила руки за спиной и повернувшись корпусом к идущей Айрис, заговорила:

— И правда, у меня не было никаких злых умыслов по поводу твоего драгоценного человека. Это всего лишь совпадение из множеств вариантов событий. Хм.

Она вздохнула, убирая навязчивую улыбку.

— Что до артефактика... М-м, сделан очень искусно. Если называть по простому - проклят, но такой термин слишком ""открыт"". Впрочем, недалёк от правды. Попытаться уничтожить его физически не выйдет - по крайней мере, у меня не вышло. Магически - та же проблема. При нанесении вреда маске появляются эти злосчастные молнии. Высасывания из него какой либо ""энергии"" приведет к результатам по хуже. М-е... Морока. Но спустя время эти выбросы заканчиваются. Хм-м... Насчёт свойств. Конечно, я предполагала, что одно из его свойств - когнитивный сбой или что-то в этом роде, и была недалека от истины. Так же наверняка в этой маске уйма интересного, но.. что-то не.. без должных ресурсов и времени изучение столь нестабильной штучки грозит провалом. Поэтому я и решила передать его в надёжные и сильные руки. М-да. Жаль, что так вышло.

Она непринуждённо пожала плечами - ей явно не было жаль.

— А ты что так рано вернулась? Не понравился мирок?) Или только пришла, чтобы мне это известие объявить?","biok_ymer","1514422279335968899"
"11.06.2026 17:23:44","biok_ymer","#9440","—Айрис Янг—
|-----------------------------------------------------------------------------|
Девушка спокойным шагом подойдя до маски взяла ту в руки и слушая пояснения ангела пошла к ней обратно, спрятав ту обратно в рюкзак. После окончания же рассказа, та выдохнула, говоря:
|-----------------------------------------------------------------------------|

—Ладно, поверю тебе на сей раз. Все же тобой правит логика, нежели мои замашки в эмоции кхм... Я вернулась так рано не только поэтому, потоком у вопросу я могла просто покричать в кольцо, а не идти искать тебя. Я нашла нужные материалы, сверх качественный металл с энергией, отчего по сути шаг 1 в подготовке нашей совместной работе готов и стоит к ней приступить.

/В подтверждении своих слов девушка сняла рюкзак и положив его на землю, достала из него труп Адама, положив на землю и говоря:/
-И не думай, не я его убила! Я его уже нашла таким... Ну, а я думаю как материал он нам сгодиться.

|-----------------------------------------------------------------------------|","ktoia","1514509796693250159"
"11.06.2026 18:59:03","pizza9832","#9089","__""Кертис""__

*Кертис внимательно слушала <@&1496354165293715487> и <@&1496356379513061526> об их предпочтениях в еде, но ухо зацепилось за незнакомое слово ""Умами"" после того слегка хихикнула подготовив все для готовки, что смогла найти на кухни*

-Умами?.... Это слово мне не очень знакомо, а что это?

*Затем Кертис старясь не отвлекаться начала разделывать тушу животного, которого ей принесли. Не как повор, а скорее как хирург, который делает точечные надрезы разделяя шкуру, мясо, мышцы и внутренние органы при этом пачкая свои руки в крови*

-Я сам особо не нуждаюсь в еде, да и банально не задумывалась о концепции, что мне может что-то нравится.

*После своих размышлений в слух та обратали внимание на <@&1496354710934917322> , который вернулся, а также его патуги не вмешиваться. Затем взгляд перешёл на специи в его руках*

-Хм, острое, а что если у них непереносимость острого. Вдруг у них болезни с желудком. А другие менее резких специй нет?

*В этот момент Кертис выглядела как строгий повор, который отчитывал подчинённого на кухне, а после та подала Джону железный чан, который был пуст*

-Мне нужно, чтобы ты наполнил его водой, чистой водой. Если не хочешь прихватить ещё каких нибудь болезней. Ваши организмы ведь такие нежные и с ними нужен надлежащий уход.

*При этом кровь на руках и одежде женщины быстро пропадала, будто это не кровь, а вода, даже следов от пятен не остаётся*","",""
"11.06.2026 20:16:56","ktoia","#6622","— Азазель —

""Коллега"" говорила истину - Азазель почти никогда не шла против логики. А то, как быстро Айрис успокоилась, сделало ангела только радостнее.

О возвращении девушки ангелок слушал более внимательно, с настоящим предвкушением - надежды на то, что она так быстро найдёт материалы, были невелики. И вот... труп в студию! Брови ангела поползли вверх, а рука поправила очки, надевая их поплотнее. Никакой словесной реакции пока не последовало - рогатая просто сделала несколько шагов к трупу и слегка склонившись над ним, замерла. Но после не столь долгой паузы заговорила радостным тоном:

— Айрис... Да ты просто... УМНИЧКА, забудь всё, что я тебе говорила до этого! Это... Это тот самый киборг?! ПХАХАХАХА!!!!!

Ангел резко присел, начиная осматривать его голову и продолжила:

— Немыслимо! Я и сама его искала, но после разговора об Арденне он пропал. Но ты... ты... достала его из этого чёртового мирка? Молодец, великолепно, моё сердце захвачено!

Перестав возиться с головой трупа, ангел отпустила её, отчего та шмякнулась о снег. Азазель встала и улыбнулась Айрис.

— Мы начнём сию же минуту работать над порталом. Забирай эту лакомку обратно и за мной! Ты просто сделала этот день!!!

Она довольная зашагала в сторону от портала, что-то мимолетно напевая, а потом притихнув сказала:

— Дорогуша моя, ты что-нибудь знаешь о перемещении между мирами?","biok_ymer","1514636257983070301"
"11.06.2026 21:01:53","biok_ymer","#9440","—Лиллит—
|-----------------------------------------------------------------------------|
Акула с непониманием слушала как девушка пытается разделать тушку, которую та и так до нее отщипала и разделала, отчего она даже хихикнула, понимая что на кухни орудует дилетант, что в жизни не готовил, а после решаясь не вмешиваться в игру театра, та села за стол, закинув ногу на ногу и повернув её на бок, смотря в стену и продолжая слушать театральную игру <@&1496354817927286844> в ожидании что она поймет что органов, шкуры и крови там давно уже нет.
<@&1496356379513061526> , <@&1496354710934917322> 
|-----------------------------------------------------------------------------|","pizza9832","1514660243714474035"
"11.06.2026 22:24:26","ktoia","#6622","— Лина —

Лина смотрела за Кертис отвечая. 

— Умами? Это.. как бы объяснить... Пятый вкус. Не сладкий, не солёный, не кислый и не горький. Такой... насыщенный, мясной. Бульон, например. Или соус.

Она говорила сбивчиво, потому что мысли то и дело возвращались к разделке. 

Покосясь на Джона сказала:

— Острое я люблю, но не обжигающее. Чтобы вкус раскрывался, а не просто горело во рту.

Лина вздохнула и отойдя в сторону, встала у окна, положив ручки в карманы кофты.

— В общем, делайте что-нибудь. Я уже и так наговорилась на сегодня. А сейчас просто... постою. Посмотрю. Пожелаю удачи.

Она не стала уточнять, кому именно - то ли Кертис, то ли Джону, то ли себе дабы не травонуться этим.... это точно будет съедобно.

||<@&1496354710934917322> <@&1496354817927286844> ||","biok_ymer","1514691158167654591"
"12.06.2026 02:18:13","biok_ymer","#9440","—Айрис Янг—
|-----------------------------------------------------------------------------|
Смотря за насилием над трупом та чуть скоивилась, однако молча забрала тот в рюкзак, надевая тот обратно на спину, после чего последовала следом, говоря:
|-----------------------------------------------------------------------------|

—Теоритияеские понятие медпрастранственоого перемещение доступно лишь от простой смены факторов сингулярности полюса человека, однако в нашем мире проверки данной теории так и не произошло...

/Тут она чуть задумавшись посмотрела на Азазель, говоря:/
-Ну раз мы все тут, значит способ все же существует и теория может быть действительна... Кхм, я думаю мои знания в этой сферы не особо нужны, ведь как я ранее слышала ты уже делала портал, отчего попросту буду делать как скажешь.

|-----------------------------------------------------------------------------|","ktoia","1514679845173461052"
"12.06.2026 11:50:31","ktoia","#6622","— Азазель —

Азазель шла вперёд, не сбавляя шага, её голос звучал увлечённо, слегка надменно, с нотками восторга.

— Понимаешь, дорогая, перемещение между мирами - это вмешательство в ткань реальности. Представь себе лист бумаги. На нём нарисованы миры - каждый в своей клетке. Обычный человек может перейти только по мосту, если он есть... К примеру в моем мире такой был: в виде ""Адский врат"" что перемещал туда и обратно, помнится им даже человек сумел воспользоваться.... Кхм.. А вот мы... мы просто прорываем стену между клетками. Проблема в том, что у каждого мира своя частота вибраций, свои законы физики, своя мана, если угодно и что угодно свое. Чтобы открыть правильный проход, нужно не просто набрать энергии, а синхронизировать её с частотой целевого мира. Иначе портал либо не откроется, либо откроется не туда. Существует теория параллельных витков развития - когда миры расходятся в разные стороны от общей точки бифуркации. Их легче соединять, потому что они ещё не разошлись слишком далеко. Но наш случай - сложнее. Мы имеем дело с полностью независимыми реальностями, которые к тому же подвержены ""слиянию"" и сближению друг с другом... Это делает ситуацию и проще и сложнее...

Вздохнула и глянула куда-то за пригорок.

— В общем, к чему я веду. Портал у меня уже построен. Ещё с тех пор, когда появилась ""батарейка"" которую я не успела поймать... Портал же, его нужно только запитать. И вот с этим как раз и поможет твой красавчик. Так что не переживай насчёт теорий. Всё уже придумано. Осталось только включить рубильник и по корректировать данные.

Они прошли ещё немного и перед ними открылась расчищенная лесная поляна. В центре стояла не столько рамка, сколько нижняя основа портала. На деревьях вокруг были вычерчены странные символы, а само устройство выглядело интригующе - но явно нерабочим без энергии.

Азазель остановилась, не доходя до рамы, и развернулась к Айрис.

— Итак… как же наш киборг себя подпитывал? Мысли есть?","biok_ymer","1514770765172441200"
"12.06.2026 12:59:48","biok_ymer","#9440","—Айрис Янг—
|-----------------------------------------------------------------------------|
Девушка слушая рассказ по сути подтверждала свою теорию, однако все ещё в её голове было много недосказаннностей, ведь ""магии"" как таковой у неё в мире не было, отчего её никогда и не было в расчетах. И вот они пришли к рабочей площадке. Да, открытое пространство на снежке, как вкусно...положив рюкзак снова на землю та достала тело Адама, рассматривая и говоря:
|-----------------------------------------------------------------------------|

—Технологии его тела явно превозносят наши с тобой технологии, однако я уверена, что дело не во внешнем конструкторе. Скорее всего у него внутри есть ядро, что и стало перерабатывать что-то другое в энергию.

/Задумавшись об этом та стала разлаживать химикаты возле, создавая подобия лаборатории возле парня, а после смешивая несколько реагентов налила их на корпус, отчего тот немного затрещал и выделил несколько мест, видно показывая стыки, после чего она попыталась их открыть, однако у той явно не хватало для этого сил, отчего она глянув на <@&1496356448169361539> сказала, чуть отойдя:/

—Кхм, не могла бы помочь?

|-----------------------------------------------------------------------------|","ktoia","1514914787186704425"
"12.06.2026 18:54:58","ktoia","#6622","— Азазель —

Азазель с любопытством наблюдала за манипуляциями Айрис, склонив голову набок. Когда реагенты зашипели и на теле Адама проступили стыки, она чуть прищурилась, улыбнувшись. Затем сделала шаг вперёд, опустилась на корточки рядом с телом и окинула его внимательным взглядом.

— Ядро... Ну да, конечно.

Она провела пальцем по одному из швов, который проступил после реакции, а после ухватилась за стык и дернув отворила ворота в грудную клетку киборга.

— Вуаля. 

Азазель заглянула внутрь, изучая увиденное и тихонько хмыкнула, затем отодвинулась давая Айрис пространство.

— Хм... Главное чтобы ядро не взбесилось. Продолжай дорогуша~","biok_ymer","1514932223512412181"
"14.06.2026 07:04:40","biok_ymer","#9440","—Айрис Янг—
|-----------------------------------------------------------------------------|
Попутно разглядывая руки ангелочка та стала осматривать внутренности киборга, что-то подмечая для себя, говоря:
|-----------------------------------------------------------------------------|

—Хмм интересные у тебя ручки, сама сделала? Неужто родилась без них? Я и не сразу поняла что ты с искусственными руками, умелая работа.

/Подметив та вернулась к работе говоря чуть скривившись и доставая ядро, что напоминало механическое сердце напоминающее сферу из коей случилось что-то синее, видно замена крови, на что та сказала:/
-Что же, могу с уверенностью сказать что двигатель найден, однако осталось понять как он подпитываться без энергии здесь. 

/Девушка положила тот на снег и разглядывая заметила какие-то опухоль, на кою показала, говоря:/
-Скорее всего в этой штуке дело, ведь судя по всему он изначально жил на электричестве, а вот эта штука образовалась уже тут и позволила ему и дальше жить. Коррозию не напоминает, отчего смею предположить что это какой паразит, что и питал парня, в освтции электричества. 

/Чуть подумав, та достала клинок и срезав опухоль положила в пробирку, доставая также горелку и воду, начиная нагревать того, чуть смешивая с водой, вновь говоря:/
-И пока мы этим занимаемся ты надеюсь удосужились увериться что тут нет никакой поблизости ""Твари"" или ""Химеры"". В последнем моем визите меня вторая как раз чуть не убила когда я пришла в особняк, отчего планирую ретироваться отсюда в будущем в открытый мир. Ты что-то знаешь об этом создании?

|-----------------------------------------------------------------------------|","ktoia","1515021604374183937"
"14.06.2026 07:07:10","biok_ymer","#9440","—Виз—
|-----------------------------------------------------------------------------|
И тут нежданно негадано(чтобы развеять тупняк) ввалился в комнату мечник, что спокойно осмотры компанию остановил взгляд на рыбе, говоря:
<@&1496356379513061526> , <@&1496354710934917322> , <@&1496354817927286844> .
|-----------------------------------------------------------------------------|

—А давно у нас пополнении? И что вы делаете?

|-----------------------------------------------------------------------------|","ktoia","1514711932530065439"
"14.06.2026 13:14:15","ktoia","#6622","— Азазель —

Азазель усмехнулась, услышав вопрос о руках. Она подняла одну из них и ответила:

— Сама, конечно. Руки я потеряла при захвате Ада - была такой маленькой и глупенькой, не рассчитала свои силы. В общем, ошибка молодости. Но на ошибках надо учиться, верно? Но даже так те времена вспоминаются с улыбкой, все таки становление как ни крути.

Она опустила руку и добавила с лёгкой усмешкой:

— Спасибо за комплимент. Знаю, они великолепны~~.

Затем ангелок склонилась над ядром, которое Айрис извлекла из киборга и задумчиво посмотрела на странную опухоль.

— Хм... Интересная мутация. Возможно, он действительно питался чем-то из внешнего мира - маной, остаточной энергией, даже возможно жизненной силой. Очень полезна на самом деле... А если опухоль и адаптируется... мм... то что нужно.

Выпрямилась.

— Что касается тварей и химер - я за время своих дел тут ничего подобного опять не замечала. Эта местность довольно спокойная, если конечно не провоцировать её. Но пока мы здесь, ты в безопасности. Рядом со мной - тем более. Мх. А ты в том мире нашла местечко?","biok_ymer","1515567628138319993"
"15.06.2026 21:05:36","pizza9832","#9089","__""Кертис""__

*Женщина лишь слегка икнула, а потом начала осматриваться понимая, что слишком заигралась с подобием готовки смотря на всех присутствующих ( <@&1496354710934917322> <@&1496356379513061526> <@&1496354165293715487>  и <@&1496355636383059974>). Позже взгляд переместился на себя, а точнее на крайне чистую одежду. Та повернулась к столу, где уже лежала туша, которая была осторожно разделана на составляющие, чтобы поместиться в катле*

-Что то у меня голова заболела. Я видела конечно и раньше галлюцинации, но этот какой-то уже был слишком сильный.

*Затем взгляд переместился на Виза,чьй вопрос привел ее слегка в чувства*

-А-а! Мы готовив, конечно, я пока не знаю, ибо сложно готовить, когда из составляющих только мясо и острые специи. Буду честна здешний инструментарий крайне ограничен, чтобы сделать что-то хорошее.

*На удивление Кертис не улыбалась, а ее лицо было достаточно спокойным, даже немного грустным, будто в моменте о чем-то задумалась или вспомнила*","biok_ymer","1515568257934032926"
"15.06.2026 22:22:08","biok_ymer","#9440","—Айрис Янг—
|-----------------------------------------------------------------------------|
Смотря за реакцией и как опухоль на удивление реогирует на воздействия, подтверждая, что та все ещё жива, та прекратила греть воду, а после посмотря на раму спросила:
|-----------------------------------------------------------------------------|

—И где нам тут строить ядро? Эта штука реогирует на внешний фактор и в ответ скорее всего реогирует, делая подобие выработки. Не уверен что этого хватит, однако если нагреть её, может в теории воспроизвести энергию достаточно для подпитки, но вот насчёт мощности я не уверена...

/Переманила взгляд на Азазель, та сказала:/
-А не видела? Видно илил жертв полегче... Там монстр в окно выпрыгнул, если планируешь тут жить, нужно разобраться в безопасности этого места... Кхм, по поводу места мне особо разницы нету, думаю буду попросту рядом с Сорой, а она меня в обиду не даст. Но осесть хотелось бы, но точно не тут...

|-----------------------------------------------------------------------------|","ktoia","1515660635793522839"
"15.06.2026 22:26:31","biok_ymer","#9440","—Виз—
|-----------------------------------------------------------------------------|
Чуть подумав тот направил руку куда-то в воздух, а после рядом с ней открылся маленький портал, откуда он достал некий маленький мешочек, отчего портал закрылся и он подойдя к <@&1496354817927286844> положил мешочек рядом, открывая в коем было травы, скорее всего для салата. После чего чуть отойдя он сказал:
<@&1496356379513061526> , <@&1496354710934917322> 
|-----------------------------------------------------------------------------|

—Добавь ещё это, может какое рагу можно будет сделать. Я к сожалению не силен в готовке, но вот в поиске ингредиентов я часто ходил по другим мирам.

/Предавшись мимолётным воспоминаниям тот улыбнулся, а после вновь нацепив покерфейс подошёл к стене, о которую облокотвшись стал смотреть за готовкой дальше./

|-----------------------------------------------------------------------------|","pizza9832","1516141642271162498"
"15.06.2026 22:53:18","ktoia","#6622","— Азазель —  

Девушка добродушно улыбнулась, прикрыв глаза.

— Вот оно что. Ну-у-у... Меня твари обычно не трогают, видно, боятся ангельской кары. Всё же смерти в вечной агонии никто не хочет - даже безмозглые и гнилые создания. Поэтому могу лишь пожелать тебе удачи в обустройстве в другом мире. Каждый выбирает место себе под стать и по удобству.

Закончив мысль, ангелочек взглянул на свою кисть, пару раз сжал и разжал её, затем перевёл взгляд на раму портала.

— Хватит. Должно хватить. Если мы действительно сделаем рабочее ядро из этого, то подпитку найти будет не трудно. Вот только...

Она прищурилась, глядя вверх на радужное небо.

— Надо бы найти правильную высоту, а то ядрышко от нас уйдёт в другой мирок.

Хмыкнув, Азазель снова подошла к трупу киборга и начала понемногу извлекать из него нужные материалы, бубня себе под нос:

— Нужно сделать каркас, хоть какую-то сдерживающую оболочку. А то без неё ядрышко может выйти из строя.

Она замолчала на секунду, затем добавила, уже обращаясь к Айрис:

— Кстати, Айрис, а сколько лет тебе было, когда ты начала ""познавать"" мир? Насколько я помню из твоих слов, ты открыла новые элементы у себя.","biok_ymer","1516160902544752751"
"16.06.2026 01:30:43","biok_ymer","#9440","—Айрис Янг—
|-----------------------------------------------------------------------------|
Переглянув на действия Азазель, та подошла к раме, оглядывая её и что-то высчитывая, а после отойдя на пару шагов сфокусировала две руки словно камера у одного на верхушки каркаса, говоря:
|-----------------------------------------------------------------------------|

—Нам нужно для более хорошей синергии с порталами и возможности выпутать от них статичной энергии поставить тот наверх, однако шанс быть засоса от этого повышается... Надеюсь Адам был крепким, чтобы сдержать потоки засасывания!

/После вновь переместив взор на девушку, та положила руки на талию в разные стороны, говоря:/
-А по поводу ""познаний"" я ещё с детства интересовалась учебой и конкретно химией, отчего быстро проскочила школу и уник ещё будучи ребенком. Можно считать меня вундеркиндом и гением хехе~! Сейчас мне уже 20-ть с хвостиком, отчего могу сказать что примерно с 10-ти я уже обрела светлый ум! Думаю ты и сама не сразу стала такой умненькой, это приходит со временем.

|-----------------------------------------------------------------------------|","ktoia","1516168749357465740"
"16.06.2026 02:47:56","ktoia","#6622","— Азазель —

Азазель ушла в ""глубину"" внутренностей Адама, то и дело извлекая оттуда детали, которые могли пригодиться. Когда речь зашла о ""познаниях"", она остановилась, вылезла наружу и повернулась к Айрис с серьёзным выражением лица.

Выслушав девушку, ангел ответила необычно слегка тоскливым тоном:

— Вот оно что. Ты у нас одарённая. Хотя... что толку в даре, если ты не стремишься к чему то? А ты как я погляжу стремишься. /Пожала плечами/ Молодец? Это самое лучшее, что я могу сказать. Всего в 20 обладать головой на плечах многого стоит.

Она повернулась к телу киборга, продолжая разбирать его на части.

— Что касается меня - да, я была ещё той глупышкой, но до боли любопытной.

Замолчала на секунду, затем добавила:

— Впрочем, ничего особо и не изменилось. Хотя... именно со временем я стала более... инициативной. Верное слово. Все таки именно инициатива двигает вперед.

Азазель выпрямилась, отряхнула руки и оглядела полу разобранное тело.

— Думаю, Адама хватит на эту конструкцию. Осталось только собрать всё воедино. А пока... рассчитай, на какой высоте лучше разместить ядро, чтобы оно давало максимальную синхронизацию, а так же максимальную из возможных мощность, дабы его попутно не ""засосало"". /Вернула улыбку/ А я пока займусь сборкой и.... /Вгляделась в Айрис, после чего потянулась к своему лицу/ точно...

Сняв свои очки подкинула их той, добавляя:

— Ты же напрямую не видишь потоки маны, которые у нас над головами. Примерь. Вундеркинд разбереться, во всяком случае с ними будет проще просчитать все **идеально**.

Сделав дело ангел взяла в руки одну из извлечённых деталей и принялась за работу, сосредоточенно соединяя части будущего ядрышка.","biok_ymer","1516208363300589708"
"16.06.2026 04:04:09","biok_ymer","#9440","—Айрис Янг—
|-----------------------------------------------------------------------------|
Услышав уж очень ""радостную"" реакцию, та недовольно нахмурилась, а после слушая ту с лёгкостью поймала очки непочеловечечки выгнувшись назад, а после встав ровно надела на себя, осматривая ""огни"". Некоторое время та с непониманием глядела по сторонам, а после все же привыкнув посмотрела на портал и подойдя обратно к рюкзаку достала оттуда бумагу и перо и смотря на портала стала писать некий расчет, но из-за малого понимания ""магии"" та время от времени останавливалась и несколько раз пересчитывала результат, после чего закончив с этим убрала принадлежности обратно и с интересом ещё какое-то время разглядывая портал все же посмотрела на Азазель, также с интересом смотря и говоря:
|-----------------------------------------------------------------------------|

—Какая интересная штучка! Я прям ощущаю себя словно вижу третий слой реали в этих очках, удивительная технология. Быть может потом постараюсь повторить для удобства... Кхм, а да, расчет закончен. Немного сложно рассчитывать то, что я видела впервые, однако в определенном месте ""энергия"" собиралась в большем коэффициенте, а воздействие из вне было минимальным, именно на 34 градуса от основания сверху. Немного ошиблась в расчетах без очков, но с ними думаю там будет более верное место.

-И я кстати не стою на месте а продолжаю развиваться даже в новом месте! Не стоит делать вид будто я тут деградировать начала... Кхм, обидно знаешь ли.

|-----------------------------------------------------------------------------|","ktoia","1516227795272073216"
"16.06.2026 11:16:53","ktoia","#6622","— Азазель —

Азазель ловко орудовала деталями, соединяя и подгоняя их друг под друга с механической точностью. Её руки двигались быстро и уверенно, словно она делала это сотни раз. Детали ложились одна к одной, внутри прорастали тонкие линии магических контуров, которые она вычерчивала пальцем, оставляя за собой слабое голубоватое свечение. Она наносила руны на каждое соединение - аккуратно, с точечной нежностью. Конструкция ядра постепенно обретала форму сферы с несколькими открытыми частями.

Когда работа была закончена, Азазель выпрямилась, стряхнула и вытерла руки о халат. Она перевела взгляд на очки, которые теперь украшали лицо Айрис и улыбнулась, услышав её слова.

— Третий слой реальности? Ты почти права. Эти очки показывают не просто ""энергию"", а её структуру - как она течёт, где сгущается, где рвётся. Там, где обычный глаз видит пустоту, они показывают нити, связывающие мир.

Она подошла ближе к Айрис, последний раз оглядывая готовое ядро.

— Ну-ну. Хм... Без хоть какого-то познания в ""энергии"" я бы тебя за эту работу не пустила. Всё же ты сделала неплохой кубик, который изводил недомага, так что с этим справилась.

Отодвинув энергию на второй план Ангел чуть опустил голову смотря на девушку.

— Что до деградации - я не говорила, что ты стоишь на месте. Мне до сих пор любопытно, как быстро ты схватываешь новое. А чтобы удовлетворить его. Мм...

Протянула ""ядрышко"".

— Можешь сама его установить? Раз расчёт готов и точка равновесия найдета, осталось только установить его на нужную высоту. На той высоте, которую ты высчитала, оно зависнет и будет само себя питать.

Азазель чуть отступила, предоставляя Айрис пространство и сложила руки на груди. Чтож... Почти все готово, главное чтоб не бахнуло и работало.","biok_ymer","1516246976885166093"
"16.06.2026 21:49:01","biok_ymer","#9440","—Айрис Янг—
|-----------------------------------------------------------------------------|
Не особо веря что кубик возьмёт сам и зафиксируется, та та немного повертела сферу и взяв пробирку вылила опухоль внутрь сферы, после чего закрывая ту посмотрела на врата и подумав как туда забраться зацепила сферу за спину и стала забираться по краю врат и добравшись до верха весьма быстрыми темпами достала тот и встав на точку стала смотреть за реакцией, аккуратно решив попутно спуститься и после отойдя от ворот. Смотря за тем как сфера зафиксировалась на месте немного удивилась, а после вспоминая про очки сняла их, передавая Азазель, приговаривая:
|-----------------------------------------------------------------------------|

—Как бы обидно это не было признавать, с тобой приятно иметь дело... Ты схватываешл на лету и сама знаешь что делать, была бы воля только с тобой и работала хах. А по поводу портала... А куда он собственно ведёт?

|-----------------------------------------------------------------------------|","ktoia","1516355875592339496"
"16.06.2026 22:37:20","ktoia","#6622","— Азазель —

Азазель с лёгкой улыбкой наблюдала, как Айрис установила сферу. Когда та зафиксировалась и начала мягко пульсировать светом, ангел одобрительно кивнула. Она приняла очки, аккуратно протёрла их о халат и снова надела, чуть поправив на переносице. Её взгляд стал чуть острее. Посмотрев уже с очками на ядро, девушка снова кивнула, возвращая внимание на Айрис.

— А ты справилась лучше, чем я ожидала. Честно. Я думала, будет больше возни. Вообще никогда не работала с кем-то над чем-то ""общим"", так что ты у меня первая. 

Взглянув опять на портал девушка добавила.

— Прямиком в ад. Самое оптимальное и практичное место которое приходит на ум. Хм... Или у тебя есть предложения?","biok_ymer","1516514956789682186"
"16.06.2026 22:50:42","biok_ymer","#9440","—Айрис Янг—
|-----------------------------------------------------------------------------|
Услышав про ад та немного приоткрыла рот, а после все же подумав закрыла тот, переводя внимание обратно на портал приговаривая:
|-----------------------------------------------------------------------------|

—В Аду я ещё не бывала и была бы моя воля продолжила бы жизнь незная как он выглядит, однако вариантов лучше предложить я не могу, отчего пойдем! Надеюсь там не также, как описывают в библии...

|-----------------------------------------------------------------------------|","ktoia","1516527117033017516"
"17.06.2026 13:51:23","ktoia","#6622","— Азазель —

Азазель усмехнулась, услышав про библию, и перевела взгляд на портал.

— Люди обычно представляют ад как место вечного огня, серных рек и криков, которые никогда не стихают. Там, по их мнению, грешников пытают, души мучаются, а сам воздух пропитан страхом и отчаянием. Это место, где нет надежды, где каждый шаг - напоминание о том, что ты сделал не так.

Она повернулась к Айрис и её улыбка стала чуть мягче.

— Но это старая версия. Тот ад, который описывают в книгах, когда-то был именно таким. Однако я его изменила. Под себя. Так что теперь это не место наказания, а место для поиска. Там всё ещё чувствуется тяжесть, но она не давит - она направляет.

Договорив девушка подошла поближе к порталу и вглядевшись в него активировала, затем отошла и стала ждать когда он там полностью запуститься, отходя назад.

— Так. Хм. Если мы сделали что-то не так то избежать ударной волны уже не выйдет. Ммм.. слушай, а что ты знаешь про Люцифера?

Между делом пока портал включается стоит забить эфир.","biok_ymer","1516530479199686706"
"17.06.2026 21:13:54","ktoia","#6622","— Лина —

Лина только открыла рот, чтобы сказать что-то про специи, как вдруг рядом с Визом открылся портал. Она моргнула, потом ещё раз, а когда он достал мешочек с травами и меланхолично положил его на стол, девушка застыла с открытым ртом.

— Ну нифига себе!

Она ткнула пальцем в место, где только что зиял проход в неизвестность.

— А ЧЕ? Так можно было?!

Лина отошла от окошка, опять поглядела на место где только что был портал, а после развернувшись на Виза начала заявлять:

— Слууушай Вииииз, а ты из других миров там не забрал чего вкусного. Ну не знаю. Пиццу??? Или еще чего???

Девушка подступила к парню продолжая:

— И вообще, как это работает? Потому что если ты умеешь доставать еду из порталов, ты станешь мега супер ультра товарищем! Навечно....

||<@&1496354817927286844> <@&1496354710934917322> Чет мы тут сдулись||","biok_ymer","1516162008121081906"
"18.06.2026 07:24:11","biok_ymer","#9440","—Айрис Янг—
|-----------------------------------------------------------------------------|
Девушка услышав последнее так на всякий случай подобрала свой рюкзак нацепляя на спину и отошла подальше, попутно услышав вопрос стала отвечать, с опаской глядя как вокруг контуров начинает образовываться волнистая материя, что со временем объединилась в портал.
|-----------------------------------------------------------------------------|

—Люцифер - по мифологии бывший ангел павший с небес из-за своей гордыни и был вынесен из библии, нарекаясь ""вульгарным"". Вроде что-то в этом роде, но я не особо разбираюсь в мифах, отчего большего знать и не могу... А к чему вопрос?

/И только та договорила как из врат медленным и неторопливым шагом вышла фигура, уже знакомая Азазель. Это была сама Люцифер, в свое привычном бокале и манере словно она вновь вернулась к правлению... А, так оно и было! Выходя из портала она горделиво прикрыла глаза вертя бокал вина и приговаривая:
|-----------------------------------------------------------------------------|

—Незнаю что за человек смог привести портал в рабочее состояние, однако я благоларно буду получить твои печальные новости о кончине Азазель, ах как же это грустно!

/Закончив фразу та приоткрыла глаза и увидев живую Азазель, она чуть сильнее сжала стакан, отчего тот хрустнул и на нём стала видна трещина. Понимая что у чему та медленным шагом пошла спиной обратно, говоря:/
-Что же, произошла ошибка, я пожалуй пойду...

|-----------------------------------------------------------------------------|","ktoia","1516757147592167526"
"18.06.2026 07:24:14","biok_ymer","#9440","https://i.pinimg.com/1200x/f8/4b/73/f84b73f57be37d0d76865c602499b5c4.jpg","",""
"18.06.2026 07:28:01","biok_ymer","#9440","—Виз—
|-----------------------------------------------------------------------------|
Переведя взгляд с готовящей <@&1496354817927286844> на <@&1496356379513061526> тот чуть приподнял бровь, говоря:
|-----------------------------------------------------------------------------|

—У меня весьма спорный вкус, отчего ""вкусного"" для других вряд-ли бы чего нашел. Я предпочитал собирать все что вижу и отдавать уже товарищам, для готовки. Боюсь если я тебе дам что-то не проверенное, могу отравить, очешо предпочту не рисковать твоим здоровьем.

|-----------------------------------------------------------------------------|","ktoia","1516868508376502293"
"18.06.2026 11:01:04","ktoia","#6622","— Азазель —

Азазель улыбаясь слушала о том, что люди из других миров пишут про Люцифер, убеждаясь, что они похожи, но в них есть одна и та же явная ошибка. Ну ничего, бывает. Всё же Библия не может быть совершенна - она написана по воле Бога, но всё ещё рукой человеческой.

И вот, в течение рассказа про мифологию, портал впитал достаточно энергии и начал раскрываться. Стоит отдать должное: эта смерть отлично помогла для открытия врат. Спасибо тебе, киборг!

Наконец момент истины настал - портал открылся полностью, но сразу же из него появилась фигура. Строгий костюм, ""корона"" на голове... Это была Люцифер?!

Азазель приподняла бровь, видя эту картину и слушая изречения своей любимицы. Ну и дела... А когда та наконец заметила её, ангелочек максимально ехидно стала лыбиться, начиная сближаться с демоненком быстрее, чем та уходила спиной назад. Нагнав и взяв ту за подбородок, ангел приподняла её головку, говоря:

— Люци!!!! Как. Же. Я. Рада~~~! И ты, наверное, тоже! Всё же понимаю, насколько сильно ты грустила, ведь думала, что я не вернусь... Верно~ ~??

Не став дожидаться ответа, ангел отпустила головку, сделала шажок в сторону и приобняв Люци за талию, прижала к себе второй рукой. Демонстративно смотря на Айрис, она заговорила:

— Внимание! Перед тобой моя самая любимая и лучшая девочка, которая бескорыстно и самоотверженно помогает мне в моих изысканиях. Моя горничная-любимица - Люци. Ой и я пожалуй, не буду заводить тираду насчёт качества её блинчиков...

Но тут ангелочек примолк, осознав важный момент. Она повернула голову к Люци и с некоторым скепсисом оглядела её с ног до головы, говоря сквозь зубы:

— Люци... А где твой любимый костюмчик? Это что такое? Ты же меня прямо сейчас позоришь...","biok_ymer","1517022092753768498"
"18.06.2026 13:26:55","biok_ymer","#9440","—Айрис Янг/Люцифер—
|-----------------------------------------------------------------------------|
Девушка была немного удивлена увидеть самого лициыера, а если учитывать как к ней обращалась Азазель, там у неё был не просто шок, а ахуй.

Сам же горделивый демон не смотря на явное желание уйти не смогла завершить свой маневр попав в руки ""ангела"", отчего смутилась, понимая что ей не показалось. Она терпеливо стояла слушая ту и не сопротивлялась её касанию, а после скрипя зубами сказала:
|-----------------------------------------------------------------------------|

—Очень рада узнать что ты в полном порядке... Спустя несколько месяцев я и вправду подумала что ""вы"" сгинули, однако я ошиблась... За время вашего отсутствия я приняла проявления ада обратно на себя... Кхм, прошу простить...

/С явным трудом вырвавшись из хватки Азазель, та щёлкнула пальцем, после чего её наряд стал меняться прямо на ней, а стакан и вовсе исчез. Спустя пару мгновений она вновь была в привычном наряде горничной, спущенная и явно не довольная этим, Однако ничего не говоря про это./

|-----------------------------------------------------------------------------|","ktoia","1517076672191660042"
"18.06.2026 17:34:39","pizza9832","#9089","__""Кертис""__

*Женщина приятно удивилась такому подарку от мальчика от чего даже потянулась погладить того по голове, но сдержалась убрав руки обратно к столу та начала осматривать содержимое виде новых ингредиентов, понимая что это уже другой разговор*

-""Неверно спасибо большое вам юноша, я очень польщена вашей помощи, я постараюсь сделать все в лучшем виде!""

*Кертис снова начала улыбаться, понимая что сможет теперь сделать хоть что-то, а не просто мясо...так начала нарезать овощи думая какой будет более подходящим. Как только та закончила нарезку овощей та быстро взяла в том и пастой кател. Женщина стремительно направилась к камину при этом появившиеся хвостом выхватила специи у <@&1496354710934917322> При этом махая рукой <@&1496356379513061526> и <@&1496354165293715487> *

-""Я скоро вернусь! Еда будет готова где-то через час! Если буду нужна, я буду у камина!""","",""
"18.06.2026 18:57:51","ktoia","#6622","— Азазель —

Азазель с явным удовольствием наблюдала за тем, как Люцифер пытается улизнуть, а затем покорно принимает своё положение. Когда та вырвалась из хватки и сменила наряд, ангел одобрительно хмыкнула, кивая и отвечая:

— О-о-о, вот это другое дело! А то я уж думала, что ты совсем потеряла вкус в жизни.

Приблизившись ближе продолжила говорить.

— Не переживай милая я не огорчена тобой. Конечно глупенько было думать что я так просто сгину в другом мире, но ничего! Ты же у нас не прямо умненькая чтобы это понять. В дальнейшем и не думай об этом, и запомни... все таки я с тобой **на-ве-чно**. 

Вздохнув, наконец отпустила бедалажку. Обращаясь теперь к Айрис:

— Полагаю сегодня у нас успех и маленько продвижение. Теперь у нас есть Ад, не думаю что пока что стоит туда идти, вернее конечно было бы не плохо, но сначала нужно предупредить и посоветоваться с ""командой"", не так ли? Вот я тоже об этом и думаю!

Скрестив ручки за спинкой направилась к особняку, дополняя:

— Ты что-то притихла Айрис, вопросы появились?","biok_ymer","1517113376688570378"
"18.06.2026 19:07:57","biok_ymer","#9440","—Айрис Янг/Люцифер—
|-----------------------------------------------------------------------------|
Переглянувшись то на Азазель, то на Люцифер, та в итоге махнула на это рукой следуя за ней и говоря:
|-----------------------------------------------------------------------------|

—Кхммм, просто удивлена... Не знала, что тебе прислуживает сам Люцифер, а ещё что это...девушка. да ты права, нужно поговорить с другими, пока ничего плохо не случилось. И... А ад безопасно оставлять так открыто?

/Тут уже вмешалась Люцифер, что встала у портала говоря:/
-Я прослежу за ним, поэтому можете идти.. 

|-----------------------------------------------------------------------------|","ktoia","1517196656783921252"
"18.06.2026 19:22:42","ktoia","#6622","— Азазель —  

Продолжая идти, ангел для начала повернула голову и через плечо, посмотрев на Люци, сказала:  

— Да ладно. Если кто и посмеет зайти, то шестьдесят седьмой его встретит.. Хотя, да. Это будет проблемка.  

Она пожала плечами, поворачивая голову обратно к особняку и добавляя:  

— Как знаешь, Люци. Оставляю это на тебя, но могла бы и походить~  

Немного пройдя вперёд, ангел ответила Айрис:  

— Хм... не вижу тут ничегошеньки удивительного. В Аду место ""директора"" занимает ""сильнейший"". Конечно, не с первого и не со второго... мх... и не с третьего раза, но я взяла тот под свой контроль. Как видишь, с Люци мы в конечном счёте подружились. И она даже не так часто пытается меня убить - всего два раза в неделю. Ну просто золотце.","biok_ymer","1517199198703849575"
"18.06.2026 19:28:45","ktoia","#6622","— Лина —

Выслушав ответ Визенка и поглядев за ну очень грациозной работой Кертис, девушка аж дар речи потеряла, в конечном счете она смогла что-то выдать только тогда, когда монстря в виде <@&1496354817927286844> уже ушла. Поглазев на стол, потом на Виза, а потом остановившись на <@&1496354710934917322> , она ничего лучше не придумала как подойти к рыжему другу и начать говорить что он какой-то бесполезный:

— Ну-ну Дейви.... Так и не помог Кертис в приготовлении кушанья... надеюсь не отравимся. Кхм. В общем халтурщик ты! 

||<@&1496355636383059974>||","pizza9832","1517175719929839646"
"20.06.2026 09:58:39","biok_ymer","#9440","—Айрис Янг—
|-----------------------------------------------------------------------------|
Девушка и незнала что на это сказать, но все из логики предположила:
|-----------------------------------------------------------------------------|

—Слушай,та разве Люцифер даже из банальной логики не будет сильнее простого ангела? Как у тебя вышло её одалеть?

|-----------------------------------------------------------------------------|","ktoia","1517202912676413584"
"20.06.2026 10:54:14","ktoia","#6622","— Азазель —

Азазель услышала вопрос и чуть замедлила шаг, повернув голову к Айрис с лёгкой улыбкой.

— Хитростью и обстоятельствами дорогуша. Если и других демонов можно банально ""прижать"" лопатками к полу, то с дорогой Люци придется изменять подход. Люцифер - гордый демон, привыкшее к тому, что её боятся и почитают. Она никогда не ожидала, что кто-то сможет подойти к ней не как к врагу или подчинённому. А если добавить к этому немного искреннего интереса и пару удачных ""экспериментов""... ну, ты понимаешь. 

Азазель сделала паузу, поправляя очки.

— Но сила не всегда решает всё. Иногда достаточно просто знать, какую струну задеть, чтобы ""великий"" пал к твоим ногам. В прочим это было очень и очень давно. К тому же за ""силой"" я не гонюсь. Мне нужны только ""знания"", все же я просто обычный ангел.

Азазель гладко и поверхностно обошла не желательную тему, а они уже вроде стали подходить к особняку....","biok_ymer","1517785738731847680"
"20.06.2026 13:54:17","biok_ymer","#9440","—Айрис Янг—
|-----------------------------------------------------------------------------|
И вот они прошли к особняку войдя в который увидили <@&1496354817927286844> что готовила что-то у камина. Девушка увидя это лишь спокойно спросила у <@&1496356448169361539> :
|-----------------------------------------------------------------------------|

—Думаю мы застали группу за готовкой. Подождем конца или сразу соберём всех?

|-----------------------------------------------------------------------------|","ktoia","1517799729029841037"
"20.06.2026 21:27:22","samin__","#2997","— Джон —

|| Ну ахуеть ты конечно, даже ещë в морозе захотелось подержать ||

Парень ненадолго (надолго) задумаося над тем что он вообще сейчас делает и где свернул не туда, ведь у того была другая причина придти сюда. Вообще он ожидал что будет тут один, выживать и думать что делать с недугом, однако итог осказался иным... полный дом психов! Прям как дома...

Услышав обращение Лины, тот цикнул, отвечая ей:

— Вообще-то просто ""не мешал"" проклятье на мне или что, но лучшая помощь - это не мешать, вот что-то и выходит. Если боишься, то могу попробовать блюдо первым /глянул на часы/ я то уж точно не отравлюсь

К сожалению...","ktoia","1517204433870655500"
"20.06.2026 21:43:00","ktoia","#6622","— Лина —

Лина отчётливо хмыкнула, доставая руки из карманов и скрещивая их перед собой. Всмотревшись в Джона, она сказала:

— Я НИЧЕГО не боюсь! Да и вообще, ты чё такой хмурый?

Она чуть наклонилась вперёд, разглядывая его лицо с преувеличенным вниманием.

— Че тебе эта бабка наговорила?","samin__","1517959061755269122"
"20.06.2026 21:47:16","pizza9832","#9089","__""Кертис""__

*Айрис и  <@&1496356448169361539> зайдя внутрь почувствовали с порога на удивление не запах метрового чудовища, а дивный арамам, видимо бульона из мяса, а также овощей. Если взглянуть чуть дальше можно было увидеть саму виновницу торжества, которая внимательно готовила блюдо под своим чутким присмотром. Затем услышав звуки в дверь та повернула голову улыбнулась увидим кто пришёл к ней*

-Ой, привет Айрис и ангел, давно вас не видела! Вы как раз вовремя, я тут готовлю для вас, подождите ещё где-то 20 минуток и можно будет кушать, обещаю, что это будет вкусно.

*Со временем этот запах из катла по всему дому и этот запах быстрее всего добрался именно до кухни( <@&1496354710934917322> <@&1496354165293715487> <@&1496356379513061526> <@&1496355636383059974> )*

-""Вы же не против мне рассказать, где были и чем занимались, я буду рада послушать.""","biok_ymer","1517845040838475826"
"20.06.2026 22:13:28","ktoia","#6622","— Азазель —

Азазель переступила порог и сразу же почувствовала, как запах бульона окутал её, мягкий, тёплый, уютный.... Мх... Приятно. Она на мгновение задержалась, втянула воздух и чуть приподняла бровь.

— Мм... приветик. А я думала вы тут немного тухли, но к счастью ошиблась. 

Она с лёгкой улыбкой прошла вглубь комнаты, мимоходом кивнув Кертис, и опустилась в ближайшее кресло, закинув ногу на ногу.

— Мы с Айрис решили, что без портала в **Ад** нам никуда. Так что открыли один. Недалеко отсюда. Просто быстро с минимальными потерями.

Азазель взглянула на Кертис.

— Впрочем, зачем и почему пожалуй расскажу всем сразу, чтобы не повторяться четырежды. А вы чем тут занимались? Я знаю что в округе нет ни одной животины. Откуда кролики? Другой мирок?

||<@&1496354329676742667>||","pizza9832","1517964069100064898"
"20.06.2026 22:14:25","samin__","#2997","— Джон —

Поняв что его лицо и вправду слегка пугающее, тот с выдохом улыбнулся давая лëгкий щелбан Лине:

— И когда я говорил что брошу тебя в магические корни ты тоже не боялась~?

Ухмыльнувшись ещë шире, тот покивал, говоря:

— И бабкой еë не называй, а то правда сожрëт. А так вполне милая дамочка. Не в моëм вкусе, но вполне приятная в общении, помогла скажем... придти в чувства после неприятного разговора

Вспомнив сцену с Азазель, тот закатил глаза вновь помрачнев:

— А вот с ангелом по имени Азазель лучше вообще не говори и не слушай. Она на тебя глаз положила, так что будь аккуратнее и НИЗАЧТО не оставайся с ней наедине. Поняла?","ktoia","1517962996272599161"
"20.06.2026 22:44:20","ktoia","#6622","— Лина —

Лина дёрнулась от щелбана и потерла лоб с преувеличенно обиженным видом.

— Ай! Вот зачем ты это сделал?!

Она надулась, но долго держать обиду не смогла, улыбка сама собой поползла на лицо.

— Ладно, прощаю. Но если ещё раз так сделаешь - пеняй на себя. Я умею кусаться, между прочим, а ты будешь беспомощно впитывать! И... НЕТ НЕ БОЯЛАСЬ!

Продолжая скрещивать руки, Лина начав качаться из стороны в строну, начала глаголить:

— Не съедят меня.... и... Понятно. Что за разго... /махнула рукой/ Ай, ладно. Плохое вспоминать сама не люблю. 

Принюхавшись на приятный запах, глянула в коридор и беззаботно ответила, думая уже о еде, а не каком то там ангелы:

— Чаго? Ангел? Нет, я конечно знаю что я сама краса что даже ангелов притягиваю, но... Во первы - тут че есть ангелы? Во вторых... Ну.. э... Ладно? Как скажешь. Хотя, а что ангела то боятся? Они же добрые.","samin__","1517970899981045791"
"21.06.2026 20:22:24","samin__","#2997","— Джон —

Парень даже слегка умилился столь простодушной и детской реакции. После разговоров о жизни и смерти, это был как глоток свежего воздуха. Услышав вопрос, тот сказал:

— Не знаю что у тебя за ангелочки были, а этот... ненормальный. Ну честно слово, даже я еë опасаюсь, а это уже звоночки на секундочку

Повернув взгляд на девочку, тот вновь стал говорить ехидно, как и всегда:

— В общем не говори с плохими незнакомыми тëтями, особенно если она что-то предложит, даже если это будет съясное

Закончив ""наставления"", парень опëрся о стену, задумчиво смотря на ""специи""","ktoia","1517978428685549758"
"21.06.2026 21:20:11","ktoia","#6622","— Лина —

Разговор можно было и закончить, но высказывания Джона заставили Лину отодвинуть на второй план приятный запах из зала и вернуться к нему.

— Слышь, ты, Дейви! Я тебе не ребёнок и понимаю, с кем можно обращаться, а с кем нет. И... и... Меня отравить невозможно! Э... Наверное...

— Мх. Ладно, услышала тебя. Раз этот ангел наводит на тебя такой жути, буду обходить её стороной.

Заметив, что Джон куда-то уставился, она тоже посмотрела на ""специи"" и спросила:

— А это вообще что?","samin__","1518305097916878898"
"22.06.2026 10:46:13","samin__","#2997","— Джон —

Услышав что его вскрыли, парень хотел было что-то сказать, однако... а она была права. Эта дамочка уж точно наводила жути...

Вспомнив про специи, парень не меняясь в лице всë-же ответил на вопрос:

— Продукт с сильным вкусом и поражающе высоким сроком годности

> Даже бактерии это жрать не хотят...","ktoia","1518319641670320349"
"22.06.2026 15:49:57","ktoia","#6622","— Лина —

Лина с подозрением прищурилась, разглядывая банку.

— ""Продукт с сильным вкусом и сроком годности""? Это звучит как описание чего-то, что давно пора было выбросить, но жаба душит.

Она схватила банку в руки, повертела её, заглянула внутрь, потом понюхала и тут же сморщилась, отодвигая от лица.

— Фу. блин.  Ладно! Не волнуйся, я выкину это за тебя. Не благодари. А вообще.

Развернулась и зашагала в зал, говоря:

— Хватит болтать!

Зайдя в зал увидав всех присутствующих, Лина задержала взгляд на демоне и неровно отойдя чуть в сторону, отошла к камину, но не слишком близко, пока предпочитая помолчать, ибо вдруг бабка услышал что она назвала её бабкой. <@&1496354817927286844> <@&1496354329676742667> <@&1496356448169361539>","samin__","1518522484159414272"
"22.06.2026 15:59:46","biok_ymer","#9440","—Айрис Янг/Виз/Лиллит/Ведьма—
|-----------------------------------------------------------------------------|
Что же, как только еда была доготовлена толпа уже стала собираться в гостиной. Айрис заняла свободное кресло, смотря за своим окружением, Виз спокойно выйдя за <@&1496354710934917322> и <@&1496356379513061526> встал у лестницы, наблюдая со стороны за всеми. Лиллит же выйдя из комнаты незнала куда и деться, отчего встала возле <@&1496356379513061526> . И на скопление людей на диване стала просыпаться ведьма, что увидив собрание неловко спросила:
<@&1496354817927286844> :
|-----------------------------------------------------------------------------|

—Эм... А что за собрание?

|-----------------------------------------------------------------------------|","ktoia","1518598924238196898"
"22.06.2026 16:45:54","pizza9832","#9089","__""Кертис""__

*Женщина немного была удивлена такому вниманию к своей персоне та начала уходить на кухню и принесла от туда тарелки для бульона, которые приготовила. Пока на вид он выглядит не ужасно и даже приятно. Как и запах, который отдавал варёными овощами и мясом*

-Оу у меня тут столько голодных лиц хе-хе.

*Затем Кертис перевела взгляд на Ведьму, которая обратилась к ней в глазах женщины было лишь любопытство к нокой незнакомой персоне*

-А кажется мы с вами не знакомы, я Кертис и я....

*Затем женщина метнулась взглядом к <@&1496356379513061526>  и <@&1496354710934917322> как будто вспоминая их взаимоотношения к ней, а после  продолжила фразу*

-.... Я просто леди, а так же на данный момент видимо ваш единственный повар, хотя признаюсь, я готовила в первый раз. Поэтому не обещаю, что это что-то удивительное.


*Затем ответив на вопрос ведьмы женщины сел на пол с половником в руках и начала раздевать готовый горячий суп по тарелкам*

-Так кто нибудь будет кушать?","biok_ymer","1518601394398040064"
"23.06.2026 00:10:52","samin__","#2997","— Джон —

Увидев как его прелесть уносят ВЫБРАСЫВАТЬ, парень спешно пошёл за <@&1496356379513061526> . Увидев сборище тот огляделся, сморщившись, не скрывая напряга к <@&1496356448169361539> , а вот <@&1496354329676742667> , тот и вовсе помахал, вспоминая что та по сути является его коллегой... ну... по одному из 35 направлений

Когда проснулась и ведьмочка, парень чуть под успокоился, и сказал даже тише чем обычно:

— Доброе утречко. У нас тут завтрак, вовремя проснулась!

Высказав минимум, тот перевёл взгляд на <@&1496354817927286844> , не понимая почему та не использовала стол, говоря той:

— Я! я! я!

Повернувшись на Лину, тот протянул руку за ""ну очень важной баночкой"", шепча ей на ухо:

— Если не хочешь есть, не ешь, витаминок не получишь, но отдай позязя","",""
"24.06.2026 11:31:11","ktoia","#6622","— Лина —

Похлопав глазами, Лина поглядела на разлив супченского и потерев затылок, поглядела на дейви что ну очень сильно хочет супчик и не думает об отравлении, решила что он уж точно что-то знает, все таки э... Ученый, психолог вроде? Он ну точно психологически понял что Кертис не будет травить суп, по этому она помахала рукой и сказала:

— И мне. /между делом прошептала/ надеюсь не отравлюсь, нет **я точно не отравлюсь** /вернула голосу обычную громкость/ А и Лиллит тоже будет!

Дернувшись когда Дейви опустился к уху, она двинулась правее и потерев ухо сказала:

— Зачем тебе эта бурмалда? Пф.

Что-то придумав и удовлетворенно улыбнувшись, Лина приподняла бурмалду в банке и засунула в внутренний карман кофты.

— Потом отдам!","samin__","1518724982451077160"
"24.06.2026 11:58:50","biok_ymer","#9440","—Айрис Янг/Виз/Лиллит/Ведьма—
|-----------------------------------------------------------------------------|
Айрис немного не понимала всего сыра бора, однако не была голодна, отчего решив положить рюкзак на свои колени, стала копашиться в нём, видно проверяя свои запасы. Виз же не особо понимая вообще что происходит решил отмолчаться, ведь ему и не особо то и нужна была еда. Лиллит подтверждая слова Лины угукнула, а после подойдя к <@&1496354817927286844> подобрала 2 тарелки, после чего вернувшись к <@&1496356379513061526> протянула ей одну, после чего залпом стала пить супчик, словно это водица. Ведьма же с некой слабостью все же встала с диванчик а подошла также к Кертис и подобрав тарелки с ложкой села обратно, принимаясь аккуратно дуть на него, а после и также аккуратно есть.

Интересно, что же выдумает на все это <@&1496356448169361539> !
|-----------------------------------------------------------------------------|","ktoia","1519258579239047188"
"24.06.2026 17:32:53","ktoia","#6622","— Азазель —

Азазель наблюдала за всей этой картиной с лёгкой, чуть насмешливой улыбкой. Когда суп был разлит, а компания расселась кто куда, она поднялась с кресла и подойдя к камину, остановилась рядом с Линой, но не слишком близко, чтобы не нарушать её личное пространство.

— А вы тут уютно устроились. Кто бы мог подумать, что в этом забытом всеми мирами месте можно найти почти домашнюю атмосферу.

Она перевела взгляд на Кертис, которая разливала суп, и чуть приподняла бровь.

— И вы, Кертис, похоже, не только умеете наводить ужас, но и неплохо готовить. Удивительно.

Азазель на мгновение задержалась взглядом на Лине, но ничего не сказала, лишь слегка улыбнулась и отошла к свободному месту, начиная заводить тираду:

— И раз удача так удивительно собрала нас в столь приятной обстановке, то думаю, было бы отлично попутно этому провести небольшое собрание, связанное с нынешним положением дел. А дел, господа, кои попали сюда случайно и нет, у нас до ужаса много!

— Первое и по своей сути самое важное сейчас - это ваши жизни. Со слов Айрис, совсем недавно было нападение некого существа в этом доме. Это существо определённо не то же самое, что было до этого, то есть это не смолянистое чудище Арден, потому что если бы это был он, то нашу Айрис можно было хоронить. Так о чём это я. Данное существо, вероятнее, находится на этой территории и представляет большую опасность для выживания неподготовленных существ. Так что необходимо обдумать варианты, что с ним делать. Самое простое - это убить, но хотелось бы услышать больше подробностей, описание его и его скажем ""предполагаемого"" потенциала от <@&1496354329676742667> .

— Второе. Сверх этого зверя нельзя забывать про сущности, что находятся за пределами Междумирья, а именно за чёрным барьером. Оттуда, как показала практика с Лиллит, могут вылезать твари, что могут так же представлять угрозу нашей группе. Нужно решать, что с этим делать, ведь боевой потенциал после ухода Сорналиэля не сильно, но все же упал.

— И... наконец третье. Бог любит троицу, и по сему это, пожалуй, будет достаточно хорошей новостью. Мы с Айрис открыли портал, ведущий в Ад, то есть мир, который фактически под моим надзором. Оттуда можно и нужно брать необходимые ресурсы для нашего дальнейшего развития. Вот только ведите себя там ""сдержанно"", ведь демоны могут вас принять за воришек. Веду я к тому, что некоторая часть проблем с ресурсами сейчас отметается и стоит приступить и поразмыслить над тем, что делать дальше. Стоит ли нам открывать порталы в ваши миры, или лучше осесть с имеющимся и пытаться разобраться с тем, что есть сейчас?

Закончив, Азазель решила перед своими предложениями, для начала послушать других.

||<@&1496354817927286844> <@&1496355636383059974> <@&1496354329676742667> <@&1496354710934917322> <@&1496354165293715487> <@&1496356379513061526> сами решайте кто пишет||","biok_ymer","1519265538281574490"
"24.06.2026 18:09:49","pizza9832","#9089","__""Кертиc""__

*Женщина как только начала раздавать желающем еду отправилась с остатками бульона в кастрюлю отправилась на кухню краям уха слушая перепалки между <@&1496354710934917322> и <@&1496356379513061526> с улыбкой*

-Эх, правда как дети...


*Однако вернулась она уже без фартуга и белых перчаток в своей обычной одежде при этом это все было на моменте слов <@&1496356448169361539> , которая нарушила покой такими себе новостями. Улыбка пропала с ее лица, а взгляд устремился на рассказчика*

-Хм, на счёт первого мне мало, что известно, видимо я была за пределами этого дома. Я послушаю <@&1496354329676742667> и тогда смогу что нибудь придумать. Второе для меня не проблема, убивать у меня в крови, но если думать как закрыть. Нельзя ли заблокировать этот проход чем либо?

*Затем глаза Кертис вывалились из арбит(не буквально) после упоминания ада. Женщина сразу вспомнила красочные описания ада из книг людей, а также их религии. По ее же лицу сразу видно, что та готова сорваться и отправиться туда в любой момент, но пытается сдерживать себя. Так как пока она нужна здесь*

-Это... Это весьма удивительная новость....да ведь есть ангел, значит и должны быть демоны соответственно. Все вроде логично.","",""
"24.06.2026 21:51:06","samin__","#2997","— Джон Дейви Харрис —

Парень хотел было уже сунуть руку в карман девочки, чтобы забрать свою конфетку, однако новости <@&1496356448169361539> заставили его отложить это занятие. Слушая ту, парень подмечал детали, а когда та закончила, выслушал <@&1496354817927286844> и сказал:

— Мда... не могла продолжать пока все поедят? Мда... дела... ангелы, демоны, рай, ад. Фигня это всë как по мне, а вот что вы открыли портал уже интереснее. То есть адский козëл? Хм... наверное сойдëт для обряда. Ах да... и церемониальный кинжал у тебя я утащу!

— Что до второй новости... этот момент весьма иллюзорен, так что предлагаю обезопасить периметр особняка и тропу до порталов, пока не сможем придумать план сдерживания. Если есть дополнительная информация о ""запределье"" могу что-то соорудить, но пока что не понятно с чем бороться. Мы и так вне миров, так что всë что за пределами этого места должно быть или мирами или их обломками, только и всего, но это только теория

Пожав плечами, парень взял свою порцию, усевшись на диван около <@&1496353987824189492> , смотря на <@&1496354329676742667> :

— Ну а на счëт первого... вещай милашка~ что там такое тебя убить пыталось на этот раз? Неужто Элисон?","",""
"24.06.2026 22:06:23","biok_ymer","#9440","—Айрис Янг—
|-----------------------------------------------------------------------------|
Ну погнали нахуй! Девушка не особо обрадовалась когда к её вниманию приковали столь многое внимание, однако все же перестав рыться в сумки поставила ту на пол, после чего начала:
|-----------------------------------------------------------------------------|

—Ну не сказать что враг был стол ужасен как инцидент с Арденом... Но меня пыталась убить химера? Это сложно объяснить, данное сущность была под 2 с половиной метра, у неё было лицо одной из погибшей девушки, темные крылья, халат и прическа напоминающая мою... Это было странное создание, однако оно смогла завлечь меня звуком плача и подобием голоса? Я думаю она мимикрировала речь, что слышала и попыталась меня задушить. Меня спас один из моих растворов, однако я не думаю, что убила эту тварь окончательно... Она сбежала в окно и более я её не видела...

-По поводу защиты я могла бы посоветовать не соваться далеко от особняка, однако так как порталы и другой дом находятся не сказать что близко, нужно придумать как обезопасить путь для точек интереса... Хм, можно было бы поставить в будущем лазерные барьеры, однако не уверена, что это так уж выгодно сейчас...

/После девушка замолчала, решая дать слова другим./

|-----------------------------------------------------------------------------|","samin__","1519414586623791316"
"24.06.2026 22:09:11","biok_ymer","#9440","—Виз—
|-----------------------------------------------------------------------------|
Парень что все время стоял себе спокойно у стены все же решил встрять, когда <@&1496356448169361539> так радостно заявила о портале, недовольно хмыкнув, говоря:
|-----------------------------------------------------------------------------|

—Играться с этим нестабильным пространством нагружая его большей нагрузкой ввиде третьего портала как по мне не лучшая идея и на вашем месте я бы для начала закрыл прошлые, а после уже перевел ресурс на один, сделав переключатель по мирам, а не держать сразу несколько... А и ещё я лично не чувствую тут никаких опасностей, по крайней мере тех, что жаждут резни. Насчёт пространство вокруг я могу его осмотреть, обнако ничего не обещаю с ним решить.

|-----------------------------------------------------------------------------|","","1519418432024481893"
"24.06.2026 22:12:24","biok_ymer","#9440","—Лиллит—
|-----------------------------------------------------------------------------|
Акула недовольно хмыкнула глянув на <@&1496356448169361539> , в после допив свой суп дождалась пока его доест <@&1496356379513061526> и забрав бы её тарелку быстрым темпом занесла бы тот на кухню, после чего услышав лишь часть разговора заявила:
|-----------------------------------------------------------------------------|

—Территория вокруг слишком тягучая, там сложно двигаться, отчего оттуда ждать проблем не так уж и срочно. Да и если кто выживет там, он уже по сути как труп будет, отчего его огреть и он рассыпеться. А портал? А нахер нам ад? Там же есть нечего. Делай портал на луг там или на океан, кто чё бесполезный такой.

/Договорив та недовольно глянула на <@&1496356448169361539> с <@&1496354329676742667> , а после спокойно скрестила руки вместе, смотря в пустоту./

|-----------------------------------------------------------------------------|","","1519418432024481893"
"24.06.2026 22:15:29","biok_ymer","#9440","—Ведьма—
|-----------------------------------------------------------------------------|
Девушка спокойно себе начала есть супчик, пока её внимание не привлекла <@&1496356448169361539> , что весьма быстро испортила аппетит девушки, отчего она стала с тоской смотреть на суп, что уже не лез. Выслушав её та хотела было добавить свою лепту, но стала высказываться <@&1496354817927286844> , отчего спокойно выслушав и ту она открыла рот чтобы сказать... А нет, тут уже вмешался <@&1496354710934917322> , отчего она выслушала того и чуть отодвинулась, на всякий, дождалась чтобы сказ... <@&1496354329676742667> решила сказать, а девушка под... <@&1496355636383059974> ... Ну а теперь... <@&1496354165293715487> ... Девушка незнала что и думать... Её специально затыкали? Она перестала пытаться что-то сказать и с грустью уставилась в суп.
|-----------------------------------------------------------------------------|","","1519419944628912330"
"25.06.2026 07:00:34","pizza9832","#9089","__""Кертис""__

*Женщина слушала всех и правильно услышала замечание <@&1496354710934917322> по поводу этой ситуации, что она не самая подходящая. Ведь да Кертис не живое существо в привычном смысле, но ведь остальные только, только получили хоть какой никакой комфорт этом доме. Особенно ей въелся отрывок с <@&1496354329676742667> , где женщине пришлось хоронить ее подругу у нее на глазах*

-Джон верно подмечает эту делему многие сюда пришли поесть, а не радоваться открытию очередного портала. У всех живых существ свои приоритеты.


*После этого Кертис проскользнула между группой подходя к <@&1496353987824189492> и садясь рядом с ней на колени внимательно следя за ее выражением лица*

-Правда вы мисс мне так и не смогли представиться. Вижу ваше состояние достаточно уставшем. К тому же мне кажется вам есть, что сказать поэтому прошу говорить не стоит молчать это вызовет только большую боль на вашей душе.","biok_ymer","1519420723548913824"
"26.06.2026 07:09:59","biok_ymer","#9440","—Ведьма—
|-----------------------------------------------------------------------------|
Я предпологаю, что все ждут моего вкида, хотя я дал продолжения очереди, но ладно.

Девушка чуть дернулась когда у ней обратились, однако поняв, что её просто окликнули, та чуть выдохнула, говоря:
<@&1496354817927286844> , <@&1496354710934917322> , <@&1496356379513061526> , <@&1496356448169361539> ... А можно мне своих не пинговать...?
|-----------------------------------------------------------------------------|

—А ну... Меня зовут... Ой, я не могу сказать своего имени, но можешь звать меня ведьма или волшебница. Наставница всегда говорила, что истиннце имена имеют огромную силу и не стоит их лишний раз говорить, поэтому прошу простить... А сказать, ну, я лишь хотела сказать что с моменты моей травмы от... ""Ардена"", я стала понемногу чувствовать возвращения сил, однако не думаю что моя душа окончательно вернулась в норму. Думаю этот монстр ушел отсюда или проиграл битву тому, с кем встретилась мисс Айрис... Ну, по крайней мере, я его здесь не чувствую... Было бы славно проверить всю местность на наличие его убежище и того, что напало на Айрис... Не хотелось бы чтобы кто-то из нас тут кончился от того, что мы не знаем даже место, что зовём базой... Это пожалуй все, что я хотела сказать, простите...

/Закончив та вновь уставилась в суп, явно сильно нервничая высказав мнение на столь большую группу./

|-----------------------------------------------------------------------------|","pizza9832","1519552863091691651"
"26.06.2026 13:00:02","samin__","#2997","— Джон Дейви Харрис —

Да... и правда как сестрёнка. Ну чтож, пока все высказывались, парень очень быстро доел свою порцию, ставя тарелку на стол, намереваясь отнести ей на кухню после разговора. Вслушиваясь в мысли и трактовки, тот сделал свои умозаключения и выдохнув стал разбираться со всем по очереди

Для начала он аккуратно прислонил тыльную сторону ладони к затылку <@&1496353987824189492> , пару раз проведя рукой вверх и вниз, говоря той спокойным голосом:

— Всё хорошо, ты отлично справилась

Убрав руку, тот встал с дивана обращаясь ко всем, переводя взгляд то на <@&1496355636383059974> , то на <@&1496354329676742667> , то на <@&1496356448169361539> , то на <@&1496354165293715487> , то на <@&1496356379513061526> , то на <@&1496354817927286844>  (едрить нас много):

— Такс, ну выходит решили? Опасности не чувствуют двоя из нас, которые... могут её чувствовать? Пожалуй так. Но расслабляться нельзя! Раз прецедент был, он может повториться, так что меры предосторожности лишними не будут

— <@&1496355636383059974> , будь добр, раз вызвался, проверь ""пространство вокруг""... чтобы это не было...

— <@&1496354329676742667> , это хорошая идея! Хотя я и не понял что ты сказала... но думаю на это сейчас нету материалов, не так ли? А делать ограду из палок и камней... бесполезно с точки зрения потраченного времени... с таким же успехом можно просто соли рассыпать от духов, честно слово, так что сначала Ад, а потом безопасность

— Так-же не забываем о том, что сказал <@&1496355636383059974> , раз 3 портала нагружают пространство, лучше и правда сделать переключатели, иначе если это место станет нестабильным, в лучшем случае сюда просто вылезет десяток другой тварей, а если брать худший расклад... мы просто уничтожим это место и упадём в пустоту, ведь мы и так между мирами!","",""
"26.06.2026 13:00:04","samin__","#2997","— В целях безопасности, предлогаю не оставлять тех, кто не может за себя постоять одних, а это... Волшебница, Лина и Айрис. Остальные либо не пострадают, либо... // посмотрел <@&1496356448169361539> // доведут наподающего...

— Ну а в остальном, думаю нужно заняться адом... а что там вообще есть такого, зачем нам туда идти? Ресурсы? Технологии? Еда? Что-то хоть есть?

Выбросив этот вопрос в никуда, парень сел на диван, вновь обращаясь к <@&1496353987824189492>  тихим и спокойным голосом:

— А тебе нужно поесть. Хотя бы немного, силы всегда нужны. Давай... хотя бы 3 ложечки, М? Сможешь?

> Вот казалось бы из дома ушёл, а проблемы всё те-же. Эльви, я нашёл твою родственную душу, не иначе","",""
"26.06.2026 20:42:33","ktoia","#6622","— Азазель —

Азазель слушала... слушала... слушала. О! Закончили! Ангел довольно улыбнулась, и взглянув на Джона сказала:

— Браво, Джон. Ты только что структурировал хаос быстрее, чем я. Впечатлена~

Перестав смотреть только на Джона, девушка взглянула на всех присутствующих в этой комнате и начала:

— Что касается Ада - там есть практически все. И ресурсы, и технологии, и в каком то плане рабочая сила и... Хм... насколько я помню еда даже оставалась, хотя Люци могла все в одно личико скушать. Кхм. В прочем самое главное для переключателя определенно ресурсов хватит, да и сверх него тоже. Раньше в Ад могли ходить существа исключительно с сильной ""волей"", на моей памяти там был всего то один человек... Ммм... В прочем это времена Люцифер, сейчас вероятно для живых существ завялятся туда не смертельно. Главное сильно не раздражать местных обитателей!~ Хотя они такие лапочки.

Взглянула на Виза.

— Виз прав - три открытых прохода - это как три дыры в лодке.... Рано или поздно мы начнём тонуть. Стоит этим заняться. Пока есть возможность стоит не тянуть с этим.

На этом Азазель в принципе замолчала, слушая дальше, если что-то еще будет.

||<@1405305963375759440> <@478922861554302997> <@432206718848729089> ||","biok_ymer; pizza9832; samin__","1520005723621163129"
"27.06.2026 05:06:01","biok_ymer","#9440","—Айрис Янг/Виз/Лиллит/Ведьма—
|-----------------------------------------------------------------------------|
Айрис и Лиллит не стали ничего добовлять, оставляясь на своих местах. А вот Виз услышав слов кивнул, двигая к выходу и говоря:
<@&1496356379513061526> , <@&1496354817927286844> , <@&1496354710934917322> и <@&1496356448169361539> .
|-----------------------------------------------------------------------------|

—Что же, тогда я пойду займусь осмотром. Ад меня не особо интересует и если вы разберётесь с ""дырками"" то я тем более не буду видеть в нём проблем, не буду вам мешать.

/После он вышел и направился вдаль. Ведьма же немного смутилась продолжением вниманию к себе, однако не долго сопротивляясь этому все же стала аккуратно есть суп, отвлекаясь немного от общего посыла беседы./

|-----------------------------------------------------------------------------|","ktoia","1520122110121480202"
"27.06.2026 21:59:28","pizza9832","#9089","__""Кертис""_

*Женщина лишь сопроводила взглядом <@&1496355636383059974> не став что либо говорить или добавлять о ситуации, а взгляд перешёл к ведьме и <@&1496354710934917322>. Сознание же Кертис снова уходить куда-то в свои чертоги и было там следующее:{Столько всего, столько нового для моего создания непонятного. Правда все эти действия и слова, что я говорю мои собственные или это остатки инстинктов тех людей, что я поглотил во время своего гнева. Не известно.}*

-Пожалуй здесь становится слегка душно из-за количества существ, которые дышут воздухом. Думаю мне стоит освежиться на крыльце. Обдумать некоторые свои мысли.

*Женщина говорила эти слова без присущей ей радости или даже интузиазма, а скорее как машина без эмоций присуших человеку. Та начала уходить на улицу проходя мимо <@&1496356379513061526>, но при этом даже не пыталась как то ее коснуться или взаимодействовать*","",""
"28.06.2026 00:29:10","ktoia","#6622","— Лина —

Что ж, можно сказать одно: Лина очень внимательно слушала все страсти, которые тут разворачивались. Какие то монстры, кого то душат, чёрные стены, порталы, коллапсы и... Да ёмаё! Может все таки вернуться к корням с бобром? Или попросить у Виза ту самую путевку обратно, потому что тут намечается какая то совсем нездоровая темка. Благо между слушанием она вполне успевала уплетать вполне сносный суп. Удивительно, что его сделала та самая... бабулька. Может, в ней и правда есть что то человеческое?

И вот совсем скоро тот закончился. Отлично! То есть тут есть портал в АД?! Хм... А вариант Виза кажется всё заманчивее и заманчивее.

Все понемногу расходятся, а значит, нужно придумать себе цель на сегодня. Она покосилась на <@&1496354710934917322> и спросила:

— Эй, Дейви! Чем сейчас займёшься?","",""
"28.06.2026 12:26:10","samin__","#2997","— Джон —

Парень чуть успокоился когда все разошлись кто куда. Выдохнув, тот уставился на дверь, время от времени присматривая за Волшебницей, чтобы та не подавилась

> Мда Эльви... у тебя даже не всё так плохо, хотя бывают деньки и ""не очень""

Благо от тёмных мыслей парня отвлекла Лина, что задала весьма интересный вопрос, на который парень не знал ответа. Закинув голову на гредушку дивана, парень посмотрел на потолок говоря:

— А я откуда знаю? По сути я сейчас тут самый красивый и бесполезный, так что даже не знаю. В обычной ситуации я бы жадно до знаний узнал как открывать порталы, однако сейчас у меня другие приоритеты. Хм... может тоже а Ад рвануть?","ktoia","1520541526139211886"
"28.06.2026 12:33:41","biok_ymer","#9440","—Айрис Янг/Лиллит/Ведьма—
|-----------------------------------------------------------------------------|
Айрис понимая, что собрание закончилось собрала рюкзак и надела на спину, после чего подошла к <@&1496356448169361539> , говоря:
|-----------------------------------------------------------------------------|

—Ну предпологаю, что пока собрание можно считать законченным. Я бы хотела все же посетить твою работу зону пока тут безопасно и дел в мире Соры у меня нет. Может на месте мы придумаем решения некоторых проблем. Кто захочет, в любом случае последует за нами.

/Лиллит же продолжала ходить хвостом за Линой, воспринимаясь более как телохранитель или питомец, что был приручен девушкой. А вот ведьма кое-как доев суп заметила что люди стали расходиться и положив также тарелку на стол, та пока решила послушать беседу между <@&1496356379513061526> и <@&1496354710934917322> , время от времени задерживая взгляды на тех./

|-----------------------------------------------------------------------------|","samin__","1520721964824531026"
"28.06.2026 23:08:40","ktoia","#6622","— Лина/Азазель —

Услышав что <@&1496354710934917322>  хочет наведаться в АД, Линочка нахмурила брови и махнув ручкой сказала:

— Ай, понятно Дейви! Нуууууу.... Удачки там! Мне в АД пока рановато! Так что я..... МммМммм, пойду ума в библиотеке набираться!

Глядь на Лиллит.

— О! Пошли я тебе почитаю! А ты мне почитаешь! 

Да Лина это сказала слепому мегаладону.... На сим она театрально поланилась и направилась в библиотеку....

|-----------------------------------------------------------------------------|

Посмотрев как две девчушки направились из зала, ангел кивнула, а после взглянув на <@&1496354329676742667> сказала:

— Да, вполне! Следует показать где что, дабы вы могли пользоваться~, **все ради общего блага**! Вперед.

Улыбнулась и перевела взгляд на <@&1496354710934917322>.

— Те кто хотят тоже могут пойти с нами~!

На этом закончив, девушка скрестив ручки за спиной, последовала к выходу и после пошла к портальчику.. Интересно как там Люси~?","samin__","1520721964824531026"
"29.06.2026 14:25:37","samin__","#2997","— Джон —

Помахав на прощание <@&1496356379513061526> , тот поревёл взгляд на <@&1496356448169361539>, что сразу стал недовольным. Выдохнув, тот встал с дивана, говоря той:

— Ага... бегу моя наглядная...

Проверив часики, парень слегка скривился, однако это сейчас ему и нужно было, от чего тот взял свою тарелку, вместе с тарелкой Ведьмы и на пофиг с силой кинул в сторону. Те полетели ровно в сторону кухни, пару раз отскочив от стены, приземляясь прямо в раковину

Ударив рукой о руку, тот посмотрел на <@&1496353987824189492> , говоря той:

— Не скучай и не перенапрягайся... отдыхай в общем

Смотря как значение снова растёт, тот заткнулся, начиная следовать за <@&1496354329676742667> представляя что <@&1496356448169361539> не существует","ktoia","1520883655310967026"
"29.06.2026 15:54:05","biok_ymer","#9440","—Айрис Янг/Виктор Кольд/Люцифер—
|-----------------------------------------------------------------------------|
Выходя из здания мимо Кертис, те направились в дальний путь. Спустя продолжительных 5 минут молчания они пришли на нужное место, что из приветсовало интересной картиной, возле портала кричал Виктор Кольд на Демона, что недовольно криво лицо на каждую фразу, отвечая с сарказмом:
<@&1496354710934917322> , <@&1496356448169361539> 
|-----------------------------------------------------------------------------|

В: -Ну и спрашивается какого хера ты не разрешает мне зайти туда, создание мутагена, а?
Л: -Ты пришибленный или как? Я уже высказала тебе, что у тебя нет на это права смерт.
В: -Че ещё значит смерт? Я просто хочу исследовать эту поеботу, в чем твоя ебаная проблема?
Л: -В том, что ты тут стоишь и воздух портишь своим существованием.
В: -Чё блять!? Да я тебе щас!

/Договорив последние фразу Мужик недовольно достал нож и с рывком сократил дистанцию, намериваясь атаковать горничную. Однако та ничуть не дернвушись в лице взяла его за руку и кинула через себя в снег, чуть недовольно смазливая несуществующую грязь с перчаток, говоря:/
-Фууу, ещё потом после тебя перчатки сжечь нужно будет...

|-----------------------------------------------------------------------------|","samin__","1521114416567816322"
"29.06.2026 15:55:13","biok_ymer","#9440","—Лиллит—
|-----------------------------------------------------------------------------|
Зайдя в библиотеку та с непониманием вертела головой по сторонам, явно непонимая, что это за комната. После чего усевшись за столик с <@&1496356379513061526> , она с тем же непониманием уже уставилась на девушку.
|-----------------------------------------------------------------------------|","ktoia","1520883655310967026"
"29.06.2026 17:42:38","pizza9832","#9089","__""Кертис""__

*Женщина внимательно смотрела в затылок <@&1496354710934917322> и <@&1496356448169361539> следя как они отдаляются по дороге через снег. По началу та не стала сразу идти за ними, будто что-то ее гложело внутри, однако как только те ушли достаточно далеко. Кертис лишь медленно незаметно следовала за ними, стараясь не привлекать внимание, держась ближе к деревьям*

-Хм... к порталам идут.


*Дама же затем так же из-за дерева следила за небольшой перепалкой мужчины, которого уже один раз видела(Виктора), а также какую то даму в горничном костюме*","biok_ymer","1521136677022597180"
"30.06.2026 01:55:14","ktoia","#6622","— Азазель —

Непринужденно прогуливаясь в определенно не давящей тишине, и группа что шла наконец достигла места назначения! Ровная, слегка расчищенная поляна с рамой портала, покуда стояло 2 существа. Понаблюдав за сия представлением, Азазель подошла на растоянии несколько шагов и слегка похлопывая стала говорить:

— Ого! Ты погляжу уже начала знакомится с местными! Какая радость! Хммм....... 

Девушка сделала еще несколько шагов к Люси и взяв ту за талию повернулась к Джону представляя:

— Это Люци! Моя самая добрая и милая, а главное любимая помощница. Которая самоотверженно поможет каждому кто её попросит! Верно~? Конечно верно!

Отпустив, сделала несколько шагов в бок, продолжила:

— Но не будем об этом.

Взглянула на Виктора, а после обратно на Айрис с Джоном. 

— Вижу тут все так хотят попасть в Ад~, так что... не думаю что стоит вас задерживать! Проходите.

На сим, Ангел взглянул на Люцифер давая понять чтобы та отошла и дала пройти ""гостям"". <@&1496354817927286844> пока что не замечена....

||<@1405305963375759440> <@478922861554302997> ||","biok_ymer; samin__","1521136677022597180"
"01.07.2026 01:39:12","samin__","#2997","— Джон —

Парень провëл этот путь в размышлениях о том, как ему двигаться дальше и думал что он знает об ""Аде""

> Ад - в церковных доктринах самое унылое место в которое может попасть существо. Там нет игр, ничего не появляется и вообще нет защиты, буквально... эм... то где я сейчас и оказался... а чем это место отличается от Ада?

На этих мыслях тот и дошëл до портала, видя как <@&1496354420114456710> нападает на девушку, парень уже было хотел что-то крикнуть, однако леди и сама смогла за себя постоять, от чего тот лишь положил руку на бок продолжил путь смотря как... Азазель о ней отзывается

Услышав ""разрешение"" входить, тот закатил глаза, без задней мысли ступая внутрь проговорил закатывая глаза:

— Мда уж милашка... с ""подругой"" тебе ой как неповезло. Крепись

Да, парня всë ещë не отпускала та ситуация, где его пытались не то чтобы подержать, а добить","ktoia","1521287962522947805"
"01.07.2026 01:48:06","biok_ymer","#9440","—Айрис Янг/Виктор Кольд/Люцифер—
|-----------------------------------------------------------------------------|
Посмотря с неким недопониманием на портал Айрис не долго думая пошла за <@&1496354710934917322> , явно рассчитывая на что-то внутри. Следом снежный ком ввиде Виктора встал и услышав добро и сам убежал следом бубня что-то про ""я буду первым!"". После чего Люцифер хотела бы и зайти, однако посмотрев в сторону деревьев за коими стояла <@&1496354817927286844> добавила:
<@&1496356448169361539> .
|-----------------------------------------------------------------------------|

—А эта сущность также наш гость...?

|-----------------------------------------------------------------------------|","samin__","1521646315916755127"
"01.07.2026 01:49:36","biok_ymer","#9440","Буквально Ад","",""
"01.07.2026 09:37:36","pizza9832","#9089","__""Кертис""__

*Женщина неряшливо стояла за деревом. Ибо сложно не заметить человека в черном костюме на фоне белого снега. Поэтому поняв свою ошибку Кертис медленно вышла из-за дерева внимательно смотря на <@&1496356448169361539> и Люцифер при этом даже был слышен нервный смешок*

-Ваша правда мне нужно было быть более незаметной. А почему сразу сущность, я простой человек. Мне было любопытно вот я увязалась за вами.

*Затем женщина прокашлялась поправляя свой галстук в знак капитуляции*

-А вам мисс идет этот костюм, а ещё эти рога так вот значат выглядят демоны. Не зря люди говорят, что они принимают прекрасный облик, чтобы обманывать людей. Однако это возможно лишь глупые заблуждения. Так мисс Ангел вы не против если я тоже пойду с Джонам и Айрис туда?","biok_ymer","1521648555524362280"
"01.07.2026 18:40:08","ktoia","#6622","— Азазель —

Азазель медленно обернулась на Люци, проследив за её взглядом в сторону деревьев и увидела Кертис, которая уже выходила из своего укрытия. Ангел чуть приподняла бровь и улыбнулась, когда та заговорила.

— Любопытство - отличное качество. Обожаю любопытных ""людей"". Хах...

Она кивнула в наглую отвечая за Люцифер:

— Демоны - действительно невероятно опасные и греховные создания. При контакте с ними лучше пытаться найти общий язык, чем надеяться на силу или хитрость.

Азазель ухмыльнулась шире, подавшись вперёд в сторону Кертис:

— Конечно, ты можешь идти. Только прошу тебя - держи свои эмоции в руках. Я видела твою реакцию в особняке, дорогуша. Нынешний Ад во многом лучше, чем при Люци. И мне бы не хотелось, чтобы кто-то нарушил это хрупкое равновесие.

Она направила руку в сторону портала:

— Стоит убедиться в этом самостоятельно.","pizza9832","1521766707797164182"
"01.07.2026 21:11:18","biok_ymer","#9440","—Люцифер—
|-----------------------------------------------------------------------------|
Девушка с недовольством просверлили взглядом <@&1496356448169361539> , что назвала ад при её проведении ужасным местом и как только та вернула взгляд на Люци она отвела взгляд в сторону, сделав вид, будто та не смотрела на неё с жаждой убийства. После же, она спокойно стала ждать пока <@&1496354817927286844> зайдет внутрь, явно не хотя что-то отвечать при <@&1496356448169361539> .
|-----------------------------------------------------------------------------|","ktoia","1521903243477778544"
"02.07.2026 02:53:14","pizza9832","#9089","__""Кертис""__

*Женщина внимательно смотрела за Люцифер и <@&1496356448169361539> понимая какие примерно у них взаимоотношения между друг другом. Однако понимая, что здесь становится по среди холодной зимы очень жарко. Кертис вежливо поклонилась и зашла в портал*

-Благодарю за понимание Ангел, я лучше подожду вас по ту сторону.","biok_ymer","1521941282870792242"
"10.07.2026 17:29:35","ktoia","#6622","— Лина —

Девушка поглядела на полки, и потом развернулась на мегаладона, хотя что-то сказать. Однако увидя её невдупленышеское лицо стала пояснять:

— Это Лиллит.... БИБЛИОТЕЕЕЕКА!!!! 

Подошла к стилажу, поглядывая на книги.

—  Тут хранится.

Заметила какую-то плохую книгу, сказала:

— Херня какая-то тут хранится.... КХМ.

Развернулась.

— Всякие разные умные книги которые надо читать! Собственно говоря ты же у нас слепенькая! Так вот, чо почитать хочешь? Тут есть ВСЕ.... э... Наверное все!","biok_ymer","1521136963678113893"
"10.07.2026 17:48:23","biok_ymer","#9440","—Лиллит—
|-----------------------------------------------------------------------------|
Чуть непонимающе таращясь на ту, та не долго думая, сказала:
|-----------------------------------------------------------------------------|

—Книги эт чё? И всиысли читать? Я не могу, я слепая.

|-----------------------------------------------------------------------------|","ktoia","1525146976986075266"
"10.07.2026 22:29:22","ktoia","#6622","— Лина —

— Книги это бумага с буквами. Ты знаешь что такое буквы? Мммм...... Ну слышала наверное. А на кой тебе это объяснять если ты их не видишь... Так.... думать...

Лина опять развернулась к стеллажам с книгами и стала искать книги для СЛЕПЫХ. А может есть!? Определенно должны быть!!!! Если нет, есть другая идея что делать! Пойти к ВИЗУ.","biok_ymer","1525151708366503967"
"11.07.2026 09:51:06","biok_ymer","#9440","—Лиллит—
|-----------------------------------------------------------------------------|
Никакой книги для слепых найдена не было, разве что она смогла найти книгу с пустыми листами, однако не думаю что такую книгу вообще хоть кто-то сможет прочитать. Девушка же на это хмыкнув сказала:
|-----------------------------------------------------------------------------|

—Так ты это, можешь читать, мне то что, я все равно могу просто рядом побыть.

|-----------------------------------------------------------------------------|","ktoia","1525222422637314239"
"11.07.2026 19:03:58","ktoia","#6622","— Лина —  

Взяв книгу, Лина открыла её и не увидела ничего. Поморгав несколько раз и перевернув книгу в руках, она кинула её обратно на полку и заявила:  

— Кажется, я тоже ослепла. Ну ничего, бывает! Да, знаешь... мме... э... Мне не хватает картинок в этих книгах, поэтому фиг с ними, не интересно. Пошли... Хм-м-м... К Визу!  

Приняв гранитное решение, Лина переобулась в своих делах и пошла из библиотеки. Однако когда она вышла и пришла в гостиную, то увидела скучающую Ведьму и её гранитное решение потрескалось. Подойдя к ней, она слегка наклонилась набок и вкинула:  

— Че грустим?","biok_ymer","1525393986334752798"
"12.07.2026 00:26:19","biok_ymer","#9440","—Лиллит/Ведьма—
|-----------------------------------------------------------------------------|
Ничуть не споря, рыбка стала следовать следом. А вот скучающая, от своей беспомощности волшебница со скукой силюдела на диване, смотря в окно. Услышав обращение, та перевела взгляд на лину, чуть слабо улыбнувшись, говоря:
|-----------------------------------------------------------------------------|

—Ох ну я, скорее опечалена, что не могу никак вам помочь. Ато сижу тут как какой-то паразит и ничем вам не помогаю...

|-----------------------------------------------------------------------------|","ktoia","1525533119732781197"
"12.07.2026 00:42:50","ktoia","#6622","— Лина —

Услышав проблемы милашки, она решила задержаться и как то её поддержать! Конечно! Ведь Лина же ГЕРОЙ! Обперев ручки в боки она улыбнулась в ответ и гордо заявила:

— Ну почему же не можешь! Например ты..... э..... а.....

Её гордое личико слегка потухло когда она начала думать чем может помочь ""угашенная подруга"".

— .... я.. думаю...... нам.... Хм..... О!

Подняла указательный палец вверх:

— Те кто ушел в ад пошли думать о порталах. Виз думает о защите, а мы... мыы.... Ты сейчас встанешь и пойдешь с нами искать... Эту вашу ХИМЕРУ! ВО!

Положив руки обратно на пояс, девушка стала ждать радостных возгласов на свою гениальную идею.","biok_ymer","1525614241975898255"
"16.07.2026 23:25:56","biok_ymer","#9440","—Лиллит/Ведьма—
|-----------------------------------------------------------------------------|
Рыба никак не отреагировала на россказни подруги, однако услышав о предстоящей битве чуть ухмыльнулась. Ведьма же напротив, насторожилась и виляя руками сказала:
|-----------------------------------------------------------------------------|

—Эмммм нууу это же опасно, да и мы ничего не знаем о нашем противнике. С ним конечно нужно разобраться, но лезть наражон как по мне рисковано.

|-----------------------------------------------------------------------------|","ktoia","1525618398455791757"
"16.07.2026 23:30:31","ktoia","#6622","— Лина —

Услышав действительно правильные мысли об опасности Лина заметно задумалась, говоря в слух:

— Хм.... Верно! Умирать рановато... Чтож делать... мм.....

Подняла указательный палец вверх, заявляя:

— Элементарно! У нас может сражаться только Лиллит! Я в ней не сомневаюсь, но и без помощи оставлять не могу. Значит делаем так! Ищем ВИЗА и ЗАСТАВЛЯЕМ его пойти с нами. Пока они в двоем будут бить по голове Химеру, мы будем их поддерживать! Ну умна голова! Как тебе?","biok_ymer","1527410985592291409"
"16.07.2026 23:45:17","biok_ymer","#9440","—Лиллит/Ведьма—
|-----------------------------------------------------------------------------|
Рыба не возражала против такого плана, а вот ведьма чуть нахмурилась, но все же выдохнув кивнула смотря на дверь и говоря:
|-----------------------------------------------------------------------------|

—Ладно, это уже звучит лучше чем шататься в поисках проблем или без дела... Он ушел на край местности, отчего нам предстоит долгий путь.

|-----------------------------------------------------------------------------|","ktoia","1527412138027647058"
"17.07.2026 03:43:01","ktoia","#6622","— Лина —

Лина удовлетворенно закивала, услышав согласие и её лицо озарилось довольной улыбкой.

— Отлично! Значит, решено!

Она подошла к Ведьме и протянула ей руку, помогая подняться с дивана.

— Мы сейчас такие дела провернём, что все удивятся!

Как только Ведьма поднялась, Лина гордо зашагала к выходу из дома, толкнула дверь и вышла на улицу. Пройдя чуть от крыльца она остановилась и... сказала:

— Так... Нам нужен Виз. Он где-то там... мм... э...

Потерла затылок и ничего круче не придумав пошла в рандомную сторону говоря:

— **Я иду в сторону Виза!!**

Пошла в сторону Виза, немного пройдя добавила:

— Слушай Ведьма, а ты вообще любишь читать?","biok_ymer","1527415853182750902"
"20.07.2026 21:57:09","biok_ymer","#9440","—Лиллит/Ведьма—
|-----------------------------------------------------------------------------|
Рыбалюдка стала молча следовать за девушкой, ведьма же сначала с трудом поднявшись на ноги, а после чуть выровняла позу стала также идти следом, только помеденее и в конце. Услышав вопрос, она стала отвечать:
|-----------------------------------------------------------------------------|

—А ну... Да, я люблю изучать что-то новое. Все же я пока лишь ученица, недели полноценная ведьма хех. Книги всегда приносили мне радость в мои скучные дни.

|-----------------------------------------------------------------------------|","ktoia","1527475680831602781"
"21.07.2026 01:06:53","ktoia","#6622","— Лина —

— Ага, так и думала, что любишь!

Довольно усмехнулась, а затем с любопытством наклонила голову.

— А... Ты ученица? Эвоно как. Ну значит учись хорошенько, чтобы у меня в друзьях была настоящая ВЕДЬМА! Ха!

Лина развернулась и зашагала спиной вперед, продолжая говорить с прежним задором:

— Я лично люблю всякие любовные интрижки почитывать, ну нравится и всё тут. А вот мерзкое и излишне жестокое терпеть не могу... Ме... Не мой кайф вливаться в такое.

— Слушай, а мы же, получается, из разного времени? Эмммм... А какой у тебя мир был?","biok_ymer","1528838193754144778"
"22.07.2026 17:31:46","biok_ymer","#9440","—Ведьма—
|-----------------------------------------------------------------------------|
Девушка выслушала рассказ девушки, говоря:
|-----------------------------------------------------------------------------|

—Любовные истории? Ох это как сказания о принцессах и принцах, что их спасают ради истиной любви? Это так мило и замечательно! Однако я ни разу не видела подобных историй в наших реалиях... Последний человек что признался мне в любви ушел в неизвестный портал и позже не появлялся, я думаю он уже мертв... Наверное сказки на то и сказки, чтобы не терять надежду на что-то светлое в жизни.

/Чуть выдохнув, девушка все же решила ответить на второй вопрос:/
-Я незнаю насчёт времени, однако видя технологии Вильгельма, я могу сказать, что моё время не дошло до того же развития. Я думаю я из прошлого, где магия порицается и люди сжигают все её проявление.

|-----------------------------------------------------------------------------|","ktoia","1528885940427161802"
"22.07.2026 18:15:09","ktoia","#6622","— Лина —

— Не обижайся, но... в твоем мире какие-то аборигены. Серьезно? Жечь людей за то что они умеют колдовать? Ну бред же! Я бы на твоём месте сбежала оттуда куда подальше! А... точно... ты уже.

Она замедлилась, а затем добавила с ноткой искреннего восхищения:

— Вот будь у меня хоть капля магии, я бы точно не стала её прятать. Я бы!.. Хм ну колдовала бы всем на удивление! Хотя наверное меня бы тоже быстро сожгли... ме... Не, так не пойдёт.

Повернув голову на Ведьму продолжила:

— А вообще... ээээ... кто? Вильгельм?

Нахмурилась пытаясь вспомнить имя.

— А кто это? Он здесь, что ли? Я думала, я тут всех знаю, но такого имени как-то не припоминаю...","biok_ymer","1529496182219472928"
"25.07.2026 02:10:00","biok_ymer","#9440","—Ведьма—
|-----------------------------------------------------------------------------|
Слушая девушку та чуть улыбнулась, говоря:
|-----------------------------------------------------------------------------|

—Рада что хоть кому-то интересна магия как и мне. В нашем мире она весьма сильно порицалась... А Вильгельм? Это мужчина, что раньше занимался инцидентов с смешением миров. Однако где он сейчас я и сама не знаю, ведь мы в подобном месте не бывали.

|-----------------------------------------------------------------------------|","ktoia","1529507100982775890"
"25.07.2026 03:04:41","ktoia","#6622","— Лина —

Услышав про Вильгельма, Лина недолго думая выдала:

— Ааа... Теперь понятно кто такой Вильгельм!.. И он наверное очень умный. Ну раз он с тобой эту лабуду исследовал? А... ну и... очень мертвый?

Почти сразу поняв, что слова могут задеть, девушка выставила перед собой ручки, слегка помахивая ими и поспешила добавить:

— Хотя не-не, наверное, с ним все окей. Да и думаю, если его поискать, он найдется. Все таки ты то здесь? Да и Лиллит. Значит он... э... ну... тоже в подобном месте?

Закончив мысль, Лина развернулась и зашагала уже нормально, а не спиной вперед. Пока шел разговор она все же прищурилась, пытаясь разглядеть Виза на горизонте, если он вообще был где то поблизости.","biok_ymer","1530351376213999768"
"25.07.2026 03:19:45","biok_ymer","#9440","—Ведьма/Лиллит/Виз—
|-----------------------------------------------------------------------------|
Девушка продолжая улыбаться несмотря на тему о смерти дополнила:
|-----------------------------------------------------------------------------|

—Он и вправду был весьма умен и не думаю, что он бы дал себе умереть. В прошлом именно он вёл группу и смог сам сотворить пространство между мирами, где сам творил порталы в опасные фрагменты мультивселенной. Скорее всего он и сейчас разбирается с разрушением мира окончательно, отчего рано или поздно мы с ним вновь встретимся.

/Тут уже добавила рыба, что молча шла рядом:/
-А мне кажется он просто решил свалить ибо не выдержал груз ответственности, так типично для людей...

/Не успела ведьма как-то это опровергнуть как компания подошла к границе где и была видна темная стенка, у которой стоял виз, с интересом разглядывая нечто./

|-----------------------------------------------------------------------------|","ktoia","1530365136466874532"
"26.07.2026 12:55:09","ktoia","#6622","— Лина —

Услышав оба суждения, девушка ответила, махнув рукой:

— Да ладно тебе, Лиллит! Он уж точно бы не отошел от того что делал! Мкх... Я его конееечно не знаю, но уверена! Знаешь! Моя ИНТУИЦИЯ! Меня никогда не подвадила. Свидимся ещё, а вообще я думаю...

В этот момент глаз Лины зацепился за алмазик - у черной стены маячил знакомый силуэт. Чтож! Удача и успех явно благоволят. Она тут же забыла, что хотела сказать и прибавила шагу, срываясь быстрый шаг в сторону фигуры, что разглядывала стену так, будто та с ней говорит.

Приблизившись звонко окликнула:

— Виииз! Привееет! Ого, это что ЧёРнАя СтЕнА?.. Э... а что делаешь? Краску проверяешь на густоту? Засохла?","biok_ymer","1530368927807439009"
"26.07.2026 23:57:07","biok_ymer","#9440","—Ведьма/Лиллит/Виз—
|-----------------------------------------------------------------------------|
Подходя следом ведьма лишь легонько помохал парню чуть улыбнувшись, а рыба просто недовольно встала чуть поодаль, направляя голову вновь на дымку. Парень же услышав неприятный но знакомый голос обернулся замечая кулинарию независимых и сильных... После услышав очень интеллектуально крутой комментарий, спокойно ответил:
|-----------------------------------------------------------------------------|

—Ммм это и есть граница да и я проверяю её на свойства и думаю как лучше наложить на неё барьер. Да и на дыры рассматриваю, по сути то, что я сказал ранее в доме я и начал делать. А вы чего тут делаете, ещё и такой толпой?

|-----------------------------------------------------------------------------|","ktoia","1530876121019711609"
"27.07.2026 00:53:20","ktoia","#6622","— Лина —

— Аааа.... так это та самая граница, да?

Лина подошла ближе, прищурилась, разглядывая стену так будто она могла что-то понять. 

— А я и не сразу поняла... Хм. Черная.... Не сильно люблю черный.

Она обернулась на ведьму и рыбу, затем снова на Виза, сложив руки перед собой.

— А мы? Ну... гуляем. Дышим свежим воздухом, наслаждаемся компанией, обсуждаем великое и вечное. Ну и кстати.

Чуть подалась вперед.

— Мы как раз на рейд за Химерой собираемся. Идём искать, где она прячется и возможно надирать ей её химерический зад! Идём с нами! Ты же у нас это.... боевой ||фембой||! Ну, что скажешь?","biok_ymer","1531042712235802654"
"27.07.2026 04:13:58","biok_ymer","#9440","—Ведьма/Лиллит/Виз—
|-----------------------------------------------------------------------------|
Парень смотрел на ту как полоумную, а после с тем взглядом посмотрел на остальных, однако не увидя в них намек на шутку удручённо выдохнул, после чего протянул руку в бок и создал портал, откуда достал свой излюбленный клинок, говоря:
|-----------------------------------------------------------------------------|

—Дело резонное, если и сделать барьер от тварей снаружи, если кто его разобьёт изнутри нам не сдобровать, однако разве вы способны сражаться? Не пойми неправильно, но мне казалось вы тут не ""боевые единицы"".

/Услышав о том, что они слабые Лиллит недовольно скривила лицо и уставив голову на того достала из копищена свои косы, после чего направила на парня, говоря:/
-А мне теперь не нравится пологатьсч на того, кто с нами не считается. Может прибить его, ато больно многое себе позволяет.

/Увидив некое напряжение промиж них встала ведьма раскачивая руками между ними, говоря:/
-Ну чего, не нужно ссориться ещё кто драться тут умеет. Мы попросту должны держаться вместе чтобы подстраховать друг друга, да и чтобы случайная тварь какая не напала на того, кто мог остаться один. Верно ведь, Лина?

|-----------------------------------------------------------------------------|","ktoia","1531056858263982152"
"27.07.2026 15:53:59","ktoia","#6622","— Лина —

Лина на пару мгновений зависла, переваривая перепалку между Визом и Лиллит. Её взгляд метался от одного к другому, когда Ведьма окликнула её, вырывая из ступора. Она тут же оказалась рядом с ней, тоже встав между ними и громко заявила, махая руками в примирительном жесте:

— Эй-эй-эй! Да! Все, стоп! Хватит! Ведьма верно говорит, мы как... а... Поддержка! Да и в прочем, не такие мы и слабые с Ведьмой! А вот вы с Лиллит как раз таки и основные боевые единицы! Так что не возникайте оба! Нахватало сорится по такому бреду!

— Мы идём сейчас вместе, разбираемся с Химерой, а потом уже будем выяснять кто круче! Договорились?","biok_ymer","1531107348712652891"
"27.07.2026 22:04:51","biok_ymer","#9440","—Ведьма/Лиллит/Виз—
|-----------------------------------------------------------------------------|
Выслушав ""лидера"", Виз все же опустил клинок вниз и закинул его на спину. А Лиллит недовольно же цокнув также опустила их вниз, но не убрала. Увидив все ещё молчаливое недовольство, Ведьма добавила:
|-----------------------------------------------------------------------------|

—Что же... Ну пойдемте тогда искать эту химеру, есть идеи где он есть?

/Виз оглядевшись показал пальцев вдаль, говоря:/
-Скорее всего нечто вскрывается в противоположной стороне, ведь здесь я её не чувствую, как и у нашего особняка.

/Услышав в какой стороне чупакабра Лиллит быстрым шагом направилась в другую сторону, на что Виз сказал:/
-Не туда... Ай, неважно.

/Парень пошел туда куда указал и Лиллит остановившись слушая его реакцию направилась следом. Заметив спадвиденич топлы, Ведьма чуть удручённо улыбнулась, а после направилась следом./

|-----------------------------------------------------------------------------|","ktoia","1531283511884120074"
"28.07.2026 01:01:31","ktoia","#6622","— Лина —

Лина с облегчением выдохнула, когда напряжение между Визом и Лиллит начало спадать. Однако, глядя на их угрюмые спины и ощущая повисшую в воздухе неловкость, она поняла - так дело не пойдет. Группа напоминала похоронную процессию, а не отряд собирающийся кого-то прикончить сообща.

Она догнала остальных и поравнявшись с ними, громко хлопнула в ладоши, привлекая внимание.

— Ну ка народ! У нас что поход на кладбище? А где азарт? Мы же идем Химеру валить! Давайте хоть немного боевого настроения! Все таки эта штука хотела убить одну из наших, мы должны показать, кто в этом междумирье папочки! Думаю, нам определенно нужен план! И раз все в сборе... ммм...

Повела взглядом по присутствующим, останавливаясь на Визе и сказала:

— Вот Виз, у тебя же опыта боевого много? Скажи, как ты думаешь что нам нужно делать когда мы её обнаружим? Бери в учет всех, ответ ""Я пойду один и бум-бум ей по голове сделаю"" не прокатит.","biok_ymer","1531376845063454883"
"29.07.2026 01:16:15","biok_ymer","#9440","—Ведьма/Лиллит/Виз—
|-----------------------------------------------------------------------------|
Парень и вправду думал сказать, что сам разберётся, но все же недовольно выдохнув стал рассуждать:
|-----------------------------------------------------------------------------|

—Я незнаю сил вашего отряда, однако предположу что Ведьме предпочтительно держаться на расстоянии, а Лиллит же напротив на короткой или же средней дистанции. Я же универсальный воин, способны сражаться как вдали, так и в близи. Отчего я бы сделал атакующей силу Лиллит, дальний бой и помощь на Ведьме, я же был бы поддержкой отряда на всех фронтах. На тебе же я бы дал МММ...

/Парень задумался как бы не обидеть, а после придумав высказал:/
-Ты была бы командиром, что командовал со стороны как лучше поступить. Как тебе?

|-----------------------------------------------------------------------------|","ktoia","1531421303696003163"
"29.07.2026 02:43:09","ktoia","#6622","— Лина —

Девушка кивала в такт его рассказу. В принципе всё логично: и Лиллит правильно, и Ведьму... и сам своё место знает. Тааак дальше? Лина кивала вплоть до того, как он остановился на ней... Что ж, это весомое молчание девушка восприняла как ""ты ёбаная бесполезность"", из-за чего её вечная ухмылка сползла и она уставилась на Виза посерьёзнее... НО Фембой конечно же УСПЕЛ вывернуть и как-то сгладить углы. Нет, определённо осадок от бесполезности остался. Да в принципе Лина сама понимала, что она толком ничего не умеет и бесполезность вообще ходячая, а чё так жить проще! Кхм. В общем, когда Фембой закончил, девушка твердо кивнула и сказала:

— Весомо... Да что уж там, план надежный как швейцарские часы! Если... ам... Я правильно поняла! Ну не зря ты боевой. Мы эту химеру только так и разматаем! Бдыщ пах бабах - и всё она опомниться не успеет.

Она положила руки в карманы.

— Главное ребята работать в КО-МАН-ДЕ! И не пытаться в пылу битвы друг друга убить! Проще простого! А ну и самим желательно не умирать - если получится, то вообще сто баллов каждому! Мм... А что я то я? А Ведьма и Лиллит согласны с планом Виза?

Она взяла в обзор обоих, кого перечислила.","biok_ymer","1531787400119058605"
"29.07.2026 08:23:32","biok_ymer","#9440","—Ведьма/Лиллит/Виз—
|-----------------------------------------------------------------------------|
Парень умолк, решая лишний раз не вмешиваться и так в накопленную ситуацию, ведьма кивнула, а Лилит хотела была возразить, однако ничего не придумала что сказать, отчего также кивнула. Что же, похоже поддерживать беседу никто не намеривается. Пойдут ли они в тишине или Лина подумает новую тему?
|-----------------------------------------------------------------------------|","ktoia","1531809267454312509"
"30.07.2026 03:36:16","ktoia","#6622","— Лина —

ЧТОЖ. Они прошли молча **минуты 3** и тишина начала затягиваться.... Как минимум Лину это изводило - молча идти куда-то... Бред! Ну уж нет! Она не для того собрала эту компанию, чтобы слушать, как ветер свистит в ушах. Девушка приподняла руку и кашлянув в кулак, нарушила повисшую тишину и бодро заговорила, глядя по очереди на каждого:

— Вот надоедает. Хм. Слушайте, вот тут все такие разные... А вот вы когда-нибудь задумывались... м.... Кем бы вы хотели работать или заниматься, если бы откинуть всё, что происходит сейчас и то чем вы занимаетесь по факту? Ну типа ваша идеальная работа мечты! Я вот... Мммхм...

На миг задумалась, прикусив губу и почти сразу глаза загорелись и та начала жестикулируя говорить:

— Блин! Я хочу быть ведущей! Вести ШОУ! Яркий свет, толпа, я выхожу на сцену и вся эта куча народу ждёт только моего слова!.. /мимолетная пауза и резко:/ ЧЕРТ, А ЧЕМ Я В ЖИЗНИ НЕ ТАК ЗАНИМАЛАСЬ, ЧТО НЕ СТАЛА?! ЧЕ я только щас подумала про это?! Надо было в актерское идти!

Она потерла затылок и цокнула с досадой.

— Ме, бездельница...

Перевела взгляд на остальных, сияя глазами:

— Ну а вы? Чего бы вам хотелось, если бы жизнь была простой и вы могли бы выбрать что угодно? Давайте, не стесняйтесь!","biok_ymer","1531894931860361329"
"06.08.2026 01:43:26","biok_ymer","#9440","—Ведьма/Лиллит/Виз—
|-----------------------------------------------------------------------------|
Виз переглянулся с другими слушая рассказ Лины, а после неторопливо ответил:
|-----------------------------------------------------------------------------|

—Я думаю я бы хотел уделить жизнь музыке. Мне нравится играть на пианино, однако редко удается засесть за него, отчего играю в него время от времени. Ну или быть может устроился бы в библиотеку, стал бы там смотрителем.

/Услышав про книги вступила уже ведьма, добовляя:/
-Ох, я тоже люблю книги, с радостью бы занялась чем-то подобным. Открыла бы свой читальный уголк, где помогала бы другим читать что-то и разжёвывать. Может бы почитала книги детям, уча их граммоте, думаю исходя из этого я бы хотела стать учителем, но не думаю что меня бы кто-то стал слушать, зная, что я волшебница...

/После уловив немую паузу, вмешалась уже рыба, говоря:/
-Я хотела бы и сама узнать, чем бы я хотела заняться кроме вечной борьбы за трон и уважения своего народа. Не думаю, что у меня даже есть выбор, если уж на то пошло. Поэтому на такой вопрос ответить не могу.

|-----------------------------------------------------------------------------|","ktoia","1532185024928153784"
"06.08.2026 04:34:22","ktoia","#6622","— Лина —

Девушка выслушала все ответы и расплылась в широкой улыбке.

— Ой, да вы посмотрите! У вас с Визом прямо одно желание на двоих! /Глянула на Ведьму и Виза/ Книги, музыка, уют... блин, а может вы встречаться начнёте? А? Представляешь: он играет на пианино, ты читаешь книжки, а вокруг свечи и кот мурлычет. Идеальный сюжет для любовного романа!

Она рассмеялась, махнув рукой, отгоняя эту мыслю.

— Ладно-ладно, шучу. Если честно, мне кажется, все ваши выборы классные. Особенно твой Виз с пианино! Это же круто - уметь создавать что-то красивое без магии, просто руками и душой. А ты, Ведьма, вообще звучишь как идеальный библиотекарь - теплый, уютный, с чаем и пледом. Мне бы в такую библиотеку ходить.

Перевела взгляд на Лиллит и чуть склонив голову набок, добавила уже мягче:

— Ну а ты... не переживай. В будущем обязательно что-нибудь треснет в твоей голове.. э... В хорошем смысле! 

Лина обвела всех взглядом и довольная кивнула, подводя итог:

— В общем, выбор у всех крутой! Музыка, книги, ну и трон... Мне нравится. А я, значит, буду вашей звездой, понятно?

Зашагала дальше, напевая себе под нос.","biok_ymer","1534693342489874472"
"09.08.2026 14:44:01","biok_ymer","#9440","—Ведьма/Лиллит/Виз—
|-----------------------------------------------------------------------------|
И вот отряд домино пришел к второму дому рядом с которым фембой напрягся, говоря:
|-----------------------------------------------------------------------------|

—Что же, это нечто похоже находится здесь... Я бы предложил кому-то контролировать выходы, а кому-то выкурить сущность наружу, однако лучше послушаю, что скажет командир Лина.

|-----------------------------------------------------------------------------|","ktoia","1534736360160624684"
"09.08.2026 15:32:06","ktoia","#6622","— Лина —

Лина остановилась, окинула взглядом особняк, стоящий перед ними и на мгновение задумалась, прикусив губу. Затем её глаза загорелись и она развернулась к отряду с явным воодушевлением и улыбкой:

— Так, слушайте сюда! Эту штуку нужно выкуривать, а не штурмовать. Она напала на одну из наших - значит, по хорошему с ней не договориться!!!!

Она перевела взгляд на Виза, затем на Ведьму и указав пальцем на дом, уверенно заявила:

— Короче, план такой: Ведьма, ты сейчас как следует **ЕБАНЁШЬ в этот дом ФАЕРБОЛ!**!! Пусть эта тварь либо сгорит, либо вылетит наружу, когда там станет невыносимо жарко. А мы встретим её снаружи.

Лина повернулась к Лиллит и Визу, распределяя задачи:

— Лиллит, иди назад и следи, чтобы никто не выскользнул сзади. Если эта штука попытается сбежать через ""черный ход"" - ты её встречаешь. Виз остается тут и смотрит за передним входом. Если кто-то вылетит - встречаем.

Она хлопнула в ладоши и ухмыльнулась:

— Всем всё ясно? Тогда погнали! **Ведьма жги**!!!!","biok_ymer","1535976949682409583"
"17.08.2026 14:39:43","biok_ymer","#9440","—Ведьма/Лиллит/Виз—
|-----------------------------------------------------------------------------|
Фембой и волшебница с непониманием уставились на лину, а вот рыбу похоже ничего не смутило в этом плане, отчего она без лишних слов достала своё оружие и направилась назад здания, увидив подобную реакцию парень недовольно выдохнул однако и сам взяв меч из-за спину направил на здание, после чего аутсайдер ввиде ведьмы покорившись то на виза, то не Лину в итоге обхватив посох покрепче направила его на здание и стала читать шепотом заклинание, после чего из кончика появился слабый огонек, что при вылетами тут же покрыл весь дом пламенем. От такого снаряда девушка слабо покасилась по сторонам и в итоге рухнула на свой зад в снег, предварительно ухнув. Какое-то время все было тихо, пока из-за здания не расслышалась торможения, словно там была борьба, виз глянув на лигу тут же помчался туда... И что же там произошло?
|-----------------------------------------------------------------------------|","ktoia","1535989047208448090"
"17.08.2026 14:52:59","ktoia","#6622","— Лина —

Девушка глядела удовлетворённо за выполнением своего плана, вообще не видя проблем в том, чтобы сжечь целый дом! Ох... А когда он начал гореть, она почувствовала себя в настоящем блокбастере! Горит, ГОРИИИИ!!! Правда, её удовлетворение закончилось, когда бедная ведьма упала. Лина глянула на неё, потом на дом, а затем опустилась на колено и ткнула пальцем ей в щеку. Взглянув на Виза, она сказала:

— Живая. Что ж... Эм... Щас восстановится!

Лина и рада была бы помочь, но началась какая то заварушка сзади. Виз правильно сделал, что побежал, но что делать Лине?... М... Всё просто! Девочка взялась за Ведьму и попыталась помочь той встать, но потуги были бесполезны - она какая-то тяжелая. Крехтя, Лина вслух сказала:

— Блин, Ведьма, ты таааааакаааая легкая...

И невероятно, но Лина сумела поднять ""легкую"" Ведьму. Приподняв и придерживая ту за плечо, она поднялась и направилась назад к дому, чтобы глянуть, что там.","biok_ymer","1538874967091970138"
"17.08.2026 14:59:56","biok_ymer","#9440","—Ведьма/Лиллит/Виз—
|-----------------------------------------------------------------------------|
Волшебница с радостью приняла помощь Лины, лишь виновато улыбнувшись. Прийдя за дом девушки увидели странную картину, две идентичные рыбалюдкт сцепились в драке в снегу, на что Виз с неким непониманием тарашился, незная какую из них следует бить. Вау, потасовка двух полуголых рыб! И что делать?
|-----------------------------------------------------------------------------|","ktoia","1538878306005553282"
"17.08.2026 15:17:51","ktoia","#6622","— Лина —

Выйдя из-за угла дома, девушка увидела, что происходит пиздилка двух рыб. Её глаза расширились, она выронила Ведьму, пару раз ойкнула, но решив не поднимать ту, а пока оставить сидеть тут, пошла к Визу. В конечном счёте встав возле него, она ткнула пальцем в одну рыбку и в другую. Некоторое дежавю прокатилось в её сознании... Жаль, это рыба, а не паучки. Что ж... Продолжая тыкать в них пальцами, Лина стала выдавать:

— Нифига себе! Лиллит, Лиллит... Два... ДВА МЕГАЛАДОНА!

Поняв, что они так будут долго грызться и нужно как-то помочь, мозговой штурм Лины выявил следующее: нужно задать только то, что знает настоящая Лилит. Она прищурилась и громко начала кричать:

— ЛИЛЛИТ!!! ЧТО СЛУЧИЛОСЬ В ЛЕСУ?! НА ОХОТЕ?! КТО НАПАЛ?!","biok_ymer","1538880057932783616"
"18.08.2026 04:05:45","biok_ymer","#9440","—Лиллит/Виз/???—
|-----------------------------------------------------------------------------|
В порыве драке те не особо хотели говорить, однако первая сказала:
|-----------------------------------------------------------------------------|

—Колдун Бобёр!

/Вторая же ответила:/
-Волшебная черепаха!

/На данный ответы Виз лишь сильнее с непониманием посмотрел на обоих, а после перевёл взгляд на Лину, ожидая пояснений./

|-----------------------------------------------------------------------------|","ktoia","1538884564901040220"
"18.08.2026 17:51:01","ktoia","#6622","— Лина —

Услышав ответ девушка ВЗОРВАЛАСЬ! Ну... Она стала матать руками и показывать на ту которая была не своим МЕГАЛАДОНОМ:

— ПРАВИЛЬНО БОБЕР! ВОТ ЭТА, ОЙ... НЕТ НЕ ЭТА.

Пауза.

— ДА ХВАТИТ ДРУГ ДРУГА ВАЛИТЬ

— ВОТ ТЕПЕРЬ ЭТА, НЕТ ОНА НАД НЕЙ, НУ ТО ЕСТЬ... ЧЕЕЕРТ ТЕПЕРЬ ПОД! 

— АААААА...

Опять тык на монстра.

— ВО-ВО!!!! ХВАТИТ ЛЫБЫЗАТЬСЯ!!!!! ЭТУ ХВАТАЙ!!","biok_ymer","1539077815637647425"
"18.08.2026 22:14:18","biok_ymer","#9440","—Лиллит/Виз/???—
|-----------------------------------------------------------------------------|
Борьба и вправду вышла ""кружесносная"", где рыбы буквально боролись словно в борьбе без правил. Однако как только был выявлен импостер виз тут же вмешался вызвав в воздухе большую кукольную куклу, что выкупила ненастаящую Лиллит, отчего настоящая чуть отойдя дабы отдышаться стала медленно затягивать раны, импостер же не мог выбраться из хватки, отчего раны не могли толком затянуться. Смотря на девушку фембой и вправду не мог заметить разницу, отчего на всякий случай уточнил:
|-----------------------------------------------------------------------------|

—Это точна не своя? Они даже восстанавливаются одинаково... Черт, не хватало ещё против своих руку поднимать.

|-----------------------------------------------------------------------------|","ktoia","1539285499330428969"
"18.08.2026 23:46:48","ktoia","#6622","— Лина —

Лина выдохнула, поправляя растрепанные волосы и глянув на Виза, хмыкнула:

— Да ты чё, Виз! Я нашуЛиллит из тысячи узнаю! Эта - подделка, я тебе точно говорю! Она даже двигается не так!.. Да и... про бобра знала только она.

Потерев затылок, Лина видя что импостер не может выбраться, сделала пару шагов к ней и продолжила, тыкая пальцем в её сторону:

— И вообще, она слишком молчаливая. Наша бы уже давно наорала на нас за эту неразбериху!

Сложив ручки в карманы, девушка сделала несколько шагов назад, заканчивая:

— Мы точно правы. Но... че с ней делать-то будем?.. импостер все таки.","biok_ymer","1539351757748969593"
"19.08.2026 03:35:39","biok_ymer","#9440","—Лиллит/Виз/???—
|-----------------------------------------------------------------------------|
Виз не долго думая стал сжимать ту сильнее, сдавливая настолько сильно, что был слышен хруст костей, а сама девушка стала кровоточить, на что парень спокойно сказал:
|-----------------------------------------------------------------------------|

—Что думать, убить его и дело сделано. 

/Лиллит на данную речь довольно кивнула, на что сидящая на снегу ведьма чуть сочувственно сказала:/
-А нам обязательно его убивать...? Может с ним можно договориться?

|-----------------------------------------------------------------------------|","ktoia","1539375036262256750"
"19.08.2026 03:52:47","ktoia","#6622","— Лина —

Лина не успела и чего выкинуть, когда услышала хруст костей и сжимание тварины... От такого появился ком в горле и желание проблеваться... Это... Выглядело хуже самой худшей чернухи которую она смотрела на спор.... Бе... Девушка отвернулась, чтобы эту херню не видеть, однако хруст прямо запал в голову. Благо вывело из мысли проблеваться слова Ведьмы... Нет Лине было не особо жалко монстра, ей было жалко СЕБЯ. 

Она потерла обеими руками свои волосы, потом виски и встав перед Визом стала махать руками говоря:

— СТОП-СТОП. БРЕЙК, У МЕНЯ ИДЕЯ! СТОООП!!!!! СЛОВО КОМАНДРА!!!!

Когда Виз хоть как то отреагирует, Лина развернется на полудохлого монстра и вкинет:

— Эй ты, **ты не можешь двигаться**, пон?

Да, Лина воспользовалась своей силой чтобы эта чухня не убежала, а сама она пока попытается прийти в себя после этой мерзости.","biok_ymer","1539432626803445851"
"19.08.2026 04:02:25","biok_ymer","#9440","—Лиллит/Виз/???—
|-----------------------------------------------------------------------------|
Услышав реакцию Лины парень недовольно покосился сначала на нечто, а после на девушку чуть ослабевая хватку руки, однако не отпуская, на что лже Лиллит чуть выдохнула, начиная медленно восстанавливать. Настоящая же недовольно хмыкнула, говоря:
|-----------------------------------------------------------------------------|

—Э, она между прочим меня попыталась скопировать, я считаю лучше прикончить, пока кого ещё не скопировала. Оно ведь даже стало сражаться как я, да и тело также регенерирует... Жуть.

|-----------------------------------------------------------------------------|","ktoia","1539436938812071936"
"19.08.2026 04:09:30","ktoia","#6622","— Лина —

Смотря за этой хернёй, Лина сплюнула в сторону накатившийся блевотный позыв, а после потерла головку, возвращая взгляд на свою Лиллит.

— Ну... Я... Ам... Ну слушай против четверых она не вывезет. А убивать так сразу.... Ведьма правильно говорит, мы чё звери какие-то?

Глядь на Виза из-за плеча.

— Держи ее, ща решим. Брыкаться не должна... Ам... Вроде.

/Пауза. Вспомнила./

— Ой, Ведьма!

Лина вспомнила про бедалагу которую уронила и пошла за ней, подойдя, она помогла той приподняться в последствии говоря только ей: 

— Я надеюсь... Не зря же их остановила? Ам.... Идеи??? Слушаю.....","",""
"19.08.2026 04:25:01","biok_ymer","#9440","—Ведьма—
|-----------------------------------------------------------------------------|
Девушка не сопротивлялась помощи, да что уж там, она и не помогала, ведь по сути была мешком без сил. Услышав шепот, та и сама на него перешла, говоря:
|-----------------------------------------------------------------------------|

—Ну... Оно наверное разумное, раз может так легко хапутывть и отвечать на нашу волю. Значит, можно попытаться узнать что оно такое и что им движет. Убить мы же всегда успеем... Хоть и не хотелось бы лишних жертв, но оно и вправду опасна, раз может скрываться среди нас.

|-----------------------------------------------------------------------------|","ktoia","1539441144482627697"
"19.08.2026 05:01:49","ktoia","#6622","— Лина —

Стараясь не уронить мертвый груз, девушка выслушала ту и... Блин... А реально, слова как говорится лучше пуль! Хотя... Кто так говорит? Мф... Звучало мудро, по этому нужно было попробовать. 

Подойдя к Визу, Лина помогла Ведьме опереться о него и сказал:

— Вот, Виз поможет тебе, а у меня командирские дела. Ты Виз, сбавь слегка напор, у меня все под контролем!

Вручив Визу Ведьму, Лина уже на легке, ближе подошла к руке что держала импостера и заговорила:

— Ну... Ты была не права. Волшебных черепах не существует, в отличии от бобров колдунов. /Сглотнула слюну/ Ты это... Наверное не с того начали? Хотя и ты тоже... Ам... Может... 👉🏻 👈🏻  Поговорим??","biok_ymer","1539445052080783400"
"19.08.2026 07:13:01","biok_ymer","#9440","—Химера—
|-----------------------------------------------------------------------------|
Нечто при ослаблении хватки попыталось двинуться, однако у той не вышло, отчего она стало деформироваться меняя как одежду, так и внешний вид, становясь копией Лины, недовольно говоря:
|-----------------------------------------------------------------------------|

—Что вы от меня хотите услышать? Я вполне себе спокойно существовала, никому не мешая, так отчего вы пытаетесь меня убить?

|-----------------------------------------------------------------------------|","ktoia","1539454310046240788"
"19.08.2026 11:18:24","ktoia","#6622","— Лина —

Лина прифигела от таких метаморфоз со своим телом. Блин, а она ниче такая! Красивая! Черт, а если... Не долго размышляя, сразу после слов Химеры она громко сказала:

— Если хоть кто-то почувствует каплю дискомфорта, то Виз тебя сразу хлопнет! Уж поверь, мое тело его СИЛЬНОЙ хватки и секунду не выдержит~. Кхм.

Обозначив точки, она засунула ручки в карманы и продолжила более деловито.

— Вообще то с самого начал ты на нас напало, а именно на.... Айрис? Ты её душила. Думаешь это нормально?","biok_ymer","1539487327150411836"
"19.08.2026 14:43:25","biok_ymer","#9440","—Химера—
|-----------------------------------------------------------------------------|
На это копия чуть умолка, после чего придумав ответ сказала:
|-----------------------------------------------------------------------------|

—Она первая вторглась на мою территорию, да и всеволишь хотела понять кто она, а та меня обожгла чем-то...

|-----------------------------------------------------------------------------|","ktoia","1539549083004440626"
"19.08.2026 17:26:30","ktoia","#6622","— Лина —

Лина недовольна похмурилась и стала говорить:

— Ага, конечно! Так и поверила. Ты её душила! Раз говорить могла, то поговорила бы! Слушай, давай так.

Достала ручки из карманов и стала слегка жестикулировать.

— У тебя не так много шансов выбраться сухой! Разумная вроде... Понимаешь что-то. И ХВАТИТ БЫТЬ МНОЙ! мф... Твои оправдания не катируются, брехня. Ты кто вообще такая? Как в междумирье попала?","biok_ymer","1539600674596061215"
"31.08.2026 16:23:54","biok_ymer","#9440","—Химера/Виз—
|-----------------------------------------------------------------------------|
Ты лишь умолкла, явно не желая говорить про проблемную для себя тему, на что Виз вновь недовольно сжал руку, говоря:
|-----------------------------------------------------------------------------|

—Молчание может и хорошая тактика, однако сейчас она может тебя погубить, лучше бы тебе отвечать на вопросы, иначе тебя убить нам ничего не стоит.

/Чуть недовольно крехтя, та ответила:/
-Кх я, уф. Я просто выполняла просьбу темного парня, что сказал что поможет мне выжить, если я заставлю кого-нибудь испытать страх. Вот я и понарошку напала на уф, девушку, чтобы она испугалась! А та в свою очередь сама меня чуть не прижгла...

|-----------------------------------------------------------------------------|","ktoia","1539641718780207134"
"31.08.2026 16:28:23","ktoia","#6622","— Лина —

Лина охнула услышав информацию и сразу выдала:

— **Черные опять виноваты?!?!**

Понимая что её слова звучат как-то не этично и не в тему, на мгновение примолкла, пытаясь вспомнить кого-то такого, но не припомнив лишь похмурилась и спросила:

— В смысле? Где ты его видела? Опиши подробнее.","biok_ymer","1543974619378098239"
"02.09.2026 16:29:50","biok_ymer","#9440","—Химера/Виз/Ведьма—
|-----------------------------------------------------------------------------|
Фембой вновь чуть ослабил хватку, чтобы химера могла говорить и та на зло ему превратилась в его копию, говоря:
|-----------------------------------------------------------------------------|

—Кх, мужчина напоминающий тень сказал что если я хочу жить и дальше мне нужно пробудить в этом мире страх и тогда он явит себя и спасет от возможной смерти, от вас... Я просто хочу жить.

/На сказанное вмешалась ведьма, спрашивая:/
-Значит он явит себя как в этом мире будет достаточно страха? Звучит как божественная сущность, коей нужны какие-то стыки с собой, чтобы попасть в мир. Хмм, в теории мы могли бы это сделать и уже с ним поговорить, однако это сильный риск, ведь мы не знаем, что это вообще такое... Нам бы понять, как вообще тут появилась... А как к тебе обращаться?

/Химера лишь тихо сказала:/
-Я и сама не знаю кто я... Да и как появилась тем более...

|-----------------------------------------------------------------------------|","ktoia","1543975747486613676"
"02.09.2026 20:59:12","ktoia","#6622","— Лина —

Что-то складывалось в определенно сложную ситуацию. Лина глядела и пыталась вникнуть и понять, что вообще с такой инфой делать.

> Так. Э... есть сущность, которая как-то завербовала эту штуку и приказала нас напугать... Мгм... Звучит как только что выдуманная фигня. Я бы так подумала, если бы не была в Междумирье. И что с этим делать? Мх... Бред какой-то. Она не знает, кем является. Делаааа...

Почесав затылок, Лина прищурилась и обернулась к Ведьме, говоря:

— Не-не-не... Призывать ""это"" - отвратительная идея. Раз он такое городит, значит точно на дружелюбный контакт не пойдёт. Надо будет сказать остальным и подумать, что с этим придумать. А вот... ты...

Лина глянула на Химеру, делая шажок вперёд:

— Слушай, больше не слушай никаких теневых существ, окей? Мы то не какие то там плохие люди и не будем без причины никого убивать... Вот... Это была просто защитная реакция. И... сожжение дома...

На секунду замялась, однако приняв некоторое решение, девушка повернула голову к Визу:

— Отпусти её.

Глянула обратно на Химеру:

— В более нормальной обстановке поговорить. Как ты на это смотришь?","biok_ymer","1544700885509218315"
