Date,Username,User tag,Content,Mentions,Reply to
"2025-11-29,01:37:47",_kambot,#0,,,1434919238241615883
"2025-11-29,01:37:58",_kambot,#0,.,,
"2025-12-01,14:45:47",_kambot,#0,"**Во время взбучки, Адама затолкали в смолянистую лужу. Он стал в ней утопать словно в болоте и медленно мог наблюдать за тем, как его смолянистый спутник активно сражался с Мантикорой... Но все это уже позади. Неизвестно, сколько времени Адам находился в ""междумирье"", окруженный лишь смолянистым бескрайним простором тьмы. В тот промежуток он чувствовал многие эмоции, что может быть даже и не присущны его личности. В голове прокручивались какие то воспоминания, быть может даже не его. Но так или иначе, спустя время, Адам вновь почувствовал окружающий мир. Холод, влагу и тревожность в воздухе. Если мужчина откроет глаза и приподнимится, то поймет, что находится на половину в воде, что на вид вся черная, холодная и непроглядная, а вокруг же бескрайний океан вдаль, а вдоль него простирается пляж. Такой же серый и унылый. Однако на всем побережье лежат неизвестные смолянистые сгустки, что иногда дергаются. Ну а если же парень поднимет голову, то помимо пасмурного неба, он увидит точечно разбитые по всему небесному полотну темные силуэты. Добро пожаловать в ""Мир за пространством"".**",,
"2025-12-01,16:08:27",thekotguy,#0,"— Адам —

***Оказавшись в луже, мужчина запаниковал, чувствуя, как он проваливается всё ниже и ниже в бездонную пучину, но все усложнялось спектром чувств, он сбегал, бросал своего товарища, но также и понимал, что возможно это единственный способ выжить в такой ситуации.***

***Мозговой штурм продолжался  ещё долго, в какой-то момент Адам потерял нить повествования в собственных мыслях, а были ли это вообще ЕГО мысли? Из этой паутины его вытащило мерзкое чувство холода, костюм не работает, никакой терморегуляции, холодная вода, хладный морской бриз, всё так и кричит, что оставаться в таком положении не лучший вариант, Адам обнаружил себя лежа на спине в воде, понятное дело, что ничего вокруг не имело никаких подсказок о том, где он находился или как туда попал. Аккуратно поднявшись и оглядевшись, легче не стало, чёрные и холодные цвета, неизвестные биомассы и чёрт его знает что ещё, заставляли сомневаться в реальности происходящего, но стремительно падающая температура вынуждала начать двигаться, а не думать, и вот мужчина постепенно добрался до берега и заметил странные силуэты в воздухе, связь с реальностью снова потеряна, но думать об этом не имело особого смысла. Вокруг ни души, ничего полезного, как и выхода, от чего единственным полезным вариантом было покинуть берег, в противоположном от него направлении***",_kambot,1445018036422840470
"2025-12-01,23:02:01",_kambot,#0,"**Стоило мужчине только задернуть голову на небо и увидеть силуэты, как один из них испарился в тот же миг, а Адам же почувствовал на мгновенье небольшое покалывание. После этого парень начал свое движение в противоположную сторону от побережья, куда то в неизвестную даль. Адам только начинал свой путь и проделал не так много шагов, но пейзаж уже весьма сильно изменился, как только мужчина взабрался на пригорок, что утаивал берег от внешнего мира. Перед Адамом лицезрела весьма интересная картина. Вроде как поле, но не простое. По всему простору растирались приличного размера лужи, все такие же из смолы, да и земля вся была не лучше. Вязкая и черная. и лишь изредка торчащие из нее камни. В воздухе витали частички смолы, что исходила из булькающих луж. Вступит ли <@&1414716054256488589> на эти земли?**",thekotguy,1445038840732581929
"2025-12-01,23:17:40",thekotguy,#0,"— Адам —

*Адаму не в первый раз приходится видеть разные миры, но происходящее здесь не только нарушало всякие известные законы мироздания, так ещё и выглядело, как бред сумасшедшего.. Ощутив странное взаимодействие с этим миром, Адаму хотелось выразить недовольство, но теперь даже Мики с ним не было, гнетущее одиночество стало давить, на, уже не защищенный, разум мужчины. Стоя не пригорке, так сразу и не скажешь, враждебен ли этот мир к нему, возможно он уже погиб, когда странная фигура в воздухе исчезла? Пытаясь выгнать гнетущие мысли из головы, мужчина просто пошел вперёд, через странное ""болото"", огибая лужи*",_kambot,1445142917927800942
"2025-12-02,01:24:13",_kambot,#0,"**Адам в своем темпе шел по болотам, огибая смолу то тут, то там. Все это место с каждым шагом казалось ему все страннее и страннее. Такого просто.. не может представить себе человек. А точно ли Адам не умер? Жив ли он на деле? быть может.. он уже давно скончался от яда Мантикоры, а лужа это лишь его предсмертный бред? А стоило ли начинать вести дела с Тварью? Что если она заманила его просто сюда как легкую добычу? Должен ли был Адам вообще появляться? Все эти мысли посещали мужчину на протяжении пути и не выходили из его головы, все больше нагнетая обстановку. Свою роль в тревожности сыграла и погода, которая стала еще пасмурнее, будто вот вот грянет ливень, однако сколько бы Адам не ждал, он все никак не начинался. Тем временем миновали и болотно-смолянистые просторы. Неизвестно сколько так шел <@&1414716054256488589> , но явно не быстро, однако на его пути вновь предстала новая картина... более... теплая? знакомая? но в то же время все такая же нагнетающая и страшная... смесь добра и зла в одном флаконе. Лес. Несчастный, облезлый и хмурый. Многие деревья на первых линиях и вовсе мертвые, а между ними натянута смолянная паутина. Хвою имели деревья лишь вдали. Туман так же стал сильнее, однако... среди глухой тишины.. слышалось карканье вороны... неужели хоть какое то живое существо, что может быть знакомо Адаму тут оказалось?**",thekotguy,1445146856199032994
"2025-12-02,02:43:39",thekotguy,#0,"— Адам —

*Странные сюрреалистичные образы вокруг всё больше напоминали какой-то художественный образ для смерти или какого-то святилища, а внезапное карканье вороны лишь усилило ощущение метафоры от происходящего, гнёт становился невыносимым, как и эта обволакивающая всё вокруг - тишина, настолько тихо, что собственный звон в ушах стал давить на мозг, это было слишком тяжело, от чего Адам не выдержал и стал говорить сам собой*

`Неужели смерть действительно  похожа на эти дурацкие аллегории на путь-дорогу? Дали бы хоть чертика в спутники, поБЕСил бы меня что-ли.. Хе-хе~... Ну вы поняли?`

*Адам стал угарать над своим собственным отчаянным положении,  прикрывая лицо рукой от стыда, но стендап не был окончен..*

`Вот теперь это место похоже на Ад гораздо больше, целую вечность сгорать от стыда из-за своих собственных шуток..`",_kambot,1445178707328106627
"2025-12-02,02:47:13",_kambot,#0,"***И вот уже Адам начал выпускать себя. Впервые за время пребывания здесь он начал говорить. плохой это или хороший знак - еще предстоит узнать. Однако стоило мужчине только закончить говорить и продолжить смотреть на лесной массив, как вдруг... на самом близком к парню дереву воистину подлетела ворона и села на него, продолжая издавать характерные для птицы звуки и лишь изредко посматривать на <@&1414716054256488589> , делая свои пташьи дела.***",thekotguy,1445198696429125717
"2025-12-02,13:05:39",thekotguy,#0,"— Адам —

`Это действительно ворона.. Выходит я на Земле? Это неожиданно, значит в теории должны быть и люди`

*Кивнув самому себе, Адам стал двигаться сквозь чащу, выискивая взглядом любые признаки цивилизации*",_kambot,1445199593104081069
"2025-12-02,13:42:36",_kambot,#0,"**Когда Адам начал свое движение, ворона лишь каркнула ему в след и улетела. Тем временем, мужчина уже шел по лесу. Проходя мимо мертвых и сухих деревьев, Адам чувствовал себя все так же не комфортно, однако уже вскоре ""мертвая зона"" была закончена и на глаза все чаще и чаще стали попадаться хвойные и зеленые деревья. Погодка стала теплее, но в ушах все так же гудела гробовая тишина, которую пробивал лишь шелест травы и листьев под ногами Адама. Пока парень шел, он мог замечать на некоторых деревьях чем то выцарапанные узоры. Если Адаму хватает знаний, он поймет, что символы похожи на древнерусское язычество. Тем временем мужчина своими ногами вышел на....тропу. Смотря в даль, вслед за тропой, Адам лицезреет старую хижину, а возле нее бродит высокий мужской силуэт, одетый в какую то шубу**",thekotguy,1445355228646998046
"2025-12-02,13:57:37",thekotguy,#0,"— Адам —

*Действительно, нечто похожее на цивилизацию, хижина и некий силуэт, Адам стал медленно приближаться, следя за силуэтом, чтобы удостовериться, что перед ним действительно человек, мало-ли, совсем недавно лицезрел крайне непонятные вещи, а тут тебе и люди и вороны*",_kambot,1445364527481884675
"2025-12-02,14:14:36",_kambot,#0,"**Приближаясь к фигуре, Адам все никак не мог разглядеть его по нормальному, ведь силуэт все время бродил туда сюда, словно что то ища. Единствтенное что мог разглядеть Адам это черную шубу с мехом и длинные черные, немытые волосы.**",thekotguy,1445368303098007552
"2025-12-02,14:44:19",thekotguy,#0,"— Адам —

*Наблюдения затянулись, неизвестный постоянно принимал неудобные позиции. Ладно, не убьёт же он меня на месте, правильно? Выйдя на расстояние в 10 метров, Адам решил оповестить о себе*

`Здравствуйте, люди добрые!`",_kambot,1445372576955109466
"2025-12-02,14:58:32",_kambot,#0,"**И вот, Адам подбирался все ближе и ближе к мужчине, но остановился в нескольких шагах и заговорил, держа дистанцию. Это было очень хорошее решение... Сразу же после слов Адама, мужчина не поворачивая тела, словно сова свернул свою шею, посмотрев на <@&1414716054256488589> . Глаза его были белые, лицо облезлое и уродливое. Выдержав паузу 5 секунд, мужчина стал обращаться в тварь. Он полностью выпрямится и развернулся на Адама. Его конечности стали удлинятся и ломаться с характерным хрустом. После этого он упал на четвереньки, его челюсть увеличилась и он зарычал, медленно принимая позу для быстрого рывка. Если Адам хорошо среагирует, то поймет, что дверь в хижину открыта. Но быть он будет действовать иначе?**",thekotguy,1445380057165070468
"2025-12-03,08:04:00",thekotguy,#0,"— Адам —

*Кто бы сомневался, стоило лишь обрадоваться, разумному существу, как все надежды порушились, по крайней мере Адаму повезло, он обратил внимание на дверь и тут же начал отходить, обходя существо, его тактика была простой, встать под угол в 90 градусов, и как только существо совершит рывок, Адам уйдёт резко в сторону, выигрывая время, чтобы скрыться в хижине, была ли у него уверенность, что хижина пустая? - Нет, он рисковал*",_kambot,1445383636265336893
"2025-12-03,12:20:01",_kambot,#0,"**Все пошло как и планировал Адам. Существо сделало выпад на мужчину, но тот запросто уклонился как и предполагал. Тварь врезалась в каменный валун, что был позади мужчины и пока та приходила в себя, Адам побежал к лачуге. Чуть ли не спотыкаясь, парень поднялся на веранду, а после и во внутрь, благодаря открытой на распашку двери. Оказавшись внутри, Адам лицезрел слабо обставленный однокомнатный дом. Внутри красовались пара ящиков, облезлое кресло, шкаф, а так же в углу был стол с горящей свечей, а возле нее лежала старая, поржавевшая кирка.**",thekotguy,1445641701992566957
"2025-12-03,12:30:36",thekotguy,#0,"— Адам —

*Постаравшись закрыть за собой дверь, хотя бы на время удержав тварину, Адам первым же делом взялся за кирку, а сам стал рыться ящиках и шкафу, не надеясь найти там ничего полезного, но морально готовясь сразиться, будет не очень хорошо, если им нельзя будет ничего противопоставить*",_kambot,1445706131329781811
"2025-12-04,03:30:31",_kambot,#0,"**Словно пулей, старая деревянная дверь захлопнулась за Адамом, а сам же он бегло осматривал интерьер на наличие полезного, однако времени на тщательный досмотр у него не было, по этому он просто взял кирку. Конечно мужчина наблюдал какие то вещички по шкафчикам, а на столе какой то бумажный сверток. Но Тварь уже оклемалась и закричав, сама ринулась к дому. Она побарабанила в дверь издавая истошные звуки, а после утихла. Однако после этого Адам мог расслышать звуки где то на потолку.**",thekotguy,1445708794893172786
"2025-12-04,12:42:02",thekotguy,#0,"— Адам —

*Потолок уже стал больной темой, так что не теряя времени, Адам покинул дом, с киркой на перевес, пришло время проломить кому-то черепушку...*

`Ну давай, иди сюда, долговязый`",_kambot,1445935266257698898
"2025-12-08,14:44:52",_kambot,#0,"**Вновь покинув хижину, Адам стал высматривать существо, что последний раз было где то на крыше. Стоило мужчине лишь заговорить, как вдруг с крыши спрыгнула тварюга. Из глаз, рта, ушей, носа текла смола, а сама сущность неистово кряхтела и сутулилась, медленно подходя к мужчине. Каковы его действия?**",thekotguy,1446074058461417533
"2025-12-08,15:00:05",thekotguy,#0,"— Адам —

*Вечно отступая, Адам проверял на что способен враг, а также наличие разного рода ""трюков"", или их не было, или его не считают серьёзным врагом, теперь же мужчина резком сменил тактику, пытаясь застать врага врасплох, атакуя в лоб, это была попытка закончить бой одним ударом, целится в голову - ошибка по многим причинам, по этому целью была грудь, область сердца, ядра и подобным вещам, что обычно так находятся*",_kambot,1447554521890033736
"2025-12-08,18:01:27",_kambot,#0,"**Тварь приближалась, но Адам был готов. Решимость переполняла мужчину, а его руки сжали кирку. Буря, накал, искра ии... кирка пробивает грудь тварины. Оно верищит, а смола сочится отовсюду, пока существо дергается в конвульсиях на земле, разливая под собой черную лужу собственной крови. Было ли это легко? Однозначно. Было ли это нисшее звено этого мира? Возможно.**",thekotguy,1447558352891805697
"2025-12-08,22:05:01",thekotguy,#0,"— Адам —

*Адам выдохнул с облегчением, вроде твари смертные, выкрутасов замечено не было, с чистой душой мужчина направился обратно, чтобы изучить вещи в хижине более детально, любая информация имеет цену, особенно, когда действуешь в слепую*

`Ты молодец, Адам, реально круто отметелил его.. Да, я не пострадал, спасибо, что спросил`

*Закончив монолог то-ли победой, то -ли поражением над самим собой, стоя в дверном проёме, Адам бросил взгляд назад, через своё левое плечо, на всякий случай*",_kambot,1447603993348936001
"2025-12-09,03:30:24",_kambot,#0,"**Счастью не было предела и причина была на то! Победить настоящего монстра. Действительно монстра. Ни какое то колдовское отродье или плод волшебной палочки, а реальная тварь, которая уже перестала биться в конвульсиях и померла...а после... с неимоверной скоростью начала разлагаться на смолу. Параллельно с этим, Адам вновь возвратился в хижину. Зайдя в нее, там оставалась все по старому: Приоткрытые ящики, которые недосмотрели в попыхах, небольшая лампа у стола, а на нем же странный бумажный сверток.**

||Вещи которые можно найти: Сверток(карта) , керосиновая лампа , крошки хлеба, банка солений, и чьи то пальцы.||",thekotguy,1447665290807607468
"2025-12-10,00:17:59",thekotguy,#0,"— Адам —

*Угроза была устранена, Адам вернулся в хижину и стал рыскать по остаткам вещей, обнаружив сначала простую керосиновую лампу, он радовался, как ребёнок, для него это словно древний артефакт из прошлого, а похвастаться он не мог, как и спросить, как ей пользоваться... Но это не такой сложный инструмент, пара минут и он уже радостно кивал, разобравшись во всём. Далее было менее удачно, не самый полезный мусор, вещи, которым нельзя было найти применения... К сожалению Система Карманного Измерения, не позволяет хранить в себе биологические компоненты, по этому Адам не может позволить себе таскать с собой чьи-то пальцы... Невероятная потеря... Но найденную банку солений он не мог оставить, тут уже никак, придётся нести в руках, но пропадать такому добру просто невозможно, и вот наконец-то мужчина добрался до свёртка и был приятно удивлён, второй артефакт! Карта! Ещё и ручная! Это была победа, наконец-то полезная информация!*",_kambot,1447747175030194278
"2025-12-10,00:26:21",_kambot,#0,"**Казалось бы, весь мир.. такой незнакомый, серый и угрюмый... но все это просто рассеивалось на фоне счастья мужчины. И так мало теперь нужно для искренней радости! Развернув карту, Адам мог заприметить весьма обширную территорию этого лесного массива, а на некоторых выделенных местах красовались надписи с обозначениями.**

|| Предупреждение: Дальнейший путь лежит только на игроке, ведущий ветки лишь только помогает ему в этом и лишь изредко перехватывая инициативу для определенных моментов. Этап обучения пройден. Счастливого прохождения сюжета!||",thekotguy,1448061142021832804
"2025-12-10,09:22:15",thekotguy,#0,"— Адам —

*просмотрев карту, места интереса сами собой привлекали его внимание, сходить хочется везде, но что выбрать первым? Машина или привал, скрепя сердце, наконец-то решение было принято, с банкой огурцов, Адам направился в сторону привала, что должен был быть совсем рядом, я же не потеряюсь в лесу, верно?*",_kambot,1448063244567707809
"2025-12-10,13:04:06",_kambot,#0,"**Начав свой путь по настораживающе тихому лесу, Адам медленно двигался с банкой солений под рукой, следуя новоприобретенной карте в сторону неизвестной локации с подписью ""Привал"". Что это может значить? Чей привал? Есть ли там кто? Неужели он настолько важен, что кто то и когда то внес его на карту?... кстати, говоря.. а чья это вообще карта? Если мужчина призадумается, то теоретически может выйти на мысль того, что и хижина, и карта возможно принадлежали той твари? Выходит, оно не сразу было таким, а было и человеком.. Много вопросов возникало у Адама в лесу, пока он направлялся к своей цели.**

|| К ""Привалу"" можно подойти, уже сразу же после  ответного поста, т.к. локация крайне близкая||",thekotguy,1448198107509690419
"2025-12-10,13:35:08",thekotguy,#0,"— Адам —

*Адам прекрасно понимал это, он знал, но не хотел признавать, не хотел думать, но мысли всё равно прокрались к нему в голову, заставляя его прогонять внутренний монолог снова и снова, бессмысленные попытки оправдаться, оспорить, бороться... Это начинало раздражать мужчину, но в этом было и свои плюсы, он даже и не заметил, как прошел весь путь, впереди должен ожидать его ""Привал"", интересно, что же это такое? А главное, есть ли там живые?*",_kambot,1448253940796751872
"2025-12-11,02:45:12",_kambot,#0,"**Не смотря на то, что для Адама приход на локацию был практически мгновенным из за обилия мыслей, на деле мужчина шел весьма продолжительно время. Можно сказать, что если бы у него был таймер, то тот уже явно перевалил бы за час. Ну, что есть - то есть. Адам попал на небольшую тропинку, что была намешана в грязи, траве, камнях, а подняв голову лицезрела картина небольшо лагеря. Хм, действительно привал. На территории красовались несколько ключевых объектов, что явно выделялись на фоне общей безмятежности: Небольшой навес над ВСЕ ЕЩЕ ГОРЯЩИМ КОСТРОМ, тут и там разбросанные в попыхах вещи, множество следов и небольшая башенка.**

|| Примечание: фотографии это левая и правая сторона одной и той же локации ||",thekotguy,1448261750150664296
"2025-12-11,10:09:36",thekotguy,#0,"— Адам —

*Это действительно был ГОРЯЩИЙ КОСТЁР, а это значит, ЕГО КТО-ТО РАЗЖЁГ, что в свою очередь может указывать на (возможно) ЖИВЫХ. Топая на радостях по окрестностям, ему захотелось снова загорланить... А потом почему-то мотивация пропала, тяжесть кирки напоминала ему о том, где он находится, ""местность выглядела весьма болотистой, надо бы палку раздобыть пока не утонул"" - думал про себя Адам, разгуливая по локации, что всё больше напоминала ему, действительно, привал.*",_kambot,1448460577428209828
"2025-12-11,13:57:07",_kambot,#0,"**Местность и вправду не самая приятная. Слякоть, грязь, камушки и все такая же черная вода в лужах. Найти палку не проблема, рядом полно сухих ветвей у деревьев. А что касательно привала:

1.В случае если Адам подойдет к костру, он увидет крайне много следов, которые зачастую повторяют форму. Если провести анализ то можно понять что тут было около 3 человек. А на тумбочке возле костра кросавались оставшиеся предметы: медная пуговица, с выгровированной надписью на ней ""1st FTG"" , фляга, лоскутки ткани и прочие безделушки.

2.В случае если Адам пойдет к башенке, то он увидит прямо у лестницы рассыпанную банку с порохом, а на самой же башне кроме разрухи был всякий хлам.**


*Следы же ведут куда то дальше по дороге*",thekotguy,1448572413238448233
"2025-12-11,15:45:22",thekotguy,#0,"— Адам —

*Как ожидалось, был найден абсолютный инструмент - ПАЛКА, ощущение безопасности приятно прошлось по телу, но глаза так и не могли найти живых душ вокруг, а костёр горел, совсем один, вокруг какие-то вещи, словно его бросили совсем недавно, что же тут случилось, ёмоё? Адам все же решил забрать флягу и пуговицу, фляга полезная, а аббревиатуру он не знал, так что забрал, чтобы не забыть. После чего двинул к водонапорной башне, где не нашел ничего полезного, хотя казалось бы... порох? Но он скорее всего отсырел, хотя че тут строить из себя важного, нагнулся, взял банку, победил! Авось пригодится, всё в дом, всё моё! Вот и закончилась застава местная, остались лишь следы непонятные, мужчина думал о том, чтобы вернуться к машине, но вдруг ЭТИ КТО-ТО недалёко? Адам все же пошел по следам, со своей банкой огурцов*",_kambot,1448629668516466688
"2025-12-18,15:54:02",_kambot,#0,"**Начав свой путь, никто бы и подумать не смог, что для АДама его шаги станут последними... Стоило мужчине только пройти пару метров, как вдруг он почувствовал боль.. адскую, непрекращаемую боль. Смола затекла по всему организму вместо крови. Кислород перестал поступать в организм, а из носа потекла смола как и из рта и ушей. Адам упал на колени захлебываясь в черной жиже, что убивала его, а после рухнул лицом в грязь, еще некоторое время тресясь в конвульсиях. Однако длилось это не долго... уже совсем скоро душа покинуло бренное тело. Руки мужчины выронили все его вещи, что он нажил себе за время пребывания тут, а после его тело стало медленно поглощаться и покрываться смолой.**
**Но как известно, на смену старому - приходит новое, а на место мертвого, приходит новая жизнь. Таков закон. Это и произошло - прямо сквозь материю самой реальности, этот мир изверг в себя новую душу - <@&1450955974692044900> . Его выплюнули из ниоткуда, словно жевачку. Тело парнишки, приземлилось на траву, аккурат возле локации, на которой погиб Адам.**",,
"2025-12-18,16:17:30",samin__,#0,"— Леонард Моретти —

Такс, первое задание оказалось ну прямо таки полным крахом. Подобного никто не мог ожидать. Какие-то смолянистые собаки, заражение территории и в добавок разделение группы. Моретти ожидал что будет опасно, но умирать в его планах не было, от чего когда тот потерял сознание, особых мыслей не было. Либо его уже растерзали, либо успели спасти непутёвого новичка, что не смог справиться со сворой озверевших псин. Про таких тварей Нил не рассказывал...

Не известно сколько времени парень пробил в отключке, однако чудо свершилось! Что-то всё ещё теплилось в его теле. Слабость и сломленость, вот что чувствовал парень. Стоп, он может чуствоать? Он в сознании и тут БУХ! От упал на землю. Не столь больно сколь неприятно. Проехавшись немного по земле, тушка перевернулась на спину и остановилась

Скорчившись, Лео приоткрыл глаз с одной только мыслью: ""Я всё ещё живой?"". Тут в глаз ударил пучёк света, то чего глаз сразу зажмурился. Нет, место не было особо ярким, скорее наоборот, однако даже этого хватило чтобы ослепить отвыкшие от света глаза. Инстинктивно рука потянулась к глазам и сделала крышу. Спустя пару попыток глаз открылся и увидел перед собой хмурое небо. Ничего необычного, однако что сейчас вообще происходит, чувство как будто переживали и выплюнули. Видимо те шавки и вправду потрепали паренька

Полежав так пару минут, сознание пришло в себя, от чего парень приподнялся, опираясь на локти и увидел перед собой совсем странный ландшафт. Всё как-то серо и хмуро. С этим местом и вправду многое произошло. Затем было замечено тёмное нечто, что так и пульсировало. Находилось оно в 15 метрах, от чего парнишка чуть отшатнулся и вновь упал на землю, ёрзавши, пытаясь отползти от этого подальше",_kambot,1451195805829697648
"2025-12-18,16:17:32",samin__,#0,"Проползя пару метров тот остановился и попытался привстать, как вдруг как по заказу упёрся в свою любимую трость. Привстав и еле как стоя на ногах мысли стали путаться: ""Где я? Что произошло? Где Ястребы? Что это за штука? Она опасна?""

Ответов ждать не приходилось, от чего парень решил просто прийти в себя, попутно осматриваясь. Спустя десяток минут дрож ушла, а стоять на ногах стало проще, от чего Моретти наклонился и подобрав камень бросил его в тёмное нечто, проверяя его на ""агрессивность""",,
"2025-12-18,17:51:48",_kambot,#0,"**Словно потерянный зверек, опасаясь всего вокруг и даже своих мыслей, паренек решает удостоверится в безопасности вокруг себя и кидает рядом лежащий камушек в сгусток смолы, что уже только отдаленно мог напоминать человеческое тело. Реакция последовала, но к счастью, она была безвредной для парнишки. Можно было прекрасно увидеть, как брошенный камень просто увяз в смоле и стал так же ею поглощаться, словно такая же органика.**",samin__,1451201721383653397
"2025-12-18,18:20:32",samin__,#0,"— Леонард Моретти —

Камень утонул. Это штука не напала, и скорее всего не имела как такового разума. Была ли она живой? Хм... вряд ли, однако это и не было важно. Оно не напало и не отреагировало на раздражитель, значит относительно безопасна, однако лучше к этому не прикасаться

Место в котором оказался парень наводило на множество вопросов, как вдруг всплыла картина. Его обволакивает похожая смола, да и те собаки были похожи на неё. Ответ возник сам собой: ""Это иллюзия"". Так, а что известно про иллюзии? Что говорил Вил? ""Леонард, ведения не могут быть настоящими. Все они существуют чтобы сбить тебя с мыслей, запутать и свести с ума. Она не может навредить твоему телу, так что чтобы не происходило с тобой, будь мужественным и не задумывайся о произошедшем. Это просто дурной сон, что скоро закончится. Всё в твоих руках юный потусторонний и только ты сможешь выбраться из оставленной западни""

А его советы были куда более полезными, чем казалось на первый взгляд. Хорошо... А ЧТО ДЕЛАТЬ ТО?! КАК ВЫЙТИ ОТСЮДА?! Если все потусторонние знают что их здесь не ранить и всё равно сходили с ума, нужно приготовиться к худшему. Я сам рисую ужасы для своего сознания... нужно успокоиться

Тут парень заметил лежащие вещи, что так и говорили: ""Мы тебе пригодимся"". Аккуратно подойдя к нечто, парень стал тростью подгребать вещи к себе, не жилая приближаться к пульсирующему силуэту, что таковым уже можно было назвать с большой натяжкой

Такс, что у нас тут? Карта, ржавая кирка, которая уже доживала свои последние мгновения, металлическая пуговица с гравировкой ""1st FTG"" и банка солений. А в иллюзии нужно есть? Хм... непонятно. Первый FTG. Аббревиатура однако вообще ничего не даёт, поэтому пора рассматривать карту. Привал, поле, церковь... ЦЕРКОВЬ! Дальше читать не было смысла, церковь это спасение, которого никто не просил, но оно пришло

Повертевшись на месте и знатно осмотревшись, парень прикинул где находится и сделал вывод что сейчас находится на привале",_kambot,1451225446493585592
"2025-12-18,21:47:13",_kambot,#0,"**Много мыслей проносилось в голове парнишки, пока он осматривал чьи то пожитки и тут как кстати - есть карта. Осмотрев ее, Леонард увидел для себя ключ... к... спокойствию? Хах... опрометчиво, но мы не осуждаем. Лео поставил себе цель - добраться до церквушки... желательно побыстрее, ведь солнышко заходило за горизонт. Так же парень мог чувствовать.... что то не хорошее по близости. Стоит подметить, что в сторону церкви так же ведут как минимум 3 следа разных... людей?**",samin__,1451232675619799163
"2025-12-18,21:54:03",_kambot,#0,"-----------------------

**И так...  солнце действительно заходило за горизонт, так и нагнетая обстановку, тем, что погружала лес в еще больший мрак. Загудел и пока что тихий ветерок. Но не смотря на это жизнь у <@&1451285412478718075> текла своим чередом. Совсем недавно рыцарь закончил осмотр местности, который последнее время делает очень часто, а теперь.. пора домой. Рыцарь направился в сторону входа в свое укрытие, попутно гремя стальными доспехами, а уже зайдя во внутрь, расслабился. Хоть где то можно почувствовать себя в безопасности.... во всяком случае пока.**",,
"2025-12-18,22:41:10",biokoff,#0,"—Генрих Ере—
|-----------------------------------------------------------------------------|
Воин устало села на скамью у окна, разглядывая дальние деревья, словно ищя некую загадку в них. Ничего не увидя, тот устало вздохнул раскинувшись по скамье, говоря самой себе под нос:
|-----------------------------------------------------------------------------|

—Ах... Как же сложно тут приходится. И раньше было сложно, но сейчас идёт буквальная борьба за жизнь... Хмм, похоже западе что-то происходит, раз многие оттуда поубежали, нужно будет подготовиться к набегам... Может ""он"" что-то знает? Или ""он"" в это втянут... После того дня никак забыть его образ не могу... Ах, сейчас бы выпить...

|-----------------------------------------------------------------------------|",_kambot,1451286410471673898
"2025-12-18,22:49:15",samin__,#0,"— Леонард Моретти —

Солнце садилось, а это значило приближение новых проблем. По ночам выходят разные твари, ну или во всяком случае так рассказывал старик Вил, а справедливо ли это для этого места? Проверить было нужно, но уж точно не сейчас

Проверив ещё раз вещички, парень заприметил. FTG... пехотный батальон? Первый? Эм... интересная пуговичка. Она создана из моих воспоминаний? Но нет... я не служил, так что... вряд ли? А мои ли это воспоминания и я ли это вообще? Нет... вот и первые звоночки. Я это я и не кто иной. Иллюзия ещё не начала свой круг, а я уже себя извожу. Как там было на тренировках: ""подбородок выше, трость в землю, идти уверенно и не оборачиваться, что бы не случилось""

В этот момент Лео заприметил несколько следов, что вели в нужную ему сторону. Ооо... а это можно считать за добрый знак! В момент этого, пришло осознание. Рядом что-то опасное. Лучше ретироваться в сторону церкви и по быстрее. Умирать, пусть даже по норушку не хотелось, тем более учитывая что это может свести с ума

С этими мыслями, парень быстро собрался и побрёл по следам быстрой и не особо уверенной походкой, буквально простукивая путь тростью с серебряным наконечником",_kambot,1451284689259331776
"2025-12-18,23:52:18",_kambot,#0,"**Словно слепец, молодой Леонард шел, прощупывая себе дорогу своей тростью сквозь медленно надвигающийся мрак. Парень шел по следам, что очень удобно сами вели к нужному месту. К этому моменту... Лео мог осознать что погода изменилась. Теперь уже вокруг лежал совсем не тронутый, девственный снег, который пробивали лишь быстро раскиданные следы. Тьма уже полностью поглотила елки вдоль дороги, слово само понятие ""тьмы"" окутало лес, но небо еще хоть как то освещало путь. Помимо ветра, усиливались и мысли парня... Что все это значит? Иллюзия? Чей то больной разум? Или собственные мысли? Голова Лео забивалась, а ветер смешивался с.... тихим и странным напеванием откуда... словно из за леса..Вместе с этим и сердечко парня участилось, оно прямо кричало, что лучше не медлить.**",samin__,1451300302039945369
"2025-12-19,00:29:40",samin__,#0,"— Леонард Моретти —

Мысли путались, тьма казалась темнее обычного, а лес казался опасным и... недружелюбным? Стоп, лес... чувство опасности? Снова? Это место не нравится, ещё и кажется что кто-то напевает. Стоп! Напевает?! КТО! Тут есть люди? А может?

Тут мысль обрубилась, а парень перешёл на бег, только с одной мыслью: ""Это не мои мысли... нужно быть осторожным. Чувства не могут врать, так что им и буду доверять. Судьба - есть судьба. Если это пение пробирает до мурашек, значит нужно бежать. Быстро и без остановки""",_kambot,1451316167334428713
"2025-12-19,01:03:20",_kambot,#0,"**Леонард начал паниковать и бежать... бежать, так как может конечно же. Но это сработало, пение утихло, но сердце все еще колотилось. Лео и сам не понял, как во время паники и собственного адреналина, смог добежать до церкви... одинокая, голая до кирпича, старая церковь, вокруг которой вырублены все деревья, а так же... следы разделяются и становятся на одного больше... Основная масса судя по следам, продолжила путь, пока новые же вели прямиком до входа в здание. Солнце тем временем уже давно село за горизонт, отдавая свой последний свет в битве со мраком.** ( <@&1450955974692044900> )

**Тем временем же в церкви, относительно спокойно усиживалась <@&1451285412478718075> , да мечтала о чем то своем. Сладкие мечты перемешивались с тревожностью.. простая паника на ровном месте? Или же реальная угроза?**",,
"2025-12-19,01:21:11",biokoff,#0,"—Генрих Ере—
|-----------------------------------------------------------------------------|
Усталый воин сел уже в обычную позу на скамью смотря в окно. Там уже красовалась ночной пейзаж, с приправой мрака на душу выживших. Тот все же чуть лениво встал с места и думал уже о том как подготовить ловушки на западе как услышал наружные шлепки? Кто-то бежал сюда прямо по снегу! Воин тут же взялся за меч и дождался пока гость отворит дверь, после чего схватила того за руку и прижала к земле своим же телом, прижимая клинок к его горлу <@&1450955974692044900> , приговаривая:
|-----------------------------------------------------------------------------|

—Ты с ними? Откуда ты? Почему бежишь? Хочешь жить, тогда отвечай.

|-----------------------------------------------------------------------------|",_kambot,1451334043512869026
"2025-12-19,01:33:57",samin__,#0,"— Леонард Моретти —

Дыхание спëрлось, а мысли пришли в норму. Парень и сам не ответил, как добрался до искомого места. Сердце не успокаивалось, от чего тот решил укрыться в здании, однако не зная чего ожидать, парень тихонько отворил дверь. Он был на готове, прямо таки ожидая нападений, но уж точно не такого! Какого?! Человек?! 

Трость с грохотом полетела куда-то вперëд, как и старая кирка, а затем был услышан вопрос

🧠 Отвечать правду нельзя, нет-нет-нет. Оно умеет говорить, значит либо тварь выше 7-й последовательности, либо человек. Не то не другое не радует 🧠

Парень не сопротивляясь стал отвечать:

— С ними, это с кем? Я тут один очутился

— Я из столицы

— Бегу, ибо почувствовал опасность из леса

По сути лжи не было, как и информации как таковой",biokoff,1451338536279216231
"2025-12-19,01:44:17",biokoff,#0,"—Генрих Ере—
|-----------------------------------------------------------------------------|
Войну ну ничуть не понравился такой ответ, отчего он сильнее прижал к шеи парня меч, отчего показалась слабая, но все же отчетливая алая кровь, заприметив которую тот немного успокоился отстраняя немного клинок и дополняя:
|-----------------------------------------------------------------------------|

—Кровь алая, значит человек или...мутант похлеще, оба варианта не без риска. Из всех твоих слов я не услышал прямых ответов. С ними это с тварями из леса. А из столицы...чего?  Блядивый супостат, ты хоть знаешь куда попал?! Ты либо глупец, либо монстр не знающий где пожирает плоды. А вот насчет леса правда, но правда ли ты решил предупредить об этом или ты хочешь пропитаться ко мне доверием? Даю тебе минуту, чтобы рассказать басню о себе, не понравился, я тебя убью даже не сожалея.

|-----------------------------------------------------------------------------|",samin__,1451341748533067836
"2025-12-19,14:41:15",samin__,#0,"— Леонард Моретти —

Парень спокойно лежал, понимая что сопротивление ничего не даст, однако когда его резанули, тот почувствовал слабое, но отчётливое чувство. Боль! То самое неприятное и неотвратимое ощущение, которого он не ожидал почувствовать. Боль... в иллюзии... невозможна. Значит есть два варианта: либо это иллюзия высшего существа, либо это реальность. Не одно из предположений не успокаивали парня, от чего тот слегка дёрнулся и сжал зубы. Дыхание участилось, а ответ последовал сам собой:

— П-п-погоди. Я человек! Во всяком случае считаю себя таковым! И да, я не понимаю где оказался!

— Очнулся тут с пол часа назад и увидел странный смолянистый сгусток, подобрал вещи что лежали неподалёку, увидел на карте церковь и думал что это филиал организации, но видимо ошибся! Шёл я сюда и почувствовал пару раз опасность, от чего и побежал, это всё!

— Я Леонард Моретти, сотрудник ""Клуба Таро"". Был на первой вылазке, но потерпел неудачу. Вы же тоже знаете про мутантов, значит мы как минимум не враги!

Парень сознательно утаил множество деталей, однако данная минута и так подошла к концу, в придачу к тому что некоторые моменты ему было запрещено разглашать",biokoff,1451344350180016240
"2025-12-19,19:36:32",biokoff,#0,"—Генрих Ере—
|-----------------------------------------------------------------------------|
Выслушав паникуюшую, но честную речь, рыцарь задумчиво стал отраняться от парня, отпустив его с хватки. Он встал во весь рост, отпуская парня, сам же прекрыл дверь, недовольно озираясь по сторонам, после чего сказал:
|-----------------------------------------------------------------------------|

—Ладно, для монстра ты говоришь много информации, что они попросту не догадались бы использовать... Хорошо, я тебе поверю на сей раз. За тобой был хвост? Сколько и кто?

|-----------------------------------------------------------------------------|",samin__,1451539877538828309
"2025-12-19,19:53:49",samin__,#0,"— Леонард Моретти —

Парень приподнялся на полу, как только его отпустили. Достав из кармана платок, тот прислонил его к шее, откуда по немного вытекала кровь. После чего он встал на ноги и подбирая трость ответил:

— Благодарю. Я слышал некое пение, вернее завывание из леса, от чего и рванул. Звучало весьма угрожающе. Однако я не слышал чтобы за мной кто-то гнался. По ощущениям, я лишь отстранялся от голоса, что напевал что-то. Он же сам был не подвижен

Слегка отряхнув костюм парень продолжил:

— А вы... кто? И что это по итогу за место такое?",biokoff,1451614191252410553
"2025-12-19,20:27:25",biokoff,#0,"—Генрих Ере—
|-----------------------------------------------------------------------------|
Воин не увидев никого снаружи, сфокусировал свой взгляд на парне услышав про пение в доспехи можно было уловить подрагивание, но тот никак на это не отреагировал спокойно говоря:
|-----------------------------------------------------------------------------|

—Пение это не хорошо... Знаю я одного разумного монстра в этих землях и если это был он, тебе крайне повезло выбраться от него целым... Ладно, раз уж мы теперь в одной лодке, мне также следует представиться. Я Генрих Ере, какое-то время тут уже выживаю и ты попал ко мне на базу. Какое-то время тебе следует залечь тут, ведь монстра чуят страх и такие как ты для них лакомые кусочки...

/Рыцарь чуть повертелсч по сторонам, а после посмотря в окно дополнил:/
-Я так понимаю сюда ты пришел не с проста. Ты видел трёх мужчин в странных одеяниях, направляющихся сюда? Мне не безразлична их судьба и если ты их видел, ты мне услужить славную поддержку, рассказав про них поподробнее.

|-----------------------------------------------------------------------------|",samin__,1451618538640117811
"2025-12-19,20:51:55",samin__,#0,"— Леонард Моретти —

Слушая речь, парень приподнял кирку и облокотил её о стену стал отвечать:

— К сожалению я не видел людей, но видел следы трёх человек. Они вели аккурат к вашей базе, однако не шли к церкви, а продолжали путь минуя её

После сказанного, парень слегка улыбнулся и чуть спокойнее, уже добродушно сказал, прислоняя руку к сердцу:

— Благодарю что пустили переждать ненастье, господин Генрих, мир не без добрых людей. Однако я не испытываю как такового страха, а скорее растерянность и потерянность. Раз монстры здесь и вправду чуствуют страх, можете рассказать где я оказался и что тут вообще происходит? Что-то подсказывает что меня занесло далековато от дома

Парень слегка лукавил. С момента осознания что это всё реально страх присутствовал, однако он уходил на второй план, ведь стоял вопрос выживания. Если он не будет бояться, то его с меньшей вероятностью заметят, всё просто, а значит нужно переключить внимание, как и говорил Нил",biokoff,1451626995002900722
"2025-12-19,22:55:56",biokoff,#0,"—Генрих Ере—
|-----------------------------------------------------------------------------|
Рыцарь оценивающи перевел взгляд на парня, неужто он и вправду не боится? Он безумец? Даже сам мечник испытывал страх перед лесом, что славно скрывали его массивные доспехи но он с таким слабым телом не боится? Удивительно подумал тот и все же обернулся во весь рост к парню, говоря:
|-----------------------------------------------------------------------------|

—Они побежали с привала, в сторону озера. Хм, раз ты со стороны привала и сам должен был понять, отчего они бежали, но раз не знаешь... Хм, ладно. Мне нужно расспросить их но перед этим, развею твоё неведение.

-Мы находимся в мире смоле, мир, что пожирает другие миры в попытках распространить свою смолу. Подробностей я точно не знаю, но я своего рода тут был мимоходом, посещая свой и этот мир, дабы помочь своему. Однако не так давно я потерял связь со своим родным миром, отчего считай стал местным.

-Из моих доводов, я предполагаю, что это своего рода кошмар человечества или Лимбо, ведь в отличии от меня многие появились тут после смерти оставаясь людьми, как же другим повезло меньше... Те люди, что следы ты видел являются местными, отчего про мир они должны знать больше, чем я... А ты откуда такой выпал, неужто ""пришедший"" а не ""рождённый""?

|-----------------------------------------------------------------------------|",samin__,1451633158880493710
"2025-12-19,23:55:07",samin__,#0,"— Леонард Моретти —

Парень слегка отшатнулся, однако вовремя облокотился о трость, устояв на ногах. Зажмурив глаза, тот помассировал между глаз, начинаю рассуждать в слух:

— Так это другой мир... это многое объясняет. А как я сюда попал? Непонятно, но нужно выяснить. Значит он захватывает другие миры? Так вот что это было за ведение. Ясно... значит те собаки были из этого мира. Ищейками? Нет, скорее разведчиками

— ""Пришедшие"" ""Рождённые"". Не понимаю. Я умер или меня перенесло? И что значит кошмар? Это мир после смерти? Лимбо? Я хотел попасть сюда, но уж точно не при жизни...

Замолчав так на пару секунд, парень открыл глаза и стукнул тростью о пол с характерным звуком, а после продолжил:

— Хорошо, я понял, это либо очень проработанная иллюзия, либо реальность. Оба варианта мне не нравятся, так как здесь можно умереть. Хорошо, я буду серьёзен в этом вопросе

— Генрих, думаю между нами нет и не может быть доверия в данный момент. Как ни как ты осторожен, а я имею откровенно слабое представление где оказался, однако думаю со временем мы сможем стать ""напарниками"". Думаю ничего страшного, если скажу, что я имею своего рода способности, что выходят за рамки обычных людей моего мира. Эта информация секретна, но если это иллюзия чтобы выбить из меня информацию, я всё равно ею не владею, а если реальность, это поможет нам сработаться

— Я даже близко не боец, однако могу чувствовать опасность до её приближения, гадать на разные события и чувствовать больше, чем обычные люди

Сказав это, парень сделал серьёзное выражение лица и дополнил:

— Мои козыри раскрыты",biokoff,1451664370005446799
"2025-12-20,01:48:25",biokoff,#0,"—Генрих Ере—
|-----------------------------------------------------------------------------|
Воин спокойно выслушал того, а после демонстративно направил в сторону лица парня кулак, проверяя его реакцию, но прямо перед столкновение остановил, дабы оценить, а не навредить. После этого он уже сказал, убирая меч за спину и направляясь в сторону выхода:
|-----------------------------------------------------------------------------|

—Теперь я точно уверен, что ты ""пришедший"". Рождённые тут, умирают в своем мире и они не обладают никакими силами, отчего их слабая душа или прогибается под мир, становясь её частью или окрепает, оставляя своё тело.

-Раз у тебя есть чуйка, значит не пропадешь, мне нужно пойти и расспросить тех, кто убегали до тебя. Ты со мной или хочешь пока передохнуть? И ты прав, я не достаточно сильно доверяю тебе, отчего пока буду в доспехе, хоть это не совсем вежливо как рыцарю. В отличии от меня ""местные"" более приветливые, что показывает их слабость...

-У меня нет ""козырей"", однако я умелый воин с мечом, а также хорошо разбираюсь в кузнечном деле. Однако тут я не так уж и много встречал хорошей руды, отчего для тебя у меня подарочкоы не найдет. Максимум могу одолжить кинжал.

|-----------------------------------------------------------------------------|",samin__,1451679265862062350
"2025-12-20,11:36:32",samin__,#0,"— Леонард Моретти —

Когда кулак полетел в сторону парня, тот сначала удивился, однако довольно быстро сделал спокойное выражение лица, не почувствовав опасности от этого действия. Другом этот человек ему не был, но и врагом тоже не желал становиться, от чего Лео спокойно стоял, смотря на надвигающуюся атаку, но когда кулак был уже совсем близко - моргнул. Такой результат его сильно задел. Он ведь и сам знал что ничего не будет, но над рефлексами нужно поработать ещё немного... закрывать глаза в бою - не самая лучшая идея

Слегка потерев глаза, парень стал отвечать:

— Значит я жив? Какое облегчение. В таком случае всё можно изменить...

— Думаю недоверие - это лучшее что я могу получить в данный момент. И да... местные? Надеюсь найдётся возможность с ними побеседовать. Но а вообще, я лучше пока что передохну. Мне нужно прийти в себя, а возможно и провести парочку проверок, так что с вашего позволение останусь тут. Что до кинжала, буду благодарен, ведь с собой не имею ничего весомого, а всякое может случиться... в таком месте как это

Похоже у рыцаре свои загоны, но парню не было до них дела. Они вышли на разговор, а это ему сейчас и нужно было. Отслонив платок, тот посмотрел на небольшую кляксу крови, а затем сложил его обратно, как не в чём не бывало. Ему было откровенно неуютно, но он пытался понять и принять такое отношение",biokoff,1451707775142068295
"2025-12-20,19:49:39",biokoff,#0,"—Генрих Ере—
|-----------------------------------------------------------------------------|
Рыцарь достал прикрепленный к поясу кинжал и кинул в сторону возле парня, вонзая его в стену. А сам же помохав напоследок вышел из здания, закрывая за собой дверь и направляясь в сторону озера.
<@998481175276425287> .
|-----------------------------------------------------------------------------|","samin__, _kambot",1451855781057003600
"2025-12-20,20:29:08",_kambot,#0,"**Ножик небрежно, но все так же смертоносно полетел в стену возле <@&1450955974692044900> и вонзился рядом с ним. Тем временем же рыцарь покинул свое убежище и будучи под собственными убеждениями и принципами отправился в сторону озера, по следам ранее проходивших тут людей. На дворе уже давно стемнело, а ветер со снегом устраивали хороводы по всей округе. Именно сквозь такую погоду <@&1451285412478718075> шел, держа свое внимание в остро. Ему казалось, что на него смотрят ото всюду сразу. Где то вдалеке были слышны типичные для этого мира шумы, но они глушились на фоне собственных мыслей.**

**Тем временем же <@&1450955974692044900> остался наедине с самим собой в укрытии рыцаря, что просто оставил парня тут. **

|| От вас потребуется по одному посту для того, чтоб я смог начать вести сюжет дальше ||",biokoff,1451979876386209945
"2025-12-20,20:32:35",biokoff,#0,"—Генрих Ере—
|-----------------------------------------------------------------------------|
Воин с тяжолым лезгом доспехов ступал по старому снегу. Ему не особо нравилось быть в центре внимания, но и без доспехов быть тем более не хотелось, отчего он старался идти потише, отчего шел спокойным шагом в сторону озера, время от времени переглядывая внимания на кусты и на свой же меч, в готовности в любой момент достать меч...
|-----------------------------------------------------------------------------|",_kambot,1451989813812134040
"2025-12-20,20:38:48",samin__,#0,"|-----------------------------------------------------------------------------|
Парень на этот раз даже не дрогнул. Снова показуха и пафос... нельзя было просто передать нож? Мда...

Проводив нового знакомого, парень фыркнул и принялся выдирать нож из досок, попутно говоря себе под нос:

— Ну вот и как это понимать. Был там, оказался здесь... смогут ли соколы разобраться? Должны... если не они, то остальные церкви подсуетятся уж точно. Будет ли мир спасён или погрязнет в похожим на этот мир хаосе? Ха! Да я же сам ничего сделать то и не смогу. Если бы знал, взял бы другую последовательность. Я ну вот вообще не полявик. Хе... лучше поберечь силы, неизвестно что ещё может приключиться...

Сделав умозаключение, парень пошёл по новому пристанищу, осматриваясь и не выпуская из рук кинжал. Маловат, но лучше чем трость. Хотя... смотря против кого. Нужно было найти местечко, через которое можно понаблюдать за округой, а заодно и где спрятаться в случае чего. И запасной выход! Да! Он точно нужен...
|-----------------------------------------------------------------------------|",_kambot,1451989813812134040
"2025-12-20,21:10:02",_kambot,#0,"**Осматривая просторы, параллельно пытаясь привести мысли в порядок, Леонард наткнулся на лестницу на второй этаж, что стояла прямо за кафедрой. Это была старенькая, деревянная лестница. Взглянув на нее, парнишка с тяжестью выдохнул и морально приготовившись к худшему стал карабкаться по ней. Руки дрожали вместе с ногами, но уже через меньше чем минуту Лео смог забраться! И так он оказался на купольном этаже. Потолок как полагается... аээ.. православию? Да, вероятно ему.. был исписан в соответствующей стилистике. Здесь было весьма просторно и на удивление горело несколько свечей. Так же по всем стенам были расположены окна, что весьма неплохо давали обзора, однако они так же и продувались, но мороз был около-терпимым.**",samin__,1451992247741579435
"2025-12-20,21:21:08",samin__,#0,"— Леонард Моретти —

Вот он! Главный враг! ЛЕСТНИЦА!!!

Парень не любил их ещё с того момента, когда в первый день становления  потусторонним, покатился вниз лицом с каждой из них. Предательские штуки... толи дело коридор. Прямой и красивый, никогда не предаст и не обманет. Но деваться не куда. Левая, правая, а может ещё разок правой? Не... лучше левой теперь. Так он и добрался до верхатуры, откуда был неплохой видок. Окна предательски продувались, от чего парень слегка спрятал шею, укутавшись по нос в своё пальтишко. Неприятно, но надеюсь Генрих вернётся быстро

Здесь чувствовалась странная безопасность. Неуютно, но комфортно. Леонард как надзорный мог увидеть опасность с любого направления, от чего этот факт его успокаивал, хотя сбежать было бы проблематично... может в случае чего заманить шавок внутрь и спуститься через крышу? Не... а бежать потом как? Бред да и только... лучше медленно спуститься и пойти через основной выход на встречу неизбежному... да, так будет проще",_kambot,1452000108538495006
"2025-12-20,21:35:11",_kambot,#0,"**Весьма опрометчиво начинать чувствовать себя комфортно в моем угодье... но я не осуждаю. Кхм, простите, так не надо вам писать. Так вот.. стоило Лео начать чувствовать себя хоть как то безопасно и начать глядеть туда-сюда в окна... как вдруг.. ему повиднелись две белых точки... сначала парнишка подумал, что ему показалось на почве стресса, но увы и ах нет. Точки оставались на месте, а когда же Лео начал всматриваться в лес то сквозь тьму, елки и буран, он увидел и силуэт. Высокий, черный, рогатый с теми двумя белыми точками, что уже оказались глазами. Изумившись, парень решил прищурится..но тут же обомлел... по ушам Леонарда потекло пение. Спокойное, протяжное пение, что отражалось от ёлок прямо в окно парня... стоило отметить, что сердце парня не подавало никаких тревожных знаков....:**",samin__,1452002900879474758
"2025-12-20,21:47:00",samin__,#0,"— Леонард Моретти —

Ёлки да ёлки... скука да и только. ОШИБКА! Нельзя даже думать о скуке в такой момент, думай Лео, думай! Нельзя сойти с ума, хотя весь мир ведёт к этому. И вот, две блятские точки. Ну естественно, первое правило нарушено. Никогда не думай что всё хорошо! Что это вообще такое? ""Морг-морг""... не пропадают? Странно

Парень прищурился и увидел рогатый силуэт, со светящимися глазами что смотрели на него? Да... на кого ещё то? На него родимого! Сука! Что делать! И тут полилось пение. Сердечко предательски молчало, однако разум трепетал. И это не опасность по твоему? Чёртова сила, глаза разуй!

Парень слегка отстранился от окна, пытаясь не вслушиваться в песню, однако слова сами переваривались его разумом. Тварь... сердечко спокойно, а вот я НЕТ! Что делать, что делать, что делать... спускаться или нет?

НЕТ! Я доверяю чутью! Если оно ещё не забралось сюда, значит не может, а раз начало говорить, значит пытается меня отсюда снять. Пока я в своём уме, буду сидеть здесь!

Парень зажмурился и слегка порезал руку, чтобы боль вернула его в чувство, а после проговорил, но на этот раз про себя: ""Это напоминание, что я не пойду к нему... как минимум не сам...""

После парень стал молча смотреть на нечто, не свозя взгляда и не двигаясь, будь его воля он бы и не дышал, однако такого он пока что провернуть не мог",_kambot,1452006438514855989
"2025-12-20,22:05:51",_kambot,#0,"— Хозяин Леса —

Видя реакцию парня, глаза существа словно улыбнулись, а после Хозяин оперся спиной о ближайшую елку и склонил голову, но так же не отводя глаз с Лео. Его мантия трепеталась на ветру, а вместе с этим.... Лесник заговорил. Его голос был сладким, обвораживающим и басистым и звучал парню... прямо в уши, игнорируя дистанцию между существами:

— Ты можешь думать всякое, юнец. Ты можешь верить, можешь быть убежденным... право твоё, я не спорю.. но вот правда.. за кем же она стоит? Вывод придет к тебе сам собой, со временем.

После этого он немного просмеялся

— Ах время... дивное понятие. Его нельзя занять, нельзя получить дополнительно. Оно есть... и оно неизменно.

— Я понимаю ты боишься, но ведь душа твоя не говорит тебе ни слова... Доверишься ли ты ей? Скажи мне. Доверься стороне.",samin__,1452009409638170786
"2025-12-20,22:14:32",samin__,#0,"— Леонард Моретти —

Ясно, мне пиздец! Эта тварь умеет читать мысли! Я влип! Так, ладно, ты не тварь... эм... сущность? Так устроит? Пу-пу-пу... я доверяю душе, но также доверяю своему разуму. Я вообще в смятении, что ты хочешь, что тебе нужно? Зачем тебе я?

Тут парня понесло, душа и мысли были как на распашку, однако в один момент фляга сдвинулась и тот подумал про себя ""А чего мне бояться, если сила молчит, это потустороннее существо выше 7-й последовательности, оно и само может меня взять, однако просто говорит, непонятно... нужно понять что оно хочет. Смогу ли я сегодня выжить?"". Собираясь спускаться, тот облокотился о поручень и почувствовал жгучую боль. Рана... что он оставил пару минут назад. Дала таки знать!

Парень отдёрнулся и сел на пол, смотря прямо в стену, а затем пригвоздил свой плащ к полу, приткнув его тем самым кинжалом, а после схватился за голову говоря про себя ""нет, не сейчас, я должен быть тут... я должен остаться! Я не доверяю потустороннему, я доверяю себе, а я должен быть здесь!""",_kambot,1452014153547120753
"2025-12-20,22:42:59",_kambot,#0,"— Хозяин Леса —

Леонард пропал.. он ушел от окна. Чтож.. кажется игра в гляделки окончена победой Лесника. Можно продолжать вести разговор. Хозяин продолжил говорить все еще игнорируя расстояние. Его голос не менялся, был все таким же завораживающим:

— Тварью меня кличали многие, ты в их числе, не переживай. Я знаю ваши ""Последовательности"" , ""Разряды"", ""Классы"" и прочие... но спешу тебя расстроить Лео... к ним меня причислять - оскорбление. На первый раз я тебе прощу это, по твоему не знанию, но в преть...

Хозяин немного просмеялся а после замолк на некоторое время... но.. уже совсем скоро.. он появился в окне прямо на против Лео. Он не помещался в него, отчего нагнулся, смотря своими глазами на парня и стал говорить и его голос уже имел дистанцию:

— Ты Леонард... гость в моем угодье. Я буду заинтересован в контакте с тобой... после него я уже решу что с тобой делать... дам тебе фору побегать как с тремя бедолагами, за которыми отправился твой друг... или отпущу... а может... ой.. кхе-хе-хе...

Глаза Лесника вновь улыбнулись, а сам он прикрыл ""рот"" рукой на пару секунд:

— Рано ты себя запугиваешь... отнимаешь у меня работу... хо-хо-хо....

Но вдруг, Хозяин глубоко вздохнул:

— Я чувствую твой недуг... В этом месте.. досаждать он будет тебя долго.. даже если ты заткнешь рану. Таков закон... но я готов помочь. Безвозмездно...в честь нашего знакомства... Ах да.. позабыл....

Хозяин Леса протянул свою длинную руку через окно. Его ладонь была расправлена словно для рукопожатия:

— У меня нету имени, в отличие от манер...",samin__,1452016340360630313
"2025-12-21,19:47:51",samin__,#0,"— Леонард Моретти —

Нужно успокоиться! Нужно срочно вернуться к своим мыслям! Давай, давай, давай! Так можно и с ума сойти! И в каком смысле не пречислять тебя к моей градации, можно ведь оценить что угодно! Да и что значит оскорбление, по этой градации можно причислить существ к божественности!

Тут перед лицом парня появилась уже знакомая фигура. Нет... это точно выше 6-ой ступени...

Разум парня не смог справиться с такой картиной, а когда существо заговорило, тот слегка встрепенулся, а после выслушивания спокойно улыбнулся отвечая:

— Так это ваше угорье господин? И я даже вам интересен? Лестно это слышать!

— И да, испуг в моём состоянии это наверное нормальная реакция? Разве нет?

Когда рука приблизилась, парень хотел было привстать, однако шлёпнулся обратно на задницу, ведь плащ был прикован к полу, при помощи кинжальчика. Поняв что это было для чего-то сделано, парень развёл руками:

— Кажется я не хотел чтобы моё пальто покидало это место. Странные мысли однако...

Сказав это, парень просто вынул руки из пальто, снимая его и оставляя на полу, а после отвечая на рукопожатие сказал:

— Приятно познакомиться безымянный с манерами, моё имя тебе уже известно, однако представлюсь вновь, Леонард Моретти, приятно поговорить с кем-то кто знает то, где я оказался, тем более с хозяином этих земель

Ах... ""мобильная психика"". Побочный продукт становления потусторонним! Очень быстро однако меняется моральное состояние, что помогает быстро восстанавливаться после потрясений, однако... да... верно... сойти с ума можно сойти столь же быстро, тем более при контакте с таким существом",_kambot,1452023499873849448
"2025-12-21,20:19:36",_kambot,#0,"— Хозяин Леса —

И так.. парень снял свой плащ и... пожал руку. Пожать руку мне это.. ой, снова, кхм. Так вот... пожать руку Хозяину Леса... многого стоит. Леонард не из робкого десятка. Как только рука лесника и парня соприкоснулись и Лео сказал свои слова, рука Хозяина сжалась, не выпуская руку парнишки. По ощущением это словно клетка, но в которой нельзя ничего почувствовать. Глаза Хозяина стали круглыми, стеклянными и неподвижными и они смотри словно в душу парня. В этот же момент начиная от руки Хозяина, по венам Леонарда пошло странное свечение, которое пробивало светом кожу. Это продлилось всего пару секунд, но для Лео это было вечностью, но вот процесс подошел к концу. Хозяин так же резко расжал свою руку, отпуская парня. Рана мальца затянулась сама собой, а глаза Лесника вновь ""улыбнулись"" и он сказал:

— Надеюсь ты не пострадаешь в ближайшее время.  Ах кстати... время. 

Хозяин разрозился глубоким смехом но тут же замолк и вновь стеклянно посмотрел на парня:

— Передай другу.... что время пришло. Она поймет о чем я...

И стоило парню моргнуть после этих слов, как лесник пропал, а из далека, откуда то из леса вновь послышалось пение, которое удалялось в даль с каждым шагом....",samin__,1452341812571275315
"2025-12-22,00:42:11",_kambot,#0,"**Воин шел весьма продолжительно время, на удивление без приключений. Ну как... по пути, конечно он отрубил голову двойке мелочей и продолжал путь. Дорога никак не менялась и все еще вела к озеру. Можно было подметить, что разве что климат смегчался и из полного бурана, все обращалось в весеннюю оттепель. Эту погоду никто не поймет.... но, даже так, шлепая по лужам, Генрих все же услыхал звуки.. это были голоса. Они были громкие и напряженные. Из всего гула можно было выделять такие слова как ""Давай-давай!"" ""Да бросай это! Не нужно!"" и все на подобии.**
**Если Генрих подойдет ближе и отодвинет кусты, то увидит как на берегу троица мужчин панически загружала рюкзаки в лодку.**",biokoff,1451990683681423495
"2025-12-22,01:56:58",biokoff,#0,"—Генрих Ере—
|-----------------------------------------------------------------------------|
Тот нервно, хоть и без произшествий нашёл свою цель ввиде тройки паникующих мужчин. Дабы тех не испугать, тот встал во весь рост и громко шурша вышел из кустов приподнимая руки вверх, в знак того, что он не хочет драться, а после спросил:
|-----------------------------------------------------------------------------|

—Здраствуйте молодцы, от чего бежим?

|-----------------------------------------------------------------------------|",_kambot,1452415886660075530
"2025-12-23,19:14:14",_kambot,#0,"— Кайл Товальд —

Мужчина стоял спиной к Генриху и помогал погружать рюкзаки в лодку, параллельно раздавая указы остальным двум товарищам, как вдруг его прервал железный гул, а после и голос. Тот в панике обернулся и немного испугался, но поняв, кто перед ним, слегка успокоился и ответил:

— О боже, вы нас напугали! Лесник запел! Сами знаете - не к добру!

Кайл на секунду отвлекся, поймав свое ружье, что ему кинул один из товарищей, а после продолжил:

— Мы посчитали, что к чертям это все, рисковать не станем, да и второй раз умирать как то не хочется. Вот и отплываем... Думаем, пересечем озеро, а дальше мимо Сахарного завода пройдем на выход отсюда.. есть одно местечко..

Тут же мужчину окликнули со словами ""Кайл! Давай шевелись, он может быть рядом!"". После этих слов, Кайл огляделся и ответил ""Обождите! Может время еще есть!"". После ответа, мужчина вновь уставился на <@&1451285412478718075>, ожидая его вопросы, параллельно оглядыаясь по сторонам.",biokoff,1452434702924382229
"2025-12-24,18:55:22",biokoff,#0,"—Генрих Ере—
|-----------------------------------------------------------------------------|
Воин и сам услышав про лесника огляделся и никого не заметив сложил пазл в своей голове, отвечая:
|-----------------------------------------------------------------------------|

—Думаете вам так легко дадут пересечь завод? Я поддерживаю ваши опасения по поводу этой твари, ведь она и сама меня пугает, однако убегать без плана звучит уж слишком безрассудно. Да и я видел мужчину убегающего со стороны привала, что слышал пение в лесу, похоже он пока дальше не убегал с леса... Но я понимаю вас и не стану удерживать, лишь беспокоюсь, что вы так просто не убежите...

|-----------------------------------------------------------------------------|",_kambot,1453058128743497748
"2025-12-30,02:39:49",_kambot,#0,"— Кайл Товальд —

Мужчина докидывал в лодку последние вещи, попутно выслушивая рыцаря, однако на словах о новом человеке, замер и задумался на несколько секунд, а после даже слегка подуспокоился. Кайл посмотрел назад, где были его 2 товарища в лодке, а после на Генриха и проговорил:

— Аа... ага.. тоесть еще один?... Теперь причина ясна.. Чтож..

Кайл развернулся к товарищам:

— Спокойно! У Зверя другой приоритет! Но.. кхм, подождите!

Мужчина снова развернулся к воину:

— Кхм... в такому случае у него проблемы.. сами понимаете.. но.. я могу их попытаться решить и хотя бы дать ему информации, чтобы паренек остался цел! Тогда.. пусть мои товарищи отправятся к границе леса, а я останусь еще на время тут.. с вами то - как за каменной стеной, а? Хаха...

Кайл неловко просмеялся и скрестил руки, ожидая ответа рыцаря",biokoff,1453415771035406398
"2025-12-30,02:49:06",biokoff,#0,"—Генрих Ере—
|-----------------------------------------------------------------------------|
Рыцарь чуть хмыкнул с шутки парня, раз шутит значит все не так плохо как она думала. Тот кивнул, а после оборнувшись направился обратно к церкви приговаривая:
|-----------------------------------------------------------------------------|

—Вы правы, незачем всем тут оставаться. Я хотел лично расспросить вас, однако помочь потеряшке не такая уж и плохая идея. Знать бы с чего лесничий наш проснулся... Не к добру это...

|-----------------------------------------------------------------------------|",_kambot,1455344591766159575
"2025-12-30,02:56:52",_kambot,#0,"— Кайл Товальд —

Услышав согласие рыцаря, Кайл незамедилительно окликнул своих товарищей в лодке:

— Парни! Плывите без меня.. НО, вам нечего беспокоится, клянусь! Зверь не по нашу душу.. Я.. Я сейчас пойду с нашим другом до того, кто под прицелом у Хозяина, поговорю с ним и своим ходом до вас! Приняли?

Оставшиеся двоя сразу же взъялись:

— Схерали, Кайл? Ты нам нужен там! 

Кайл потер лоб и ответил:

— Слушайте.. я вам помог в свое время... теперь должен другому! Такова моя природа, могли бы уже принять это.. но.. клянусь, все будет нормально! Просто возьмите привал на пограничье и я вас сам найду через пару часов!

Группа еще немного побухтела и повозражала, но Кайл все таки договорился, а после стал догонять <@&1451285412478718075> и ответил:

— Ну....ааээ....вариантов много, но... самый очевидный - новый приоритет. Свежая душа это всегда интерес со стороны.. а пение.. это знак того, что на тебя положили глаз. Я это вроде рассказывал, помните?

Кайл продолжал идти с рыцарем, слушая его слова",biokoff,1455346926827339870
"2025-12-30,05:04:19",biokoff,#0,"—Генрих Ере—
|-----------------------------------------------------------------------------|
Воин не стал лезть в распри группы, однако и торопиться не стал, давая возможность догнать себя парню а после выслушав того ответил на информацию мужчины:
|-----------------------------------------------------------------------------|

—Новенький и сразу в пасть тигра... Про песни я знаю, однако после них мало слухов ходят по округе, отчего я и сам мало знаю что будет после них. Услышала разок и спрятался в церкви после этого. Так чем тот парень мог привлечь его внимания? Надеюсь он не станет выходить за пределы церкви без причины...

|-----------------------------------------------------------------------------|",_kambot,1455348881138253987
"2026-01-04,01:33:09",_kambot,#0,"— Кайл Товальд —

Услышав слова воина, у мужчины чуть ли не выкатились глаза, и чуть прокашлявшись, Кайл ответил:

— Кхм... ох-ох-ох.... видишь ли, мой друг... Каждая душа, что для зверя в новинку... будет ему интересна в любом случае! Если человек оказывается неприметным и... мммм... ""Обычным"" в его глаза, он его может отпустить, но вот если есть какая нибудь изюменка у новой души.. то... 

Мужчина замолк, как бы давая тишине сказать за него очевидную вещь, а после продолжил:

Я хочу верить в то, что мы успеем раньше, чем Хозяин начнет действовать.. если уже был контакт, то уже даже бог не скажет, что теперь ждать.. Но я обещаю помочь, чем смогу.

Тем временем, ночь полностью поглотила лес, но благо под свет фонарика, что достал Кайл, дуо дошло до церкви и встала перед ней, а мужчина сказал:

— Ну.. кажется оно. Где наш гость?",biokoff,1455380955270353168
"2026-01-04,03:51:11",biokoff,#0,"—Генрих Ере—
|-----------------------------------------------------------------------------|
Мечник с опаской достал из-за спины меч направляя на церковь, а после медленным шагом пошел в его сторону осматриваясь и отвечая тому:
|-----------------------------------------------------------------------------|

—Был внутри, однако для этого места сейчас цж больно тихо... Птицы или ветки шумат рядом, а сейчас тишина. Если новенький не заглушил звуки, то тут явно что-то другое... Будет те наготове.

|-----------------------------------------------------------------------------|",_kambot,1457139752674398314
"2026-01-05,02:27:54",_kambot,#0,"— Кайл Товальд —

Кайл глубоко вздохнул, покачал головой, а после стал медленно идти за мечником, говоря уже на пониженных тонах:

— Ночь она такая.. дает разгулятся всякой твари.. вот лишний раз никто и не шумит.. Да и боюсь если мы встретим, что то большее чем ""Угрюма"" , то остается только бежать.. пхах.. кхм, ладно.. Значится, был внутри говоришь.. ну чтож..

После этих слов дуо как раз и подошло к дверям церкви, а после Кайл лично их тихонько приоткрыл и вместе с рыцарем вошел в здание, закрыв за собой дверь, предварительно оглядев улицу. После этого Кайл сказал:

— Мгм... и.. спрашивается.. где?

Мужчина посмотрел на воина.


**Тем временем сердце <@&1450955974692044900> начало слегка трепетать**",biokoff,1457174489157603454
"2026-01-06,13:26:30",samin__,#0,"— Леонард Моретти —

Парень с леденящим спокойствием смотрел на то как его руку сжимают, а когда по его венам пошло свечение, тот с неким интересом стал наблюдать за движением. Когда его раны начали затягиваться, тот слегка наклонил голову, пытаясь понять что с ним делают. Наконец когда его отпустили, а незваный гости и новый знакомый покинул его поле зрения, давая на последок обворожительный концерт, Леонард помахал тому рукой, а после уставился на затянувшуюся рану. А... сколько времени вообще прошло? Кажется это был долгий процесс

Размышления были прерваны резким чихом. ""Да... тут конечно холодновато. А интересная эта сущность, даже убивать не стала, а наоборот вылечила..."". С этими раздумьями, парень присел обратно к пригвождённому плащу и сунув руки в рукава поджал колени чтобы не выпускать тепло. ""Хм... значит этого господина оскорбляет классификация? Это занятно. Нулевой ранг, это буквально бог, а он открещивается даже от этого. Он выше этого? Ммм... нет... точно нет. Это ранг пятый от силы. Хм... а быть может это мой бывший коллега, что был ""поглощён?"". Да, лучше о таком не размышлять, всё равно наверняка не узнаю. Нужно будет спросить при следующей встрече. А пока что... нужно помедитировать. Да! Слегка уйти в себя""",_kambot,1457515919244005469
"2026-01-06,13:26:31",samin__,#0,"Даже в таком состоянии Моретти не был себе врагом, от чего решил по немого приходить в себя. Сидя в позе эмбриона с блаженной улыбкой, он отринул мысли, пытаясь вернуться в норму. Спустя пару минут улыбка начала спадать. Ещё через пять минут серьёзность воцарилась на лице парня, а затем глаза сонливо открылись и Леонард посмотрел на разбитое окно, а затем стал отматывать события, которые происходили с его сознанием в момент разговора. Мыслей было много, скверных мыслей ещё больше, а сквернословия было ОЧЕНЬ МНОГО!!!

Чёртова подвижная психика... как же ты меня подставила! Какое к чёрту рукопожатие??!?! А если бы он меня просто сожрал?! Леонард! АЙ...

Сжав одежду в кулак, парень стал тяжело дышать, осматривая руки и то место, где не столь давно была кровь. Покрутив предплечье, парень выдохнул и схватившись за голову сказал под нос ""Интрес... меня пометили, время... что эта тварь несла? Я не понимаю, что делать! Где я оказался? Его владения? НЕ-НЕ-НЕ!!!""

Леонард бы снова сошёл с ума, если бы не услышал глухой звук открывшейся двери и незнакомый голос. Слов разобрать парень не мог, однако быстро выхвативши кинжал, что был воньзён в пол за его спиной, парень сказал себе под нос:

— Чёрт... этот плащ стоял два месяца моей работы... Винсент, братишка... прости, но придётся ходить в заплатках...",,
"2026-01-07,03:30:25",biokoff,#0,"—Генрих Ере—
|-----------------------------------------------------------------------------|
Мечник оценивающе посмотрел на разбитое окно и на отсутствующего парня недовольно покрутил меч в руках смотря на лестницу и приговаривая:
<@998481175276425287> 
|-----------------------------------------------------------------------------|

—Подозрительно... Нужно проверить все здание, быть может испугался разбитого окна и спрятался где-то. Возможно он пошёл наверх, пройдем.

|-----------------------------------------------------------------------------|","samin__, _kambot",1458044054620344401
"2026-01-08,02:40:31",_kambot,#0,"— Кайл Товальд —

Мужчина оглядел помещение первого этажа, а после вздохнул и сказал, подходя к лестнице:

— Ну.. тут я его не вижу, так что да, скорее всего там. А вот окно... мх..

Кайл немного замялся но все же начал подниматься по лестнице и с кряхтением забравшись наверх, увидел уже перед собой <@&1450955974692044900> с кинжалом в руках:

— Уоу. Привет! Спокойно, я не тот, кто может причинить вреда!",biokoff,1458256426462875801
"2026-01-08,20:21:43",samin__,#0,"— Леонард Моретти —

Парень в присядке ждал того, кто к нему поднимется, как только фигура показалась, тот приподнял кинжал, чтобы тот был виден и с крайнем недоверием ответил:

— А вот я из тех... в особенности в таком состоянии. Кто ты и где Генрих?

Парень не собирался убирать кинжал, ведь это могло быть ведение или того хуже. Перевоплощённый. Хотя едва ли его понятия работали в этом месте",_kambot,1458606259086557206
"2026-01-08,23:15:24",biokoff,#0,"—Генрих Ере—
|-----------------------------------------------------------------------------|
Воин спокойно ступал следом за Кайлом и ему предстала картина паникующего парня, очтего тот ухмыльнулся, убирая меч за спину и говоря:
<@998481175276425287> , <@&1450955974692044900> .
|-----------------------------------------------------------------------------|

—Хах, все же я был прав и ты попросту испугался здешних мест. Я привел местного, того, по чьим следам ты и шел. Не стоит нам сейчас лишний раз подозревать друг друга. А ты чего тут, а не внизу?

|-----------------------------------------------------------------------------|","samin__, _kambot",1458873318147887115
"2026-01-08,23:37:09",_kambot,#0,"— Кайл Товальд —

Мужчина выставил руки перед собой и поднял бровь:

Йоу, тихо-тихо! Меня зовут Кайл! Я пришел с твоим другом.. собственно вот и он!

Кайл повернулся полубоком указав на подошедшего сзади <@&1451285412478718075> :

— Видишь? Все должно быть хорошо.. Я вижу ты не в духе, что ты видел?",samin__,1458873318147887115
"2026-01-08,23:43:38",samin__,#0,"— Леонард Моретти —

Лео был готов обороняться, однако увидев Генриха выдохнул и поднялся на ноги. Дрож никуда не ушла, однако в силах спуститься по лестнице он не сомневался... почти. Перехватив кинжал за клинок парень сделал пару шагов в сторону двоицы и протянул его <@&1451285412478718075> со словами:

— Я видел то, чего бы предпочёл не видеть. Заберите у меня оружие, я пока что не уверен в ясности ума...

Сказав это, парень поплёлся вниз по гнилой лестнице. Спустившись на первый этаж, тот сел на лавку для прихожан. Дождавшись двоицу, тот выдохнул и прислонив руку к сердцу, что всё ещё билось сказал:

— Ко мне явилось рогатое чудовище и... у нас был контакт... он назвался хозяином этих земель, хотя имени у него и нет...

Договорив, парень стал смотреть за реакцией двоицы, чтобы понять, стоит ли продолжать рассказ, или это норма в этих краях",_kambot,1458922501915803761
"2026-01-09,02:35:09",biokoff,#0,"—Генрих Ере—
|-----------------------------------------------------------------------------|
Воин поплелся вниз после того как забрал кинжал обратно и хотел было посмеяться над излишней пугливости парня, но услышав о встречи с хозяином, так и последующем выживании парня тот приутих, напрягаясь и недовольно сверля того взглядом, словно ожидая продолжения истории.
<@&1450955974692044900> , <@998481175276425287> .
|-----------------------------------------------------------------------------|","samin__, _kambot",1458924132904206379
"2026-01-09,19:04:29",samin__,#0,"— Леонард Моретти —

Моретти не понял реакции мужчин, однако решил продолжить рассказ, начиная массировать виски, парень прикрыл глаза и продолжил:

— В общем... когда Генрих ушёл, я забрался на башню, чтобы осмотреться. Спустя некоторое время спокойствия появилось... это. У меня есть способность. Чувствовать опасность. И... оно молчало. Это существо не было опасно или было на столько опасным, что я не мог этого понять... не понятно...

— Оно читало мои мысли и... кажется игралось со мной. Ай чёрт! В общем он говорил прямо в моей голове, минуя расстояние. Да и получало ответ прямо из сознания. В общем... он пел? Да... пожалуй это было пение. Сначала я подумал что это не по настоящему, но... если бы это было так...

— Он начал разговор с понятия времени. Что его нельзя занять или получить. Мы немного поговорили, а после... а после я прервал зрительный контакт, пытаясь не сойти с ума. Стояло мне это сделать, существо стало более упёртым. Оно начало ""интересоваться"" мной, немного запугивать и всё было бы хорошо, если бы в мгновение, существо не оказалось прямо предо мной...

Сказав это, глаза парня открылись, а взгляд стал митаться по сторонам, остановившись на руке. Задрав рукав, парень посмотрел на руку, как будто её не должно было быть и спросил:

— Я... я не свечусь? Есть что-то странное?",biokoff,1458967296683802686
"2026-01-10,01:59:59",biokoff,#0,"—Генрих Ере—
|-----------------------------------------------------------------------------|
Мечник все же решил немного разрядить обстановку сьязвив, отвечая тому тыкая на него пальцем:
<@998481175276425287> , <@&1450955974692044900> .
|-----------------------------------------------------------------------------|

—Если не считать червей в твоей руки, то ты совершенно в норме! А нет, это у меня в шлеме, ты в порядке. Хотя учитывая тот факт что ты выжил после встречи с хозяином, уже делает тебя странным... Так и как ты пережил с ним встречу?

|-----------------------------------------------------------------------------|","samin__, _kambot",1459216267365060784
"2026-01-10,04:36:42",ktoia,#0,"— Деймос Морф —

Путь начался давно. Неблизкий, изнурительный, но не без отдыха - время от времени удавалось поймать попутку, ускоряющую движение в разы. Правда так же внезапно как и подбирали с транспорта приходилось сходить, продолжая путь пешком. Лед под ногами скрипел, мдленно стирая подошлвы сапог, а кости не редко давали о себе знать от долгой дороги. Но Деймос шел... Иногда встречались редкие смолянистые отродья - опасные, но к счастью те что были предсказуемые. Зная что впереди ждет, легче было избегать ненужных стычек. Он обходил их стороной, не вступая в конфликт и экономя силы. Так шаг за шагом он миновал заледенелые земли или лучше сказать воды, пока наконец не достиг сероватой твердой почвы под ногами.

Ох... И куда же теперь завело посмертие?

Песок под сапогами зашелестел иначе чем лед. Деймос двинулся вперед, оставляя за спиной ледяные глыбы, переходя на что-то похожее на ""пляж"". Лед постепенно сменялся водянистой смолянистой жижей, а на песке изредка маячали черные коконы, которые мужик от головной боли подальше обходил стороной, но никого за время пути так он и не встретил. Ни мертвых, ни живых. Только эти странные, вечно висящие в воздухе силэты... 

Шаг. Еще шаг. Следы оставались на сером безжизненном песке. Деймос шел по дуге и вскоре песок сменился редким перелеском, а затем и вовсе - лесом. Непривычным. Давно мужик не видел зелень... Даже такую увядшую, тусклую, но все же зелень. Трава пусть и пожухлая, деревья пусть и согнутые. Деймос двигался дальше. Не теряя бдительности, он осматривал окрестности, пока не взошел на пригорок - небольшое возвышение над лесной чащей. Сканер к счастью все это время молчал, не тревожа сигналами поэтому мужчина смог наконец вздохнуть полной грудью и осмотреться. 

Перед ним простирались серые дали, затянутые пеплом, который висел в воздухе тонкой, неприятной дымкой. ""Романтика"" - могли бы сказать одни. ""Затишье перед бурей"" - скажут мертвые. И все же сейчас, несмотря на предчувствия, он просто стоял и вглядывался вдаль, надеясь увидеть хоть что-то стоящее.

||<@998481175276425287>||",_kambot,
"2026-01-10,12:40:01",samin__,#0,"— Леонард Моретти —

В момент, когда Лео услышал о ""червях"", он в ужасе посмотрел на свою руку, однако благо шутка быстро сошла на нет, от чего он не успел её себе отрезать. Он недовольно вызрился на <@&1451285412478718075> и опустив рукав, опустив взгляд на свою ладонь продолжил:

— Я порезал руку, чтобы боль привела меня в чувство, однако когда оно предстало предо мной. Оно сказало то, что я знал, но не думал об этом. Оно перешло к угрозам, сказало что после контакта решит что со мной делать. Дать фору побегать как трём бедолагам, отпустить или... кхм...

— Оно раздосадовалось, что я забираю у него работу и... запугиваю себя сам. Оно увидело мой недуг и сказало что может безвозмездно помочь ""в честь знакомства"" иии... оно протянуло мне руку или... что-то на неё похожее

— Дальше я слегка сошёл с ума, ""заглянув в бездну"", так что воспоминания как в тумане, однако отчётливо помню как я встал, пожал руку и ""мило побеседовал"" с этим нечто. Вроде как мы просто обменивались любезностями, а потом он сжал мою руку и... ммм... по моим венам пошло странное свечение, а через мгновение раны затянулись. Закончилось всё тем, что он пожелал мне, чтобы я не пострадал в ближайшее время и...

Тут парень прервался, а затем подняв взгляд на <@&1451285412478718075> выдержал долгую паузу. И вот уже мужики хотели что-то сказать, тот мрачно произнёс:

— Сказал передать, что время пришло, что бы это не значило",biokoff,1459320832726798387
"2026-01-10,18:43:15",biokoff,#0,"—Генрих Ере—
|-----------------------------------------------------------------------------|
Воин думал уже спустить все на галлюцинации и на простую зашуганность парня, однако услышав последнюю фразу тот умолк от едкой усмешки. Тот секунд 20 стоял как вкопанный, а после подойдя к парню взял того за шиворот поднимая его на высоту голова к голове приговаривая угрожающе:
<@998481175276425287> , <@&1450955974692044900> .
|-----------------------------------------------------------------------------|

—До этого момента я хотел все спустить на твою дурную фантазию однако ты сказал уж очень ужасающую реплику, отчего я тебе верю... Но ты точно уверен что там было ""время пришло""? Ответ я непомню или вроде так не пойдет, от этого зависит наши дальнейшие действия.

|-----------------------------------------------------------------------------|","samin__, _kambot",1459481902716162058
"2026-01-10,18:53:47",samin__,#0,"— Леонард Моретти —

Леонард сидел себе спокойно, никого не трогал и вслушивался в тишину, что повисла в воздухе. Ничего не предвещало беды и вот к нему подошёл Генрих. Чтобы вновь подстебать, не так ли? Но реальность оказалась куда более странной. Парня подняли со скамьи и спросили то, что было тяжело вспоминать. Сначала парень изумлённо посмотрел на рыцаря, а после отвернулся куда-то в сторону. Зажмурившись, тот попытался вспомнить то, что было в тумане его сознания. Спустя пол минуты молчания, тот открыл глаза и повернувшись к рыцарю, посмотрел прямо в щели шлема и серьёзно сказал:

— Кстати, время... передай другу, что время пришло. Она поймёт о чём я. Это дословная фраза. Стоп, ты девушка?

Тут серьёзность на лице парня сменилось непониманием. Он не стал вырываться, однако непонимание нависало над ним. По всей видимости дело было серьёзное и не терпело отлагательств",biokoff,1459573314132508895
"2026-01-10,19:01:47",biokoff,#0,"—Генрих Ере—
|-----------------------------------------------------------------------------|
Рыцарь не стал отвечать на вопрос парня, аккуратно отпустив парня обратно на скамью тот судорожно стал ходить по церкви в поисках того, что можно с собой взять, видно в попыхах собираясь свалить отсюда куда подальше.
<@998481175276425287> , <@&1450955974692044900> .
|-----------------------------------------------------------------------------|","samin__, _kambot",1459575963795849405
"2026-01-10,21:44:42",samin__,#0,"— Леонард Моретти —

Парень поправив воротник стал смотреть за сборами. Вопросительно посмотрев на Кайла, тот развёл руками и сказал:

— Чтож Кайл, знакомство у нас не задалось, однако... не ответишь, что сейчас происходит?

||<@998481175276425287> ||","biokoff, _kambot",1459577978961924308
"2026-01-11,23:15:59",_kambot,#0,"— Кайл Товальд —

Кайл внимательно слушал юного попаданца, как вдруг на словах о ""Дать время побегать троице"" поперхнулся и выкатил глаза. Он перегляделся с <@&1451285412478718075> , но решился дослушать, с каждым словом Леонарда, можно было заметить как его улыбка все больше и больше сменялась на ошаломление. После всей речи Лео, мужчина прокашлялся:

— Кхм.. Что ж, Леонард.... я не знаю каким чудом ты остался жив... конечно, наверное благодаря своим ""особенностям"" , но так или иначе..

Кайл вскрикнул:

— ЭТО КАТАСТРОФА!.....      Причем не только для тебя, но и для нас всех!

Мужчина развернулся на обоих людей ( <@&1451285412478718075> , <@&1450955974692044900> ) :

— Кхм.. Ладно, Леонард. Проясняю ситуацию! Видишь ли.. ты действительно встретился с ""Хозяином"" этих земель. Он жесток и беспощаден, даже если кажется, что он весьма культурный. Особенность этого мира заключается в том, что абсолютно все твари, которых ты тут встречаешь - бывшие люди. Ты попал... ммххм... в ЗАГРОБНЫЙ мир. 

Кайл продолжил тараторить:

— Все кого ты видишь из тех, кто похож на меня - мертвы. И я сам мертв! Скажем так... после обычной смерти в моем настоящем мире, душа человека переносится в это.. скажем ""лимбо"" , где в зависимости от того как ты себя вел в мире живых, ты остаешься либо человеком, если был ""Добр"" , либо становишься тварью, если был мудаком. Обычно твари не разумные, но этот... оох.. я не знаю кем надо быть при жизни, что бы стать ЭТИМ!

Мужчина побродил по комнате туда-сюда и продолжил:

— Я понимаю, у тебя может быть перегруз информации, но она необходима сейчас... А теперь... нам надо убираться от сюда к моим ребя-....

Кайл замер в осознании и прикрыл рот руками, проговорив:

— Твою мать.... ребята....",samin__,1459618976257544203
"2026-01-11,23:32:02",_kambot,#0,"**Много сил и времени ушло у мужчины на преодаления всех преград, но он справился. Он дошел. Старый, но не добрый запах ударил в лицо, напоминая о былом... Сколько времени с тех пор прошло? Может быть уже все утряслось? Остается только гадать... Но факт есть факт - Деймос на месте.**
**Стоя на пригорке, перед мужчиной открывались просторы этого места, среди которых, сквозь ночную тьму все равно выбивался малюсенький огонек где то на северо-востоке, а так же из за деревьев выглядывали 2 башни, одна из которых была водонапорной. Что же предпримет мистер Морф?**",ktoia,1459360272711159934
"2026-01-11,23:43:14",biokoff,#0,"—Генрих Ере—
|-----------------------------------------------------------------------------|
Варвар недовольно собирал провизию по церкви в коробку как вдруг услышал панику в голове Кайла, отчего тот невольно повернулся в его сторону доставая кинжал в одну из рук, а в другой держа коробку. И чего же он испугался?
<@998481175276425287> , <@&1450955974692044900> .
|-----------------------------------------------------------------------------|",_kambot,1460004335747596560
"2026-01-11,23:47:35",ktoia,#0,"— Деймос Морф —

Деймосу претило видеть это место снова. Не нравится ему здесь... Мх... Во всяком случае, с тех пор прошло слишком много времени, да и задерживаться он здесь не должен. Поэтому он включил сканер на спине - тот выдвинулся и активировал функцию фонаря, начиная освещать дорогу. Что он сделает дальше, было вполне очевидно: хочешь кого-то найти ночью - следуй к огню. Правда в этом лесу огонек может принадлежать не только людям. В любом случае мужчина, вглядываясь в окрестности начал двигаться в сторону огня.",_kambot,1460008375759802459
"2026-01-12,01:43:52",samin__,#0,"— Леонард Моретти —

Парень почти что спокойно слушал Кайла, который кажется паниковал. Ему не было особо боязно, ведь тот буквально не знал чего бояться, от чего в данный момент преобладал интерес и крайняя сосредоточенности

Ну выжил как выжил, чего бухтеть то. Такой фокус во второй раз не пройдёт конечно, но сейчас всё в порядке вещей

Все твари - бывшие люди. Да, это хорошо подмечено. Значит тут это работает точно так-же как в моём собственном мире. А... ааа... так я в загробном мире. Теперь понятно... **АААААААААААААААААААААААААААААААААААААААА** КАКОЙ ЗАГРОБНЫЙ МИР?!?! ЭТО Я ЧЁ! ПОМЕР?! Я НЕ Я... ЯЯ... сестричка, брат... я похоже чуточку задержусь на командировке. Хотя... если вы меня хоронили, то вы наверное понимаете

Если человек добр - он остаётся человеком, а если злым - тварью. Ясно, понятно, а тот... ааа... либо он был на грани хорошего, либо (что скорее всего) МАНЬЯКОМ, что любил поиграть со своими жертвами

Да друже! У меня перегруз и не только информации, но и шизоподобных мыслей!!! Как такое изгонять? Я экзорцист, спору нет, но если даже я не знаю как с этим работать - помощи ждать неоткуда! Так, так... это очень! До ужаса походит на мой мир! Только... другой. Впринципе сходств больше чем отличий... в глобальном плане. Мистика, твари и... чущность что **знает** о моей системе оценивания. ОТКУДА?!?!

Однако когда новый знакомый впервые выругался, парень снова поднял на того недоумевающий взгляд",_kambot,1460004335747596560
"2026-01-13,00:07:36",_kambot,#0,"**Начиная свой путь в еще большую чащу леса, свет прокладывал лишь один небольшой приборчик на плече мужчины. Светил он не ярко. но этого было достаточно для того, чтоб видеть что происходит у тебя под ногами. Пока Деймос находится в пути, он слышит недалекий хруст веток или листьев, иногда он прямо под ногами. Гудит ветер, а погода от летней медленно приближается к поздней осени. Тем временем, пригорок был уже успешно позади и вот - до водонапорной башни рукой подать!**

*[На ответном посту вы уже можете зайти на локацию ""Привал""]*",ktoia,1460012288000917575
"2026-01-13,00:32:55",_kambot,#0,"— Кайл Товальд —

Мужчина сделал длительную паузу, нервозно шевеля губами, пытаясь хоть что то сказать... получилось у него это, только лишь тогда, когда оба попаданца начали недоумевающе смотреть на Кайла. Мужчина оглянулся по сторонам, а после сказал:

— Мои ребята... мертвы...

Он медленно взялся правой рукой за голову

—... я отправил их не на сахарный завод, а на.....  верную смерть....это... это... ебаный рот... черт...

Кайл посмотрел на <@&1450955974692044900> :

— Ты мне вторую жизнь спас... Ты.. ты же процитировал хозяина... ""Дать время побегать как троим бедолагам"" , оох боже...

Кайл прикрыл глаза, но после резко взбодрился и зашевелился:

— ТАк.. ладно, не время горевать. Сейчас и вы в опасности! Я должен спасти хотя бы вас! Ггрхх...

Мужчина, занервничав, уже посмотрел на <@&1451285412478718075> и судорожно пошел в его сторону, но не стал говорить с воином, а просто обогнул его  и пошел дальше в один из углов помещения. Там, Кайл сел на колени и стал что то нащупывать на полу, а когда же нашел то вскрикнул ""Ага!"" и встал на ноги, а после стал неудержно бить хлипкие половицы ногами до момента пока они не треснули. Когда же он закончил, то  вновь сел и уже руками отгребал, то, что не сломал ногами и уже через несколько секунд потянул руки под сломанный пол, вытащив оттуда дряхлое и старенькое ружье, а после взял его в обе руки и встал, развернувшись на попаданцев со словами:

— Это... это его не остановит, но хотя бы задержит. Зарядов всего 2... 

После же посмотрел на <@&1451285412478718075> и чутка притупил, но быстро сообразил:

— Аэ... это.... палка-стрелялка.

Развернулся на <@&1450955974692044900> 

— Надеюсь, что ты хотя бы знаешь что это.

После же подошел на середину между двух ребят и оглядываясь по окнам сказал:

— Лично я.. я сейчас без понятия что именно нам делать... сейчас хотя бы надо дожить до рассвета. У вас какие мысли?",samin__,1460041553954214245
"2026-01-13,00:38:00",ktoia,#0,"— Деймос Морф —

Под тусклым светом едва освещавшим полумрак, он приблизился к границе того местечка, которое заметил с пригорка. Деймос шел размышляя о том стоит ли блуждать ночью. С одной стороны, ночь - отличное время, чтобы кого-то выследить. С другой же... Опасна эта ночь, ведь не видно ни черта. Но пока явных признаков приближающейся опасности не слышно, можно ступать дальше. И вот... В зоне видимости появилось высокое строение - водонапорная башня. Она не была его целью. Цель была одна - огонек, который он заметил ранее на склоне. Если там кто-то живой, тот не должен уйти. Хотя... Эти окрестности навевают... ностальгию. Возможно... плохую ностальгию. Нужно двигаться дальше - в поисках огня.",_kambot,1460379713574015018
"2026-01-13,00:41:04",biokoff,#0,"—Генрих Ере—
|-----------------------------------------------------------------------------|
Воин с непониманием смотрел за потугами парня, а после услышав очевидную вещь продолжил собирать вещи, вот только заметив ""палку-стрелялку"" тот покрутил бровь, направив меч на палку и спрашивая:
<@&1450955974692044900> .
|-----------------------------------------------------------------------------|

—А как она стреляет? Хотя, наверное все равно, главное что стреляет. Я сейчас собираю вещи в планах свалить, но раз ты говоришь переждать ночь то ладно, я могу посторожить вас, любого монстра как минимум на минут 20-ть задержать смогу, а там и вы постреляете палкой.

|-----------------------------------------------------------------------------|",_kambot,1460386083639660656
"2026-01-13,01:32:28",samin__,#0,"— Леонард Моретти —

Всё... происходит слишком резво. Слишком много информации. СЛИШКОМ МНОГО. Всмысле мертвы? В смысле спас. Моретти вообще не понимал что происходит вокруг него. Весь шлак он пропустил и понял одно. Он в говне... Та тварь сильна и это понятное дело. Она уже кого-то загоняла до смерти... да, этот мир определённо похож на прошлый... только... ХУЖЕ

Парень с непониманием смотрел на нового знакомого, хотел ли он, не хотел, а доверять сейчас он мог только им... до момента пока не достали ""полку стрелялку"". Фу-фу-фу! Страсти накаляются! Лео уже было хотел поднять руки, однако успокоился, вспоминая что они тут в одной лодке. Когда тому задали вопрос, парень фыркнул и ответил:

— Что это я знаю и то что это не остановит ту тварь, я тоже знаю. Как дожить до утра? Хм... даже не представляю. Если оно захочет - мы трупы. Мы живы только по его милости. Я видел его не особо много, однако... эм... понял точно... то что мы будем сидеть здесь - погоды не сделает

После парень незатейливо почесал затылок и сказал:

— Если что, я скажу если почувствую его рядом. А пока что... чем помочь? С рассветом ведь всё закончится?

||<@998481175276425287> ||","biokoff, _kambot",1460388138588573972
"2026-01-13,01:47:21",_kambot,#0,"**И так, мужчина оказался на привале. Перед ним лежала весьма интересная картина - недавно потухший костер, оставленные кем то вещи и так же уже практически затертые следы, которые выводили из этого лагеря. Луна уже перешла через середину неба. Все остальное для мужчины было покрыто мраком. Лишь высоко в небо упиралась башня, к которой и шел Деймос.**",ktoia,1460387364005351504
"2026-01-13,02:03:31",ktoia,#0,"— Деймос Морф —

Морф остановился у края привала, медленно оглядывая брошенный лагерь. Тусклый свет сканера скользнул по угасшим углям костра, оброненным вещам и едва заметным следам, теряющимся в темноте. Мужчина присел рядом с кострищем, пробормотав себе под нос:

— Интересно...

Взгляд пробежался по вещам и.... это был один хлам: тряпье и прочий ненужный мусор. Однако кто-то отсюда определённо ушел в спешке. Деймос встал, слегка потянувшись и повернулся в сторону, куда и следовал за огоньками. Здесь точно есть люди или их останки... Мх... Надеюсь ещё живы.

Ну... А что оставалось делать мужику? Конечно же, он пошел дальше туда куда и шел. Обстановка и радовала и напрягала, а в голове все процветала дурная ностальгия. Хотелось бы, чтобы это было только у него в голове.",_kambot,1460404816730783918
"2026-01-14,02:31:36",_kambot,#0,"— Кайл Товальд —

Кайл бережно проверял наличие патрон в ружье, а после когда же убедился, выслушал попаданцев и вздохнув сказал:

— Да, Лео.... ты прав. Если он захочет - мы уже будем лежать, ноо... церковь.. это же.. дом Божий, да? Пхах... Да, даже если Бог и покинул это место то, все равно от факта того, что тут это есть - уже спокойней. Просто мое личное утешение...

Мужчина слегка потер затылок, а после прокашлялся и продолжил:

— Кхм... в общем то.. с рассветом, мы хотя бы сможем выйти на улицу и хоть что то увидить, ибо сейчас у нас есть только эта пара тройка свечей и все... обзора ноль.

Кайл взглянул прямо в глаза Моретти:

— Надеюсь, что твоя особенность нам и вправду поможет.

Мужчина развернулся на <@&1451285412478718075> :

— Видишь ли.. стрелять как раз таки это последнее что нужно сделать... Эти патроны для Лесника, а не для рядовых. У нас их всего 2, напомню. Да и в целом наш приоритет сейчас - ни с кем не сражаться, не шуметь иии... не светить лицами.. Ох, черт кстати про светить!

Кайл судорожно начал тушить все свечки, что были в помещении, а после достал из кармана тусклую лампочку с кнопкой и включил ее, показав двоим ребятам жестом подойти ближе:

— Так... будет лучше.",samin__,1460401071863234827
"2026-01-14,02:36:44",_kambot,#0,"**И так, мужчина бегло осмотрел место, что когда то было ""лагерем"" дял кого то, а после продолжил движение уже по памяти, ибо следов уже не видно, свет затерян где то среди деревьев. Остается только идти в примерном направлении.... прямо через этот дивный лес, что прямо навевал Деймосу прошлым, еще когда он только начинал свой путь... Кто бы знал, что он вернется сюда вновь, спустя весьма приличное количество лет.**
**Тем временем, Морф продолжал идти, светя себе под ноги своим ""устройством"" с плеча, как вдруг... послышался голос, словно из старого радио. Голос тихо проговорил ""Мистер Морф...""**",ktoia,1460408886317023315
"2026-01-14,07:41:28",biokoff,#0,"—Генрих Ере—
|-----------------------------------------------------------------------------|
Тот с непониманием смотрел на уольшеный фонарь, но все же пепестал собирать вещи, задумчиво смотря на проходы, после чего спросил:
<@&1450955974692044900> .
|-----------------------------------------------------------------------------|

—Я не думаю что хорошая идея ждать всю ночь рассвета, да ещё и в основном помещении. Опять же как я говорил ранее я могу постарожмьь ваш сон, а днём вы уже поможете мне, разве так не будет лучше?

|-----------------------------------------------------------------------------|",_kambot,1460778342600147260
"2026-01-14,12:29:17",ktoia,#0,"— Деймос Морф —

Ночная тишина прерываемая увесистыми шагами по сероватой земле. Не стоит больше описывать настороженность Деймоса - она просто была естественной. Любой человек побаивался идти там где ему не рады... Однако... Тут тишину прорезал тихий голос... Деймос повернул голову в пол оборота и тихо сказал:

— Сам знаю. Плоховато идти здесь ночью, ну а что поделать? Коль не найду свет, то... Где нибудь да подожду утра, думаю... Все не так уж и плохо... А, да и какой я тебе ""Мистер""? Просто Деймос достаточно! Запомни наконец.

Мужик чутка тсыкнул, но под конец добавил продолжая идти:

— Так вот, ты по тому поводу или что другое?",_kambot,1460779634642653397
"2026-01-14,12:46:38",samin__,#0,"— Леонард Моретти —

Божий дом. Да... как давно Лео этого не слышал. Сам то он был верным последователем ""Богини вечной ночи"" в принципе из-за этого он и пошёл именно в церковь, как только увидел её на карте, правда ожидал увидеть нечто иное, чем рыцаря неизвестного пола. Хотя он и не особо доверял тому, что девушка может быть такой бойкой. Хотя... Меллиса в такой ситуации уж точно с него шкуру спустила

От этой мысли дрож в ногах ушла, от чего парнишка даже слегка улыбнулся. И подойдя к свету парень произнёс:

— Если это существо подобно тварям из моего мира, я знаю пару баек про них. Нам ведь в случае чего просто нужно потянуть время? Есть у меня идея, но она до ужаса опасная, но шансы на выживание поднимет

Смотня на ""палку стрелялку"" Моретти не верил что она сможет навредить той сущности. Максимум - обездвижить на пару мгновений, не более. Хотя и этого было бы достаточно, чтобы изгнать её, правда... мда... его в эти таинства не посвящали. Билл... если я каким-то чудом вернусь из этой преисподней, у меня будет что тебе сказать о твоём обучении",biokoff,1460856322135298303
"2026-01-14,14:08:46",_kambot,#0,"— Сканер —

— Нет, Шеф, я не об этом. Вы сбились с маршрута. Я не наблюдаю следов. Я прошу прощения, но в виду старости моей модели, я не могу светить ярче. И к вашему сожалению я НЕ могу вас называть иначе. Исключительно официальный стиль обращения, ввиду того, что вам меня выдало руководство из своих резервов.

Роботизированный голос сделал паузу и продолжил

— А если касательно ваших травм, что вы мне рассказывали для понимания картины, то не переживайте! Здесь и сейчас я не фиксирую чье либо присутствие. Однако! Если вы все еще испытываете недуг и негодование, то  я могу включить вам расслабляющую музыку или проработать с вами ваши травмы! На меня скачали профессиональный и дипломированный курс психологии!",ktoia,1460928751670919252
"2026-01-14,14:45:55",_kambot,#0,"— Кайл Товальд —

Мужчина снова судорожно потер лоб и тихо сказал <@&1451285412478718075> :

— Мгм... не стоит быть таким героем... Даже я сейчас не беру флаг в руки, а сижу тут с вами, а уж поверь, я человек самоотверженный. Не нужно нам доказывать, что ты сильный. Я верю тебе и верю в то, что ты отличный воин, но поверь. Ни один рыцарь, пехотинец или космонавт не продержится один в этом месте. Но вот с чем ты прав - стоит подняться на купольную часть

Кайл повел за собой двоицу к лестнице, попутно обратившись к <@&1450955974692044900> :

— Не знаю я, что там у тебя за мир и что за твари обитают там, но всякая информация будет полезна... быть может сможем провести параллели и что то подметить для себя. Будем признательны если расскажешь.",samin__,1460933119258529883
"2026-01-14,14:52:23",biokoff,#0,"—Генрих Ере—
|-----------------------------------------------------------------------------|
Воин никак не отреагировал на слова парня, а как он мог, они ведь были верны. Хоть воин и гордился своей силой, но понимал как никто другой, что одному тут ни то что ни выжить, тут и секунды не просуществовать без нужных знаний и снаровки. Тот молча стал следовать за парнем, предпочитая пока ничего не говорить, аккуратно перебирая клинок в руках и всматриваясь в тени помещения.
|-----------------------------------------------------------------------------|",_kambot,1460963138345238702
"2026-01-14,15:44:23",samin__,#0,"— Леонард Моретти —

По пути парень в полумраке разглядел небольшой отблеск. Отойдя слегка от единственного источника света, тот взял свою трость, что отлетела ещё в момент пересечения этого порога. Такое ощущение что лучше бы не пересекал...

Вернувшись и поднявшись с группкой на вышку, парень стал рассказывать:

— Если это чистилище, то дело плохо. В моём мире всё было немного иначе, однако параллели есть. После смерти некоторые существа становились паранормальными сущностями. Это мог быть самый хороший человек или обычное животное, что не могло так просто уйти их этого мира из-за невыполненной цели или просто обиды. В общем причины были разные. Я сам узнал о той стороне своего мира только месяц назад, однако могу сказать точно. Это всё очень хорошо скрывали. Нет, слухи ходили, да и в священных писаниях встречались текста про великанов, эльфов и фей, однако это были просто бредни, что в нашей эпохе никто в серьёз не воспринимал

— Я жил во время пара и машин, если вам что-то это говорит. И дело было в том, что чем больше молвы ходит о какой либо сущности, тем сильнее она была. Сила черпалась толи из страха, толи от самого факта обсуждений, однако боюсь представить что этот ""хозяин"" должен был бы сделать при жизни чтобы стать этим

— Я же стал потусторонним. Скажем... человеком, что имеет повышенную чувствительность ко всему этому. И... на первом задании провалился, поправши в плен к смоляным псам

— Думаю если эта сущность разумна, я смогу задержать её, играя с её тщеславием. Разговор у нас конечно был не долгим, однако я почувствовал его садистские наклонности. Думаю это и можно будет использовать

Договорив, парень улыбнулся, как будто в только что сказанном не было риска смерти, причём медленной и очень кровавой

||<@&1451285412478718075> ||",_kambot,1460963138345238702
"2026-01-14,16:14:13",ktoia,#0,"— Деймос Морф —

Выслушав друга на плече, тот с вздохом остановился, потрогав переносицу, которую закрывала часть черепа. Мужчина стал отвечать:

— Гарри... послушай... Сколько раз я уже говорил, что психологи в этом богом забытом послесмертии бесполезны, а ты в очередной раз предлагаешь... Мхм... Значит, сошли с пути. Плохо. Я думал, что иду точно в том направлении, где видел свет.

Отмолчавшись, продолжил:

— Хм... Знаешь, если мы тут никого из смолянистых не встретим, то моё самочувствие улучшится. Собственно, так пока и происходит.

Окинул взглядом окрестности.

— И что теперь думаешь? Искать, где переждать до утра или слоняться в поисках того что ищем?",_kambot,1460953787186413599
"2026-01-14,17:46:10",_kambot,#0,"— Сканер —

— Лично я считаю, что помощь может потребоваться при любых обстоятельствах! Особенно при факторе нахождения в мире Смерти! На среднестатистический организм данная обстановка влияет угнетающе и негативно!


Эти слова прозвучали с веселым настроем и даже слегка громко, а после же ""Гарри"" продолжил с серьезным тоном:

— Я предлагаю двигаться дальше пока не стало еще хуже. Я просканировал местность еще будучи на том холме. Я запомнил дорогу! Однако, если бы я мог просканировать остатки следов, то вероятность успеха маршрута повысилась с 90% до всех 100!

Последние слова, вновь имели позитивный тон. Сканер продолжил:

— Сейчас ваше, мистер Деймос, отклонение от маршрута составляет 90°. Если говорить простым языком - слегка повернитесь на право, ориентируясь на вон ту высокую сущность стоящую между елок!",ktoia,1460985361286041663
"2026-01-14,19:14:58",ktoia,#0,"— Деймос Морф —

Мужчина, слушая механического друга, всё это время смотрел на него из-за плеча. На рассуждения о мире Смерти он решил не отвечать, предаваясь размышлениям о том, насколько Гарри все таки полезен. Одобрительно кивнув, Деймос сказал:

— Пф... 90% это выше крыши. Двигаемся - значит двигаемся. Честно говоря, даже если бы ты сказал, что нужно ждать утра, я бы не согласился...

Морф вздохнул и стал осматривать пространство, попутно прислушиваясь к сканеру... **НО!** Взгляд замер, когда мужчина услышал фразу ""ориентируясь на вон ту высокую сущность"". Полусекундная пауза и Деймос заметил ту самую фигуру, стоящую между ёлок. Блять... Нееее.... Уже не сбавляя тон, Деймос выдал:

— Гарри, я твою ма... **твоего производителя знаю!**

Высказавшись он как и было сказано - не тупя и не ожидая ничего, слегка повернулся вправо... и начал уносить ноги, попутно выхватывая ножище с пояса.",_kambot,1461008498883170456
"2026-01-14,19:46:47",biokoff,#0,"—Генрих Ере—
|-----------------------------------------------------------------------------|
Мечник не хотел вклиниваться в беседу в коей мало смыслел, однако услышав о отваге парня, тот и сам решил взять сердце в кулак, вставляя:
<@998481175276425287> .
|-----------------------------------------------------------------------------|

—Если он наслаждается страданиями и болью, то я предлагаю меня в качестве животного щита, ведь в отличии от вас я смогу продержаться дольше в сознании и боевом порядке. Не считайте это жертвой, скорее возможностью для побега в случае неудачи выжидания дня.

|-----------------------------------------------------------------------------|","samin__, _kambot",1460977853108588680
"2026-01-15,13:42:56",_kambot,#0,"— Кайл Товальд —

Присев на пол, мужчина стал слушать рассказ паренька и задумчиво мял подбородок. Кайл немало удивился многим вещам. И то что, Лео из века так 19 причем Земного. Не уж то другие реальности могут быть такие же как его мир? Во вторых то, что и там процветает какая то нечистая сила. Ну и наконец - сами способности Лео. Интересные попаданцы оказывается могут быть.... Но факт остался фактом - группе все еще не по силу что либо сделать и от этого Кайл никак не веселел, а все еще был погружен в свое сознание, параллельно слушая Леонарда. НО вот речь парнишки подошла к концу и воин даже вставил свои слова и Кайл сказал:


— Мммххх... Я... Ох, черт. Кхм, ладно. Чтож, это мне повезло с тобой Лео! Значит твои мысли могут быть весьма приближенными к моим., хвала небесам! Но, из всего что ты сказал - полезного подчеркнуть можно мало. Природа тварей, увы, разная. Твои способности - штука полезная, держи их на готове. И...

Кайл посмотрел и на <@&1451285412478718075> и на <@&1450955974692044900> :

— Никто не будет выходить, дежурить и все прочее. По просту бессмыслено. Уже сами же вы сказали, что мы живем лишь по его хотению. Никакой часовой погоды не сделает, а на счет ""задержки"".... У вас двоих приоритет спастись. Я напомню, что вы все еще ЖИВЫЕ, в отличие от меня... В любой противной ситуации - вы должны бежать, а не спасать меня. Если тварь поглотит ЖИВУЮ сущность - до добра это не доведет, уж поверьте. Я мыслю сейчас не из того, что хочу сам пожертвовать собой, ибо такой весь герой, нет! Я просто думаю сейчас в первую очередь об рациональности действий. Всякая дезорганизация - крах для нас...

Мужчина опечалено склонил голову.",biokoff,1461038851840671949
"2026-01-15,13:51:35",_kambot,#0,"Кажется вот и Деймос увидал своего друга! но почему то решил убежать... в любом случае, мужчина бежал что есть мочи в сторону, куда его направил дорогой Сканер. Тем временем, пока Морф бежал без оглядки, Сканер вновь заговорил:

— Ой-ой-ой-ой! Мистер Морф, опасность! Я засек одну из сущностей! Моя рекомендация для данной ситуации - бежать еще быстрее! В таком случае по примерным подсчетам, шанс выживания составит 68%! 

Голос ""Гарри"" звучал ""напугано"" , если так можно выразится для робота. Сам мужчина еще больше отдалился в глубь леса, а Сканер продолжил:

— О! Шеф! Я фиксирую массивное строение впереди, через 189, тоесть 188, тоесть 187... и так далее, ввиду того что вы бежите, метров!",ktoia,1461030848324440253
"2026-01-15,14:00:26",samin__,#0,"— Леонард Моретти —

Слушая Кайла, Моретти хотел было даже прервать его, однако дослушав того до конца он угрюмо отвёл взгляд. Если в этих словах была хоть частичка честности, то судьба мужчины предрешена. Однако сознание парня зацепилось за то, что он жив. Эта мысль не давала ему покоя, он просто не мог понять как можно быть живым, в мире мёртвых. Помолчав там немного, Лео всё же решил прервать молчание, что казалось давило на его сознание посильнее, чем идея быть убитым:

— Мда... в интересное местечко меня закинуло. Сюда бы святую инквизицию королевского двора, было бы замечательно. Целый отдельный мир, в котором разве что тёмных божеств я не видел

— Кстати, Кайл, я вот в толк взять не могу. Если это ""лимбо"" как я могу быть живым? И что это были за ""смоляные собаки"", которых я видел в последние минуты жизни? И да, ты упомянул что если тварь поглотит ""живую"" сущность - будет плохо. Дай угадаю, они становятся сильнее и осмысленнее, да?

— И да... ""время вышло"". Что это то означает для нас?

Договорив, парень стал стучать ноготками по металлическому наведшую своей трости, думая стоит или сейчас использовать свою силу, что может вывести его из строя, но уж точно повысит шансы на выживание. С одной стороны стояло бы, однако тот всё ещё не доверял тем, кто может бросить его в любой момент. Сказать человек может что угодно, но только его поступки отражают его личность... да и идея бросать ""недо-героя"" ему не нравилась, однако в его словах нужно было убедиться, что сейчас парень и пытался сделать",_kambot,1461309675285905525
"2026-01-15,17:50:03",biokoff,#0,"—Генрих Ере—
|-----------------------------------------------------------------------------|
Тот спокойно сел на землю у лестницы, держа меч по направлению к ней, а сам же стал слушать, не хотя вмешиваться в данный разговор, однако услышав про время, тот все же не хотя ответил:
|-----------------------------------------------------------------------------|

—При моей первой и единственной встречи с хозяином леса он заявил что ""Время ещё не пришло"", отчего я изо дня в день сидела в церкви в ожидании его следующего хода, однако с твоим появлением он сказал ""Время пришло"", что означает, что он скоро заявиться за моей головой, отчего оставаться здесь я не намерен. Вот что для меня означает эта фраза, ито, я не совсем уверен, что правильно её расценил.

|-----------------------------------------------------------------------------|",samin__,1461314078373974027
"2026-01-15,20:53:27",ktoia,#0,"— Деймос Морф —

Мужчина бежал, сжимая в руке ножище. Останавливаться было нельзя - это недопустимая роскошь. **189?** Для него это звучало как шутка! Или как приговор. Но если Гарри говорит **""бежать быстрее""** значит альтернатива ещё хуже!!!

— Хрена ли?! Сука...

Деймос выдохнул сквозь зубы, ускоряясь ещё сильнее. Ветки хлестали по плечам, но мужик не замедлялся. Если там сзади он - то лучше уж встретить это ""массивное строение"", чем стать частью местного пейзажа. Мужчина уходил всё дальше в лес, к зданию. Возвращаться? Ну на хрен! Переждать и валить... **Их** можно найти и в другом месте.

Если он все таки добежит до ""массивного строения"", то мигом ворвется в него и с силой захлопнет дверь, бросив:

— Не убили за столько лет... черт.",_kambot,1461311852532203706
"2026-01-19,14:38:46",_kambot,#0,"— Кайл Товальд —

Мужчина так и сидел, уткнувшись глазами в пол, но Леонард вдруг заговорил. Кайл поднял голову на парня, а после дослушав того до конца, ответил:

— Место интересное... да не то слово.. Не знаю о каких псах ты точно говоришь, но если они и в правду смолянистые то... ох, черт.. Твой родной мир далеко не в лучшем положении.... Я видел и других ""попаданцев"" из других миров, они рассказывали как какая то ""смола"" уничтожала целые материки, поглощая в себя... Но, тебе повезло. Ты не будешь таким травмированным, увидел только начало, а конец... боюсь отсюда выхода нет.. Во всяком случае я о нем н знаю. Да и не смогу, **мертвым дороги в мир живых быть не должно.**Вы же двоя..

Кайл указал пальцами на <@&1451285412478718075> и <@&1450955974692044900> :

— Вы живые. Все кто попадают сюда и не из мира откуда я сам - живые. Вы можете попасть разными способами... кто то имел контакт со смолой, кто то с тварями, что прорвались в ваш мир... ммм.. всегда по разному. Мои слова могут быть не точными и это факт. Но вот со знаниями людей из... скажем ""Башен"" уже не поспоришь. Настоящие гении! 

Мужчина слегка просмеялся, а после вновь серьезно посмотрел на двоицу:

— А время... судя по все-

Кайла прервал **хлопок на первом этаже...**",biokoff,1461371866278264893
"2026-01-19,14:45:44",_kambot,#0,"**И так, все дальше следуя указаниям сканера, Деймос добежал до здания. Это была церковь. Не маленькая, но и не большая. В самый раз для укрытия.. наверное. В любом случае, мужчина пулей забежал во двор, а после и во внутрь здания, захлопнув за собой дверь. Внутри был мрак и тишина. Освещало помещение лишь фонарик Сканера, который уже гораздо лучше и ярче работал в условиях замкнутого пространства. Перед Морфом встала картина в виде закрытых окон, местами побитых, лестница на второй этаж и множество скамей для прихожан. Потолок же был разукрашен типичной мозайкой, хоть и потресковшейся...**

Тем временем Сканер начал говорить, а **его роботизированный голос был слышен эхом на все здание:**

— О! Шеф, судя по всему вы добрались до здания, которое я заприметил! Вы большой молодец! Исходя из анализа, могу сказать, что это церковь. И.. оу, кажется... мм.. минутку!

Свет от фонарика в сканере сменился на темно-красный и массированные лучи алого света прошлись несколько раз по всему помещению с характерным *пиком*, а после Сканер произнес:

— Я фиксирую 3 жизненых показателя помимо вас!



**тем времем и сердчеко <@&1450955974692044900> начало трепетать**",ktoia,1461418018012926168
"2026-01-19,14:46:35",biokoff,#0,"—Генрих Ере—
|-----------------------------------------------------------------------------|
Воин продолжал молчать лишь недовольно касаясь на лестницу, особенно после хлопка. Он продолжал направлять меч в сторону лестницы, однако сам предпринимать ничего не планировал.
<@&1450955974692044900> .
|-----------------------------------------------------------------------------|",_kambot,1462773278199255186
"2026-01-19,16:45:44",samin__,#0,.,_kambot,1462773278199255186
"2026-01-19,16:52:37",samin__,#0,"— Леонард Моретти —

Парень внимательно слушал рассказ парня, подмечая тонкости мирка в который тот попал. Поняв что он ещё живой, уголок его рта слегка приподнялся, однако столь же резко опустился, когда зашёл разговор о том, что его мир в опасности. Сможет ли выстоять королевство Лоен? Некая часть территорий пострадает и это точно, однако святая инквизиция должна быть в силах справиться с такими отродиями, хотя... сколько подобных той твари пришло в мир? Неизвестно...

И вот сердечко парня стало трепетать. Леонард резко выставил руку с указательным пальцем, а после застыл, прислушиваясь к ощущениям. Спустя пару секунд его глаза открылись и тот опустил палец на лестницу, а затем прислонил палец к своей шее, сохраняя настороженное выражение лица

||<@&1451285412478718075> ||",_kambot,1462775032265834506
"2026-01-20,03:11:39",ktoia,#0,"— Деймос Морф —

Мужчина замер у двери, прижимаясь спиной к холодному дереву, пока красный луч сканера прорезал темноту, выхватывая из мрака пыльные скамьи и облупившиеся фрески. Услыша про три. Три жизненных показателя. Блять. Деймос прошипел сквозь зубы, медленно и сильнее сжимая ножище:

— Хрена ли... 

Три... Сканер продолжал бубнить что-то про анализ и вероятности, но Деймос уже не слушал. Его глаза привыкали к темноте, выхватывая детали: тени под скамьями, тени в конце зала, лесницу ведущую на второй этаж...

— Гарри, где именно? Люди или.... херня? 

Деймос продолжал шептать сквозь зубы, и стоять на одном месте./

||<@&1450955974692044900> <@&1451285412478718075> ||",_kambot,1462775032265834506
"2026-01-20,06:14:44",biokoff,#0,"—Генрих Ере—
|-----------------------------------------------------------------------------|
Мечник стал прислушиваться к шагам и нижнему помещению обнаружив полную тишину тот понял, что внизу ""враг"" замер, отчего тот показал пальцем у шлема намекая на тишину, а сам стал ожидать момент, чтобы ринуться со второго этажа на первый, однако пока он не знал где цель, тот предпочел выжидать.
<@&1450955974692044900> , <@998481175276425287> 
|-----------------------------------------------------------------------------|","ktoia, _kambot",1462962746348929066
"2026-01-20,10:49:09",_kambot,#0,"— Сканер — 

— Все 3 засеченных фигуры являются людьми. Масса двух из которых не относится к нашему миру. Соответственно, кажется мы встретили ""Гостей""!  

— Если вы желаете то я могу вынести им устное предупреждение! Хотя, с вероятностью в 99% , меня и так слышно на все помещение благодаря эху.",ktoia,1462962746348929066
"2026-01-20,10:56:25",_kambot,#0,"— Кайл Товальд — 

Не успев договорить, все кто были на втором этаже замолчали, ибо снизу послышался хлопок, характерный закрытию двери. После же был слышен уже и громкий робо-голос. Кайл кивнул в ответ на движение <@&1451285412478718075> о ""тишине"", но остановил рыцаря на подходе к лестнице, показав тому ""палку-стрелялку"" , что все еще была в руках мужчины и прошептал:

— У нас преимущество..

После же сам отошел от лестницы, показывая тоже самое и рыцарю и нацелился на лестницу",biokoff,1463008820778369094
"2026-01-20,16:17:04",samin__,#0,"— Леонард Моретти —

 Поняв что дело пахнет керосином, парень забегал глазами по ""собратам по несчастью"". Он отчётливо слышал роботизированный голос, хотя и не мог понять кто это говорит. Однако сердечко билось. Не столь бешено, но билось, а значит снизу был тот, кто представлял опасность, да и к тому-же уже засёк их. ""Палка стрелялка"" спасала ситуацию, однако ещё одну разумную тварину тот не хотел видеть

Отойдя в сторону от лестници, парень выдохнул и стал ждать развития событий. Хотелось что-то сказать, однако сейчас это было невозможно",_kambot,1463079707883995136
"2026-01-20,22:22:54",ktoia,#0,"— Деймос Морф —

Выслушав Гарри, Деймос выдохнул и уже не шепча, сказал:

— Не быть тебе шпионом...

Мужчина поднёс руку к лицу и протер окуляры очков. Затем, слегка наклонив голову вправо, сделал пару шагов от двери. Напряжение не уходило! Определённое, внутреннее напряжение, которое не было связано с этой троицей, а с тем, что могло скрываться за **гребаной дверью**. Так. Ладно. Двое существ не мертвы - идти к ним вслепую было дрянной идеей. Ладно, если бы все были мертвы...

Погоди, а какой безумец трется с ""гостями""?..

Снизу он никого не видел. Значит, если предположить логически, тут либо есть ещё одна комната на первом, либо на втором этаже - **сверху**. Мф...

Деймос стал двигаться правее от входа, но вглубь церкви не шел. Держа холодное оружие наготове, он бросил:

— Ну... **сияй, Гарри.**",_kambot,1463077882892124160
"2026-01-20,22:42:51",_kambot,#0,"— Cканер —

За не имением собственных конечностей, Сканер двигался вместе со своим хозяином и параллельно говорил:

 — Оу-кей Сэр! Намек принят! Активирую Гангстер-Мод!

Заиграла фоновая стереотипная музыка гангстерских стычек а голос ""Гарри"" по-смешному огрубел:

— Я готов научить этих прохиндеев уму разу- ОУ БОЖЕ....

Но тут Сканера прервало.... **Туша, что полетела с потолка....**",ktoia,1463252469273460837
"2026-01-20,22:42:58",biokoff,#0,"—Генрих Ере—
|-----------------------------------------------------------------------------|
Воин стал определять по демоническому голосу где находится противник, а после со всех сил наткнувшись несколько раз на пол пробил тот падая прямиком на парня, что к удивлению вовремя среогировал, уклоняясь от рыцаря, что стал медленно вставать с обломков и разминаясь направил в сторону парня меч, что до этого держал в руках.
|-----------------------------------------------------------------------------|",ktoia,1463252469273460837
"2026-01-20,22:52:19",samin__,#0,"— Леонард Моретти —

Парень не понимал о чём и думать и что делать вообще в подобной ситуации. Существо снизу точно было опасным, в этом он не сомневался. хотя стояло вспомнить что ""проведение"" не сработало на хозяйна... уф...

И только Леонард хотел было предложить выйти на контакт, как вдруг Генрих вскочило с места и обрушилось на недоброжелателя. На что тот крикнул ОУ БОЖЕ! Моретти не мог согласиться, от чего сложил указательный со среднем пальцы и прислонил их ко лбу говоря:

— О богиня... куда ты меня занесла... за что такое испытание на мою душу

После сказанного, тот посмотрел на Кайла и с кивком сказал:

— Как действуем? Нужно помочь.

Однако пока что действовать не стал. Он был новеньким в этом мире, от чего не решился соваться на рожон",,
"2026-01-21,15:54:55",ktoia,#0,"— Деймос —

Мужик услышал треск, затем ещё более громкий хруст и в этот момент рванул в сторону, уходя с того места, где стоял мгновение назад. Туда то и рухнул рыцарь в чёрных доспехах. Деймос пригнулся, затем начал отступать, держа в голове, что здесь ещё как минимум один иномирец и один свой... Мужик не сдержавшись рявкнул смотря как клубы пыли опускаются в месте приземления:

— Чёрт тебя дери, ты что, совсем больной?!

Пока что он не предпринимал никаких попыток атаковать. Держал дистанцию - так, чтобы его не загнали в угол церкви. Наблюдал. Ждал. Готовился... Одна рука продолжала держать большой нож, вторая была у пояса.",biokoff,1463257518565232723
"2026-01-21,16:50:47",biokoff,#0,"—Генрих Ере—
|-----------------------------------------------------------------------------|
Как дым развеялся был виден грозный на вид рыцарь? Что за прошлый век мог подумать мужик, однако сам факт того, что эта тушу в одиночку пробил потолок и при этом никак не пострадал не могло не говорить о его выносливости. Если этот абориген приманка, тогда где стратеги этого детища и... Действуют ли они вообще вместе!?

Не понимая что происходит, тот увидел движения воина в свою сторону, что медленным шагом стал идти в сторону парня, загоняя его ближе к стене, направляя на его клинок. Тот не говорил не слова, однако и резких действий не стал предпринимать, кроме своего эффектного появления...
<@&1450955974692044900> , <@998481175276425287> .
|-----------------------------------------------------------------------------|","ktoia, _kambot",1463517217848168460
"2026-01-22,16:36:15",_kambot,#0,"— Кайл Товальд —

Только мужчина начал думать, что все под контролем и развернулся спиной к рыцарю, как вдруг все его ожидания разрушились, ровно так же как и пол под <@&1451285412478718075>   , который он проломил своим телом. Глаза мужчины в миг стали как два бильярдных шара и он переглянувшись с <@&1450955974692044900> ринулся к лестнице, обходя образовавшуюся дыру, параллельно крича:

— Боже правый, стой-стой-стой!

Спустившись по лестнице, Кайл увидел как рыцарь пресует какого то чудика в лохмотьях ( <@815329322881646622> ). Оценив ситуацию, Кайл нацелил ружье, крикнув <@&1451285412478718075> :

— Генрих, отойди! 

После же уже говоря <@815329322881646622> (роли нету):

— А ты руки свои подними!","biokoff, ktoia",1463531277339852821
"2026-01-22,22:46:45",ktoia,#0,"— Деймос Морф —

Деймос не успел докрутить мысль - рыцарь двинулся на него, медленно, уверенно, загоняя к стене. Мужик не стал дожидаться, пока его прижмут. Он резко метнулся влево, уходя с линии атаки, но тут сверху раздался крик... И в глаза бросился ствол.

Человек с оружием - страшнее любого медлительного чужеземца с мечом. Деймос автоматически повернул голову в сторону голоса и увидел дуло, нацеленное на него. Ну конечно. Он замер. Руки медленно поднял до уровня плеч, но нож не выпустил. Помолчав десять секунд и оценив обстановку, Деймос произнёс:

— Слушай, ты пыл своему железному остуди...

С этим можно и поговорить? Мм... Рыцаря сейчас не пробьешь, чисто теоретически... Нет! Разговор. Нужно выйти из этой ситуации. Да ещё и за окном тварь похуже рыщет.

Морф вновь продолжил, кивнув в сторону двери:

— Я уверен, у нас **сейчас** есть общие интересы.

Два живых иномирца, один мёртвый - они точно знают про этого черта. Деймос был уверен: это существо приходит ко всем, кто здесь ""живет"". Поэтому и подал намек.

||<@&1451285412478718075> <@&1450955974692044900> ||",_kambot,1463890006832709712
"2026-01-23,00:31:57",samin__,#0,"— Леонард Моретти —

Леонард был в лёгком шоке от происходящего. Кайл был... весьма нормальным по его меркам, а вот остальные... чёкнутые. Хотя, он и сам был слегка того, так что выдохнув, парень не спешно пошёл по лестнице вниз, вновь гоняя мысль о том, что его занесло не в то место и не в то время, однако вспомнив что его сердечко так и трепещет, шаг ускорился, а сам парень стал прислушиваться к разговорам внизу. Он не особо и спешил, ведь в бою бы не помог, а быть может и заложником бы стал

Наконец спустившись вниз, тот недовольно оглядел происходящее и заявил:

— Кто такой? Зачем пришёл? И как связан с нашим ""общим интересом""?

— Ответишь на эти три вопроса и можно будет поговорить, а пока... пока что ты для нас угроза, уяснил

Такой жаргон не был в привычке интелегента, от чего Моретти даже запнулся, однако тот жаргон, что он слышал ранее, не спутать не с чем. Чего греха таить, тот жил в бедном районе, а контингент там... прямо как мужчина что стоял в дали от него

||<@998481175276425287> <@&1451285412478718075> ||","ktoia, _kambot",1463983247200616613
"2026-01-23,23:05:57",biokoff,#0,"—Генрих Ере—
|-----------------------------------------------------------------------------|
Воин недовольно поплелся к неизвестному и думал уже разрубить того, однако вновь славная реакция парня спасла его от удара, отчего мечник ударил по земле, сделав весьма массивную выемку. Недовольно подняв меч тот бы и продолжил избиение однако увидев общее настроение ""дипломатии"", тот все же опустил меч, а после отошёл от парня, запрокинув меч за спину и стал пилить того взглядом.
<@&1450955974692044900> , <@998481175276425287> , <@&1464350057594884107> .
|-----------------------------------------------------------------------------|","samin__, _kambot",1464009721433559144
"2026-01-24,18:32:06",ktoia,#0,"— Деймос Морф —

Парень стоял и глядел на дуло ружья. Однако, как только в его сторону полетели вопросы от слащавого парня, он уже хотел ответить, но... Боковым зрением заметил замах! **Какого хуя?!** На автомате он сделал несколько шагов назад, уходя из-под удара. Руки при этом не опускал, да и других резких движений не делал. Попутно сказал:

— Тут разговора не выходит, да?

Мх... Однако ни второго удара, ни выстрела не последовало. Славно. Ладно. Мужик теперь точно стоял на месте с поднятыми руками. Жаль, не было видно его мимики - она бы многое рассказала новым знакомым.

Прочистив горло, парень начал:

— Кхм... Кхм... Запуганы? Человека от тварей отличить не можете? **Человек я!** Причём очень даже миролюбивый по сравнению с вами...

— Зачем пришёл?.. Серьёзно?

Вздох.

— А вы сами не понимаете? Увидел свет - пошел на него. Если есть свет - значит, что-то или кого-то живого точно найду... А уж тем более, когда рогатый за окном ходит, выбирать не приходится. Это и на второй и на третий вопрос ответ... ... ...Пыл остудите, как нелюди, ей-богу...

Покасился на мужика с ружьём.",samin__,1464009721433559144
"2026-01-26,00:15:19",_kambot,#0,"— Кайл Товальд —

Мужчина продолжал целится в <@&1464350057594884107> , однако прозвучали ключевые слова, от которых Кайл опустил ствол в пол и сказал <@&1451285412478718075> и <@&1450955974692044900> :

— Кхм... ребят! Стоп! 

После этого Кайл огляделся по сторонам, куда то в сторону окон и поняв, что пока что обстановка все еще тиха, продолжил:

— Чтож... извиняй... аээ?

Кайл как бы намекнул на представление имени <@&1464350057594884107> . После же мужчина вновь посмотрел уже на своих попутчиков и кивнул как бы говоря ""все нормально"". Очередной человек... да странный, но все же действительно человек. Кайл слегка поднял бровь, видя какую то железную финтифлюшку на плече гостя, а после спустился со ступенек, подойдя уже ближе к <@&1464350057594884107> :

— Про Лесника это ты точно.... Я Кайл. Местный своего рода. Ты сам то мм.. тоже, да? Пхах, это здорово...",ktoia,1464643936856314053
"2026-01-26,01:17:38",samin__,#0,"— Леонард Моретти —

Прикинув все за и против, парень спустился с лестницы, однако ближе подходить не стал. Опасность всё ещё витала в воздухе, хотя парень был вроде как безвредным. Стоит ли сомневаться в суждениях Кайла? Нет... он куда более подкованный. Хотя... возможно излишне наивен. То что это человек не делает его безопасным! Он это знал точно. Это не была паника, однако сердечко так и выпрыгивало. С недоверием посмотрев на новую фигуру, тот подошёл поближе, затем ещё ближе, пока не приблизился на расстояние согнутой руки. Посмотрев тому в глаза с прищуром, парень поднял взгляд, а после прислушался к сердечку. Всё было как всегда...

— Ладно...

Это было сказано с недовольством и некой тревогой. Сделав пару шагов назад, парень выставил трость перед собой, схватившись за ту двумя руками. Закрыв глаза парень тихо проговорил, чтобы никто не слышал:

— Хозяин сейчас смотрит за нами?

Отпустив трость, та с грохотом упала, от чего Леонард отшатнулся и упал на пол. Смотря на результат, тот понял что произошло и по отдаче примерно понял на сколько та тварь опасна. Однако результат его удовлетворил. Зажмурив глаза, парень глубоко вздохнул и не объясняя ничего другим стал приходить в себя. Парня слегка потрясывало, да и цвет лица изменился на более болезненный, а зрачки под закрытыми глазами беспорядочно метались из стороны в сторону

||<@&1464350057594884107> <@&1451285412478718075> <@998481175276425287> ||",_kambot,
"2026-01-26,08:17:07",biokoff,#0,"—Генрих Ере—
|-----------------------------------------------------------------------------|
Воин хоть и пилил недовольным взглядом <@&1464350057594884107> приметил странные движения от <@&1450955974692044900> , отчего непонимая что тот сделал, но увидив его слабость подошёл к тому и взяв того под руку усадил на ближайшую скамейку, чтобы не стоял как кленовый лист на виду. Задумчиво посмотря на того, тот решил пока его не трогать встав возле и обращаясь к ""местным"":
<@998481175276425287> .
|-----------------------------------------------------------------------------|

—Тварь не тварь, однако рефлексами не обделен, как и чувством опасности, отчего я могу ему доверять. Если он прибыл сюда в надежде найти людей, что же, он этого добился. Не пойму только отчего наш компас опасности на него сработал, да и демонический голос отчего умолк при нападении на него... Колдун какой? Как бы там ни было, сейчас мы все жаждем наступления утра и то что мы сейчас тут подумали не сделает нам радужного утра, нам бы утихнуть вновь. Присядьте что-ли.

|-----------------------------------------------------------------------------|","samin__, _kambot",1465108380333899799
"2026-01-26,18:17:51",ktoia,#0,"— Деймос Морф —

Мужчина кивнул, когда от него отвели оружие. Дело сделано. Значит, Кайл… **житель леса?** Плохое место выбрал, мужик, чтобы нести своё бремя. Пх... А он тут главный? Получается не было бы его - железяка бы не успокоилась… Пришлось бы тряхнуть стариной - а именно **слинять** от этой железной туши подальше. 

Не успел Деймос ответить и представиться Кайлу, как местные чудаки начали чудить. Деймос стоял ровно - метра два ростом, человечище… и к нему подошла какая-то смазливая личность! Деймос устремил на неё взгляд и слегка наклонил голову, будто спрашивая: ""Чего тебе?"", но тот не задержался и сразу отошёл. Чего хотел? Одному ему известно! Деймос не стал заострять внимание и следить за его передвижениями.

Мужчина вновь перевёл взгляд на Кайла, начиная говорить и попутно убирая нож обратно на пояс:

— Деймос. Да, **мёртвый**.

— Не в восторге от встречи с этим оленем. Ой, как не в восторге. Вижу, у вас ситуация такая же - на нервах сидите…

Деймос потер затылок, отвечая подошедшему Генриху:

— Чувство опасности? Мх… Вы, типа, из окружения его чувствуете? Пхах… Ну, сочувствую - с ума тут сойдете, если будете уделять этому такое значение. Опасность везде. И… что? Колдун? Демонический голос?

Мужчина на мгновение замолчал, не понимая ""железяку"", но вдруг осознал, с кем имеет дело и продолжил:

— Ах… Не колдун... Как бы тебе объяснить… Ладно, считай пока что колдуном.

Взгляд на Кайла.

— В **интересной** ты компании, Кайл... Мкхм.. Ты же местный? Расскажешь пару моментов? Давно тут не был...

||<@&1451285412478718075> <@&1450955974692044900> ||",_kambot,1465092700767387833
"2026-01-29,04:29:11",_kambot,#0,"— Кайл Товальд —

Слушая своего нового брата по несчастью, Кайл пытался выстроить в голове хоть какой то план, однако его прервали.... прервали лучи солнца, что пробивались в окна. Вот, кажется и настало относительное спокойствие.. если оно вообще есть в этом мире. Кайл с улыбкой вздохнул,  наблюдая за рассыетом сквозь окно, а после опомнился и сказал всем:

— Пхах... ну.. кажется, жить стало веселее.. повезло нам! Что ж..

Кайл глянул на <@&1464350057594884107> :


— Хох.. ""Давно не был"" ?.. Интересный ты.. кхм.. если взаправду один из нас, то соизволишь помочь? Нужно будет сходить неподалёку отсюда, проверь кое кого.. А там уже и побеседуем по пути.


После же Кайл обернулся на <@&1450955974692044900> и <@&1451285412478718075> :


— Не переживайте. Днем с вами все будет хорошо, обещаю вам! Но.. на всякий случай, возьмите.


Кайл положил на скамью перед <@&1450955974692044900> ружье.

— Думаю.. оно вам будет нужнее. Я тогда узнаю о нашем новом госте, а вы... придите в себя. Постараемся вернуться как можно раньше, будем у Озера....


На этих словах, Кайл явно опечалился.

— Кхм.. ну чтож земляк.. буду верить в тебя! Пойдем..

Кайл подошел к двери и открыл ее. Ему в лицо хлынули лучи солнца, а сам мужчина вышел за дверь",ktoia,1465365125304156263
"2026-01-29,11:21:04",samin__,#0,"— Леонард Моретти —

Парень наконец начал приходить в себя. Итогом тот был не сказать что доволен, однако нужно было что-то делать, чтобы... а? Чего? Солнце уже встало? Парень угрюмо покосился на пробивающиеся лучи, а после на ружьё, что из неоткуда появилось около него. Прислушавшись к себе, тот пожал плечами, а после взял палку-стрелялку, начиная её осматривать. Хоть это и был другой мир, оружие было почти в точности как у него в мире

Отведя ствол в сторону, парень слегка сгорбился, а после стал жалеть какую последовательность он выбрал. от него была польза только в случае работы в команде из потусторонних, а тут. Мда... тут он бесполезен в откровенном понимании. Ничего не знает о месте где оказался, да и откровенно слаб в физическом плане. Он даже не был уверен смог бы он справиться с Кайлом в прямом противостоянии. Тут все не так просты. Хотя... он точно понял что стоит пересмотреть свои реакции на ""знаки"". Да и встреча с той тварью не прошла бесследно. Он чувствовал как сдвиги стали происходить тяжелее, однако не сказать что ему это хоть что-то давало",_kambot,1466243751629422803
"2026-01-29,22:42:00",biokoff,#0,"—Генрих Ере—
|-----------------------------------------------------------------------------|
Покорившись на выходящих <@&1464350057594884107> и Кайла, воин стал украдкой смотреть за состоянием парня, а после все же тихо попытался завести беседу:
<@&1450955974692044900> , <@998481175276425287> .
|-----------------------------------------------------------------------------|

—Слушай... А как ты именно поедяувствуешл опасность? Это что-то вроде первобытной реакции или это некий механизм организма? Просто после предчувствия этого прокаженного ты отчего-то побледнел, это сказывается на тебе?

|-----------------------------------------------------------------------------|","samin__, _kambot",1466347404386242593
"2026-01-30,01:28:05",samin__,#0,"— Леонард Моретти —

Парень отставил ствол, а после поднял взгляд на воителя. Помолчав так пару секунд и медленно моргнув пару раз как умалишённый, тот ответил:

— Я бы назвал это реакцией мозга, что влияет на организм. Если говорить проще, то я могу чувствовать когда мне угрожает опасность, от этого сердцебиение становится сильнее обычного, а так-же на немного сбивается ритм

— На мне сказываются все особенности, будучи ""потусторонним"". А побледнел я, так как попытался погадать на то, наблюдает за нами та тварь или нет. Удалось понять что тот ""прокажённый"" не опасен, а опасно его присутствие здесь. В общем то на нём считай метка смерти... но при этом та тварь за нами не наблюдала, так что пока что можем выдохнуть",biokoff,1466518767013199945
"2026-01-30,07:40:36",biokoff,#0,"—Генрих Ере—
|-----------------------------------------------------------------------------|
Тот и не особо понимал как работает данные проверки и чувства, отчего счёл это за простым колдовством. Однако колдовство этого парня судя по всему вредила ему самому, отчего ему стало жаль его и тот аккуратно сев рядом с ним на лавке завел новый разговор:
|-----------------------------------------------------------------------------|

—Парень, незнаю что ты пережил чтобы получить эту силу и на что готов пойти ради выживания, но пока мы вместе, ты можешь пологаться и на других и не скидывать всю защиту на себя... К чему я это...? Ну... Не умерай тут из-за своих проверок, ладно? Я своего рода сама крепость на ножках, можешь и на меня перевести проблемы.

|-----------------------------------------------------------------------------|",samin__,1466560563122405478
"2026-01-30,13:58:46",samin__,#0,"— Леонард Моретти —

Парень непонимающе посмотрел на война. Он не мог понять такого рода ""беспокойство"" за себя, от чего помотал головой мягко отвечая:

— Нет-нет, в нынешнем положении я вовсе бесполезен, от чего должен делать хотя бы то, что у меня выходит. Да и это место для меня одно из худших куда я мог попасть. Видишь ли, я могу тронуться головой в таких условиях. Так и было при встрече с той сущностью, от чего я и выжил скорее всего. Побочных эффектов в общем то говоря много, но не беспокойся, если будет выбор восстановиться, я без колебаний оставлю всё на тебя

Договорив, парень улыбнулся и решил перевести тему разговора, ведь не столь приятно было рассказывать о своей слабости. Тут был выбор на двух концах. Либо он выйдет из этой истории намного сильнее, либо... не выйдет

— А что до тебя? Сколько ты уже здесь?",biokoff,1466654310950502490
"2026-01-30,14:17:42",biokoff,#0,"—Генрих Ере—
|-----------------------------------------------------------------------------|
Рыцарь отчего-то чуть хихикнул. Толи от бравости Моретти, Толи от самой ситуации где каждый пытается взять на себя большее чем может потянуть. В момент смешка голос был мягче обычного, неужто воин специально выдавливает голос на более грубый? После выслушав вопрос, тот задумчиво стал отбивать какую-то странную мелодию ногой. Он немного помолчал, а после все же стал отвечать:
|-----------------------------------------------------------------------------|

—Если я правильно помню свою последнюю вылазку это было с месяц назад, когда вход обратно закрылся для меня... Я здесь не в первой и множество раз посещал это место, дабы собрать ресурсов для моей умирающей деревни... Однако в мире где правит сила, моя помощь слабым была что-то вроде актом революции, отчего я уже привык быть в бегах... Может из-за этого я не так скучаю по прошлому дому? Прости, но это не столь интересная история ведь отнюдь не герой и тем более не хороший человек, отчего и недоверие ко мне вполне ожидаемая реакция.

|-----------------------------------------------------------------------------|",samin__,1466749479771443220
"2026-01-30,14:32:19",samin__,#0,"— Леонард Моретти —

Парень усмехнулся, отвечая сквозь смех:

— Я недоверию тут всем, а не только тебе. Ха

— Значит место где правит сила. Звучит как четвёртая эпоха в местах откуда я родом. Истории прошлого моего мира если быть точным. Знаешь, я думаю что именно в таких ситуациях как эта и раскрывается истинная личность человека. Даже страшно что выйдет из меня. Так вот, я это к чему, я думаю что героев не существует, как и хороших людей. Просто некоторые немного менее плохие чем другие, только и всего. Скажем... это продвигает моё верование. Безгрешных не бывает. Просто нужно держать карму в определённом состоянии, чтобы не сойти с ума. И я тому пример. Я крайне близок к бездне, так что не думай о том что тебя преследуют или не доверяют. Пока ты можешь смотреть на мир своими глазами, всё ещё впереди

Поняв что начинается проповедь из писаний церкви, парень быстро оборвался, помолчав пару секунд, а после сказал:

— В общем то мы братья по несчастью, так что доверие ещё сможет возникнуть, во всяком случае я так думая:

И тут парень задумался ""братья по несчастью"". А это брат или сестра. Фиг бы его понял, но для него это было не столь уж и важно",biokoff,1466754242273476809
"2026-01-30,14:41:43",biokoff,#0,"—Генрих Ере—
|-----------------------------------------------------------------------------|
Воин совершенно спокойно выслушал проповедь парня, не прерывая его и даже не зевая! Он немного задумался над терминологией в этой ""вере"", но все же не приняв это сильно на личной счёт он успокоил свою ногу и стал смотреть в окно, на восходящее солнце. Похоже воин не такой уж и дубалом, что думает лишь мышцами, ведь мысли ему явно было не чужды. Поразмыслив, тот не отводя взгляда сказал:
|-----------------------------------------------------------------------------|

—Лишняя осторожность в этом месте нужный инструмент, ты правильно поступаешь, что доверяешь лишь себе. Меня воспитала жизнь стать тем, кто я есть и я не чуть не горжусь своей осторожной личиной. Я даже не могу снять доспех из страха перед тьмой вокруге. Попавшись лишь раз в засаду хозяина, я развил свою панику на высший приоритет... Надеюсь дальше сахарного завода есть и вправду безопасное место.... Ну или то, где можно будет выдохнуть хотя бы на мгновение.

-И я тут не придал значение, но ты верующий? Всегда хорошо верить во что-то, иначе в самые мрачные дни паранойя может добить человека сильнее любовного монстра... Интересно, каков был бог, что сотворил это место?

|-----------------------------------------------------------------------------|",samin__,1466757919407083551
"2026-01-30,15:39:38",samin__,#0,"— Леонард Моретти —

Парень вновь усмехнулся отвечая:

— Готов поспорить что давно забытый и крайне злой. Хотя опасно так говорить в его обители

— Но я согласен. Я бы хотел быть слегка попроще, но жизнь не даёт. Хозяин пока что меня ещё не так напугал... только с ума свёл... но в моём мирке я бы предпочёл прожить всю жизнь не зная о ужасах что творятся в ночи. Возможно это место отражение всех тех кошмаров что мне предстоит увидеть. Или и того хуже. Мой мир, что погряз в пучине этих кошмаров. Как там Кайл говорил? На другие миры эта зараза ползёт? Честно до сих пор я об этом не задумывался, но как представлю... начинаю волноваться за свою семью больше чем за себя сейчас...

Сказав это, парень заметно погрустнел, понимая что может произойти, стоит парочке тварей вырваться в его мир и начать безчинствывать",biokoff,1466760285619753087
"2026-01-30,16:48:35",biokoff,#0,"—Генрих Ере—
|-----------------------------------------------------------------------------|
Мечник понимающе промолчал, давая немного обдумать парню свои переживания, а после философски начал:
|-----------------------------------------------------------------------------|

—Мыслишь так, словно готов рискнуть собою дабы остановить заразу. Да только никому до этого это не удалось и скорее всего всё в итоге окажется тут... Может и есть способ её остановить, однако я этого не знаю.

-Хм, стоит ли нам рассуждать о столь значимом? Мне кажется мы немного отвлеклись от темы...

|-----------------------------------------------------------------------------|",samin__,1466774862382239888
"2026-01-30,21:40:38",samin__,#0,"— Леонард Моретти —

Парень покачал головой в знак несогласия:

— Нет, я слишком маленький человек и в прямом и в переносном смысле. В моëм мире есть те, кто будет посильнее таких тварей, так что я лишь беспокоюсь, как бы они успели остановить ненастье

Кряхтя, парень встал со скамьи, пытаясь придти в норму и продолжил:

— Но ты прав. От этих рассуждений становится только хуже, так что давай думать как будем выживать. У нас целый день впереди, нужно сматываться отсюда. Ты упомянул ""завод""?

Моретти решился. Раз Генрих не хочет раскрывать свою личность, он примет это и просто будет обращаться к нему в мужском роде. Тем более он не уверен на счëт его истинного пола, но хотел верить что это брутальный, накачанный мужчина",biokoff,1466792215262007329
"2026-01-30,23:50:25",ktoia,#0,"— Деймос Морф —

Кивнув Кайлу, когда тот заговорил о помощи, Деймос спокойным шагом стал выходить из церкви. Ведь уже пробивалось солнце... Конечно, он не был полностью уверен, что **тот боится солнца**, но местные, возможно,уже поняли,как этот ""олень"" себя ведёт.

Выйдя из церквушки, Деймос решил обмолвиться. Слегка усмехнувшись, он сказал:

— Хах... Земляк, доверие - это золото. Мх... Да и... наверное, понимаю вас и вашу реакцию.

Пауза.

— Хотя говорить о том, зачем я пришёл, будучи **гостями**... Звучало паршиво. Ладно, Кайл, куда мы направляемся?",_kambot,1466243751629422803
"2026-01-31,10:51:04",biokoff,#0,"—Генрих Ере—
|-----------------------------------------------------------------------------|
Тот задумчиво осмотрел место, а после встал с место направляясь к кафедре, откуда достал карту местности, что тут же расположил на скамье рядом с парнем, говоря:
|-----------------------------------------------------------------------------|

—Сахарный завод находится на краю лесных чащ, со стороны озера. Я там ни разу не бывал, да и вообще далее этих земель нечасто попадал, отчего что там находится точно незнаю. Но одно я знаю точно завод и его окрестности опасны, отчего я туда и не савался. Но раз туда направился Кайл с дружиной, значит у них был план, как пройти те места..ю

|-----------------------------------------------------------------------------|",samin__,1466865708968444008
"2026-01-31,16:13:21",samin__,#0,"— Леонард Моретти —

Парень внимательно осмотрел карту, подмечая детали и масштаб. От церкви до завода было не столь далеко, однако время всё равно потребуется. Да и неизвестность пугала больше, нежели какая-то там тварь. Однако была проблема. В этом мире известного Леонарду не было ничего... от чего последовал закономерный вопрос:

— Это туда Кайл повёл остальных? Хм... ночью туда саваться смысла нет. А чего мы ждём? Почему бы не пройти как можно больше пути пока на улице светло?

Парень хоть и был наивен, однако сидеть на месте не мог даже во время тренировок в Вилом, которого с этого момента будет вспоминать только и исключительно добрым словом",biokoff,1467064630974091315
"2026-01-31,17:08:01",biokoff,#0,"—Генрих Ере—
|-----------------------------------------------------------------------------|
Убирая карту тот подобрал рюкзак что лежал у двери и надев его на спину закинул туда карту, после же он направился на выход говоря:
|-----------------------------------------------------------------------------|

—Не имею ничего против этого предложения, Кайл в любом случае повёл колдуна к озеру, отчего там и встретимся. Главное не помешать им ""знакомиться"" и захвати ""палку-стрелялку"", у тебя в руках она явно потолков её будет чем у меня.

|-----------------------------------------------------------------------------|",samin__,1467145734620184768
"2026-02-02,12:50:40",samin__,#0,"— Леонард Моретти —

Парень кивнул на заключение рыцаря, а после подошёл к трости, лежащей в его сторону. От воспоминаний этого знака, тот скривил лицо, подбирая трость. Закинув ""палку стрелялку"" на плечо, следуя за Генрихом парень продолжил разговор:

 — И всё же в голове не укладывается всё то что сейчас происходит. Но думаю это дело времени, которое появится при выживании. Значит плохие люди тут становятся монстрами, а хорошие получают вторую жизнь? Но стоит ли слепо доверять любому встречному? Неужто тут все и правда достойные личности, которых не изменил ужас, что происходит вокруг?

Парень вроде как и доверял Кайлу, однако в его мире не было на столь самоотверженных людей. Это был нонсенс, который парень не мог воспринимал с холодной головой",biokoff,1467159491605827699
"2026-02-03,12:22:22",biokoff,#0,"—Генрих Ере—
|-----------------------------------------------------------------------------|
Выйдя из церквушки, рыцарь направился в сторону озера, слушая рассуждения и отвечая на них:
|-----------------------------------------------------------------------------|

—Как я правильно понимаю, существует 4 типа существ в этом мире. Первые это мы, потусторонние, что случайно или осознано ступили на эти мертвые земли, отчего привнесли в этот мир свои правила и являемся неопределенными людьми в этой истории. Вторые это твари, бывшие люди потерявшие разум и ставшие простыми монстрами без разума, как я полагаю, было грешниками при жизни, отчего и стали такими. Третьи это отбитые грешники, что творили столько зла, что сохранили разум и превратились в сильнейших среди монстров, такие как хозяин леса. И последние, но не менее важные четвертые это ""святые"". Те кто при жизни совершили меньше всего грехов и остались при своем разуме, отчего они и ходят в этом мире как обычные люди.

-Если судить по этой цепочки, ты мы имеем то, что выжившим стоит доверять, в отличии от таких потусторонних как мы. И если Кайл признал того парня своим, значит оба они невинные овечки, что не заслуженно умерли. По крайней мере, это подходит под логику, что я успел осознать...

|-----------------------------------------------------------------------------|",samin__,1467819502459945053
"2026-02-03,12:51:15",samin__,#0,"— Леонард Моретти —

Идя за Генрихом и слушая его рассуждения, парень невольно призадумался. Потусторонние... слишком знакомое слово. Очень и очень хотелось бы верить что это совпадение. Как никак это слово имеет место быть в данной ситуации, но почему именно оно? Почему не ""иные"" или ""чужие"". По ту сторону... потусторонние. Вдобавок хозяин говорил о том что знаком с градацией опасности из моего мира. Как бы не хотелось верить, но может ли быть что это место... нет. Сейчас не время об этом думать, однако если появится ещё больше совпадений, придётся высказать догадку остальным

После этих размышлений парень продолжил с задумчивым видом:

— Хм... как бы сказать. Личность человека меняется в зависимости от пережитого. Сложно поверить что самый чистый святой, оставит свою святость в таких условиях, но думаю мы это скоро узнаем

Выдержав паузу, парень приподнял взгляд смотря на небо и проговорил:

— Как там Кайл говорил? Твари становятся сильнее если убивают ""потусторонних""? Значит ли это, что мы в зоне риска? Хотя... вспоминая что сделали с остальными из группы Кайла... не думаю что для той твари это имеет особое значение

Про себя же парень вновь и вновь проговаривал что эта сущность как минимум выше 6-го ранга судя по отдаче. Нужно было учитывать и время и место, однако эффект говорил сам за себя. Это существо опаснее чем кажется на первый взгляд. Противостояние откровенно бесполезно, а значит... парень знал что нужно делать в подобных ситуациях, однако от одной мысли об этом у него тряслись руки",biokoff,1468174769433346078
"2026-02-04,02:25:45",biokoff,#0,"—Генрих Ере—
|-----------------------------------------------------------------------------|
Заметив некое смятение тот лишь подал плечами, говоря:
|-----------------------------------------------------------------------------|

—Слушай, я незнаю кто святой, кто греховный. Я лишь знаю что твари плохие люди, а разумные ещё хуже. Человечные может и не святые, но явно лучше отпетых уродов, ведь так? Да и со временем все клыки успевают вонзиться, отчего и сам поймёшь кто хороший, а кто плохой. Чего греха таить, я пока в первый раз не получил клинком под ребро и сам был тем ещё добродушным юнцом! Хех, пока мы тут придется адаптироваться, лучшая черта у людей это адаптация, что помогает им выжить в любых условиях... Хех, не боись ты так, тут не все так плохо как ты думаешь.

|-----------------------------------------------------------------------------|",samin__,1468182036798771298
"2026-02-04,13:28:21",samin__,#0,"— Леонард Моретти —

Пустое обещание или искренняя вера что всё не так плохо? Что бы это не было, именно от этих слов, Моретти стало легче на душе. Как всегда слишком загоняешься Леонард... сейчас в этих мыслях нет ни единого смысла. Нужно относиться к тварям как к проклятым, а к людям, просто как к людям. Не более и не менее того. От осознания этого, всё вокруг стало проще, как будто его собственный мир, что беспощадно окунул его в потустороннее

От данного заключения парень даже слегка улыбнулся, смотря на солнце, что для него было не просто источником света, но и своеобразной силы. Хмыкнув, Леонард решил перевести разговор в другое русло:

— Чтож, ты прав. Прорвёмся, как же иначе. Кстати должен подметить что доверие понемногу выстраивается как раз из таких разговоров, так что сделаю шажок на встречу. Если произойдёт такое, что будет столкновение с сильной тварью, я могу ""тронуться"". Как бы это описать... могу вести себя странно или даже агрессивно. Ты меня там угомони в случае чего, только черепушку не разбивай. Хех",biokoff,1468387014557827301
"2026-02-07,23:34:05",_kambot,#0,"— Кайл Товальд —

В моменте, выйдя за дверь церкви Кайл просто стоял и смотрел на небо. Оно казалось ему весьма приятным. Редкие лучи солнца били сквозь серые тучи и Кайл принимал максимальное удовольствие от этого, даже не смотря на то, где он находится и что его ждет дальше. В скором времени из церкив вышел и Морф, а за ним и.. Леонард с Генрихом? Чтож, ладно, видимо и у них есть дела. Помахав ребятам в след, мужчина параллельно слушал и Деймоса, а после еще раз взглянув на небо, стал отвечать:

— Да, я то уж человек понимающий вхах.. но все же извиняй, сами были на нервах. Я так понимаю ты тоже ""Знаком"" с местным... мм... ну ты понял..

Кайл немного неловко поднял брови и прижал губы и продолжил:

— Это точно.. вхвх.. Мы пойдем.. к озеру, если знаешь такое. Проверим моих ребят... что с ними там..

Дуо начало идти, а Кайл продолжал говорить:

— Просто.. кхм.. прежде чем связаться с теми, кого ты видел в церкив помимо меня, я был со своей группой. Тоже ""наши"" , но... я дурак.. решил помочь новенькой душе, пусть она и принадлежит попаданцу и отправил своих ребят к заводу... он относительно новый тут, навряд ли знаешь, но вообщем... как я понял.. это была ошибка.. Скорее всего они сгинули, а я.. сам того не понимая отправил их на убой прямо к Леснику, а сам спас свою шкуру.. я.. я явно не этого планировал..

Кайл заметно поник

— Вот оно.. доверие блин.. Но.. знаешь? Я.. я учусь на ошибках..пусть даже и на таких.. Кхм, ладно. Что то меня понесло... прости. Не всегда дается поговорить с ""родней"" пхах.... А ты.. мм... Деймос, да? 

Но тут Кайла перебил непонятный синтетический голос, а ""штукенция"" на плече <@&1464350057594884107> зашевилилась:

— Именно так! Это Господин Деймос Морф, является представительным лицом! 

Мужчина явно изумился и высоко поднял брови услыша такую речь от консервы с плеча

— А.. это... что? Ты откуда сам то парень? Я так погляжу.. время явно не мое.. даже близко пхха... пу-пу-пу..


Кайл все так же удивленно смотрел на Дэймоса",ktoia,1466898373117214940
"2026-02-10,02:56:40",ktoia,#0,"— Деймос Морф —

Деймос на мгновение прищурился, слушая монолог Кайла, а затем и синтетический голос с плеча. Его губы слегка изогнулись в кривой усмешке, когда он услышал последнюю реплику мужчины. Продолжая идти, он слегка повернул голову к плечу и сначала ответил Гарри:

— Сколько я уже раз говорил... Мхм... Гарри, следи за тем, чтобы никакой херни рядом не было. И...

Взглянул на Кайла и кивнул:

— Насчёт твоих ребят... Если они действительно столкнулись с Лесником, то шансов мало. Мх... Завод... В правду не такой. Да и чтобы логово этой твари было там тоже не помню. Ну что ж... Паршиво, очень паршиво терять людей. А сломя голову туда идти точно не стоит. Если и сгинули, то... только светлая память.

Деймос прошел ещё немного, поднял руку к лицу и наконец снял маску, которая выглядела как настоящий человеческий череп, открывая миру свою щетину. Вздохнув полной грудью, продолжил:

— Время мое... Очень хреновое время с очень большими проблемами... Если память не изменяет, то около 2123 года. Редкостное дерьмо, честно сказать. Хотелось бы на век раньше родиться, но увы. Впрочем, ладно, помер уже.

Кивнул в сторону Гарри:

— Погляжу, заинтересовал железный? Хех. Это Гарри, хороший собеседник, да и очень полезный. Правда, старенький, нужно с ним махинации проводить, вот только некогда... Кхм... Кстати, Кайл...

Повернулся к мужчине:

— То ружьё, с которого ты в меня целился... мх... Где нашел? Рядом с ним никого не было?...",_kambot,1469793365838008431
"2026-02-10,10:19:12",_kambot,#0,"— Кайл Товальд&Сканер —

После слов Деймоса, Сканер  незамедлительно ответил, а его голос казался даже возмущенным:

— Я исполняю свои задачи с максимальной эффективностью Шеф! Я крайне раздосадован тем, что вы не верите в это. Модель G4R1 , обладает превосходным искусственным интеллектом и исправно исполняет команды! Исходя из только что проведенного анализа, на близлежайщей территории не зафиксировано крупных враждебных тел!


В это же время, это все слушал Кайл и от каждого слова сканера, он все больше изумлялся, однако вскоре вернулся к изначальному разговору и ответил Морфу:

— Да.. ты прав.. нооо... к озеру все равно надо, там остались некоторые вещи, что не влезли в лодку на момент переправы. Мхм... 

Небольшая пауза

— Просто.. я с ними тоже давно и... по свти то тоже воспитывал и погружал в это все, как проводник, хах... а тут.. сам же и сослал их.. черт..


После же Кайл глянул на Деймоса, что уже снял свою маску и разглядев лицо того, продолжил:

— Уоу... о... ого..я думал, это мы то стоим на пороге катастрофы.. Я просто старше своего времени еще никого не встречал.. мхм.. Светлого там я так понимаю ничего и не осталось. Чтож, может хоть я тебя обрадую, моя смерть была в 74. А, ой, в 1974 если точнее. Это.. два века назад для тебя, пхах, обалдеть...

Но после вопроса об оружии улыбка пропала, а Кайл стал говорить заметно тише:

— Кхм.. оно... ммм... еще очень давно со мной, наверное годиков эдак так два. Я.. я его нашел возле какого то огромного дерева, посреди дня, но быстро убежал, ибо услышал вой неподалеку. Ну сам знаешь, к черту его.. Да, я вкурсе о запрете, но, в моих условиях я лучше трижды нарушу ""закон"" нежели останусь с голыми руками... И таких у меня еще порядком.. двух, если не изменяет память.



Тем временем дуо уже углубилось в чащу леса и продолжало идти по тропе",ktoia,1470569123917463553
"2026-02-13,11:46:24",ktoia,#0,"— Деймос Морф —

Услышав возмущения Гарри, Деймос снова ухмыльнулся, сдержав смешок и ответил:

— Конечно, я тебе верю, Гарри. Спасибо за анализ, но если в следующий раз увидишь большой тёмный силуэт - **говори**!

Отведя взгляд от плеча, он перевёл его на Кайла и дослушав его, стал отвечать:

— Во всяком случае, у тебя не было злых умыслов. Единственное, что мы можем - это надеяться, что ""дальше"" что-то есть. Хотя... ""Смерть"" дальше может быть только хуже.

Деймос тряхнул головой:

— Не сильно люблю о таком думать.

Посмотрел на дорогу впереди:

— Два века... Никогда не перестану удивляться этому. Готов поспорить на всё что у меня есть, что жизнь в вашем 74 была намного лучше моего времени.

Пауза.

— А что до ружья... Два года прошло... Старик.

Ещё немного подумав, Деймос продолжил:

— Этот рогатый ублюдок убил владельца этого ружья как раз два года назад... и прямо возле этого чёртового древа. В тот день его владелец спас меня... Мхе... Хороший был мужик. Жаль, что всё так случилось. Надеюсь он действительно умер, а не присоединился к тварям.

Деймос потёр затылок.

— Ладно, хватит. Сколько примерно идти до озера, Кайл?",_kambot,1470680489496023158
"2026-02-16,02:12:20",_kambot,#0,"— Сканнер —

— Да шеф. Рекомендации были занесены в справочник... Как вы оцените работу моей комплектации на данный период?

Голос ""Гарри"" звучал явно опечаленным, а свет из лампы горел синеватым оттенком.


— Кайл Товальд —

Мужчина продолжал идти и говорить, отвечая своему попутчику на его слова:

— Боюсь, понятие ""Смерть"" тут в целом... ну.. пхехе... своеобразное

Кайл неловко просмеялся и потер шею:

— Оох.. ну.. не знаю, что там у вас, но.. наверное да, ты прав. Чем дальше.. тем сложнее. Я сам не меньше удивляюсь как это все рбаотает.. голову просто разрывает! Ты можешь быть из какого нибудь... 13 века Франции, а с тобой в команде будет кибер-канадец! Охохо... Действительно, вау.. Была бы возможность - я бы с радостью показал бы как жил.. 

Кайл сказал шепотом:

— Отдал бы все что бы хоть на мгновенье увидеть дом.. да жену... Как же.. паршиво на душе то... она ждала меня с работы, счастливая такая вся.. а по итогу.. прямо перед концом смены, меня прибили какие то бандиты за то, что я просто приехал на заказ такси.. вот так и бывает...


Мужчина тяжело вздохнул и услышав слова Деймоса про ружье, знатно удивился. Немного подумав, Кайл ответил:

— Уоу... кхм.. прости, на всякий. Но сам понимаешь, мертвым ни к чему, в отличие от нас... но.. какая интересная параллель выходит. Он умер.. а я сразу же нашел.. странно.. Не хочу напрягать, но в округе с того момента водилась человекоподобное что то... и полегло совсем недавно.. только вот не известно от кого... В прочем, теперь он свободен?..

Мужчина глянул на небо, а после же сказал:

 — В целом почти при-...

Но тут мужчина перебился и остановился, уставившись куда то в кусты:

— А... это тут было всегда?..

Перед мужчинами представилась картина брошенной техники, словно только-только после поле боя. Люк у танка был слегка приоткрыт, а Кайл же в свою очередь слегка начал подходить приговаривая:

— Это.. весьма ценная находка.. глянем?",ktoia,1471789596269350912
"2026-02-17,11:42:22",ktoia,#0,"— Деймос Морф —

Выслушав ответ Гарри, Деймос ухмыльнулся и сразу ответил:

— Ох... Оценка? Ну, посмотрим. За весь путь ты отлично себя показал, да, с просчётами, но ничего идеального не бывает. КПД не может равняться ста процентам, так что... Мм... 8,5 из 10. Отличная оценка, на мой взгляд.

Ответив, Деймос вновь перевёл взгляд на Кайла, продолжая диалог:

— До сих пор не понимаю людей, которые здесь... Достаточно долго. Смерть от старости недоступна, так что перед нами открыта вечность, которая... Мх... Не слишком-то и привлекательна. Наверное, потеря себя - и есть настоящая смерть здесь.

Просмеявшись от кибер-канадцам, Деймос потёр затылок и продолжил:

— Знал я одного канадца - тот ещё жук. Пару раз меня выручал и столько же обманывал. Этим канадцам нельзя доверять, но иногда они могут и спасти. Не знаю, как у них это работает... Ну, канадцы - не все как у людей.

На слова Кайла про жену, дом и смерть Деймос предпочел промолчать. Ему не нравилось поднимать эту тему, но про деда... Тут он молчать не мог:

— Старик умер по своим правилам, с явной целью, которую выбрал сам. Хотя... Возможно, я дурак, что полез не туда и тем самым заставил ""доброго старца"" помочь мне.

Вздохнул.

— Надеюсь, да.. сво..б.

Деймос также заметил танк и остановился. Приглядевшись и оценив ценность находки, кивнул Кайлу:

— Мх.. Вот это бинго. Т-90, кажется, на вооружении России стоял. Старенький по моим меркам, но здесь полезность свою не теряет.

— Проверить точно стоит. Раз ты его тут не видел - значит, появился недавно. Вот только... С кем он прибыл?

Потянувшись к поясу, Деймос сделал пару шагов вперед, прислушиваясь и попутно сказал сканеру:

— Гарри, можешь ещё раз просканировать местность.

Махнул Кайлу, чтобы тот шёл следом и сам стал подходить ближе. По идее, либо с танком прибыл человек, либо... Ну, уже не человек. Настороженность никогда не помешает.",_kambot,1472732293742461162
"2026-02-17,12:02:45",_kambot,#0,"— Сканер —


— Ух.. ох.. правда? Рад слышать! Оценка отправилена в произведственный центр! Возможно нам выдадут обновление! Ой, простите Шеф, отклонение от задачи. Исполняю анализ!


Цвет из сканера вновь изменился на скрасный и он быстро прошерстил местность, а после продолжил говорить:

— Зафиксировано обилие электроники, один взрывчатый по своему составу предмет, а так же тело. Не одушевленное. Ну тоесть... когда то одушевленное! Остальные показатели не были зафиксированы. Однако!... присутствуют следы, однородной массы с существами. Они ведут дальше куда то вглубь леса, но благо наша дорога туда не лежит! Ведь так?

Последние слова прозвучали от Гарри с вопросительным тоном, а тем временем Кайл осматривался по сторонам. Он, конечно, задавался вопросами, но это точка из будущего, Деймосу виднее.. По этому Кайл сказал:

— Уу.. я конечно не эксперт, но это явно опережает меня.. думаю ты в этом больше понимаешь. Если твой дружек не ошибся, то там ничего опасного быть не должно, глянешь внутрь? Может полезного найдем чего",ktoia,1473238134891483197
"2026-02-18,11:03:31",ktoia,#0,"— Деймос Морф —

Деймос усмехнулся, слушая возбуждённый голос сканера, но быстро переключился на дело, когда тот вернулся к задаче. Красный свет сканера осветил местность и Морф кивнул, слушая отчет:

— Мх. Хорошо. Значит, есть электроника, взрывчатка и труп.

Он потер подбородок, глядя в сторону леса. 

— Однородная масса, говоришь? И следы ведут вглубь... Но нам туда не по пути, верно?

Он бросил взгляд на Кайла:

— Да... Не твое время. Хм. раз Гарри говорит, что опасности нет, а следы уходят не в нашу сторону...

Деймос потянулся к поясу беря холодное оружие.

— Гляну быстро. Мало ли, может и правда что-то полезное найдем. А ты Кайл, на шухере пока постой.

Как Деймос договорил последние слова, так и поплелся сокращая расстояние с танком, для начала бегло визуально осматривая, а после уже и попытаться открыть люк для прохода внутрь.",_kambot,1473243262713331875
"2026-02-19,15:52:54",_kambot,#0,"**Кайл кивнул Деймосу и встал на стороже возле техники, оглядываясь по сторонам. В это же время <@&1464350057594884107> полез на крышу танка и заглянул в уже и так открытый люк. Ему представилась крайне своеобразная картина.... Скелет в поврежденном костюме химической защиты. На скафандре виднелся странный красно-черный триколор с ядерным гербом, а поверх разбитого стекла к скелету прицеплялись мелкие червячки... черные и смолянистые гады постепенно поглащали и так потрепанный скелет. Сам же танк весь изнутри погоревший, судя по всему пробитие вызвало взрыв боекомплекта и кумулятивную струю.**

**Тем временем же их леса послышались шумы, а Кайл начал окликивать Деймоса с напряжением в голосе.**",ktoia,1473590743972057331
"2026-02-21,00:29:32",ktoia,#0,"— Деймос Морф —

Деймос замер, впившись взглядом в скелет в разбитом костюме химической защиты. Красно чёрный триколор с ядерным гербом на скафандре вызывал неприятное чувство знакомости. А эти чёрные, смолянистые **червячки**, медленно пожирающие кости добавляли картине ещё больше жути. Танк изнутри выгорел почти дотла... Ни черта полезного. И где остальные члены экипажа?..

В этот момент донёсся громкий голос Кайла. Ответ пришёл сам собой.

Деймос резко отвёл взгляд от трупа и не теряя времени, стал выбираться из танка. Выбравшись, он мгновенно окинул взглядом окрестности, устремив внимание на лес. Ох... Кайл, похоже, нам пора валить. Хотя... Кого это судьба нелёгкая принесла на этот раз? Может справимся?",_kambot,1474025960172159148
